date,AQI,PM2.5,fire_intensity,TMAX,TMIN,PRCP,temperature
2015-01-29,209.0,83.13,0.0,,,0.0,
2015-01-30,328.0,79.84,0.0,,,0.0,
2015-01-31,514.0,94.52,0.0,,,0.0,
2015-02-01,782.0,135.99,0.0,,,0.0,
2015-02-02,914.0,178.33,0.0,,,0.0,
2015-02-03,660.0,139.7,0.0,,,0.0,
2015-02-04,294.0,80.65,0.0,,,0.0,
2015-02-05,149.0,58.36,0.0,,,0.0,
2015-02-06,190.0,79.29,0.0,,,0.0,
2015-02-07,247.0,88.7,0.0,,,0.0,
2015-02-08,379.0,74.28,0.0,,,0.0,
2015-02-09,341.0,113.93,0.0,,,0.0,
2015-02-10,256.0,105.39,0.0,,,0.0,
2015-02-11,388.0,66.52,0.0,,,0.0,
2015-02-12,288.0,65.04,0.0,,,0.0,
2015-02-13,510.0,103.36,0.0,,,0.0,
2015-02-14,761.0,177.33,0.0,,,0.0,
2015-02-15,475.0,113.25,0.0,,,0.0,
2015-02-16,536.0,99.7,0.0,,,0.0,
2015-02-17,479.0,80.61,0.0,,,0.0,
2015-02-18,592.0,100.79,0.0,,,0.0,
2015-02-19,427.0,107.99,0.0,,,0.0,
2015-02-20,588.0,140.29,0.0,,,0.0,
2015-02-21,1141.0,239.96,0.0,,,0.0,
2015-02-22,669.0,142.96,0.0,,,0.0,
2015-02-23,1247.0,238.41,0.0,,,0.0,
2015-02-24,411.0,118.72,0.0,,,0.0,
2015-02-25,292.0,52.99,0.0,,,0.0,
2015-03-02,189.0,60.78,0.0,,,0.0,
2015-03-03,408.0,91.83,0.0,,,0.0,
2015-03-04,383.0,93.88,0.0,,,0.0,
2015-03-05,780.0,173.01,0.0,,,0.0,
2015-03-08,190.0,71.56,0.0,,,0.0,
2015-03-09,233.0,119.8,0.0,,,0.0,
2015-03-10,297.0,106.71,0.0,,,0.0,
2015-03-11,330.0,118.49,0.0,,,0.0,
2015-03-12,252.0,106.01,0.0,,,0.0,
2015-03-13,244.0,97.34,0.0,,,0.0,
2015-03-14,234.0,83.92,0.0,,,0.0,
2015-03-15,219.0,49.51,0.0,,,0.0,
2015-03-16,118.0,30.76,0.0,,,0.0,
2015-03-17,231.0,50.29,0.0,,,0.0,
2015-03-18,286.0,57.69,0.0,,,0.0,
2015-03-19,883.0,105.06,0.0,,,0.0,
2015-03-20,720.0,94.1,0.0,,,0.0,
2015-03-21,570.0,111.89,0.0,,,0.0,
2015-03-22,589.0,108.59,0.0,,,0.0,
2015-03-23,818.0,130.76,0.0,,,0.0,
2015-03-24,737.0,143.55,0.0,,,0.0,
2015-03-25,585.0,165.07,0.0,,,0.0,
2015-03-26,616.0,166.85,0.0,,,0.0,
2015-03-27,437.0,147.38,0.0,,,0.0,
2015-03-28,321.0,158.25,0.0,,,0.0,
2015-03-29,372.0,237.76,0.0,,,0.0,
2015-03-30,339.0,133.37,0.0,,,0.0,
2015-03-31,339.0,133.3,0.0,,,0.0,
2015-04-01,324.0,96.04,0.0,,,0.0,
2015-04-02,222.0,77.69,0.0,,,0.0,
2015-04-03,169.0,53.07,0.0,,,0.0,
2015-04-04,220.0,63.11,0.0,,,0.0,
2015-04-06,303.0,120.96,0.0,,,0.0,
2015-04-07,314.0,138.63,0.0,,,0.0,
2015-04-08,378.0,144.36,0.0,,,0.0,
2015-04-09,415.0,85.03,0.0,,,0.0,
2015-04-11,126.0,61.06,0.0,,,0.0,
2015-04-12,175.0,39.42,0.0,,,0.0,
2015-04-13,226.0,111.86,0.0,,,0.0,
2015-04-14,244.0,58.37,0.0,,,0.0,
2015-04-15,315.0,95.37,0.0,,,0.0,
2015-04-16,678.0,141.3,0.0,,,0.0,
2015-04-17,774.0,106.68,0.0,,,0.0,
2015-04-18,285.0,109.48,0.0,,,0.0,
2015-04-19,321.0,126.04,0.0,,,0.0,
2015-04-20,358.0,71.22,0.0,,,0.0,
2015-04-21,357.0,97.87,0.0,,,0.0,
2015-04-22,189.0,63.38,0.0,,,0.0,
2015-04-24,214.0,80.9,0.0,,,0.0,
2015-04-25,253.0,103.29,0.0,,,0.0,
2015-04-26,239.0,107.5,0.0,,,0.0,
2015-04-29,300.0,138.42,0.0,,,0.0,
2015-04-30,317.0,129.04,0.0,,,0.0,
2015-05-01,240.0,96.65,0.0,,,0.0,
2015-05-02,344.0,126.77,0.0,,,0.0,
2015-05-03,503.0,106.15,0.0,,,0.0,
2015-05-04,308.0,86.31,0.0,,,0.0,
2015-05-05,227.0,83.99,0.0,,,0.0,
2015-05-06,120.0,65.11,0.0,,,0.0,
2015-05-07,158.0,51.03,0.0,,,0.0,
2015-05-08,177.0,38.73,0.0,,,0.0,
2015-05-09,201.0,61.12,0.0,,,0.0,
2015-05-10,211.0,58.44,0.0,,,0.0,
2015-05-11,221.0,61.49,0.0,,,0.0,
2015-05-12,233.0,65.39,0.0,,,0.0,
2015-05-13,481.0,100.92,0.0,,,0.0,
2015-05-14,352.0,97.48,0.0,,,0.0,
2015-05-15,327.0,129.27,0.0,,,0.0,
2015-05-16,577.0,129.58,0.0,,,0.0,
2015-05-17,411.0,100.57,0.0,,,0.0,
2015-05-18,212.0,130.34,0.0,,,0.0,
2015-05-19,280.0,53.24,0.0,,,0.0,
2015-05-20,162.0,42.0,0.0,,,0.0,
2015-05-22,569.0,83.69,0.0,,,0.0,
2015-05-23,128.0,38.88,0.0,,,0.0,
2015-05-24,129.0,46.89,0.0,,,0.0,
2015-05-25,152.0,70.96,0.0,,,0.0,
2015-05-26,176.0,53.66,0.0,,,0.0,
2015-05-27,167.0,45.49,0.0,,,0.0,
2015-05-28,106.0,60.86,0.0,,,0.0,
2015-05-29,231.0,51.93,0.0,,,0.0,
2015-05-30,327.0,77.87,0.0,,,0.0,
2015-05-31,174.0,57.59,0.0,,,0.0,
2015-06-01,185.0,77.22,0.0,,,0.0,
2015-06-02,179.0,45.29,0.0,,,0.0,
2015-06-03,211.0,103.78,0.0,,,0.0,
2015-06-04,192.0,25.14,0.0,,,0.0,
2015-06-05,310.0,87.03,0.0,,,0.0,
2015-06-06,223.0,89.6,0.0,,,0.0,
2015-06-07,192.0,80.69,0.0,,,0.0,
2015-06-08,191.0,44.75,0.0,,,0.0,
2015-06-09,184.0,38.11,0.0,,,0.0,
2015-06-10,220.0,45.5,0.0,,,0.0,
2015-06-11,215.0,36.98,0.0,,,0.0,
2015-06-12,226.0,43.58,0.0,,,0.0,
2015-06-13,251.0,45.49,0.0,,,0.0,
2015-06-14,216.0,38.06,0.0,,,0.0,
2015-06-15,237.0,45.41,0.0,,,0.0,
2015-06-16,198.0,37.71,0.0,,,0.0,
2015-06-17,195.0,32.37,0.0,,,0.0,
2015-06-18,187.0,34.74,0.0,,,0.0,
2015-06-19,181.0,32.56,0.0,,,0.0,
2015-06-20,179.0,29.28,0.0,,,0.0,
2015-06-21,188.0,20.46,0.0,,,0.0,
2015-06-22,190.0,26.07,0.0,,,0.0,
2015-06-23,185.0,21.43,0.0,,,0.0,
2015-06-24,189.0,11.91,0.0,,,0.0,
2015-06-25,196.0,57.75,0.0,,,0.0,
2015-06-26,201.0,66.39,0.0,,,0.0,
2015-06-27,231.0,62.61,0.0,,,0.0,
2015-06-28,196.0,47.5,0.0,,,0.0,
2015-06-29,220.0,111.8,0.0,,,0.0,
2015-06-30,244.0,30.0,0.0,,,0.0,
2015-07-01,223.0,4.66,0.0,,,0.0,
2015-07-02,230.0,48.72,0.0,,,0.0,
2015-07-03,243.0,49.7,0.0,,,0.0,
2015-07-04,215.0,48.1,0.0,,,0.0,
2015-07-05,199.0,47.43,0.0,,,0.0,
2015-07-06,200.0,51.74,0.0,,,0.0,
2015-07-07,226.0,42.68,0.0,,,0.0,
2015-07-08,241.0,38.45,0.0,,,0.0,
2015-07-09,222.0,46.69,0.0,,,0.0,
2015-07-10,223.0,55.27,0.0,,,0.0,
2015-07-11,248.0,149.03,0.0,,,0.0,
2015-07-12,300.0,86.57,0.0,,,0.0,
2015-07-13,232.0,111.77,0.0,,,0.0,
2015-07-14,330.0,151.4,0.0,,,0.0,
2015-07-15,223.0,51.35,0.0,,,0.0,
2015-07-16,105.0,65.37,0.0,,,0.0,
2015-07-17,101.0,56.28,0.0,,,0.0,
2015-07-18,93.0,48.17,0.0,,,0.0,
2015-07-19,67.0,33.56,0.0,,,0.0,
2015-07-20,60.0,31.3,0.0,,,0.0,
2015-07-22,90.0,57.11,0.0,,,0.0,
2015-07-23,78.0,34.72,0.0,,,0.0,
2015-07-24,48.0,29.22,0.0,,,0.0,
2015-07-25,53.0,29.79,0.0,,,0.0,
2015-07-26,91.0,59.95,0.0,,,0.0,
2015-07-27,70.0,19.2,0.0,,,0.0,
2015-07-28,157.0,19.52,0.0,,,0.0,
2015-07-29,158.0,35.16,0.0,,,0.0,
2015-07-30,169.0,33.03,0.0,,,0.0,
2015-07-31,174.0,40.95,0.0,,,0.0,
2015-08-01,173.0,40.29,0.0,,,0.0,
2015-08-02,172.0,41.16,0.0,,,0.0,
2015-08-03,190.0,36.12,0.0,,,0.0,
2015-08-04,171.0,28.51,0.0,,,0.0,
2015-08-05,168.0,31.59,0.0,,,0.0,
2015-08-06,172.0,42.56,0.0,,,0.0,
2015-08-07,173.0,48.12,0.0,,,0.0,
2015-08-08,175.0,37.09,0.0,,,0.0,
2015-08-09,179.0,33.4,0.0,,,0.0,
2015-08-10,174.0,38.64,0.0,,,0.0,
2015-08-11,176.0,40.49,0.0,,,0.0,
2015-08-12,179.0,41.37,0.0,,,0.0,
2015-08-13,175.0,44.56,0.0,,,0.0,
2015-08-14,177.0,65.68,0.0,,,0.0,
2015-08-15,175.0,33.34,0.0,,,0.0,
2015-08-16,174.0,39.17,0.0,,,0.0,
2015-08-17,179.0,34.0,0.0,,,0.0,
2015-08-18,177.0,36.38,0.0,,,0.0,
2015-08-19,180.0,38.35,0.0,,,0.0,
2015-08-20,274.0,38.5,0.0,,,0.0,
2015-08-21,310.0,39.61,0.0,,,0.0,
2015-08-22,303.0,61.79,0.0,,,0.0,
2015-08-23,302.0,43.22,0.0,,,0.0,
2015-08-24,302.0,33.41,0.0,,,0.0,
2015-08-25,302.0,36.9,0.0,,,0.0,
2015-08-26,302.0,36.36,0.0,,,0.0,
2015-08-27,302.0,32.64,0.0,,,0.0,
2015-08-28,302.0,38.23,0.0,,,0.0,
2015-08-29,301.0,39.86,0.0,,,0.0,
2015-08-30,302.0,72.74,0.0,,,0.0,
2015-08-31,302.0,43.2,0.0,,,0.0,
2015-09-01,302.0,63.2,0.0,,,0.0,
2015-09-02,302.0,64.73,0.0,,,0.0,
2015-09-03,301.0,65.28,0.0,,,0.0,
2015-09-04,302.0,67.86,0.0,,,0.0,
2015-09-05,301.0,52.4,0.0,,,0.0,
2015-09-06,302.0,33.33,0.0,,,0.0,
2015-09-07,301.0,29.52,0.0,,,0.0,
2015-09-08,301.0,15.53,0.0,,,0.0,
2015-09-10,226.0,50.24,0.0,,,0.0,
2015-09-11,276.0,61.77,0.0,,,0.0,
2015-09-12,209.0,46.93,0.0,,,0.0,
2015-09-13,179.0,43.01,0.0,,,0.0,
2015-09-14,197.0,42.06,0.0,,,0.0,
2015-09-15,229.0,44.94,0.0,,,0.0,
2015-09-16,170.0,29.58,0.0,,,0.0,
2015-09-17,164.0,32.15,0.0,,,0.0,
2015-09-18,195.0,36.33,0.0,,,0.0,
2015-09-19,220.0,24.46,0.0,,,0.0,
2015-09-22,217.0,59.29,0.0,,,0.0,
2015-09-23,254.0,65.32,0.0,,,0.0,
2015-09-24,241.0,47.39,0.0,,,0.0,
2015-09-25,244.0,43.88,0.0,,,0.0,
2015-09-26,243.0,28.35,0.0,,,0.0,
2015-09-27,244.0,3.59,0.0,,,0.0,
2015-09-28,327.0,3.04,0.0,,,0.0,
2015-09-29,390.0,19.14,0.0,,,0.0,
2015-09-30,231.0,69.12,0.0,,,0.0,
2015-10-01,396.0,76.41,0.0,,,0.0,
2015-10-02,731.0,102.49,0.0,,,0.0,
2015-10-03,466.0,127.94,0.0,,,0.0,
2015-10-04,230.0,87.18,0.0,,,0.0,
2015-10-05,309.0,99.73,0.0,,,0.0,
2015-10-06,519.0,84.15,0.0,,,0.0,
2015-10-07,397.0,92.12,0.0,,,0.0,
2015-10-08,517.0,94.02,0.0,,,0.0,
2015-10-09,653.0,150.27,0.0,,,0.0,
2015-10-10,355.0,118.91,0.0,,,0.0,
2015-10-11,227.0,91.41,0.0,,,0.0,
2015-10-12,316.0,95.9,0.0,,,0.0,
2015-10-13,536.0,137.87,0.0,,,0.0,
2015-10-14,370.0,90.71,0.0,,,0.0,
2015-10-15,551.0,108.68,0.0,,,0.0,
2015-10-16,393.0,98.79,0.0,,,0.0,
2015-10-17,671.0,145.75,0.0,,,0.0,
2015-10-18,969.0,179.43,0.0,,,0.0,
2015-10-19,471.0,170.52,0.0,,,0.0,
2015-10-20,529.0,203.4,0.0,,,0.0,
2015-10-22,213.0,64.66,0.0,,,0.0,
2015-10-23,297.0,78.14,0.0,,,0.0,
2015-10-24,605.0,100.17,0.0,,,0.0,
2015-10-25,691.0,147.35,0.0,,,0.0,
2015-10-26,971.0,206.89,0.0,,,0.0,
2015-10-28,270.0,89.64,0.0,,,0.0,
2015-10-29,188.0,51.72,0.0,,,0.0,
2015-10-30,114.0,54.59,0.0,,,0.0,
2015-10-31,143.0,46.5,0.0,,,0.0,
2015-11-03,557.0,147.18,0.0,,,0.0,
2015-11-05,536.0,207.13,0.0,,,0.0,
2015-11-06,354.0,191.01,0.0,,,0.0,
2015-11-07,381.0,192.35,0.0,,,0.0,
2015-11-08,355.0,127.64,0.0,,,0.0,
2016-06-28,272.0,27.29,0.0,,,0.0,
2016-06-29,253.0,41.43,0.0,,,0.0,
2016-06-30,256.0,30.16,0.0,,,0.0,
2016-07-01,257.0,29.42,0.0,,,0.0,
2016-07-02,213.0,20.87,0.0,,,0.0,
2016-07-03,218.0,35.08,0.0,,,0.0,
2016-07-04,214.0,40.23,0.0,,,0.0,
2016-07-05,207.0,54.25,0.0,,,0.0,
2016-07-06,169.0,49.04,0.0,,,0.0,
2016-07-14,1842.0,38.13,0.0,,,0.0,
2016-07-15,72.0,36.47,0.0,,,0.0,
2016-07-16,91.0,40.9,0.0,,,0.0,
2016-07-17,124.0,34.19,0.0,,,0.0,
2016-07-18,145.0,32.92,0.0,,,0.0,
2016-07-19,499.0,41.39,0.0,,,0.0,
2016-07-20,557.0,31.71,0.0,,,0.0,
2016-07-21,114.0,33.48,0.0,,,0.0,
2016-07-22,148.0,30.8,0.0,,,0.0,
2016-07-23,99.0,30.47,0.0,,,0.0,
2016-07-24,117.0,34.64,0.0,,,0.0,
2016-07-25,275.0,43.71,0.0,,,0.0,
2016-07-26,183.0,46.52,0.0,,,0.0,
2016-07-27,336.0,36.54,0.0,,,0.0,
2016-07-28,468.0,36.87,0.0,,,0.0,
2016-07-29,776.0,46.19,0.0,,,0.0,
2016-07-30,805.0,48.44,0.0,,,0.0,
2016-07-31,705.0,40.18,0.0,,,0.0,
2016-08-01,740.0,33.5,0.0,,,0.0,
2016-08-02,751.0,29.36,0.0,,,0.0,
2016-08-03,798.0,44.59,0.0,,,0.0,
2016-08-04,494.0,50.65,0.0,,,0.0,
2016-08-05,234.0,33.93,0.0,,,0.0,
2016-08-08,327.0,93.34,0.0,,,0.0,
2016-08-09,257.0,38.06,0.0,,,0.0,
2016-08-10,300.0,20.19,0.0,,,0.0,
2016-08-11,309.0,10.45,0.0,,,0.0,
2016-08-12,316.0,29.87,0.0,,,0.0,
2016-08-13,296.0,60.18,0.0,,,0.0,
2016-08-14,240.0,85.1,0.0,,,0.0,
2016-08-15,220.0,55.55,0.0,,,0.0,
2016-08-16,460.0,170.22,0.0,,,0.0,
2016-08-17,341.0,35.05,0.0,,,0.0,
2016-08-18,216.0,37.68,0.0,,,0.0,
2016-08-19,174.0,32.78,0.0,,,0.0,
2016-08-20,252.0,53.5,0.0,,,0.0,
2016-08-21,283.0,48.24,0.0,,,0.0,
2016-08-22,282.0,63.27,0.0,,,0.0,
2016-08-23,189.0,40.43,0.0,,,0.0,
2016-08-24,204.0,31.15,0.0,,,0.0,
2016-08-25,207.0,33.76,0.0,,,0.0,
2016-08-26,218.0,35.95,0.0,,,0.0,
2016-08-27,243.0,58.07,0.0,,,0.0,
2016-08-28,219.0,46.04,0.0,,,0.0,
2016-08-29,247.0,52.27,0.0,,,0.0,
2016-08-30,235.0,46.68,0.0,,,0.0,
2016-08-31,234.0,44.59,0.0,,,0.0,
2016-09-01,217.0,30.81,0.0,,,0.0,
2016-09-02,222.0,47.67,0.0,,,0.0,
2016-09-03,241.0,35.69,0.0,,,0.0,
2016-09-04,225.0,36.44,0.0,,,0.0,
2016-09-05,241.0,33.83,0.0,,,0.0,
2016-09-06,237.0,34.23,0.0,,,0.0,
2016-09-07,251.0,52.15,0.0,,,0.0,
2016-09-08,220.0,35.99,0.0,,,0.0,
2016-09-09,221.0,37.93,0.0,,,0.0,
2016-09-10,226.0,31.94,0.0,,,0.0,
2016-09-11,208.0,18.04,0.0,,,0.0,
2016-09-12,190.0,27.9,0.0,,,0.0,
2016-09-13,250.0,36.51,0.0,,,0.0,
2016-09-14,280.0,55.71,0.0,,,0.0,
2016-09-15,306.0,57.01,0.0,,,0.0,
2016-09-16,249.0,53.94,0.0,,,0.0,
2016-09-17,213.0,49.34,0.0,,,0.0,
2016-09-18,135.0,,0.0,,,0.0,
2016-09-22,268.0,39.43,0.0,,,0.0,
2016-09-23,267.0,42.33,0.0,,,0.0,
2016-09-24,216.0,26.75,0.0,,,0.0,
2016-09-25,212.0,34.16,0.0,,,0.0,
2016-09-26,214.0,30.07,0.0,,,0.0,
2016-09-27,222.0,25.54,0.0,,,0.0,
2016-09-28,216.0,38.47,0.0,,,0.0,
2016-09-29,236.0,42.55,0.0,,,0.0,
2016-09-30,225.0,38.1,0.0,,,0.0,
2016-10-01,231.0,27.22,0.0,,,0.0,
2016-10-02,298.0,41.81,0.0,,,0.0,
2016-10-03,267.0,75.03,0.0,,,0.0,
2016-10-04,236.0,,0.0,,,0.0,
2016-10-06,301.0,75.06,0.0,,,0.0,
2016-10-07,311.0,85.36,0.0,,,0.0,
2016-10-08,313.0,124.97,0.0,,,0.0,
2016-10-09,267.0,86.63,0.0,,,0.0,
2016-10-10,232.0,70.34,0.0,,,0.0,
2016-10-11,229.0,50.49,0.0,,,0.0,
2016-10-12,227.0,42.25,0.0,,,0.0,
2016-10-13,236.0,48.23,0.0,,,0.0,
2016-10-14,326.0,138.94,0.0,,,0.0,
2016-10-15,395.0,155.68,0.0,,,0.0,
2016-10-16,507.0,120.35,0.0,,,0.0,
2016-10-17,423.0,140.81,0.0,,,0.0,
2016-10-18,315.0,87.09,0.0,,,0.0,
2016-10-19,213.0,83.57,0.0,,,0.0,
2016-10-20,263.0,75.41,0.0,,,0.0,
2016-10-21,355.0,106.86,0.0,,,0.0,
2016-10-22,362.0,96.53,0.0,,,0.0,
2016-10-23,236.0,76.96,0.0,,,0.0,
2016-10-24,192.0,73.05,0.0,,,0.0,
2016-10-25,230.0,72.52,0.0,,,0.0,
2016-10-26,278.0,109.22,0.0,,,0.0,
2016-10-27,390.0,122.63,0.0,,,0.0,
2016-10-28,509.0,214.36,0.0,,,0.0,
2016-10-29,472.0,381.69,0.0,,,0.0,
2016-10-30,457.0,182.59,0.0,,,0.0,
2016-10-31,721.0,271.85,0.0,,,0.0,
2016-11-01,420.0,230.76,0.0,,,0.0,
2016-11-02,417.0,203.3,0.0,,,0.0,
2016-11-03,390.0,152.03,0.0,,,0.0,
2016-11-04,361.0,176.02,0.0,,,0.0,
2017-10-11,105.0,61.72,0.0,,,0.0,
2017-10-21,319.0,126.57,0.0,,,0.0,
2017-10-22,146.0,59.26,0.0,,,0.0,
2017-10-23,80.0,51.72,0.0,,,0.0,
2017-10-24,102.0,67.4,0.0,,,0.0,
2017-10-25,459.0,79.49,0.0,,,0.0,
2017-10-26,1426.0,112.25,0.0,,,0.0,
2017-10-27,1348.0,133.07,0.0,,,0.0,
2017-10-28,1073.0,93.96,0.0,,,0.0,
2017-10-29,952.0,93.7,0.0,,,0.0,
2017-11-03,550.0,96.65,0.0,,,0.0,
2017-11-04,538.0,107.09,0.0,,,0.0,
2017-11-05,498.0,119.02,0.0,,,0.0,
2017-11-06,517.0,83.86,0.0,,,0.0,
2017-11-07,901.0,72.67,0.0,,,0.0,
2017-11-08,929.0,94.32,0.0,,,0.0,
2017-11-09,850.0,89.0,0.0,,,0.0,
2017-11-10,669.0,85.35,0.0,,,0.0,
2017-11-11,1141.0,101.25,0.0,,,0.0,
2017-11-12,707.0,90.02,0.0,,,0.0,
2017-11-13,1577.0,119.17,0.0,,,0.0,
2017-11-14,1747.0,207.19,0.0,,,0.0,
2017-11-15,1065.0,148.83,0.0,,,0.0,
2017-11-16,195.0,85.32,0.0,,,0.0,
2017-11-17,291.0,143.07,0.0,,,0.0,
2017-11-18,313.0,140.88,0.0,,,0.0,
2017-11-19,333.0,99.77,0.0,,,0.0,
2017-11-20,338.0,119.99,0.0,,,0.0,
2017-11-21,371.0,111.92,0.0,,,0.0,
2017-11-22,463.0,96.51,0.0,,,0.0,
2017-11-23,419.0,80.52,0.0,,,0.0,
2017-11-24,700.0,92.8,0.0,,,0.0,
2017-11-25,1043.0,102.26,0.0,,,0.0,
2017-11-26,1029.0,108.19,0.0,,,0.0,
2017-11-27,1041.0,93.87,0.0,,,0.0,
2017-11-28,1430.0,109.53,0.0,,,0.0,
2017-11-29,765.0,79.34,0.0,,,0.0,
2017-11-30,599.0,93.05,0.0,,,0.0,
2017-12-01,764.0,85.51,0.0,,,0.0,
2017-12-02,330.0,80.89,0.0,,,0.0,
2017-12-03,205.0,58.62,0.0,,,0.0,
2017-12-04,164.0,68.53,0.0,,,0.0,
2017-12-05,187.0,81.38,0.0,,,0.0,
2017-12-06,149.0,56.54,0.0,,,0.0,
2017-12-07,215.0,74.08,0.0,,,0.0,
2017-12-08,284.0,62.76,0.0,,,0.0,
2017-12-09,167.0,86.09,0.0,,,0.0,
2017-12-10,337.0,59.74,0.0,,,0.0,
2017-12-11,696.0,87.13,0.0,,,0.0,
2017-12-12,295.0,52.15,0.0,,,0.0,
2017-12-13,565.0,67.51,0.0,,,0.0,
2017-12-14,400.0,70.08,0.0,,,0.0,
2017-12-15,250.0,86.9,0.0,,,0.0,
2017-12-16,232.0,77.34,0.0,,,0.0,
2017-12-17,174.0,65.93,0.0,,,0.0,
2017-12-18,198.0,66.58,0.0,,,0.0,
2017-12-19,340.0,62.24,0.0,,,0.0,
2017-12-20,355.0,62.07,0.0,,,0.0,
2017-12-21,246.0,72.04,0.0,,,0.0,
2017-12-22,216.0,67.44,0.0,,,0.0,
2017-12-23,306.0,77.76,0.0,,,0.0,
2017-12-24,650.0,96.71,0.0,,,0.0,
2017-12-25,515.0,75.14,0.0,,,0.0,
2017-12-26,529.0,69.27,0.0,,,0.0,
2017-12-27,404.0,71.54,0.0,,,0.0,
2017-12-28,773.0,104.13,0.0,,,0.0,
2017-12-29,763.0,88.93,0.0,,,0.0,
2017-12-30,474.0,82.03,0.0,,,0.0,
2017-12-31,343.0,84.43,0.0,,,0.0,
2018-01-01,278.0,84.46,0.0,,,0.0,
2018-01-02,256.0,76.51,0.0,,,0.0,
2018-01-03,300.0,63.88,0.0,,,0.0,
2018-01-04,532.0,81.1,0.0,,,0.0,
2018-01-05,534.0,73.61,0.0,,,0.0,
2018-01-06,738.0,75.79,0.0,,,0.0,
2018-01-07,622.0,77.87,0.0,,,0.0,
2018-01-08,517.0,77.72,0.0,,,0.0,
2018-01-09,216.0,66.89,0.0,,,0.0,
2018-01-10,316.0,74.57,0.0,,,0.0,
2018-01-11,586.0,89.1,0.0,,,0.0,
2018-01-12,898.0,110.34,0.0,,,0.0,
2018-01-13,421.0,82.53,0.0,,,0.0,
2018-01-14,542.0,108.01,0.0,,,0.0,
2018-01-15,610.0,92.94,0.0,,,0.0,
2018-01-16,716.0,87.3,0.0,,,0.0,
2018-01-17,804.0,89.06,0.0,,,0.0,
2018-01-18,656.0,51.61,0.0,,,0.0,
2018-01-19,1201.0,91.13,0.0,,,0.0,
2018-01-21,595.0,108.92,0.0,,,0.0,
2018-01-22,384.0,89.63,0.0,,,0.0,
2018-01-23,332.0,55.27,0.0,,,0.0,
2018-01-24,1155.0,97.88,0.0,,,0.0,
2018-01-25,1355.0,128.56,0.0,,,0.0,
2018-01-26,1367.0,103.63,0.0,,,0.0,
2018-01-27,795.0,102.16,0.0,,,0.0,
2018-01-28,430.0,89.53,0.0,,,0.0,
2018-01-29,1153.0,101.92,0.0,,,0.0,
2018-01-30,1414.0,117.99,0.0,,,0.0,
2018-01-31,1042.0,115.79,0.0,,,0.0,
2018-02-01,1613.0,189.12,0.0,,,0.0,
2018-02-02,433.0,88.37,0.0,,,0.0,
2018-02-03,692.0,96.64,0.0,,,0.0,
2018-02-04,620.0,98.0,0.0,,,0.0,
2018-02-05,617.0,93.31,0.0,,,0.0,
2018-02-06,590.0,104.89,0.0,,,0.0,
2018-02-07,856.0,109.34,0.0,,,0.0,
2018-02-08,587.0,70.25,0.0,,,0.0,
2018-02-09,1423.0,103.17,0.0,,,0.0,
2018-02-10,1917.0,185.77,0.0,,,0.0,
2018-02-11,471.0,84.48,0.0,,,0.0,
2018-02-12,488.0,89.41,0.0,,,0.0,
2018-02-13,471.0,64.61,0.0,,,0.0,
2018-02-14,172.0,65.35,0.0,,,0.0,
2018-02-15,390.0,52.18,0.0,,,0.0,
2018-02-16,802.0,75.13,0.0,,,0.0,
2018-02-17,1035.0,83.65,0.0,,,0.0,
2018-02-18,1477.0,220.49,0.0,,,0.0,
2018-02-19,2049.0,242.66,0.0,,,0.0,
2018-02-20,1314.0,114.78,0.0,,,0.0,
2018-02-21,1215.0,92.92,0.0,,,0.0,
2018-02-22,1483.0,91.66,0.0,,,0.0,
2018-02-23,1526.0,138.4,0.0,,,0.0,
2018-02-26,460.0,49.18,0.0,,,0.0,
2018-02-27,700.0,56.42,0.0,,,0.0,
2018-02-28,831.0,60.36,0.0,,,0.0,
2018-03-01,291.0,54.45,0.0,,,0.0,
2018-03-02,132.0,53.5,0.0,,,0.0,
2018-03-03,212.0,41.64,0.0,,,0.0,
2018-03-04,717.0,32.36,0.0,,,0.0,
2018-03-05,525.0,29.98,0.0,,,0.0,
2018-03-06,777.0,33.3,0.0,,,0.0,
2018-03-07,807.0,56.51,0.0,,,0.0,
2018-03-08,520.0,88.85,0.0,,,0.0,
2018-03-09,1171.0,111.68,0.0,,,0.0,
2018-03-10,1332.0,114.06,0.0,,,0.0,
2018-03-11,1260.0,116.93,0.0,,,0.0,
2018-03-12,708.0,84.19,0.0,,,0.0,
2018-03-13,1108.0,98.53,0.0,,,0.0,
2018-03-14,761.0,84.16,0.0,,,0.0,
2018-03-15,541.0,71.82,0.0,,,0.0,
2018-03-16,1274.0,80.51,0.0,,,0.0,
2018-03-17,1241.0,133.48,0.0,,,0.0,
2018-03-18,1210.0,116.54,0.0,,,0.0,
2018-03-19,301.0,98.49,0.0,,,0.0,
2018-03-20,549.0,160.68,0.0,,,0.0,
2018-03-21,414.0,102.05,0.0,,,0.0,
2018-03-22,484.0,100.33,0.0,,,0.0,
2018-03-23,577.0,99.73,0.0,,,0.0,
2018-03-24,862.0,104.22,0.0,,,0.0,
2018-03-25,889.0,109.8,0.0,,,0.0,
2018-03-26,1001.0,124.44,0.0,,,0.0,
2018-03-27,1156.0,180.27,0.0,,,0.0,
2018-03-28,691.0,138.6,0.0,,,0.0,
2018-03-29,308.0,139.21,0.0,,,0.0,
2018-03-30,965.0,154.09,0.0,,,0.0,
2018-03-31,1434.0,121.0,0.0,,,0.0,
2018-04-01,579.0,80.56,0.0,,,0.0,
2018-04-02,1034.0,103.75,0.0,,,0.0,
2018-04-03,498.0,75.68,0.0,,,0.0,
2018-04-04,265.0,62.83,0.0,,,0.0,
2018-04-05,740.0,104.23,0.0,,,0.0,
2018-04-06,856.0,91.04,0.0,,,0.0,
2018-04-07,304.0,90.13,0.0,,,0.0,
2018-04-08,657.0,160.43,0.0,,,0.0,
2018-04-09,403.0,94.55,0.0,,,0.0,
2018-04-10,596.0,124.59,0.0,,,0.0,
2018-04-11,392.0,92.5,0.0,,,0.0,
2018-04-12,414.0,86.29,0.0,,,0.0,
2018-04-13,442.0,104.21,0.0,,,0.0,
2018-04-14,438.0,88.5,0.0,,,0.0,
2018-04-15,561.0,84.47,0.0,,,0.0,
2018-04-16,660.0,73.54,0.0,,,0.0,
2018-04-17,616.0,53.89,0.0,,,0.0,
2018-04-18,855.0,60.08,0.0,,,0.0,
2018-04-19,633.0,53.13,0.0,,,0.0,
2018-04-20,274.0,71.3,0.0,,,0.0,
2018-04-21,210.0,37.9,0.0,,,0.0,
2018-04-22,478.0,78.18,0.0,,,0.0,
2018-04-23,465.0,56.35,0.0,,,0.0,
2018-04-24,836.0,59.66,0.0,,,0.0,
2018-04-25,1235.0,114.6,0.0,,,0.0,
2018-04-26,525.0,74.48,0.0,,,0.0,
2018-04-27,525.0,81.11,0.0,,,0.0,
2018-04-28,650.0,100.39,0.0,,,0.0,
2018-04-29,219.0,39.97,0.0,,,0.0,
2018-04-30,328.0,53.61,0.0,,,0.0,
2018-05-01,351.0,63.06,0.0,,,0.0,
2018-05-02,286.0,46.17,0.0,,,0.0,
2018-05-03,337.0,61.24,0.0,,,0.0,
2018-05-04,249.0,41.81,0.0,,,0.0,
2018-05-05,376.0,55.09,0.0,,,0.0,
2018-05-06,415.0,65.54,0.0,,,0.0,
2018-05-07,228.0,41.04,0.0,,,0.0,
2018-05-08,266.0,49.71,0.0,,,0.0,
2018-05-09,257.0,44.75,0.0,,,0.0,
2018-05-10,409.0,45.84,0.0,,,0.0,
2018-05-11,524.0,76.36,0.0,,,0.0,
2018-05-12,222.0,44.79,0.0,,,0.0,
2018-05-13,332.0,50.16,0.0,,,0.0,
2018-05-14,272.0,49.07,0.0,,,0.0,
2018-05-15,232.0,46.06,0.0,,,0.0,
2018-05-16,247.0,52.82,0.0,,,0.0,
2018-05-17,254.0,53.39,0.0,,,0.0,
2018-05-18,236.0,59.44,0.0,,,0.0,
2018-05-19,273.0,71.01,0.0,,,0.0,
2018-05-20,273.0,59.98,0.0,,,0.0,
2018-05-21,256.0,50.7,0.0,,,0.0,
2018-05-22,217.0,69.87,0.0,,,0.0,
2018-05-23,291.0,61.53,0.0,,,0.0,
2018-05-24,314.0,67.03,0.0,,,0.0,
2018-05-25,355.0,43.37,0.0,,,0.0,
2018-05-26,587.0,60.05,0.0,,,0.0,
2018-05-27,535.0,56.93,0.0,,,0.0,
2018-05-28,366.0,44.14,0.0,,,0.0,
2018-05-29,404.0,69.0,0.0,,,0.0,
2018-06-01,355.0,78.16,0.0,,,0.0,
2018-06-02,338.0,83.27,0.0,,,0.0,
2018-06-03,351.0,63.79,0.0,,,0.0,
2018-06-04,280.0,50.27,0.0,,,0.0,
2018-06-05,297.0,51.54,0.0,,,0.0,
2018-06-06,319.0,54.35,0.0,,,0.0,
2018-06-07,247.0,53.59,0.0,,,0.0,
2018-06-08,321.0,55.77,0.0,,,0.0,
2018-06-09,319.0,63.58,0.0,,,0.0,
2018-06-10,345.0,103.08,0.0,,,0.0,
2018-06-11,492.0,78.25,0.0,,,0.0,
2018-06-12,491.0,77.84,0.0,,,0.0,
2018-06-13,503.0,69.99,0.0,,,0.0,
2018-06-14,523.0,78.7,0.0,,,0.0,
2018-06-15,539.0,59.96,0.0,,,0.0,
2018-06-16,492.0,48.27,0.0,,,0.0,
2018-06-17,513.0,44.81,0.0,,,0.0,
2018-06-18,497.0,55.21,0.0,,,0.0,
2018-06-19,433.0,40.89,0.0,,,0.0,
2018-06-20,484.0,41.59,0.0,,,0.0,
2018-06-21,471.0,39.02,0.0,,,0.0,
2018-06-22,502.0,33.5,0.0,,,0.0,
2018-06-23,495.0,39.42,0.0,,,0.0,
2018-06-24,486.0,46.84,0.0,,,0.0,
2018-06-25,524.0,51.63,0.0,,,0.0,
2018-06-26,556.0,38.12,0.0,,,0.0,
2018-06-27,508.0,27.79,0.0,,,0.0,
2018-06-28,413.0,36.27,0.0,,,0.0,
2018-06-29,421.0,76.41,0.0,,,0.0,
2018-06-30,400.0,62.72,0.0,,,0.0,
2018-07-01,361.0,48.12,0.0,,,0.0,
2018-07-02,385.0,36.8,0.0,,,0.0,
2018-07-03,428.0,41.37,0.0,,,0.0,
2018-07-04,440.0,302.08,0.0,,,0.0,
2018-07-05,510.0,37.15,0.0,,,0.0,
2018-07-06,513.0,59.76,0.0,,,0.0,
2018-07-07,365.0,71.94,0.0,,,0.0,
2018-07-08,336.0,47.95,0.0,,,0.0,
2018-07-09,377.0,55.91,0.0,,,0.0,
2018-07-10,442.0,72.06,0.0,,,0.0,
2018-07-11,421.0,127.23,0.0,,,0.0,
2018-07-12,428.0,127.37,0.0,,,0.0,
2018-07-13,472.0,36.42,0.0,,,0.0,
2018-07-14,478.0,40.97,0.0,,,0.0,
2018-07-15,422.0,33.38,0.0,,,0.0,
2018-07-16,347.0,33.51,0.0,,,0.0,
2018-07-17,461.0,29.56,0.0,,,0.0,
2018-07-18,447.0,21.89,0.0,,,0.0,
2018-07-19,486.0,44.87,0.0,,,0.0,
2018-07-20,510.0,33.16,0.0,,,0.0,
2018-07-21,576.0,45.25,0.0,,,0.0,
2018-07-22,485.0,48.95,0.0,,,0.0,
2018-07-23,488.0,42.89,0.0,,,0.0,
2018-07-24,613.0,48.36,0.0,,,0.0,
2018-07-25,577.0,51.7,0.0,,,0.0,
2018-07-26,474.0,43.18,0.0,,,0.0,
2018-07-27,458.0,35.8,0.0,,,0.0,
2018-07-28,428.0,37.76,0.0,,,0.0,
2018-07-29,429.0,38.1,0.0,,,0.0,
2018-07-30,461.0,39.43,0.0,,,0.0,
2018-07-31,450.0,51.78,0.0,,,0.0,
2018-08-01,453.0,63.4,0.0,,,0.0,
2018-08-02,459.0,58.21,0.0,,,0.0,
2018-08-03,468.0,47.83,0.0,,,0.0,
2018-08-04,424.0,53.64,0.0,,,0.0,
2018-08-05,366.0,48.18,0.0,,,0.0,
2018-08-06,465.0,56.75,0.0,,,0.0,
2018-08-07,434.0,41.21,0.0,,,0.0,
2018-08-08,470.0,37.33,0.0,,,0.0,
2018-08-09,455.0,28.74,0.0,,,0.0,
2018-08-10,489.0,34.05,0.0,,,0.0,
2018-08-11,431.0,28.94,0.0,,,0.0,
2018-08-12,402.0,25.06,0.0,,,0.0,
2018-08-13,469.0,32.05,0.0,,,0.0,
2018-08-14,476.0,44.02,0.0,,,0.0,
2018-08-15,459.0,48.73,0.0,,,0.0,
2018-08-16,342.0,43.54,0.0,,,0.0,
2018-08-17,311.0,28.66,0.0,,,0.0,
2018-08-18,467.0,31.01,0.0,,,0.0,
2018-08-19,429.0,33.95,0.0,,,0.0,
2018-08-20,490.0,33.7,0.0,,,0.0,
2018-08-21,445.0,48.21,0.0,,,0.0,
2018-08-22,499.0,40.66,0.0,,,0.0,
2018-08-23,482.0,38.65,0.0,,,0.0,
2018-08-24,527.0,49.47,0.0,,,0.0,
2018-08-25,556.0,33.2,0.0,,,0.0,
2018-08-26,482.0,34.52,0.0,,,0.0,
2018-08-27,597.0,44.57,0.0,,,0.0,
2018-08-28,491.0,58.92,0.0,,,0.0,
2018-08-29,460.0,51.03,0.0,,,0.0,
2018-08-30,510.0,45.77,0.0,,,0.0,
2018-08-31,623.0,38.22,0.0,,,0.0,
2018-09-01,577.0,34.44,0.0,,,0.0,
2018-09-02,440.0,28.8,0.0,,,0.0,
2018-09-06,520.0,22.14,0.0,,,0.0,
2018-09-07,518.0,19.66,0.0,,,0.0,
2018-09-08,524.0,22.3,0.0,,,0.0,
2018-09-09,576.0,22.33,0.0,,,0.0,
2018-09-10,688.0,18.54,0.0,,,0.0,
2018-09-11,521.0,17.91,0.0,,,0.0,
2018-09-12,447.0,16.28,0.0,,,0.0,
2018-09-13,477.0,21.06,0.0,,,0.0,
2018-09-14,481.0,20.82,0.0,,,0.0,
2018-09-15,500.0,18.18,0.0,,,0.0,
2018-09-16,530.0,21.41,0.0,,,0.0,
2018-09-17,696.0,24.51,0.0,,,0.0,
2018-09-18,580.0,28.15,0.0,,,0.0,
2018-09-19,546.0,23.65,0.0,,,0.0,
2018-09-20,631.0,25.32,0.0,,,0.0,
2018-09-21,876.0,25.87,0.0,,,0.0,
2018-09-22,493.0,22.62,0.0,,,0.0,
2018-09-23,410.0,21.12,0.0,,,0.0,
2018-09-24,398.0,21.79,0.0,,,0.0,
2018-09-25,457.0,18.87,0.0,,,0.0,
2018-09-26,428.0,22.11,0.0,,,0.0,
2018-09-27,413.0,24.07,0.0,,,0.0,
2018-09-28,680.0,25.9,0.0,,,0.0,
2018-09-29,787.0,29.8,0.0,,,0.0,
2018-09-30,862.0,29.37,0.0,,,0.0,
2018-10-01,951.0,33.95,0.0,,,0.0,
2018-10-02,712.0,31.13,0.0,,,0.0,
2018-10-03,483.0,58.28,0.0,,,0.0,
2018-10-04,379.0,63.92,0.0,,,0.0,
2018-10-05,214.0,73.89,0.0,,,0.0,
2018-10-06,508.0,79.37,0.0,,,0.0,
2018-10-07,713.0,78.64,0.0,,,0.0,
2018-10-08,688.0,122.92,0.0,,,0.0,
2018-10-09,844.0,160.05,0.0,,,0.0,
2018-10-10,786.0,113.9,0.0,,,0.0,
2018-10-11,664.0,126.66,0.0,,,0.0,
2018-10-12,914.0,116.02,0.0,,,0.0,
2018-10-13,536.0,96.65,0.0,,,0.0,
2018-10-14,403.0,110.05,0.0,,,0.0,
2018-10-15,427.0,109.84,0.0,,,0.0,
2018-10-16,685.0,140.06,0.0,,,0.0,
2018-10-17,558.0,109.11,0.0,,,0.0,
2018-10-18,487.0,107.26,0.0,,,0.0,
2018-10-19,453.0,105.87,0.0,,,0.0,
2018-10-20,559.0,101.86,0.0,,,0.0,
2018-10-21,1291.0,96.15,0.0,,,0.0,
2018-10-22,1350.0,88.58,0.0,,,0.0,
2018-10-23,1561.0,129.98,0.0,,,0.0,
2018-10-24,906.0,103.71,0.0,,,0.0,
2018-10-25,824.0,121.11,0.0,,,0.0,
2018-10-26,578.0,82.49,0.0,,,0.0,
2018-10-27,161.0,72.93,0.0,,,0.0,
2018-10-28,849.0,94.08,0.0,,,0.0,
2018-10-29,574.0,82.88,0.0,,,0.0,
2018-10-30,509.0,88.69,0.0,,,0.0,
2018-10-31,556.0,82.52,0.0,,,0.0,
2018-11-01,669.0,72.11,0.0,,,0.0,
2018-11-02,1217.0,78.48,0.0,,,0.0,
2018-11-03,1033.0,103.22,0.0,,,0.0,
2018-11-04,625.0,70.39,0.0,,,0.0,
2018-11-05,803.0,107.9,0.0,,,0.0,
2018-11-06,741.0,117.08,0.0,,,0.0,
2018-11-07,776.0,162.18,0.0,,,0.0,
2018-11-08,1630.0,205.21,0.0,,,0.0,
2018-11-09,1160.0,165.37,0.0,,,0.0,
2018-11-10,1056.0,110.7,0.0,,,0.0,
2018-11-11,1256.0,143.72,0.0,,,0.0,
2018-11-12,1154.0,91.56,0.0,,,0.0,
2018-11-13,1548.0,133.13,0.0,,,0.0,
2018-11-14,820.0,143.52,0.0,,,0.0,
2018-11-15,688.0,83.28,0.0,,,0.0,
2018-11-16,595.0,75.58,0.0,,,0.0,
2018-11-17,1354.0,93.73,0.0,,,0.0,
2018-11-18,1672.0,127.46,0.0,,,0.0,
2018-11-19,1472.0,98.6,0.0,,,0.0,
2018-11-20,1295.0,84.71,0.0,,,0.0,
2018-11-21,1646.0,86.52,0.0,,,0.0,
2018-11-22,1329.0,90.1,0.0,,,0.0,
2018-11-23,530.0,68.52,0.0,,,0.0,
2018-11-24,798.0,86.43,0.0,,,0.0,
2018-11-25,689.0,70.51,0.0,,,0.0,
2018-11-26,413.0,78.48,0.0,,,0.0,
2018-11-27,415.0,63.75,0.0,,,0.0,
2018-11-28,228.0,68.3,0.0,,,0.0,
2018-11-29,392.0,91.23,0.0,,,0.0,
2018-11-30,657.0,92.74,0.0,,,0.0,
2018-12-01,657.0,96.58,0.0,,,0.0,
2018-12-02,702.0,91.37,0.0,,,0.0,
2018-12-03,488.0,88.02,0.0,,,0.0,
2018-12-04,605.0,96.82,0.0,,,0.0,
2018-12-05,687.0,96.89,0.0,,,0.0,
2018-12-06,714.0,109.2,0.0,,,0.0,
2018-12-07,667.0,94.95,0.0,,,0.0,
2018-12-08,423.0,75.42,0.0,,,0.0,
2018-12-09,417.0,73.07,0.0,,,0.0,
2018-12-10,1158.0,98.25,0.0,,,0.0,
2018-12-11,938.0,118.16,0.0,,,0.0,
2018-12-12,920.0,95.4,0.0,,,0.0,
2018-12-13,336.0,70.04,0.0,,,0.0,
2018-12-14,275.0,56.71,0.0,,,0.0,
2018-12-15,191.0,59.4,0.0,,,0.0,
2018-12-16,172.0,54.75,0.0,,,0.0,
2018-12-17,198.0,62.18,0.0,,,0.0,
2018-12-18,381.0,238.42,0.0,,,0.0,
2018-12-19,800.0,125.16,0.0,,,0.0,
2018-12-20,967.0,106.45,0.0,,,0.0,
2018-12-21,978.0,92.45,0.0,,,0.0,
2018-12-22,1558.0,111.75,0.0,,,0.0,
2018-12-23,1300.0,106.19,0.0,,,0.0,
2018-12-24,355.0,72.1,0.0,,,0.0,
2018-12-25,370.0,79.15,0.0,,,0.0,
2018-12-26,448.0,94.8,0.0,,,0.0,
2018-12-27,1084.0,80.14,0.0,,,0.0,
2018-12-28,1319.0,89.14,0.0,,,0.0,
2018-12-29,379.0,68.29,0.0,,,0.0,
2018-12-30,396.0,67.75,0.0,,,0.0,
2018-12-31,744.0,80.54,0.0,,,0.0,
2019-01-01,1474.0,110.71,0.0,,,0.0,
2019-01-02,1246.0,147.57,0.0,,,0.0,
2019-01-03,1719.0,131.5,0.0,,,0.0,
2019-01-04,1264.0,102.12,0.0,,,0.0,
2019-01-05,1127.0,115.0,0.0,,,0.0,
2019-01-06,908.0,84.84,0.0,,,0.0,
2019-01-07,236.0,74.62,0.0,,,0.0,
2019-01-08,313.0,89.72,0.0,,,0.0,
2019-01-09,471.0,84.03,0.0,,,0.0,
2019-01-10,661.0,82.79,0.0,,,0.0,
2019-01-11,711.0,76.38,0.0,,,0.0,
2019-01-12,854.0,66.01,0.0,,,0.0,
2019-01-13,1258.0,116.42,0.0,,,0.0,
2019-01-14,407.0,75.49,0.0,,,0.0,
2019-01-15,172.0,66.97,0.0,,,0.0,
2019-01-16,116.0,161.09,0.0,,,0.0,
2019-01-17,1302.0,124.45,0.0,,,0.0,
2019-01-18,1275.0,95.15,0.0,,,0.0,
2019-01-19,527.0,73.58,0.0,,,0.0,
2019-01-20,839.0,86.32,0.0,,,0.0,
2019-01-21,1537.0,149.26,0.0,,,0.0,
2019-01-22,547.0,70.06,0.0,,,0.0,
2019-01-23,716.0,86.59,0.0,,,0.0,
2019-01-24,464.0,74.12,0.0,,,0.0,
2019-01-25,302.0,52.92,0.0,,,0.0,
2019-01-26,260.0,47.26,0.0,,,0.0,
2019-01-27,430.0,52.79,0.0,,,0.0,
2019-01-28,477.0,63.68,0.0,,,0.0,
2019-01-29,491.0,73.37,0.0,,,0.0,
2019-01-30,470.0,55.24,0.0,,,0.0,
2019-01-31,847.0,83.1,0.0,,,0.0,
2019-02-01,559.0,76.87,0.0,,,0.0,
2019-02-02,334.0,47.01,0.0,,,0.0,
2019-02-03,346.0,54.77,0.0,,,0.0,
2019-02-04,529.0,103.13,0.0,,,0.0,
2019-02-05,1261.0,117.59,0.0,,,0.0,
2019-02-06,254.0,50.15,0.0,,,0.0,
2019-02-07,308.0,94.1,0.0,,,0.0,
2019-02-08,290.0,105.03,0.0,,,0.0,
2019-02-09,340.0,46.5,0.0,,,0.0,
2019-02-10,492.0,41.76,0.0,,,0.0,
2019-02-11,343.0,46.91,0.0,,,0.0,
2019-02-12,604.0,59.98,0.0,,,0.0,
2019-02-13,1028.0,82.79,0.0,,,0.0,
2019-02-14,755.0,62.6,0.0,,,0.0,
2019-02-15,489.0,72.53,0.0,,,0.0,
2019-02-16,373.0,44.69,0.0,,,0.0,
2019-02-17,914.0,54.18,0.0,,,0.0,
2019-02-18,895.0,81.84,0.0,,,0.0,
2019-02-19,502.0,46.48,0.0,,,0.0,
2019-02-20,834.0,62.32,0.0,,,0.0,
2019-02-21,826.0,37.26,0.0,,,0.0,
2019-02-22,403.0,37.96,0.0,,,0.0,
2019-02-23,253.0,34.1,0.0,,,0.0,
2019-02-24,789.0,64.5,0.0,,,0.0,
2019-02-25,904.0,50.97,0.0,,,0.0,
2019-02-26,467.0,64.44,0.0,,,0.0,
2019-02-27,296.0,51.5,0.0,,,0.0,
2019-02-28,307.0,33.38,0.0,,,0.0,
2019-03-01,350.0,42.11,0.0,,,0.0,
2019-03-02,318.0,46.35,0.0,,,0.0,
2019-03-03,338.0,61.32,0.0,,,0.0,
2019-03-04,276.0,48.84,0.0,,,0.0,
2019-03-05,286.0,39.23,0.0,,,0.0,
2019-03-06,461.0,45.37,0.0,,,0.0,
2019-03-07,824.0,55.7,0.0,,,0.0,
2019-03-08,754.0,54.11,0.0,,,0.0,
2019-03-09,926.0,52.68,0.0,,,0.0,
2019-03-10,280.0,44.12,0.0,,,0.0,
2019-03-11,310.0,46.52,0.0,,,0.0,
2019-03-12,606.0,57.06,0.0,,,0.0,
2019-03-13,632.0,84.14,0.0,,,0.0,
2019-03-14,262.0,52.24,0.0,,,0.0,
2019-03-15,428.0,62.44,0.0,,,0.0,
2019-03-16,625.0,66.97,0.0,,,0.0,
2019-03-17,321.0,75.05,0.0,,,0.0,
2019-03-18,353.0,60.5,0.0,,,0.0,
2019-03-19,1017.0,88.33,0.0,,,0.0,
2019-03-20,876.0,78.11,0.0,,,0.0,
2019-03-21,380.0,62.04,0.0,,,0.0,
2019-03-22,730.0,73.98,0.0,,,0.0,
2019-03-23,998.0,75.84,0.0,,,0.0,
2019-03-24,917.0,92.21,0.0,,,0.0,
2019-03-25,402.0,64.71,0.0,,,0.0,
2019-03-26,404.0,67.44,0.0,,,0.0,
2019-03-27,559.0,69.51,0.0,,,0.0,
2019-03-28,1459.0,112.44,0.0,,,0.0,
2019-03-29,1222.0,133.21,0.0,,,0.0,
2019-03-30,869.0,89.74,0.0,,,0.0,
2019-03-31,471.0,74.35,0.0,,,0.0,
2019-04-01,353.0,96.96,0.0,,,0.0,
2019-04-02,679.0,122.78,0.0,,,0.0,
2019-04-03,688.0,109.21,0.0,,,0.0,
2019-04-04,1044.0,94.41,0.0,,,0.0,
2019-04-05,537.0,97.92,0.0,,,0.0,
2019-04-06,420.0,97.68,0.0,,,0.0,
2019-04-07,534.0,99.9,0.0,,,0.0,
2019-04-08,472.0,78.55,0.0,,,0.0,
2019-04-09,493.0,73.58,0.0,,,0.0,
2019-04-10,566.0,64.02,0.0,,,0.0,
2019-04-11,1121.0,81.22,0.0,,,0.0,
2019-04-12,944.0,75.74,0.0,,,0.0,
2019-04-13,395.0,70.14,0.0,,,0.0,
2019-04-14,406.0,67.2,0.0,,,0.0,
2019-04-15,649.0,225.49,0.0,,,0.0,
2019-04-16,428.0,182.46,0.0,,,0.0,
2019-04-17,392.0,95.69,0.0,,,0.0,
2019-04-18,274.0,93.12,0.0,,,0.0,
2019-04-19,354.0,64.3,0.0,,,0.0,
2019-04-20,419.0,81.71,0.0,,,0.0,
2019-04-21,1205.0,66.39,0.0,,,0.0,
2019-04-22,778.0,92.59,0.0,,,0.0,
2019-04-23,730.0,84.47,0.0,,,0.0,
2019-04-24,608.0,76.98,0.0,,,0.0,
2019-04-28,1346.0,91.99,0.0,,,0.0,
2019-04-29,1015.0,110.7,0.0,,,0.0,
2019-04-30,255.0,132.76,0.0,,,0.0,
2019-05-01,518.0,113.47,0.0,,,0.0,
2019-05-02,604.0,101.68,0.0,,,0.0,
2019-05-03,315.0,86.07,0.0,,,0.0,
2019-05-04,326.0,72.58,0.0,,,0.0,
2019-05-05,449.0,81.79,0.0,,,0.0,
2019-05-06,455.0,72.54,0.0,,,0.0,
2019-05-07,398.0,58.71,0.0,,,0.0,
2019-05-08,346.0,72.51,0.0,,,0.0,
2019-05-09,291.0,43.83,0.0,,,0.0,
2019-05-15,281.0,37.55,0.0,,,0.0,
2019-05-16,330.0,33.97,0.0,,,0.0,
2019-05-17,356.0,35.48,0.0,,,0.0,
2019-05-18,359.0,34.11,0.0,,,0.0,
2019-05-19,547.0,33.69,0.0,,,0.0,
2019-05-20,813.0,42.31,0.0,,,0.0,
2019-05-21,321.0,24.6,0.0,,,0.0,
2019-05-22,270.0,27.93,0.0,,,0.0,
2019-05-23,323.0,41.39,0.0,,,0.0,
2019-05-24,344.0,46.79,0.0,,,0.0,
2019-05-25,404.0,51.63,0.0,,,0.0,
2019-05-26,558.0,63.15,0.0,,,0.0,
2019-05-27,435.0,57.47,0.0,,,0.0,
2019-05-28,440.0,50.27,0.0,,,0.0,
2019-05-29,374.0,42.02,0.0,,,0.0,
2019-05-30,515.0,48.74,0.0,,,0.0,
2019-05-31,360.0,46.51,0.0,,,0.0,
2019-06-01,467.0,48.1,0.0,,,0.0,
2019-06-02,402.0,41.38,0.0,,,0.0,
2019-06-03,419.0,46.46,0.0,,,0.0,
2019-06-04,408.0,39.68,0.0,,,0.0,
2019-06-05,402.0,38.27,0.0,,,0.0,
2019-06-06,303.0,35.06,0.0,,,0.0,
2019-06-07,354.0,30.07,0.0,,,0.0,
2019-06-08,358.0,48.74,0.0,,,0.0,
2019-06-09,324.0,35.3,0.0,,,0.0,
2019-06-10,360.0,34.31,0.0,,,0.0,
2019-06-11,348.0,33.97,0.0,,,0.0,
2019-06-12,333.0,41.08,0.0,,,0.0,
2019-06-13,321.0,25.56,0.0,,,0.0,
2019-06-14,338.0,26.75,0.0,,,0.0,
2019-06-15,369.0,32.71,0.0,,,0.0,
2019-06-16,397.0,32.79,0.0,,,0.0,
2019-06-17,414.0,28.02,0.0,,,0.0,
2019-06-18,363.0,26.92,0.0,,,0.0,
2019-06-19,371.0,69.38,0.0,,,0.0,
2019-06-20,565.0,42.08,0.0,,,0.0,
2019-06-21,348.0,35.67,0.0,,,0.0,
2019-06-22,184.0,63.09,0.0,,,0.0,
2019-06-23,328.0,46.13,0.0,,,0.0,
2019-06-24,440.0,57.49,0.0,,,0.0,
2019-06-25,411.0,49.23,0.0,,,0.0,
2019-06-26,469.0,70.03,0.0,,,0.0,
2019-06-27,436.0,60.03,0.0,,,0.0,
2019-06-28,517.0,49.43,0.0,,,0.0,
2019-06-29,640.0,59.63,0.0,,,0.0,
2019-06-30,465.0,53.13,0.0,,,0.0,
2019-07-01,486.0,43.22,0.0,,,0.0,
2019-07-02,446.0,44.75,0.0,,,0.0,
2019-07-03,426.0,44.27,0.0,,,0.0,
2019-07-04,534.0,47.77,0.0,,,0.0,
2019-07-05,610.0,47.88,0.0,,,0.0,
2019-07-06,491.0,47.71,0.0,,,0.0,
2019-07-07,451.0,34.72,0.0,,,0.0,
2019-07-08,509.0,37.99,0.0,,,0.0,
2019-07-09,491.0,41.69,0.0,,,0.0,
2019-07-10,524.0,45.31,0.0,,,0.0,
2019-07-11,575.0,43.48,0.0,,,0.0,
2019-07-12,490.0,41.97,0.0,,,0.0,
2019-07-13,503.0,38.49,0.0,,,0.0,
2019-07-14,469.0,41.7,0.0,,,0.0,
2019-07-15,455.0,42.43,0.0,,,0.0,
2019-07-16,488.0,38.99,0.0,,,0.0,
2019-07-17,513.0,34.92,0.0,,,0.0,
2019-07-18,466.0,32.7,0.0,,,0.0,
2019-07-19,429.0,44.65,0.0,,,0.0,
2019-07-20,459.0,51.63,0.0,,,0.0,
2019-07-21,385.0,48.67,0.0,,,0.0,
2019-07-22,309.0,37.73,0.0,,,0.0,
2019-07-23,587.0,73.98,0.0,,,0.0,
2019-07-24,482.0,52.55,0.0,,,0.0,
2019-07-25,502.0,48.26,0.0,,,0.0,
2019-07-26,469.0,46.8,0.0,,,0.0,
2019-07-27,413.0,39.43,0.0,,,0.0,
2019-07-28,478.0,47.55,0.0,,,0.0,
2019-07-29,515.0,43.84,0.0,,,0.0,
2019-07-30,461.0,41.45,0.0,,,0.0,
2019-08-01,957.0,47.31,0.0,,,0.0,
2019-08-02,685.0,56.72,0.0,,,0.0,
2019-08-03,492.0,45.43,0.0,,,0.0,
2019-08-04,464.0,37.7,0.0,,,0.0,
2019-08-05,477.0,43.43,0.0,,,0.0,
2019-08-06,564.0,50.53,0.0,,,0.0,
2019-08-07,545.0,60.09,0.0,,,0.0,
2019-08-08,530.0,57.61,0.0,,,0.0,
2019-08-09,448.0,44.1,0.0,,,0.0,
2019-08-10,440.0,22.26,0.0,,,0.0,
2019-08-11,452.0,37.97,0.0,,,0.0,
2019-08-12,573.0,46.3,0.0,,,0.0,
2019-08-13,467.0,41.77,0.0,,,0.0,
2019-08-14,492.0,47.52,0.0,,,0.0,
2019-08-15,471.0,50.55,0.0,,,0.0,
2019-08-16,505.0,27.6,0.0,,,0.0,
2019-08-17,473.0,41.4,0.0,,,0.0,
2019-08-18,539.0,44.46,0.0,,,0.0,
2019-08-19,627.0,39.88,0.0,,,0.0,
2019-08-20,466.0,46.58,0.0,,,0.0,
2019-08-21,465.0,36.44,0.0,,,0.0,
2019-08-22,462.0,45.37,0.0,,,0.0,
2019-08-23,523.0,47.67,0.0,,,0.0,
2019-08-24,385.0,41.31,0.0,,,0.0,
2019-08-25,360.0,30.82,0.0,,,0.0,
2019-08-26,532.0,45.77,0.0,,,0.0,
2019-08-27,651.0,58.51,0.0,,,0.0,
2019-08-28,434.0,36.1,0.0,,,0.0,
2019-08-29,517.0,38.5,0.0,,,0.0,
2019-08-30,563.0,40.53,0.0,,,0.0,
2019-08-31,464.0,37.05,0.0,,,0.0,
2019-09-01,420.0,31.28,0.0,,,0.0,
2019-09-02,419.0,25.64,0.0,,,0.0,
2019-09-03,447.0,40.18,0.0,,,0.0,
2019-09-04,401.0,39.16,0.0,,,0.0,
2019-09-05,446.0,45.55,0.0,,,0.0,
2019-09-06,432.0,55.43,0.0,,,0.0,
2019-09-07,454.0,35.05,0.0,,,0.0,
2019-09-08,408.0,33.15,0.0,,,0.0,
2019-09-09,381.0,38.7,0.0,,,0.0,
2019-09-10,468.0,45.2,0.0,,,0.0,
2019-09-14,629.0,59.96,0.0,,,0.0,
2019-09-15,793.0,66.21,0.0,,,0.0,
2019-09-16,495.0,38.0,0.0,,,0.0,
2019-09-17,528.0,44.41,0.0,,,0.0,
2019-09-18,570.0,50.66,0.0,,,0.0,
2019-09-19,708.0,73.61,0.0,,,0.0,
2019-09-20,314.0,27.17,0.0,,,0.0,
2019-09-21,386.0,39.27,0.0,,,0.0,
2019-09-22,356.0,45.4,0.0,,,0.0,
2019-09-23,398.0,59.74,0.0,,,0.0,
2019-09-24,476.0,58.49,0.0,,,0.0,
2019-09-25,572.0,61.46,0.0,,,0.0,
2019-09-26,427.0,39.34,0.0,,,0.0,
2019-09-27,466.0,28.2,0.0,,,0.0,
2019-09-28,438.0,30.18,0.0,,,0.0,
2019-09-29,432.0,20.71,0.0,,,0.0,
2019-09-30,322.0,21.94,0.0,,,0.0,
2019-10-01,266.0,33.66,0.0,,,0.0,
2019-10-02,430.0,51.11,0.0,,,0.0,
2019-10-03,528.0,57.08,0.0,,,0.0,
2019-10-04,512.0,49.88,0.0,,,0.0,
2019-10-05,614.0,57.65,0.0,,,0.0,
2019-10-06,954.0,68.62,0.0,,,0.0,
2019-10-07,1217.0,99.81,0.0,,,0.0,
2019-10-08,659.0,73.52,0.0,,,0.0,
2019-10-09,1389.0,108.07,0.0,,,0.0,
2019-10-10,1195.0,117.13,0.0,,,0.0,
2019-10-11,615.0,70.26,0.0,,,0.0,
2019-10-12,904.0,109.48,0.0,,,0.0,
2019-10-13,1595.0,194.36,0.0,,,0.0,
2019-10-15,919.0,96.74,0.0,,,0.0,
2019-10-16,1190.0,90.7,0.0,,,0.0,
2019-10-17,956.0,100.06,0.0,,,0.0,
2019-10-18,1124.0,109.01,0.0,,,0.0,
2019-10-19,318.0,87.87,0.0,,,0.0,
2019-10-20,228.0,89.05,0.0,,,0.0,
2019-10-21,225.0,81.62,0.0,,,0.0,
2019-10-22,258.0,84.9,0.0,,,0.0,
2019-10-23,249.0,46.84,0.0,,,0.0,
2019-10-24,270.0,53.59,0.0,,,0.0,
2019-10-25,334.0,82.74,0.0,,,0.0,
2019-10-26,273.0,62.7,0.0,,,0.0,
2019-10-27,199.0,57.54,0.0,,,0.0,
2019-10-28,212.0,75.12,0.0,,,0.0,
2019-10-29,200.0,37.74,0.0,,,0.0,
2019-10-30,305.0,20.1,0.0,,,0.0,
2019-10-31,502.0,54.57,0.0,,,0.0,
2019-11-01,362.0,63.17,0.0,,,0.0,
2019-11-02,275.0,42.27,0.0,,,0.0,
2019-11-03,351.0,33.68,0.0,,,0.0,
2019-11-04,636.0,69.31,0.0,,,0.0,
2019-11-05,346.0,84.29,0.0,,,0.0,
2019-11-06,561.0,112.08,0.0,,,0.0,
2019-11-07,358.0,56.86,0.0,,,0.0,
2019-11-08,316.0,64.96,0.0,,,0.0,
2019-11-09,358.0,48.99,0.0,,,0.0,
2019-11-10,282.0,68.07,0.0,,,0.0,
2019-11-11,289.0,84.08,0.0,,,0.0,
2019-11-12,733.0,100.47,0.0,,,0.0,
2019-11-13,638.0,88.0,0.0,,,0.0,
2019-11-14,415.0,49.19,0.0,,,0.0,
2019-11-15,411.0,43.56,0.0,,,0.0,
2019-11-16,433.0,70.05,0.0,,,0.0,
2019-11-17,632.0,58.66,0.0,,,0.0,
2019-11-18,883.0,62.15,0.0,,,0.0,
2019-11-19,884.0,52.04,0.0,,,0.0,
2019-11-20,552.0,46.54,0.0,,,0.0,
2019-11-21,662.0,55.43,0.0,,,0.0,
2019-11-22,356.0,55.5,0.0,,,0.0,
2019-11-23,477.0,58.97,0.0,,,0.0,
2019-11-24,443.0,60.38,0.0,,,0.0,
2019-11-25,378.0,73.87,0.0,,,0.0,
2019-11-26,441.0,64.06,0.0,,,0.0,
2019-11-27,411.0,53.91,0.0,,,0.0,
2019-11-28,236.0,38.15,0.0,,,0.0,
2019-11-29,212.0,48.47,0.0,,,0.0,
2019-11-30,199.0,46.95,0.0,,,0.0,
2019-12-01,248.0,43.06,0.0,,,0.0,
2019-12-02,192.0,46.74,0.0,,,0.0,
2019-12-03,134.0,41.61,0.0,,,0.0,
2019-12-04,140.0,77.66,0.0,,,0.0,
2019-12-05,197.0,65.48,0.0,,,0.0,
2019-12-06,344.0,64.87,0.0,,,0.0,
2019-12-07,276.0,93.24,0.0,,,0.0,
2019-12-08,293.0,92.26,0.0,,,0.0,
2019-12-09,329.0,78.95,0.0,,,0.0,
2019-12-10,458.0,86.88,0.0,,,0.0,
2019-12-11,538.0,72.3,0.0,,,0.0,
2019-12-12,520.0,62.39,0.0,,,0.0,
2019-12-13,242.0,52.59,0.0,,,0.0,
2019-12-14,157.0,63.33,0.0,,,0.0,
2019-12-15,177.0,48.58,0.0,,,0.0,
2019-12-16,145.0,45.47,0.0,,,0.0,
2019-12-17,237.0,54.42,0.0,,,0.0,
2019-12-18,231.0,72.45,0.0,,,0.0,
2019-12-19,391.0,89.97,0.0,,,0.0,
2019-12-20,712.0,104.25,0.0,,,0.0,
2019-12-21,206.0,64.25,0.0,,,0.0,
2019-12-22,170.0,60.17,0.0,,,0.0,
2019-12-23,113.0,57.99,0.0,,,0.0,
2019-12-24,113.0,49.63,0.0,,,0.0,
2019-12-25,166.0,53.0,0.0,,,0.0,
2019-12-26,216.0,52.77,0.0,,,0.0,
2019-12-27,381.0,39.89,0.0,,,0.0,
2019-12-28,288.0,43.95,0.0,,,0.0,
2019-12-29,398.0,53.52,0.0,,,0.0,
2019-12-30,703.0,69.1,0.0,,,0.0,
2019-12-31,385.0,74.18,0.0,,,0.0,
2020-01-01,216.0,79.57,0.0,,,0.0,
2020-01-02,162.0,72.59,0.0,,,0.0,
2020-01-03,220.0,69.54,0.0,,,0.0,
2020-01-04,254.0,66.2,0.0,,,0.0,
2020-01-05,255.0,55.99,0.0,,,0.0,
2020-01-06,175.0,46.96,0.0,,,0.0,
2020-01-07,285.0,70.06,0.0,,,0.0,
2020-01-08,157.0,61.4,0.0,,,0.0,
2020-01-09,129.0,38.89,0.0,,,0.0,
2020-01-10,129.0,56.14,0.0,,,0.0,
2020-01-11,114.0,59.96,0.0,,,0.0,
2020-01-12,212.0,83.9,0.0,,,0.0,
2020-01-13,368.0,89.34,0.0,,,0.0,
2020-01-14,189.0,39.83,0.0,,,0.0,
2020-01-15,142.0,53.27,0.0,,,0.0,
2020-01-16,152.0,40.07,0.0,,,0.0,
2020-01-17,334.0,80.24,0.0,,,0.0,
2020-01-18,547.0,59.51,0.0,,,0.0,
2020-01-19,375.0,36.05,0.0,,,0.0,
2020-01-20,384.0,36.21,0.0,,,0.0,
2020-01-21,529.0,51.15,0.0,,,0.0,
2020-01-22,449.0,51.32,0.0,,,0.0,
2020-01-23,483.0,38.71,0.0,,,0.0,
2020-01-28,289.0,18.03,0.0,,,0.0,
2020-01-29,204.0,28.77,0.0,,,0.0,
2020-01-30,528.0,41.74,0.0,,,0.0,
2020-01-31,660.0,57.28,0.0,,,0.0,
2020-02-01,483.0,88.79,0.0,,,0.0,
2020-02-02,336.0,52.31,0.0,,,0.0,
2020-02-03,272.0,68.19,0.0,,,0.0,
2020-02-04,571.0,80.59,0.0,,,0.0,
2020-02-05,568.0,77.56,0.0,,,0.0,
2020-02-06,387.0,56.5,0.0,,,0.0,
2020-02-07,322.0,66.87,0.0,,,0.0,
2020-02-08,652.0,95.25,0.0,,,0.0,
2020-02-09,215.0,69.85,0.0,,,0.0,
2020-02-10,223.0,64.94,0.0,,,0.0,
2020-02-11,340.0,79.58,0.0,,,0.0,
2020-02-12,475.0,83.67,0.0,,,0.0,
2020-02-13,974.0,88.83,0.0,,,0.0,
2020-02-14,412.0,50.55,0.0,,,0.0,
2020-02-15,480.0,73.04,0.0,,,0.0,
2020-02-16,388.0,59.47,0.0,,,0.0,
2020-02-17,543.0,62.48,0.0,,,0.0,
2020-02-18,1226.0,85.33,0.0,,,0.0,
2020-02-19,1291.0,114.79,0.0,,,0.0,
2020-02-20,493.0,65.74,0.0,,,0.0,
2020-02-21,407.0,60.61,0.0,,,0.0,
2020-02-22,168.0,36.35,0.0,,,0.0,
2020-02-23,219.0,54.06,0.0,,,0.0,
2020-02-24,282.0,68.68,0.0,,,0.0,
2020-02-25,528.0,73.18,0.0,,,0.0,
2020-02-26,983.0,137.81,0.0,,,0.0,
2020-02-27,1262.0,94.27,0.0,,,0.0,
2020-02-28,962.0,79.68,0.0,,,0.0,
2020-02-29,421.0,53.86,0.0,,,0.0,
2020-03-01,475.0,53.06,0.0,,,0.0,
2020-03-02,508.0,56.2,0.0,,,0.0,
2020-03-03,460.0,77.58,0.0,,,0.0,
2020-03-04,246.0,49.16,0.0,,,0.0,
2020-03-05,261.0,43.75,0.0,,,0.0,
2020-03-06,308.0,54.05,0.0,,,0.0,
2020-03-07,359.0,51.32,0.0,,,0.0,
2020-03-08,325.0,35.04,0.0,,,0.0,
2020-03-09,170.0,37.02,0.0,,,0.0,
2020-03-10,116.0,37.67,0.0,,,0.0,
2020-03-11,152.0,31.12,0.0,,,0.0,
2020-03-12,218.0,41.19,0.0,,,0.0,
2020-03-13,302.0,41.72,0.0,,,0.0,
2020-03-14,170.0,39.57,0.0,,,0.0,
2020-03-15,215.0,39.42,0.0,,,0.0,
2020-03-16,222.0,36.03,0.0,,,0.0,
2020-03-17,310.0,53.07,0.0,,,0.0,
2020-03-18,487.0,58.54,0.0,,,0.0,
2020-03-19,988.0,101.09,0.0,,,0.0,
2020-03-21,296.0,74.43,0.0,,,0.0,
2020-03-22,180.0,48.16,0.0,,,0.0,
2020-03-23,247.0,44.61,0.0,,,0.0,
2020-03-24,135.0,31.89,0.0,,,0.0,
2020-03-25,195.0,33.25,0.0,,,0.0,
2020-03-26,216.0,43.67,0.0,,,0.0,
2020-03-27,193.0,22.93,0.0,,,0.0,
2020-03-28,160.0,37.73,0.0,,,0.0,
2020-03-29,125.0,20.67,0.0,,,0.0,
2020-03-30,140.0,28.55,0.0,,,0.0,
2020-03-31,145.0,29.97,0.0,,,0.0,
2020-04-01,153.0,24.79,0.0,,,0.0,
2020-04-02,164.0,25.52,0.0,,,0.0,
2020-04-03,173.0,33.48,0.0,,,0.0,
2020-04-04,182.0,39.44,0.0,,,0.0,
2020-04-05,152.0,43.77,0.0,,,0.0,
2020-04-06,145.0,46.64,0.0,,,0.0,
2020-04-07,159.0,45.8,0.0,,,0.0,
2020-04-08,183.0,36.3,0.0,,,0.0,
2020-04-09,168.0,32.12,0.0,,,0.0,
2020-04-10,113.0,30.73,0.0,,,0.0,
2020-04-11,89.0,30.18,0.0,,,0.0,
2020-04-12,101.0,26.7,0.0,,,0.0,
2020-04-13,95.0,18.77,0.0,,,0.0,
2020-04-14,89.0,31.16,0.0,,,0.0,
2020-04-15,88.0,23.69,0.0,,,0.0,
2020-04-16,95.0,38.65,0.0,,,0.0,
2020-04-17,92.0,30.8,0.0,,,0.0,
2020-04-18,96.0,30.69,0.0,,,0.0,
2020-04-19,99.0,21.27,0.0,,,0.0,
2020-04-20,86.0,29.84,0.0,,,0.0,
2020-04-21,87.0,27.81,0.0,,,0.0,
2020-04-22,101.0,32.11,0.0,,,0.0,
2020-04-23,106.0,31.67,0.0,,,0.0,
2020-04-24,110.0,27.19,0.0,,,0.0,
2020-04-25,98.0,28.25,0.0,,,0.0,
2020-04-26,101.0,25.91,0.0,,,0.0,
2020-04-27,117.0,31.76,0.0,,,0.0,
2020-04-28,130.0,32.55,0.0,,,0.0,
2020-04-29,122.0,27.15,0.0,,,0.0,
2020-04-30,128.0,26.93,0.0,,,0.0,
2020-05-01,128.0,28.71,0.0,,,0.0,
2020-05-02,131.0,22.56,0.0,,,0.0,
2020-05-03,121.0,23.82,0.0,,,0.0,
2020-05-04,130.0,23.73,0.0,,,0.0,
2020-05-05,143.0,33.47,0.0,,,0.0,
2020-05-06,146.0,26.52,0.0,,,0.0,
2020-05-07,135.0,30.45,0.0,,,0.0,
2020-05-08,127.0,26.79,0.0,,,0.0,
2020-05-09,122.0,23.79,0.0,,,0.0,
2020-05-10,125.0,26.17,0.0,,,0.0,
2020-05-11,125.0,21.31,0.0,,,0.0,
2020-05-12,135.0,21.94,0.0,,,0.0,
2020-05-13,117.0,23.19,0.0,,,0.0,
2020-05-14,127.0,21.9,0.0,,,0.0,
2020-05-15,125.0,19.15,0.0,,,0.0,
2020-05-16,136.0,35.75,0.0,,,0.0,
2020-05-17,137.0,27.28,0.0,,,0.0,
2020-05-18,133.0,20.85,0.0,,,0.0,
2020-05-19,133.0,23.98,0.0,,,0.0,
2020-05-20,132.0,25.6,0.0,,,0.0,
2020-05-21,130.0,33.35,0.0,,,0.0,
2020-05-22,142.0,31.38,0.0,,,0.0,
2020-05-23,135.0,29.26,0.0,,,0.0,
2020-05-24,140.0,25.47,0.0,,,0.0,
2020-05-25,126.0,24.84,0.0,,,0.0,
2020-05-26,126.0,29.78,0.0,,,0.0,
2020-05-27,123.0,31.25,0.0,,,0.0,
2020-05-28,117.0,30.7,0.0,,,0.0,
2020-05-29,126.0,23.91,0.0,,,0.0,
2020-05-30,112.0,25.71,0.0,,,0.0,
2020-05-31,104.0,22.83,0.0,,,0.0,
2020-06-01,126.0,31.02,0.0,,,0.0,
2020-06-02,152.0,131.88,0.0,,,0.0,
2020-06-04,101.0,26.08,0.0,,,0.0,
2020-06-05,92.0,30.72,0.0,,,0.0,
2020-06-06,95.0,33.19,0.0,,,0.0,
2020-06-07,93.0,20.67,0.0,,,0.0,
2020-06-08,97.0,22.92,0.0,,,0.0,
2020-06-09,84.0,21.17,0.0,,,0.0,
2020-06-10,101.0,23.62,0.0,,,0.0,
2020-06-11,92.0,20.4,0.0,,,0.0,
2020-06-12,105.0,21.4,0.0,,,0.0,
2020-06-13,98.0,21.72,0.0,,,0.0,
2020-06-14,96.0,24.1,0.0,,,0.0,
2020-06-15,96.0,21.21,0.0,,,0.0,
2020-06-16,80.0,31.49,0.0,,,0.0,
2020-06-17,95.0,14.79,0.0,,,0.0,
2020-06-19,108.0,17.65,0.0,,,0.0,
2020-06-20,124.0,22.9,0.0,,,0.0,
2020-06-21,106.0,24.28,0.0,,,0.0,
2020-06-22,75.0,19.02,0.0,,,0.0,
2020-06-23,85.0,22.2,0.0,,,0.0,
2020-06-24,91.0,30.29,0.0,,,0.0,
2020-06-25,95.0,32.56,0.0,,,0.0,
2020-06-26,93.0,36.48,0.0,,,0.0,
2020-06-27,92.0,62.12,0.0,,,0.0,
2020-06-28,82.0,31.57,0.0,,,0.0,
2020-06-29,74.0,29.75,0.0,,,0.0,
2020-06-30,98.0,40.02,0.0,,,0.0,
2020-07-01,119.0,37.63,0.0,,,0.0,
2020-03-12,52.0,31.21,0.0,,,0.0,
2020-03-13,60.0,38.39,0.0,,,0.0,
2020-03-14,62.0,43.23,0.0,,,0.0,
2020-03-15,70.0,33.82,0.0,,,0.0,
2020-03-16,54.0,27.14,0.0,,,0.0,
2020-03-17,40.0,27.32,0.0,,,0.0,
2020-03-18,51.0,31.76,0.0,,,0.0,
2020-03-19,63.0,43.8,0.0,,,0.0,
2020-03-20,69.0,35.48,0.0,,,0.0,
2020-03-21,70.0,51.27,0.0,,,0.0,
2020-03-22,71.0,33.24,0.0,,,0.0,
2020-03-23,53.0,35.34,0.0,,,0.0,
2020-03-24,66.0,47.34,0.0,,,0.0,
2020-03-25,92.0,53.64,0.0,,,0.0,
2020-03-26,89.0,54.9,0.0,,,0.0,
2020-03-27,82.0,44.64,0.0,,,0.0,
2020-03-28,71.0,51.33,0.0,,,0.0,
2020-03-29,81.0,34.54,0.0,,,0.0,
2020-03-30,60.0,39.47,0.0,,,0.0,
2020-03-31,51.0,27.27,0.0,,,0.0,
2020-04-01,62.0,38.6,0.0,,,0.0,
2020-04-02,64.0,36.22,0.0,,,0.0,
2020-04-03,54.0,30.35,0.0,,,0.0,
2020-04-04,43.0,24.05,0.0,,,0.0,
2020-04-05,44.0,26.47,0.0,,,0.0,
2020-04-06,48.0,35.13,0.0,,,0.0,
2020-04-07,61.0,33.19,0.0,,,0.0,
2020-04-08,45.0,24.92,0.0,,,0.0,
2020-04-09,59.0,39.15,0.0,,,0.0,
2020-04-10,64.0,38.01,0.0,,,0.0,
2020-04-11,55.0,30.06,0.0,,,0.0,
2020-04-12,41.0,21.7,0.0,,,0.0,
2020-04-13,42.0,28.33,0.0,,,0.0,
2020-04-14,64.0,46.26,0.0,,,0.0,
2020-04-15,76.0,40.72,0.0,,,0.0,
2020-04-16,49.0,22.63,0.0,,,0.0,
2020-04-17,33.0,15.06,0.0,,,0.0,
2020-04-18,31.0,19.5,0.0,,,0.0,
2020-04-19,24.0,10.48,0.0,,,0.0,
2020-04-20,24.0,11.79,0.0,,,0.0,
2020-04-21,23.0,9.53,0.0,,,0.0,
2020-04-22,20.0,8.53,0.0,,,0.0,
2020-04-23,19.0,10.42,0.0,,,0.0,
2020-04-24,19.0,5.74,0.0,,,0.0,
2020-04-25,19.0,3.14,0.0,,,0.0,
2020-04-26,18.0,1.97,0.0,,,0.0,
2020-04-27,19.0,5.4,0.0,,,0.0,
2020-04-28,19.0,3.55,0.0,,,0.0,
2020-04-29,19.0,3.85,0.0,,,0.0,
2020-04-30,19.0,4.49,0.0,,,0.0,
2020-05-01,20.0,7.92,0.0,,,0.0,
2020-05-02,20.0,8.24,0.0,,,0.0,
2020-05-03,19.0,5.48,0.0,,,0.0,
2020-05-04,19.0,6.32,0.0,,,0.0,
2020-05-05,19.0,10.16,0.0,,,0.0,
2020-05-06,20.0,6.15,0.0,,,0.0,
2020-05-07,20.0,3.93,0.0,,,0.0,
2020-05-08,20.0,13.61,0.0,,,0.0,
2020-05-09,24.0,13.29,0.0,,,0.0,
2020-05-10,24.0,16.09,0.0,,,0.0,
2020-05-11,35.0,25.35,0.0,,,0.0,
2020-05-12,46.0,27.97,0.0,,,0.0,
2020-05-13,46.0,23.72,0.0,,,0.0,
2020-05-14,33.0,21.05,0.0,,,0.0,
2020-05-15,31.0,14.82,0.0,,,0.0,
2020-05-16,21.0,8.3,0.0,,,0.0,
2020-05-17,20.0,12.42,0.0,,,0.0,
2020-05-18,26.0,17.92,0.0,,,0.0,
2020-05-19,32.0,18.83,0.0,,,0.0,
2020-05-20,24.0,6.53,0.0,,,0.0,
2020-05-21,20.0,8.97,0.0,,,0.0,
2020-05-22,22.0,14.67,0.0,,,0.0,
2020-05-23,22.0,16.13,0.0,,,0.0,
2020-05-24,27.0,13.4,0.0,,,0.0,
2020-05-25,20.0,9.72,0.0,,,0.0,
2020-05-26,19.0,9.03,0.0,,,0.0,
2020-05-27,21.0,1.96,0.0,,,0.0,
2020-05-28,21.0,3.47,0.0,,,0.0,
2020-05-29,20.0,3.62,0.0,,,0.0,
2020-05-30,20.0,3.43,0.0,,,0.0,
2020-05-31,19.0,3.68,0.0,,,0.0,
2020-06-01,19.0,4.52,0.0,,,0.0,
2020-06-02,20.0,3.96,0.0,,,0.0,
2020-06-03,20.0,2.33,0.0,,,0.0,
2020-06-04,19.0,2.17,0.0,,,0.0,
2020-06-05,31.0,2.49,0.0,,,0.0,
2020-06-06,20.0,2.81,0.0,,,0.0,
2020-06-07,19.0,5.2,0.0,,,0.0,
2020-06-08,25.0,14.44,0.0,,,0.0,
2020-06-09,23.0,10.08,0.0,,,0.0,
2020-06-10,19.0,1.54,0.0,,,0.0,
2020-06-12,19.0,0.99,0.0,,,0.0,
2020-06-13,19.0,1.4,0.0,,,0.0,
2020-06-14,19.0,0.98,0.0,,,0.0,
2020-06-15,19.0,1.19,0.0,,,0.0,
2020-06-16,19.0,1.14,0.0,,,0.0,
2020-06-17,20.0,,0.0,,,0.0,
2020-06-18,20.0,1.25,0.0,,,0.0,
2020-06-19,20.0,5.92,0.0,,,0.0,
2020-06-20,19.0,2.46,0.0,,,0.0,
2020-06-21,19.0,2.63,0.0,,,0.0,
2020-06-22,20.0,2.88,0.0,,,0.0,
2020-06-23,20.0,2.76,0.0,,,0.0,
2020-06-24,25.0,8.62,0.0,,,0.0,
2020-06-25,33.0,7.98,0.0,,,0.0,
2020-06-26,21.0,1.39,0.0,,,0.0,
2020-06-27,19.0,0.16,0.0,,,0.0,
2020-06-28,19.0,0.24,0.0,,,0.0,
2020-06-29,20.0,0.28,0.0,,,0.0,
2020-06-30,20.0,1.89,0.0,,,0.0,
2020-07-01,20.0,4.49,0.0,,,0.0,
2017-11-25,184.0,81.4,0.0,,,0.0,
2017-11-26,197.0,78.32,0.0,,,0.0,
2017-11-27,198.0,88.76,0.0,,,0.0,
2017-11-28,188.0,64.18,0.0,,,0.0,
2017-11-29,173.0,72.47,0.0,,,0.0,
2017-11-30,165.0,69.8,0.0,,,0.0,
2017-12-01,191.0,73.96,0.0,,,0.0,
2017-12-02,191.0,89.9,0.0,,,0.0,
2017-12-03,227.0,87.14,0.0,,,0.0,
2017-12-04,168.0,84.64,0.0,,,0.0,
2017-12-05,198.0,88.36,0.0,,,0.0,
2017-12-06,201.0,96.83,0.0,,,0.0,
2017-12-07,252.0,117.46,0.0,,,0.0,
2017-12-08,310.0,122.88,0.0,,,0.0,
2017-12-09,196.0,74.28,0.0,,,0.0,
2017-12-10,132.0,50.32,0.0,,,0.0,
2017-12-11,147.0,58.47,0.0,,,0.0,
2017-12-12,179.0,89.35,0.0,,,0.0,
2017-12-13,145.0,64.42,0.0,,,0.0,
2017-12-14,115.0,69.4,0.0,,,0.0,
2017-12-15,140.0,71.07,0.0,,,0.0,
2017-12-16,156.0,79.76,0.0,,,0.0,
2017-12-17,225.0,108.06,0.0,,,0.0,
2017-12-18,251.0,100.75,0.0,,,0.0,
2017-12-19,228.0,106.25,0.0,,,0.0,
2017-12-20,223.0,83.79,0.0,,,0.0,
2017-12-21,170.0,79.98,0.0,,,0.0,
2017-12-22,165.0,76.27,0.0,,,0.0,
2017-12-23,159.0,86.5,0.0,,,0.0,
2017-12-24,232.0,100.62,0.0,,,0.0,
2017-12-25,242.0,110.73,0.0,,,0.0,
2017-12-26,274.0,107.7,0.0,,,0.0,
2017-12-27,259.0,104.81,0.0,,,0.0,
2017-12-28,225.0,89.95,0.0,,,0.0,
2017-12-29,177.0,74.58,0.0,,,0.0,
2017-12-30,120.0,56.68,0.0,,,0.0,
2017-12-31,120.0,61.03,0.0,,,0.0,
2018-01-01,120.0,59.03,0.0,,,0.0,
2018-01-02,132.0,61.88,0.0,,,0.0,
2018-01-03,136.0,71.57,0.0,,,0.0,
2018-01-04,182.0,92.44,0.0,,,0.0,
2018-01-05,222.0,92.9,0.0,,,0.0,
2018-01-06,230.0,85.15,0.0,,,0.0,
2018-01-07,224.0,81.47,0.0,,,0.0,
2018-01-08,217.0,81.58,0.0,,,0.0,
2018-01-09,230.0,79.56,0.0,,,0.0,
2018-01-10,229.0,87.43,0.0,,,0.0,
2018-01-11,229.0,87.33,0.0,,,0.0,
2018-01-12,235.0,110.39,0.0,,,0.0,
2018-01-13,214.0,77.51,0.0,,,0.0,
2018-01-14,186.0,86.96,0.0,,,0.0,
2018-01-15,172.0,76.29,0.0,,,0.0,
2018-01-16,138.0,67.06,0.0,,,0.0,
2018-01-17,125.0,68.34,0.0,,,0.0,
2018-01-18,132.0,66.28,0.0,,,0.0,
2018-01-19,111.0,64.98,0.0,,,0.0,
2018-01-20,137.0,75.46,0.0,,,0.0,
2018-01-21,172.0,81.58,0.0,,,0.0,
2018-01-22,160.0,78.27,0.0,,,0.0,
2018-01-23,163.0,79.01,0.0,,,0.0,
2018-01-24,165.0,77.98,0.0,,,0.0,
2018-01-25,139.0,77.96,0.0,,,0.0,
2018-01-26,176.0,79.04,0.0,,,0.0,
2018-01-27,162.0,77.78,0.0,,,0.0,
2018-01-28,160.0,76.48,0.0,,,0.0,
2018-01-29,142.0,74.2,0.0,,,0.0,
2018-01-30,172.0,78.23,0.0,,,0.0,
2018-01-31,134.0,68.53,0.0,,,0.0,
2018-02-01,136.0,62.08,0.0,,,0.0,
2018-02-02,130.0,50.64,0.0,,,0.0,
2018-02-03,111.0,44.21,0.0,,,0.0,
2018-02-04,117.0,50.71,0.0,,,0.0,
2018-02-05,102.0,42.27,0.0,,,0.0,
2018-02-06,108.0,39.41,0.0,,,0.0,
2018-02-07,99.0,50.56,0.0,,,0.0,
2018-02-08,121.0,50.54,0.0,,,0.0,
2018-02-09,86.0,26.22,0.0,,,0.0,
2018-02-10,57.0,31.83,0.0,,,0.0,
2018-02-11,107.0,70.26,0.0,,,0.0,
2018-02-12,118.0,59.47,0.0,,,0.0,
2018-02-13,110.0,58.71,0.0,,,0.0,
2018-02-14,114.0,56.29,0.0,,,0.0,
2018-02-15,111.0,50.41,0.0,,,0.0,
2018-02-16,117.0,57.53,0.0,,,0.0,
2018-02-17,107.0,43.82,0.0,,,0.0,
2018-02-18,87.0,42.71,0.0,,,0.0,
2018-02-19,89.0,54.73,0.0,,,0.0,
2018-02-20,97.0,50.91,0.0,,,0.0,
2018-02-21,100.0,38.5,0.0,,,0.0,
2018-02-22,105.0,32.21,0.0,,,0.0,
2018-02-23,114.0,35.36,0.0,,,0.0,
2018-02-24,116.0,59.65,0.0,,,0.0,
2018-02-25,116.0,46.16,0.0,,,0.0,
2018-02-26,98.0,34.31,0.0,,,0.0,
2018-02-27,116.0,39.52,0.0,,,0.0,
2018-02-28,108.0,43.08,0.0,,,0.0,
2018-03-01,100.0,38.1,0.0,,,0.0,
2018-03-02,92.0,33.08,0.0,,,0.0,
2018-03-03,80.0,29.7,0.0,,,0.0,
2018-03-04,88.0,38.67,0.0,,,0.0,
2018-03-05,83.0,30.04,0.0,,,0.0,
2018-03-06,100.0,39.72,0.0,,,0.0,
2018-03-07,81.0,38.21,0.0,,,0.0,
2018-03-08,112.0,58.31,0.0,,,0.0,
2018-03-09,113.0,62.49,0.0,,,0.0,
2018-03-10,105.0,49.04,0.0,,,0.0,
2018-03-11,88.0,41.67,0.0,,,0.0,
2018-03-12,78.0,32.44,0.0,,,0.0,
2018-03-13,78.0,26.43,0.0,,,0.0,
2018-03-14,69.0,25.08,0.0,,,0.0,
2018-03-15,60.0,26.09,0.0,,,0.0,
2018-03-16,51.0,16.62,0.0,,,0.0,
2018-03-17,61.0,49.58,0.0,,,0.0,
2018-03-18,90.0,43.52,0.0,,,0.0,
2018-03-19,74.0,39.83,0.0,,,0.0,
2018-03-20,76.0,36.89,0.0,,,0.0,
2018-03-22,92.0,52.69,0.0,,,0.0,
2018-03-23,93.0,46.48,0.0,,,0.0,
2018-03-24,88.0,44.22,0.0,,,0.0,
2018-03-25,75.0,35.91,0.0,,,0.0,
2018-03-26,79.0,39.05,0.0,,,0.0,
2018-03-27,74.0,30.21,0.0,,,0.0,
2018-03-28,62.0,31.14,0.0,,,0.0,
2018-03-29,53.0,26.82,0.0,,,0.0,
2018-03-30,53.0,26.34,0.0,,,0.0,
2018-03-31,55.0,28.48,0.0,,,0.0,
2018-04-01,52.0,21.83,0.0,,,0.0,
2018-04-02,55.0,24.23,0.0,,,0.0,
2018-04-03,56.0,22.29,0.0,,,0.0,
2018-04-04,56.0,25.28,0.0,,,0.0,
2018-04-05,52.0,19.68,0.0,,,0.0,
2018-04-07,76.0,24.4,0.0,,,0.0,
2018-04-08,76.0,20.05,0.0,,,0.0,
2018-04-09,81.0,23.72,0.0,,,0.0,
2018-04-10,59.0,26.12,0.0,,,0.0,
2018-04-13,46.0,7.16,0.0,,,0.0,
2018-04-14,40.0,7.97,0.0,,,0.0,
2018-04-15,33.0,6.48,0.0,,,0.0,
2018-04-16,49.0,7.2,0.0,,,0.0,
2018-04-17,32.0,8.27,0.0,,,0.0,
2018-04-19,42.0,9.21,0.0,,,0.0,
2018-04-21,53.0,19.78,0.0,,,0.0,
2018-04-22,47.0,8.85,0.0,,,0.0,
2018-04-25,79.0,18.48,0.0,,,0.0,
2018-04-27,47.0,11.04,0.0,,,0.0,
2018-04-28,51.0,9.74,0.0,,,0.0,
2018-04-29,52.0,10.35,0.0,,,0.0,
2018-05-01,88.0,22.81,0.0,,,0.0,
2018-05-02,78.0,28.54,0.0,,,0.0,
2018-05-03,90.0,18.46,0.0,,,0.0,
2018-05-04,43.0,23.9,0.0,,,0.0,
2018-05-09,55.0,14.42,0.0,,,0.0,
2018-05-11,52.0,12.42,0.0,,,0.0,
2018-05-13,84.0,16.78,0.0,,,0.0,
2018-05-14,95.0,19.77,0.0,,,0.0,
2018-05-15,58.0,22.63,0.0,,,0.0,
2018-05-17,125.0,15.2,0.0,,,0.0,
2018-05-18,192.0,9.58,0.0,,,0.0,
2018-05-20,81.0,16.44,0.0,,,0.0,
2018-05-22,65.0,13.23,0.0,,,0.0,
2018-05-24,86.0,25.62,0.0,,,0.0,
2018-05-25,62.0,40.32,0.0,,,0.0,
2018-05-26,78.0,13.07,0.0,,,0.0,
2018-05-27,114.0,16.56,0.0,,,0.0,
2018-05-28,103.0,19.57,0.0,,,0.0,
2018-05-29,134.0,30.96,0.0,,,0.0,
2018-05-30,168.0,32.1,0.0,,,0.0,
2018-05-31,150.0,31.82,0.0,,,0.0,
2018-06-01,127.0,37.5,0.0,,,0.0,
2018-06-02,106.0,23.25,0.0,,,0.0,
2018-06-03,129.0,27.42,0.0,,,0.0,
2018-06-04,136.0,31.26,0.0,,,0.0,
2018-06-05,155.0,28.12,0.0,,,0.0,
2018-06-06,87.0,32.33,0.0,,,0.0,
2018-06-07,84.0,19.29,0.0,,,0.0,
2018-06-08,85.0,17.99,0.0,,,0.0,
2018-06-09,91.0,12.72,0.0,,,0.0,
2018-06-10,76.0,13.65,0.0,,,0.0,
2018-06-11,60.0,17.64,0.0,,,0.0,
2018-06-12,69.0,23.43,0.0,,,0.0,
2018-06-13,64.0,25.92,0.0,,,0.0,
2018-06-14,98.0,32.7,0.0,,,0.0,
2018-06-15,128.0,31.58,0.0,,,0.0,
2018-06-16,113.0,22.9,0.0,,,0.0,
2018-06-17,87.0,24.23,0.0,,,0.0,
2018-06-18,79.0,17.92,0.0,,,0.0,
2018-06-19,69.0,17.38,0.0,,,0.0,
2018-06-20,78.0,19.06,0.0,,,0.0,
2018-06-21,88.0,18.81,0.0,,,0.0,
2018-06-22,101.0,18.69,0.0,,,0.0,
2018-06-23,80.0,17.85,0.0,,,0.0,
2018-06-24,89.0,18.09,0.0,,,0.0,
2018-06-25,71.0,18.93,0.0,,,0.0,
2018-06-26,68.0,16.86,0.0,,,0.0,
2018-06-27,56.0,16.85,0.0,,,0.0,
2018-06-28,65.0,16.46,0.0,,,0.0,
2018-06-29,66.0,18.4,0.0,,,0.0,
2018-06-30,96.0,20.31,0.0,,,0.0,
2018-07-01,68.0,23.99,0.0,,,0.0,
2018-07-02,76.0,20.36,0.0,,,0.0,
2018-07-03,70.0,15.08,0.0,,,0.0,
2018-07-04,75.0,19.42,0.0,,,0.0,
2018-07-05,73.0,13.93,0.0,,,0.0,
2018-07-06,85.0,18.29,0.0,,,0.0,
2018-07-07,83.0,17.25,0.0,,,0.0,
2018-07-08,73.0,13.43,0.0,,,0.0,
2018-07-09,75.0,16.83,0.0,,,0.0,
2018-07-10,63.0,18.16,0.0,,,0.0,
2018-07-11,62.0,16.89,0.0,,,0.0,
2018-07-12,79.0,15.95,0.0,,,0.0,
2018-07-13,37.0,14.05,0.0,,,0.0,
2018-07-14,35.0,9.85,0.0,,,0.0,
2018-07-15,31.0,8.68,0.0,,,0.0,
2018-07-16,29.0,7.5,0.0,,,0.0,
2018-07-17,32.0,7.75,0.0,,,0.0,
2018-07-18,39.0,10.45,0.0,,,0.0,
2018-07-19,48.0,12.7,0.0,,,0.0,
2018-07-20,42.0,14.48,0.0,,,0.0,
2018-07-21,73.0,17.96,0.0,,,0.0,
2018-07-22,59.0,16.87,0.0,,,0.0,
2018-07-24,55.0,17.42,0.0,,,0.0,
2018-07-25,86.0,17.79,0.0,,,0.0,
2018-07-26,100.0,18.75,0.0,,,0.0,
2018-07-27,85.0,11.92,0.0,,,0.0,
2018-07-28,57.0,17.74,0.0,,,0.0,
2018-07-29,85.0,21.78,0.0,,,0.0,
2018-07-30,85.0,28.31,0.0,,,0.0,
2018-07-31,106.0,27.1,0.0,,,0.0,
2018-08-01,100.0,20.21,0.0,,,0.0,
2018-08-02,68.0,18.52,0.0,,,0.0,
2018-08-03,61.0,25.59,0.0,,,0.0,
2018-08-04,71.0,21.79,0.0,,,0.0,
2018-08-05,77.0,24.0,0.0,,,0.0,
2018-08-07,111.0,18.47,0.0,,,0.0,
2018-08-08,47.0,16.73,0.0,,,0.0,
2018-08-09,47.0,18.72,0.0,,,0.0,
2018-08-10,48.0,11.39,0.0,,,0.0,
2018-08-11,49.0,10.62,0.0,,,0.0,
2018-08-12,50.0,8.1,0.0,,,0.0,
2018-08-13,57.0,9.28,0.0,,,0.0,
2018-08-14,60.0,7.45,0.0,,,0.0,
2018-08-15,52.0,15.32,0.0,,,0.0,
2018-08-16,54.0,8.84,0.0,,,0.0,
2018-08-17,63.0,11.39,0.0,,,0.0,
2018-08-18,53.0,12.51,0.0,,,0.0,
2018-08-19,56.0,8.71,0.0,,,0.0,
2018-08-21,112.0,11.3,0.0,,,0.0,
2018-08-22,75.0,7.0,0.0,,,0.0,
2018-08-24,89.0,15.76,0.0,,,0.0,
2018-08-25,76.0,18.79,0.0,,,0.0,
2018-08-26,78.0,15.05,0.0,,,0.0,
2018-08-27,66.0,10.1,0.0,,,0.0,
2018-08-28,61.0,14.43,0.0,,,0.0,
2018-08-29,83.0,22.65,0.0,,,0.0,
2018-08-30,87.0,28.45,0.0,,,0.0,
2018-08-31,97.0,24.94,0.0,,,0.0,
2018-09-01,98.0,26.24,0.0,,,0.0,
2018-09-02,99.0,30.6,0.0,,,0.0,
2018-09-03,94.0,21.81,0.0,,,0.0,
2018-09-04,98.0,24.22,0.0,,,0.0,
2018-09-05,102.0,19.82,0.0,,,0.0,
2018-09-06,96.0,25.11,0.0,,,0.0,
2018-09-07,90.0,31.3,0.0,,,0.0,
2018-09-08,106.0,27.1,0.0,,,0.0,
2018-09-09,82.0,,0.0,,,0.0,
2018-09-11,88.0,33.28,0.0,,,0.0,
2018-09-12,103.0,40.66,0.0,,,0.0,
2018-09-13,76.0,40.56,0.0,,,0.0,
2018-09-14,68.0,37.93,0.0,,,0.0,
2018-09-15,75.0,31.64,0.0,,,0.0,
2018-09-18,89.0,22.12,0.0,,,0.0,
2018-09-19,79.0,29.25,0.0,,,0.0,
2018-09-20,65.0,38.32,0.0,,,0.0,
2018-09-21,80.0,35.02,0.0,,,0.0,
2018-09-22,81.0,24.29,0.0,,,0.0,
2018-09-23,52.0,19.69,0.0,,,0.0,
2018-09-24,89.0,18.81,0.0,,,0.0,
2018-09-25,59.0,26.13,0.0,,,0.0,
2018-09-26,62.0,24.08,0.0,,,0.0,
2018-09-27,52.0,21.81,0.0,,,0.0,
2018-09-29,61.0,14.58,0.0,,,0.0,
2018-09-30,57.0,,0.0,,,0.0,
2018-10-01,49.0,8.98,0.0,,,0.0,
2018-10-02,48.0,9.7,0.0,,,0.0,
2018-10-05,56.0,25.88,0.0,,,0.0,
2018-10-06,80.0,49.7,0.0,,,0.0,
2018-10-07,121.0,68.66,0.0,,,0.0,
2018-10-09,142.0,65.16,0.0,,,0.0,
2018-10-10,154.0,52.88,0.0,,,0.0,
2018-10-12,130.0,40.99,0.0,,,0.0,
2018-10-13,109.0,47.2,0.0,,,0.0,
2018-10-14,113.0,39.22,0.0,,,0.0,
2018-10-15,91.0,36.86,0.0,,,0.0,
2018-10-16,77.0,34.41,0.0,,,0.0,
2018-10-17,80.0,22.05,0.0,,,0.0,
2018-10-23,149.0,71.31,0.0,,,0.0,
2018-10-24,133.0,63.54,0.0,,,0.0,
2018-10-26,122.0,56.53,0.0,,,0.0,
2018-10-27,133.0,69.42,0.0,,,0.0,
2018-10-28,133.0,53.53,0.0,,,0.0,
2018-10-29,118.0,48.33,0.0,,,0.0,
2018-10-30,118.0,58.65,0.0,,,0.0,
2018-10-31,98.0,33.33,0.0,,,0.0,
2018-11-03,75.0,12.7,0.0,,,0.0,
2018-11-04,45.0,16.86,0.0,,,0.0,
2018-11-05,61.0,21.58,0.0,,,0.0,
2018-11-06,86.0,23.22,0.0,,,0.0,
2018-11-07,70.0,28.39,0.0,,,0.0,
2018-11-09,105.0,51.51,0.0,,,0.0,
2018-11-10,106.0,56.85,0.0,,,0.0,
2018-11-11,120.0,68.25,0.0,,,0.0,
2018-11-12,156.0,84.48,0.0,,,0.0,
2018-11-13,182.0,77.38,0.0,,,0.0,
2018-11-14,144.0,71.23,0.0,,,0.0,
2018-11-17,64.0,16.21,0.0,,,0.0,
2018-11-18,56.0,19.48,0.0,,,0.0,
2018-11-19,80.0,26.8,0.0,,,0.0,
2018-11-20,88.0,48.35,0.0,,,0.0,
2018-11-21,102.0,50.02,0.0,,,0.0,
2018-11-26,189.0,85.11,0.0,,,0.0,
2018-11-27,190.0,93.95,0.0,,,0.0,
2018-11-28,215.0,80.96,0.0,,,0.0,
2018-12-01,145.0,77.86,0.0,,,0.0,
2018-12-02,160.0,70.89,0.0,,,0.0,
2018-12-03,130.0,74.34,0.0,,,0.0,
2018-12-04,176.0,97.09,0.0,,,0.0,
2018-12-05,245.0,89.63,0.0,,,0.0,
2018-12-07,209.0,100.1,0.0,,,0.0,
2018-12-08,256.0,110.12,0.0,,,0.0,
2018-12-09,266.0,111.21,0.0,,,0.0,
2018-12-10,276.0,107.24,0.0,,,0.0,
2018-12-11,218.0,89.07,0.0,,,0.0,
2018-12-12,206.0,93.1,0.0,,,0.0,
2018-12-14,180.0,90.61,0.0,,,0.0,
2018-12-15,217.0,96.57,0.0,,,0.0,
2018-12-16,211.0,78.15,0.0,,,0.0,
2018-12-17,90.0,19.26,0.0,,,0.0,
2018-12-18,49.0,10.89,0.0,,,0.0,
2018-12-19,46.0,16.38,0.0,,,0.0,
2018-12-21,81.0,48.88,0.0,,,0.0,
2018-12-22,89.0,55.24,0.0,,,0.0,
2018-12-23,136.0,83.4,0.0,,,0.0,
2018-12-24,199.0,93.78,0.0,,,0.0,
2018-12-25,221.0,92.72,0.0,,,0.0,
2018-12-26,178.0,76.48,0.0,,,0.0,
2018-12-28,119.0,73.19,0.0,,,0.0,
2018-12-29,153.0,82.53,0.0,,,0.0,
2018-12-30,202.0,95.18,0.0,,,0.0,
2018-12-31,191.0,79.29,0.0,,,0.0,
2019-01-01,183.0,83.17,0.0,,,0.0,
2019-01-02,210.0,109.97,0.0,,,0.0,
2019-01-03,304.0,139.38,0.0,,,0.0,
2019-01-04,312.0,126.47,0.0,,,0.0,
2019-01-05,304.0,127.94,0.0,,,0.0,
2019-01-06,306.0,126.66,0.0,,,0.0,
2019-01-07,302.0,121.47,0.0,,,0.0,
2019-01-08,298.0,118.17,0.0,,,0.0,
2019-01-09,274.0,97.45,0.0,,,0.0,
2019-01-10,270.0,115.23,0.0,,,0.0,
2019-01-11,302.0,121.81,0.0,,,0.0,
2019-01-12,257.0,99.69,0.0,,,0.0,
2019-01-13,212.0,92.66,0.0,,,0.0,
2019-01-14,256.0,116.99,0.0,,,0.0,
2019-01-15,301.0,120.33,0.0,,,0.0,
2019-01-16,274.0,108.43,0.0,,,0.0,
2019-01-17,262.0,118.0,0.0,,,0.0,
2019-01-18,287.0,107.94,0.0,,,0.0,
2019-01-19,262.0,108.34,0.0,,,0.0,
2019-01-20,242.0,96.45,0.0,,,0.0,
2019-01-21,204.0,90.25,0.0,,,0.0,
2019-01-22,230.0,100.34,0.0,,,0.0,
2019-01-23,171.0,62.75,0.0,,,0.0,
2019-01-24,113.0,62.74,0.0,,,0.0,
2019-01-25,96.0,34.51,0.0,,,0.0,
2019-01-26,56.0,15.12,0.0,,,0.0,
2019-01-27,48.0,27.25,0.0,,,0.0,
2019-01-28,91.0,51.67,0.0,,,0.0,
2019-01-29,96.0,54.24,0.0,,,0.0,
2019-01-30,111.0,47.81,0.0,,,0.0,
2019-01-31,143.0,84.99,0.0,,,0.0,
2019-02-01,141.0,63.05,0.0,,,0.0,
2019-02-02,130.0,71.09,0.0,,,0.0,
2019-02-03,149.0,76.78,0.0,,,0.0,
2019-02-04,150.0,73.21,0.0,,,0.0,
2019-02-05,159.0,81.64,0.0,,,0.0,
2019-02-06,178.0,81.71,0.0,,,0.0,
2019-02-07,159.0,75.52,0.0,,,0.0,
2019-02-08,126.0,58.02,0.0,,,0.0,
2019-02-09,115.0,65.56,0.0,,,0.0,
2019-02-10,136.0,56.98,0.0,,,0.0,
2019-02-11,131.0,74.5,0.0,,,0.0,
2019-02-12,137.0,66.61,0.0,,,0.0,
2019-02-13,121.0,70.86,0.0,,,0.0,
2019-02-14,157.0,69.96,0.0,,,0.0,
2019-02-15,116.0,60.11,0.0,,,0.0,
2019-02-16,87.0,33.9,0.0,,,0.0,
2019-02-17,58.0,31.75,0.0,,,0.0,
2019-02-18,74.0,34.8,0.0,,,0.0,
2019-02-19,90.0,32.07,0.0,,,0.0,
2019-02-20,61.0,30.32,0.0,,,0.0,
2019-02-21,96.0,38.35,0.0,,,0.0,
2019-02-22,96.0,36.92,0.0,,,0.0,
2019-02-23,126.0,43.16,0.0,,,0.0,
2019-02-24,131.0,42.51,0.0,,,0.0,
2019-02-25,95.0,33.88,0.0,,,0.0,
2019-02-26,62.0,22.47,0.0,,,0.0,
2019-02-27,64.0,14.78,0.0,,,0.0,
2019-02-28,60.0,20.92,0.0,,,0.0,
2019-03-01,101.0,27.08,0.0,,,0.0,
2019-03-02,63.0,23.72,0.0,,,0.0,
2019-03-03,57.0,22.49,0.0,,,0.0,
2019-03-04,54.0,21.59,0.0,,,0.0,
2019-03-05,61.0,34.44,0.0,,,0.0,
2019-03-06,120.0,49.2,0.0,,,0.0,
2019-03-07,105.0,42.1,0.0,,,0.0,
2019-03-08,92.0,16.39,0.0,,,0.0,
2019-03-09,86.0,12.88,0.0,,,0.0,
2019-03-10,56.0,10.66,0.0,,,0.0,
2019-03-11,78.0,12.77,0.0,,,0.0,
2019-03-12,74.0,27.0,0.0,,,0.0,
2019-03-13,97.0,32.79,0.0,,,0.0,
2019-03-14,107.0,39.77,0.0,,,0.0,
2019-03-15,130.0,43.78,0.0,,,0.0,
2019-03-16,110.0,40.96,0.0,,,0.0,
2019-03-17,98.0,40.08,0.0,,,0.0,
2019-03-18,101.0,22.52,0.0,,,0.0,
2019-03-19,85.0,22.09,0.0,,,0.0,
2019-03-20,85.0,25.39,0.0,,,0.0,
2019-03-21,60.0,21.71,0.0,,,0.0,
2019-03-22,56.0,23.56,0.0,,,0.0,
2019-03-23,67.0,23.68,0.0,,,0.0,
2019-03-24,79.0,17.99,0.0,,,0.0,
2019-03-25,45.0,17.03,0.0,,,0.0,
2019-03-26,53.0,20.58,0.0,,,0.0,
2019-03-27,69.0,24.0,0.0,,,0.0,
2019-03-28,65.0,27.44,0.0,,,0.0,
2019-03-29,78.0,24.11,0.0,,,0.0,
2019-03-30,83.0,28.43,0.0,,,0.0,
2019-03-31,64.0,33.0,0.0,,,0.0,
2019-04-01,102.0,37.09,0.0,,,0.0,
2019-04-02,92.0,30.05,0.0,,,0.0,
2019-04-03,58.0,20.75,0.0,,,0.0,
2019-04-04,76.0,13.97,0.0,,,0.0,
2019-04-05,78.0,18.72,0.0,,,0.0,
2019-04-06,91.0,22.07,0.0,,,0.0,
2019-04-07,124.0,19.4,0.0,,,0.0,
2019-04-08,75.0,13.49,0.0,,,0.0,
2019-04-09,73.0,20.68,0.0,,,0.0,
2019-04-10,101.0,16.52,0.0,,,0.0,
2019-04-11,64.0,15.91,0.0,,,0.0,
2019-04-12,80.0,17.24,0.0,,,0.0,
2019-04-13,85.0,25.87,0.0,,,0.0,
2019-04-14,80.0,15.77,0.0,,,0.0,
2019-04-15,84.0,23.75,0.0,,,0.0,
2019-04-16,79.0,25.36,0.0,,,0.0,
2019-04-17,91.0,32.7,0.0,,,0.0,
2019-04-18,79.0,20.21,0.0,,,0.0,
2019-04-19,82.0,11.55,0.0,,,0.0,
2019-04-20,45.0,9.39,0.0,,,0.0,
2019-04-21,41.0,9.77,0.0,,,0.0,
2019-04-22,78.0,21.38,0.0,,,0.0,
2019-04-23,124.0,24.68,0.0,,,0.0,
2019-04-24,73.0,17.58,0.0,,,0.0,
2019-04-25,71.0,28.05,0.0,,,0.0,
2019-04-26,79.0,27.98,0.0,,,0.0,
2019-04-27,78.0,23.32,0.0,,,0.0,
2019-04-28,57.0,15.52,0.0,,,0.0,
2019-04-29,46.0,12.11,0.0,,,0.0,
2019-04-30,58.0,19.03,0.0,,,0.0,
2019-05-01,83.0,27.18,0.0,,,0.0,
2019-05-02,109.0,38.9,0.0,,,0.0,
2019-05-03,148.0,57.73,0.0,,,0.0,
2019-05-04,158.0,44.49,0.0,,,0.0,
2019-05-05,146.0,39.76,0.0,,,0.0,
2019-05-06,133.0,47.3,0.0,,,0.0,
2019-05-07,122.0,39.81,0.0,,,0.0,
2019-05-08,126.0,49.19,0.0,,,0.0,
2019-05-09,131.0,40.38,0.0,,,0.0,
2019-05-10,124.0,44.65,0.0,,,0.0,
2019-05-11,106.0,35.5,0.0,,,0.0,
2019-05-15,109.0,34.12,0.0,,,0.0,
2019-05-16,92.0,41.62,0.0,,,0.0,
2019-05-17,88.0,43.1,0.0,,,0.0,
2019-05-18,95.0,35.3,0.0,,,0.0,
2019-05-19,93.0,40.35,0.0,,,0.0,
2019-05-20,104.0,32.33,0.0,,,0.0,
2019-05-21,80.0,24.95,0.0,,,0.0,
2019-05-23,99.0,30.42,0.0,,,0.0,
2019-05-24,99.0,36.5,0.0,,,0.0,
2019-05-25,108.0,40.04,0.0,,,0.0,
2019-05-26,99.0,40.51,0.0,,,0.0,
2019-05-27,106.0,38.88,0.0,,,0.0,
2019-05-28,85.0,36.31,0.0,,,0.0,
2019-05-29,83.0,38.7,0.0,,,0.0,
2019-05-30,83.0,33.52,0.0,,,0.0,
2019-05-31,74.0,36.8,0.0,,,0.0,
2019-06-01,103.0,41.89,0.0,,,0.0,
2019-06-02,101.0,41.47,0.0,,,0.0,
2019-06-03,80.0,31.52,0.0,,,0.0,
2019-06-04,107.0,39.73,0.0,,,0.0,
2019-06-05,91.0,36.24,0.0,,,0.0,
2019-06-06,78.0,24.16,0.0,,,0.0,
2019-06-07,65.0,23.12,0.0,,,0.0,
2019-06-08,71.0,31.95,0.0,,,0.0,
2019-06-09,90.0,26.02,0.0,,,0.0,
2019-06-10,78.0,22.19,0.0,,,0.0,
2019-06-11,61.0,13.91,0.0,,,0.0,
2019-06-12,50.0,11.81,0.0,,,0.0,
2019-06-13,42.0,10.02,0.0,,,0.0,
2019-06-14,38.0,9.55,0.0,,,0.0,
2019-06-15,54.0,17.42,0.0,,,0.0,
2019-06-16,75.0,19.25,0.0,,,0.0,
2019-06-17,72.0,23.99,0.0,,,0.0,
2019-06-18,59.0,23.62,0.0,,,0.0,
2019-06-19,77.0,21.28,0.0,,,0.0,
2019-06-20,59.0,14.03,0.0,,,0.0,
2019-06-21,42.0,17.9,0.0,,,0.0,
2019-06-22,46.0,17.07,0.0,,,0.0,
2019-06-23,48.0,13.45,0.0,,,0.0,
2019-06-24,53.0,15.93,0.0,,,0.0,
2019-06-25,78.0,19.8,0.0,,,0.0,
2019-06-26,74.0,21.45,0.0,,,0.0,
2019-06-27,70.0,12.45,0.0,,,0.0,
2019-06-28,42.0,9.57,0.0,,,0.0,
2019-06-29,40.0,8.23,0.0,,,0.0,
2019-06-30,46.0,11.55,0.0,,,0.0,
2019-07-01,39.0,13.4,0.0,,,0.0,
2019-07-02,66.0,12.05,0.0,,,0.0,
2019-07-03,68.0,14.54,0.0,,,0.0,
2019-07-04,68.0,8.4,0.0,,,0.0,
2019-07-05,70.0,10.31,0.0,,,0.0,
2019-07-06,72.0,13.91,0.0,,,0.0,
2019-07-07,43.0,15.17,0.0,,,0.0,
2019-07-08,35.0,13.1,0.0,,,0.0,
2019-07-09,37.0,11.3,0.0,,,0.0,
2019-07-10,75.0,13.03,0.0,,,0.0,
2019-07-11,40.0,11.17,0.0,,,0.0,
2019-07-12,70.0,11.65,0.0,,,0.0,
2019-07-13,48.0,17.22,0.0,,,0.0,
2019-07-14,41.0,12.68,0.0,,,0.0,
2019-07-15,48.0,10.73,0.0,,,0.0,
2019-07-16,39.0,14.44,0.0,,,0.0,
2019-07-17,55.0,21.86,0.0,,,0.0,
2019-07-18,53.0,16.18,0.0,,,0.0,
2019-07-19,46.0,22.28,0.0,,,0.0,
2019-07-20,47.0,11.14,0.0,,,0.0,
2019-07-21,45.0,14.72,0.0,,,0.0,
2019-07-22,39.0,12.89,0.0,,,0.0,
2019-07-23,35.0,13.53,0.0,,,0.0,
2019-07-26,35.0,7.48,0.0,,,0.0,
2019-07-27,65.0,12.52,0.0,,,0.0,
2019-07-28,36.0,13.25,0.0,,,0.0,
2019-07-29,68.0,10.89,0.0,,,0.0,
2019-07-30,28.0,8.0,0.0,,,0.0,
2019-07-31,29.0,10.62,0.0,,,0.0,
2019-08-01,34.0,8.71,0.0,,,0.0,
2019-08-02,68.0,6.85,0.0,,,0.0,
2019-08-03,24.0,9.31,0.0,,,0.0,
2019-08-04,27.0,9.09,0.0,,,0.0,
2019-08-05,31.0,7.53,0.0,,,0.0,
2019-08-06,32.0,6.89,0.0,,,0.0,
2019-08-07,66.0,7.35,0.0,,,0.0,
2019-08-08,27.0,7.45,0.0,,,0.0,
2019-08-09,32.0,10.88,0.0,,,0.0,
2019-08-10,70.0,13.49,0.0,,,0.0,
2019-08-11,76.0,16.6,0.0,,,0.0,
2019-08-12,49.0,18.19,0.0,,,0.0,
2019-08-15,51.0,24.56,0.0,,,0.0,
2019-08-16,49.0,15.75,0.0,,,0.0,
2019-08-17,40.0,17.54,0.0,,,0.0,
2019-08-28,92.0,15.8,0.0,,,0.0,
2019-08-29,47.0,14.98,0.0,,,0.0,
2019-08-30,37.0,10.11,0.0,,,0.0,
2019-10-08,50.0,23.31,0.0,,,0.0,
2019-10-09,78.0,27.63,0.0,,,0.0,
2019-10-10,45.0,21.05,0.0,,,0.0,
2019-10-11,43.0,18.12,0.0,,,0.0,
2019-10-12,72.0,7.09,0.0,,,0.0,
2019-10-13,46.0,7.08,0.0,,,0.0,
2019-10-14,74.0,9.79,0.0,,,0.0,
2019-10-15,55.0,32.29,0.0,,,0.0,
2019-10-16,72.0,40.0,0.0,,,0.0,
2019-10-17,51.0,19.31,0.0,,,0.0,
2019-10-18,43.0,9.48,0.0,,,0.0,
2019-10-19,41.0,13.78,0.0,,,0.0,
2019-10-20,52.0,8.12,0.0,,,0.0,
2019-10-21,72.0,9.99,0.0,,,0.0,
2019-10-22,44.0,9.29,0.0,,,0.0,
2019-10-23,71.0,11.75,0.0,,,0.0,
2019-10-24,40.0,7.14,0.0,,,0.0,
2019-10-25,39.0,7.53,0.0,,,0.0,
2019-10-26,69.0,11.82,0.0,,,0.0,
2019-10-27,49.0,18.57,0.0,,,0.0,
2019-10-28,67.0,38.32,0.0,,,0.0,
2019-10-29,48.0,19.51,0.0,,,0.0,
2019-10-30,48.0,18.54,0.0,,,0.0,
2019-10-31,45.0,12.01,0.0,,,0.0,
2019-11-01,64.0,12.95,0.0,,,0.0,
2019-11-02,49.0,18.41,0.0,,,0.0,
2019-11-03,74.0,42.98,0.0,,,0.0,
2019-11-04,94.0,56.76,0.0,,,0.0,
2019-11-05,122.0,78.45,0.0,,,0.0,
2019-11-06,190.0,89.53,0.0,,,0.0,
2019-11-07,198.0,85.95,0.0,,,0.0,
2019-11-08,174.0,81.5,0.0,,,0.0,
2019-11-09,168.0,77.93,0.0,,,0.0,
2019-11-10,126.0,51.46,0.0,,,0.0,
2019-11-11,77.0,39.26,0.0,,,0.0,
2019-11-12,94.0,37.5,0.0,,,0.0,
2019-11-13,73.0,45.41,0.0,,,0.0,
2019-11-14,101.0,50.33,0.0,,,0.0,
2019-11-15,100.0,60.86,0.0,,,0.0,
2019-11-16,115.0,64.88,0.0,,,0.0,
2019-11-17,127.0,63.97,0.0,,,0.0,
2019-11-18,90.0,42.45,0.0,,,0.0,
2019-11-19,98.0,62.31,0.0,,,0.0,
2019-11-20,162.0,80.27,0.0,,,0.0,
2019-11-21,141.0,63.19,0.0,,,0.0,
2019-11-22,94.0,53.15,0.0,,,0.0,
2019-11-23,97.0,63.39,0.0,,,0.0,
2019-11-24,136.0,76.12,0.0,,,0.0,
2019-11-25,167.0,83.5,0.0,,,0.0,
2019-11-26,174.0,79.85,0.0,,,0.0,
2019-11-27,151.0,68.76,0.0,,,0.0,
2019-11-28,121.0,57.83,0.0,,,0.0,
2019-11-29,78.0,35.69,0.0,,,0.0,
2019-11-30,79.0,55.2,0.0,,,0.0,
2019-12-01,94.0,65.14,0.0,,,0.0,
2019-12-02,98.0,55.72,0.0,,,0.0,
2019-12-03,100.0,63.99,0.0,,,0.0,
2019-12-04,156.0,77.57,0.0,,,0.0,
2019-12-05,160.0,82.76,0.0,,,0.0,
2019-12-06,185.0,90.54,0.0,,,0.0,
2019-12-07,174.0,61.25,0.0,,,0.0,
2019-12-08,79.0,36.75,0.0,,,0.0,
2019-12-09,61.0,24.96,0.0,,,0.0,
2019-12-10,83.0,39.12,0.0,,,0.0,
2019-12-11,86.0,51.44,0.0,,,0.0,
2019-12-12,72.0,38.89,0.0,,,0.0,
2019-12-13,66.0,35.8,0.0,,,0.0,
2019-12-14,64.0,39.06,0.0,,,0.0,
2019-12-15,73.0,47.53,0.0,,,0.0,
2019-12-16,76.0,46.6,0.0,,,0.0,
2019-12-17,96.0,67.15,0.0,,,0.0,
2019-12-18,137.0,66.82,0.0,,,0.0,
2019-12-19,138.0,83.16,0.0,,,0.0,
2019-12-20,188.0,79.92,0.0,,,0.0,
2019-12-21,166.0,83.64,0.0,,,0.0,
2019-12-22,162.0,72.34,0.0,,,0.0,
2019-12-23,147.0,72.99,0.0,,,0.0,
2019-12-24,138.0,76.56,0.0,,,0.0,
2019-12-25,194.0,84.51,0.0,,,0.0,
2019-12-26,114.0,50.52,0.0,,,0.0,
2019-12-27,77.0,41.79,0.0,,,0.0,
2019-12-28,79.0,57.09,0.0,,,0.0,
2019-12-29,133.0,74.45,0.0,,,0.0,
2019-12-30,131.0,59.42,0.0,,,0.0,
2019-12-31,87.0,49.5,0.0,,,0.0,
2020-01-01,96.0,59.64,0.0,,,0.0,
2020-01-02,82.0,42.46,0.0,,,0.0,
2020-01-03,76.0,39.07,0.0,,,0.0,
2020-01-04,47.0,22.79,0.0,,,0.0,
2020-01-05,55.0,37.81,0.0,,,0.0,
2020-01-06,66.0,38.82,0.0,,,0.0,
2020-01-07,109.0,69.49,0.0,,,0.0,
2020-01-08,103.0,53.32,0.0,,,0.0,
2020-01-09,78.0,37.23,0.0,,,0.0,
2020-01-10,70.0,51.22,0.0,,,0.0,
2020-01-11,110.0,66.57,0.0,,,0.0,
2020-01-12,147.0,78.28,0.0,,,0.0,
2020-01-13,177.0,85.67,0.0,,,0.0,
2020-01-14,168.0,82.66,0.0,,,0.0,
2020-01-15,163.0,68.4,0.0,,,0.0,
2020-01-16,108.0,56.44,0.0,,,0.0,
2020-01-17,82.0,45.81,0.0,,,0.0,
2020-01-18,60.0,31.59,0.0,,,0.0,
2020-01-19,58.0,36.62,0.0,,,0.0,
2020-01-20,62.0,31.22,0.0,,,0.0,
2020-01-21,63.0,29.88,0.0,,,0.0,
2020-01-22,63.0,37.56,0.0,,,0.0,
2020-01-23,87.0,59.33,0.0,,,0.0,
2020-01-24,101.0,61.4,0.0,,,0.0,
2020-01-25,98.0,51.18,0.0,,,0.0,
2020-01-26,77.0,38.39,0.0,,,0.0,
2020-01-27,74.0,34.56,0.0,,,0.0,
2020-01-28,65.0,33.62,0.0,,,0.0,
2020-01-29,59.0,29.98,0.0,,,0.0,
2020-01-30,59.0,32.18,0.0,,,0.0,
2020-01-31,66.0,26.72,0.0,,,0.0,
2020-02-01,52.0,21.22,0.0,,,0.0,
2020-02-02,47.0,19.94,0.0,,,0.0,
2020-02-03,48.0,24.44,0.0,,,0.0,
2020-02-04,54.0,27.24,0.0,,,0.0,
2020-02-05,54.0,25.74,0.0,,,0.0,
2020-02-06,47.0,20.12,0.0,,,0.0,
2020-02-07,44.0,16.85,0.0,,,0.0,
2020-02-08,45.0,22.46,0.0,,,0.0,
2020-02-09,51.0,38.73,0.0,,,0.0,
2020-02-10,65.0,36.26,0.0,,,0.0,
2020-02-11,70.0,45.14,0.0,,,0.0,
2020-02-12,86.0,59.61,0.0,,,0.0,
2020-02-13,110.0,61.24,0.0,,,0.0,
2020-02-14,87.0,43.11,0.0,,,0.0,
2020-02-15,103.0,64.53,0.0,,,0.0,
2020-02-16,88.0,37.53,0.0,,,0.0,
2020-02-17,66.0,29.12,0.0,,,0.0,
2020-02-18,66.0,31.68,0.0,,,0.0,
2020-02-19,65.0,40.98,0.0,,,0.0,
2020-02-20,77.0,49.1,0.0,,,0.0,
2020-02-21,74.0,35.92,0.0,,,0.0,
2020-02-22,60.0,27.13,0.0,,,0.0,
2020-02-23,82.0,34.81,0.0,,,0.0,
2020-02-24,68.0,31.66,0.0,,,0.0,
2020-02-25,53.0,24.86,0.0,,,0.0,
2020-02-26,78.0,31.28,0.0,,,0.0,
2020-02-27,73.0,38.85,0.0,,,0.0,
2020-02-28,68.0,31.99,0.0,,,0.0,
2020-02-29,65.0,35.99,0.0,,,0.0,
2020-03-01,67.0,32.99,0.0,,,0.0,
2020-03-02,67.0,39.84,0.0,,,0.0,
2020-03-03,70.0,40.19,0.0,,,0.0,
2020-03-04,66.0,35.95,0.0,,,0.0,
2020-03-05,47.0,20.14,0.0,,,0.0,
2020-03-06,36.0,19.0,0.0,,,0.0,
2020-03-07,35.0,14.26,0.0,,,0.0,
2020-03-08,35.0,10.28,0.0,,,0.0,
2020-03-09,42.0,12.37,0.0,,,0.0,
2020-03-10,35.0,10.63,0.0,,,0.0,
2020-03-11,35.0,11.08,0.0,,,0.0,
2020-03-12,38.0,12.73,0.0,,,0.0,
2020-03-13,35.0,18.17,0.0,,,0.0,
2020-03-14,48.0,23.78,0.0,,,0.0,
2020-03-15,48.0,25.83,0.0,,,0.0,
2020-03-16,48.0,27.28,0.0,,,0.0,
2020-03-17,54.0,31.49,0.0,,,0.0,
2020-03-18,48.0,19.45,0.0,,,0.0,
2020-03-19,51.0,18.86,0.0,,,0.0,
2020-03-20,43.0,15.23,0.0,,,0.0,
2020-03-21,37.0,13.9,0.0,,,0.0,
2020-03-22,39.0,25.49,0.0,,,0.0,
2020-03-23,51.0,26.01,0.0,,,0.0,
2020-03-24,47.0,17.19,0.0,,,0.0,
2020-03-25,101.0,16.77,0.0,,,0.0,
2020-03-26,108.0,23.67,0.0,,,0.0,
2020-03-27,52.0,25.36,0.0,,,0.0,
2020-03-28,61.0,25.12,0.0,,,0.0,
2020-03-29,58.0,26.96,0.0,,,0.0,
2020-03-30,58.0,30.36,0.0,,,0.0,
2020-03-31,69.0,29.86,0.0,,,0.0,
2020-04-01,69.0,34.77,0.0,,,0.0,
2020-04-02,59.0,29.77,0.0,,,0.0,
2020-04-03,59.0,30.52,0.0,,,0.0,
2020-04-04,55.0,30.58,0.0,,,0.0,
2020-04-05,51.0,23.9,0.0,,,0.0,
2020-04-06,39.0,16.28,0.0,,,0.0,
2020-04-07,30.0,11.01,0.0,,,0.0,
2020-04-08,38.0,16.58,0.0,,,0.0,
2020-04-09,52.0,18.11,0.0,,,0.0,
2020-04-10,53.0,21.17,0.0,,,0.0,
2020-04-11,42.0,13.72,0.0,,,0.0,
2020-04-12,44.0,16.75,0.0,,,0.0,
2020-04-13,47.0,18.38,0.0,,,0.0,
2020-04-14,50.0,19.77,0.0,,,0.0,
2020-04-15,51.0,18.62,0.0,,,0.0,
2020-04-16,43.0,17.21,0.0,,,0.0,
2020-04-17,40.0,13.28,0.0,,,0.0,
2020-04-18,41.0,7.38,0.0,,,0.0,
2020-04-19,35.0,7.59,0.0,,,0.0,
2020-04-20,30.0,7.81,0.0,,,0.0,
2020-04-21,26.0,7.35,0.0,,,0.0,
2020-04-22,26.0,9.51,0.0,,,0.0,
2020-04-23,30.0,11.34,0.0,,,0.0,
2020-04-24,31.0,9.36,0.0,,,0.0,
2020-04-25,43.0,14.44,0.0,,,0.0,
2020-04-26,56.0,11.9,0.0,,,0.0,
2020-04-27,52.0,16.45,0.0,,,0.0,
2020-04-28,41.0,10.61,0.0,,,0.0,
2020-04-29,43.0,35.38,0.0,,,0.0,
2020-04-30,56.0,26.8,0.0,,,0.0,
2020-05-01,51.0,28.33,0.0,,,0.0,
2020-05-02,60.0,24.11,0.0,,,0.0,
2020-05-03,52.0,21.42,0.0,,,0.0,
2020-05-04,55.0,22.79,0.0,,,0.0,
2020-05-05,58.0,,0.0,,,0.0,
2020-05-06,44.0,14.28,0.0,,,0.0,
2020-05-07,45.0,18.76,0.0,,,0.0,
2020-05-08,43.0,18.81,0.0,,,0.0,
2020-05-09,54.0,18.48,0.0,,,0.0,
2020-05-10,42.0,14.26,0.0,,,0.0,
2020-05-11,43.0,17.1,0.0,,,0.0,
2020-05-12,39.0,13.9,0.0,,,0.0,
2020-05-13,41.0,13.11,0.0,,,0.0,
2020-05-14,36.0,12.05,0.0,,,0.0,
2020-05-15,39.0,13.47,0.0,,,0.0,
2020-05-16,41.0,,0.0,,,0.0,
2020-05-17,48.0,,0.0,,,0.0,
2020-05-18,55.0,30.46,0.0,,,0.0,
2020-05-19,77.0,34.15,0.0,,,0.0,
2020-05-20,93.0,41.46,0.0,,,0.0,
2020-05-21,105.0,27.66,0.0,,,0.0,
2020-05-22,103.0,29.9,0.0,,,0.0,
2020-05-23,88.0,21.15,0.0,,,0.0,
2020-05-24,66.0,18.09,0.0,,,0.0,
2020-05-25,57.0,16.93,0.0,,,0.0,
2020-05-26,69.0,22.01,0.0,,,0.0,
2020-05-27,69.0,24.22,0.0,,,0.0,
2020-05-28,64.0,25.16,0.0,,,0.0,
2020-05-29,70.0,20.96,0.0,,,0.0,
2020-05-30,63.0,22.5,0.0,,,0.0,
2020-05-31,62.0,19.96,0.0,,,0.0,
2020-06-01,46.0,8.09,0.0,,,0.0,
2020-06-02,41.0,12.78,0.0,,,0.0,
2020-06-03,40.0,10.23,0.0,,,0.0,
2020-06-04,39.0,7.89,0.0,,,0.0,
2020-06-05,58.0,9.33,0.0,,,0.0,
2020-06-06,44.0,10.14,0.0,,,0.0,
2020-06-07,50.0,11.49,0.0,,,0.0,
2020-06-08,54.0,12.19,0.0,,,0.0,
2020-06-09,61.0,10.39,0.0,,,0.0,
2020-06-10,58.0,10.18,0.0,,,0.0,
2020-06-11,53.0,5.6,0.0,,,0.0,
2020-06-12,47.0,4.7,0.0,,,0.0,
2020-06-13,44.0,4.65,0.0,,,0.0,
2020-06-14,47.0,11.71,0.0,,,0.0,
2020-06-15,41.0,10.07,0.0,,,0.0,
2020-06-16,39.0,11.61,0.0,,,0.0,
2020-06-17,36.0,8.73,0.0,,,0.0,
2020-06-18,42.0,11.2,0.0,,,0.0,
2020-06-19,43.0,11.03,0.0,,,0.0,
2020-06-20,55.0,16.99,0.0,,,0.0,
2020-06-21,50.0,12.74,0.0,,,0.0,
2020-06-22,46.0,17.97,0.0,,,0.0,
2020-06-23,55.0,15.48,0.0,,,0.0,
2020-06-24,52.0,14.88,0.0,,,0.0,
2020-06-25,50.0,20.74,0.0,,,0.0,
2020-06-26,37.0,10.41,0.0,,,0.0,
2020-06-27,42.0,14.5,0.0,,,0.0,
2020-06-28,49.0,16.65,0.0,,,0.0,
2020-06-29,56.0,20.96,0.0,,,0.0,
2020-06-30,61.0,21.34,0.0,,,0.0,
2020-07-01,54.0,22.0,0.0,,,0.0,
2017-02-28,52.0,12.45,0.0,,,0.0,
2017-03-01,31.0,19.52,0.0,,,0.0,
2017-03-02,106.0,77.71,0.0,,,0.0,
2017-03-03,98.0,19.7,0.0,,,0.0,
2017-03-04,61.0,22.91,0.0,,,0.0,
2017-03-05,62.0,29.56,0.0,,,0.0,
2017-03-06,78.0,46.13,0.0,,,0.0,
2017-03-07,72.0,44.3,0.0,,,0.0,
2017-03-08,71.0,41.23,0.0,,,0.0,
2017-03-09,59.0,29.88,0.0,,,0.0,
2017-03-10,73.0,37.93,0.0,,,0.0,
2017-03-11,56.0,32.46,0.0,,,0.0,
2017-03-12,55.0,25.65,0.0,,,0.0,
2017-03-13,69.0,41.36,0.0,,,0.0,
2017-03-14,80.0,51.88,0.0,,,0.0,
2017-03-15,89.0,51.59,0.0,,,0.0,
2017-03-16,79.0,45.46,0.0,,,0.0,
2017-03-17,262.0,152.17,0.0,,,0.0,
2017-03-18,184.0,72.87,0.0,,,0.0,
2017-03-19,138.0,73.26,0.0,,,0.0,
2017-03-20,138.0,65.26,0.0,,,0.0,
2017-03-21,100.0,56.39,0.0,,,0.0,
2017-03-22,89.0,55.43,0.0,,,0.0,
2017-03-23,84.0,40.95,0.0,,,0.0,
2017-03-24,72.0,40.99,0.0,,,0.0,
2017-03-25,90.0,57.49,0.0,,,0.0,
2017-03-26,84.0,45.98,0.0,,,0.0,
2017-03-27,74.0,47.2,0.0,,,0.0,
2017-03-28,96.0,58.95,0.0,,,0.0,
2017-03-29,76.0,39.4,0.0,,,0.0,
2017-03-30,71.0,39.47,0.0,,,0.0,
2017-03-31,91.0,52.77,0.0,,,0.0,
2017-04-01,45.0,16.38,0.0,,,0.0,
2017-04-02,30.0,20.11,0.0,,,0.0,
2017-04-03,72.0,42.05,0.0,,,0.0,
2017-04-04,76.0,40.64,0.0,,,0.0,
2017-04-05,60.0,31.96,0.0,,,0.0,
2017-04-06,59.0,,0.0,,,0.0,
2017-04-09,44.0,24.29,0.0,,,0.0,
2017-04-10,57.0,30.05,0.0,,,0.0,
2017-04-11,66.0,41.4,0.0,,,0.0,
2017-04-12,63.0,33.11,0.0,,,0.0,
2017-04-13,85.0,50.72,0.0,,,0.0,
2017-04-14,61.0,25.84,0.0,,,0.0,
2017-04-15,49.0,24.3,0.0,,,0.0,
2017-04-16,53.0,33.02,0.0,,,0.0,
2017-04-17,82.0,53.08,0.0,,,0.0,
2017-04-18,170.0,82.91,0.0,,,0.0,
2017-04-19,109.0,32.08,0.0,,,0.0,
2017-04-20,65.0,27.6,0.0,,,0.0,
2017-04-25,42.0,25.74,0.0,,,0.0,
2017-04-26,46.0,28.28,0.0,,,0.0,
2017-04-27,43.0,25.1,0.0,,,0.0,
2017-04-28,43.0,25.99,0.0,,,0.0,
2017-04-29,45.0,27.14,0.0,,,0.0,
2017-04-30,43.0,25.81,0.0,,,0.0,
2017-05-01,41.0,23.96,0.0,,,0.0,
2017-05-02,97.0,41.54,0.0,,,0.0,
2017-05-03,102.0,52.43,0.0,,,0.0,
2017-05-04,100.0,53.42,0.0,,,0.0,
2017-05-05,121.0,194.39,0.0,,,0.0,
2017-05-06,117.0,296.84,0.0,,,0.0,
2017-05-07,123.0,105.49,0.0,,,0.0,
2017-05-08,110.0,868.66,0.0,,,0.0,
2017-05-09,122.0,,0.0,,,0.0,
2017-05-11,539.0,595.88,0.0,,,0.0,
2017-05-12,473.0,157.6,0.0,,,0.0,
2017-05-13,138.0,53.9,0.0,,,0.0,
2017-05-14,116.0,40.51,0.0,,,0.0,
2017-05-15,114.0,,0.0,,,0.0,
2017-05-16,102.0,57.8,0.0,,,0.0,
2017-05-17,80.0,41.85,0.0,,,0.0,
2017-05-18,87.0,54.1,0.0,,,0.0,
2017-05-19,93.0,42.41,0.0,,,0.0,
2017-05-20,98.0,45.32,0.0,,,0.0,
2017-05-21,89.0,43.97,0.0,,,0.0,
2017-05-22,56.0,36.59,0.0,,,0.0,
2017-05-23,56.0,30.55,0.0,,,0.0,
2017-05-24,79.0,192.7,0.0,,,0.0,
2017-05-25,270.0,37.67,0.0,,,0.0,
2017-05-26,48.0,25.3,0.0,,,0.0,
2017-05-27,35.0,20.42,0.0,,,0.0,
2017-05-28,34.0,17.64,0.0,,,0.0,
2017-05-29,26.0,19.68,0.0,,,0.0,
2017-05-30,44.0,26.47,0.0,,,0.0,
2017-05-31,67.0,29.12,0.0,,,0.0,
2017-06-01,62.0,34.99,0.0,,,0.0,
2017-06-03,107.0,58.68,0.0,,,0.0,
2017-06-04,108.0,48.49,0.0,,,0.0,
2017-06-05,125.0,38.78,0.0,,,0.0,
2017-06-06,197.0,89.01,0.0,,,0.0,
2017-06-07,143.0,39.74,0.0,,,0.0,
2017-06-08,64.0,38.25,0.0,,,0.0,
2017-06-09,85.0,38.93,0.0,,,0.0,
2017-06-10,83.0,44.76,0.0,,,0.0,
2017-06-11,70.0,33.88,0.0,,,0.0,
2017-06-12,65.0,41.62,0.0,,,0.0,
2017-06-14,75.0,36.81,0.0,,,0.0,
2017-06-15,88.0,38.42,0.0,,,0.0,
2017-06-16,73.0,33.06,0.0,,,0.0,
2017-06-17,97.0,34.62,0.0,,,0.0,
2017-06-18,80.0,42.96,0.0,,,0.0,
2017-06-19,103.0,40.82,0.0,,,0.0,
2017-06-20,81.0,33.69,0.0,,,0.0,
2017-06-21,76.0,32.0,0.0,,,0.0,
2017-06-22,76.0,37.18,0.0,,,0.0,
2017-06-23,86.0,39.66,0.0,,,0.0,
2017-06-24,100.0,44.85,0.0,,,0.0,
2017-06-25,104.0,35.19,0.0,,,0.0,
2017-06-26,103.0,36.66,0.0,,,0.0,
2017-06-27,100.0,41.22,0.0,,,0.0,
2017-06-28,81.0,35.76,0.0,,,0.0,
2017-06-29,74.0,39.06,0.0,,,0.0,
2017-06-30,90.0,30.48,0.0,,,0.0,
2017-07-01,92.0,45.34,0.0,,,0.0,
2017-07-02,94.0,41.09,0.0,,,0.0,
2017-07-03,91.0,36.95,0.0,,,0.0,
2017-07-04,91.0,43.04,0.0,,,0.0,
2017-07-05,101.0,46.59,0.0,,,0.0,
2017-07-06,88.0,49.08,0.0,,,0.0,
2017-07-07,89.0,49.0,0.0,,,0.0,
2017-07-08,104.0,48.72,0.0,,,0.0,
2017-07-11,87.0,50.33,0.0,,,0.0,
2017-07-12,97.0,48.58,0.0,,,0.0,
2017-07-13,93.0,46.72,0.0,,,0.0,
2017-07-14,100.0,51.53,0.0,,,0.0,
2017-07-15,96.0,52.08,0.0,,,0.0,
2017-07-16,100.0,50.9,0.0,,,0.0,
2017-07-17,97.0,49.41,0.0,,,0.0,
2017-07-18,99.0,50.64,0.0,,,0.0,
2017-07-19,99.0,52.14,0.0,,,0.0,
2017-07-20,110.0,44.63,0.0,,,0.0,
2017-07-21,100.0,47.5,0.0,,,0.0,
2017-07-22,99.0,47.06,0.0,,,0.0,
2017-07-23,101.0,43.23,0.0,,,0.0,
2017-07-24,101.0,47.21,0.0,,,0.0,
2017-07-25,102.0,48.32,0.0,,,0.0,
2017-07-26,102.0,49.32,0.0,,,0.0,
2017-07-30,158.0,31.41,0.0,,,0.0,
2017-07-31,84.0,51.03,0.0,,,0.0,
2017-08-01,110.0,43.78,0.0,,,0.0,
2017-08-02,104.0,,0.0,,,0.0,
2017-08-11,141.0,26.23,0.0,,,0.0,
2017-08-12,177.0,38.53,0.0,,,0.0,
2017-08-13,215.0,38.68,0.0,,,0.0,
2017-08-14,139.0,21.38,0.0,,,0.0,
2017-08-15,92.0,36.69,0.0,,,0.0,
2017-08-16,120.0,33.27,0.0,,,0.0,
2017-08-17,146.0,43.31,0.0,,,0.0,
2017-08-18,176.0,41.05,0.0,,,0.0,
2017-08-19,156.0,28.53,0.0,,,0.0,
2017-08-20,85.0,23.58,0.0,,,0.0,
2017-08-21,94.0,36.83,0.0,,,0.0,
2017-08-22,74.0,31.97,0.0,,,0.0,
2017-08-23,82.0,28.94,0.0,,,0.0,
2017-08-24,101.0,47.34,0.0,,,0.0,
2017-08-25,106.0,38.36,0.0,,,0.0,
2017-08-26,69.0,25.91,0.0,,,0.0,
2017-08-27,82.0,29.99,0.0,,,0.0,
2017-08-28,94.0,28.77,0.0,,,0.0,
2017-08-29,67.0,18.41,0.0,,,0.0,
2017-08-30,61.0,25.56,0.0,,,0.0,
2017-08-31,80.0,36.13,0.0,,,0.0,
2017-09-01,70.0,32.01,0.0,,,0.0,
2017-09-02,62.0,27.65,0.0,,,0.0,
2017-09-03,77.0,28.76,0.0,,,0.0,
2017-09-04,92.0,34.81,0.0,,,0.0,
2017-09-05,90.0,30.17,0.0,,,0.0,
2017-09-06,117.0,29.15,0.0,,,0.0,
2017-09-07,118.0,30.99,0.0,,,0.0,
2017-09-08,119.0,37.7,0.0,,,0.0,
2017-09-09,131.0,47.29,0.0,,,0.0,
2017-09-10,142.0,24.04,0.0,,,0.0,
2017-09-11,97.0,27.56,0.0,,,0.0,
2017-09-12,125.0,59.49,0.0,,,0.0,
2017-09-13,159.0,75.94,0.0,,,0.0,
2017-09-14,161.0,35.3,0.0,,,0.0,
2017-09-15,154.0,37.93,0.0,,,0.0,
2017-09-16,136.0,54.76,0.0,,,0.0,
2017-09-17,137.0,52.81,0.0,,,0.0,
2017-09-18,173.0,71.8,0.0,,,0.0,
2017-09-19,202.0,44.09,0.0,,,0.0,
2017-09-20,189.0,54.21,0.0,,,0.0,
2017-09-21,196.0,56.33,0.0,,,0.0,
2017-09-22,198.0,76.9,0.0,,,0.0,
2017-09-23,154.0,30.64,0.0,,,0.0,
2017-09-24,108.0,39.43,0.0,,,0.0,
2017-09-25,170.0,77.79,0.0,,,0.0,
2017-09-26,225.0,69.26,0.0,,,0.0,
2017-09-27,216.0,53.55,0.0,,,0.0,
2017-09-28,199.0,78.12,0.0,,,0.0,
2017-09-29,233.0,97.56,0.0,,,0.0,
2017-09-30,271.0,203.2,0.0,,,0.0,
2017-10-01,232.0,65.44,0.0,,,0.0,
2017-10-20,463.0,248.12,0.0,,,0.0,
2017-10-21,320.0,148.47,0.0,,,0.0,
2017-10-22,338.0,194.47,0.0,,,0.0,
2017-10-23,395.0,214.73,0.0,,,0.0,
2017-10-24,229.0,71.13,0.0,,,0.0,
2017-10-25,239.0,126.19,0.0,,,0.0,
2017-10-26,318.0,133.53,0.0,,,0.0,
2017-10-27,308.0,150.33,0.0,,,0.0,
2017-10-28,338.0,165.75,0.0,,,0.0,
2017-10-29,356.0,221.93,0.0,,,0.0,
2017-10-30,341.0,147.44,0.0,,,0.0,
2017-10-31,271.0,174.03,0.0,,,0.0,
2017-11-01,304.0,145.27,0.0,,,0.0,
2017-11-02,314.0,129.13,0.0,,,0.0,
2017-11-03,317.0,146.53,0.0,,,0.0,
2017-11-04,318.0,144.73,0.0,,,0.0,
2017-11-05,319.0,160.69,0.0,,,0.0,
2017-11-06,321.0,140.05,0.0,,,0.0,
2017-11-07,252.0,97.78,0.0,,,0.0,
2017-11-08,235.0,90.68,0.0,,,0.0,
2017-11-09,248.0,113.0,0.0,,,0.0,
2017-11-10,295.0,137.47,0.0,,,0.0,
2017-11-11,317.0,147.97,0.0,,,0.0,
2017-11-12,328.0,151.19,0.0,,,0.0,
2017-11-13,311.0,121.54,0.0,,,0.0,
2017-11-14,234.0,89.18,0.0,,,0.0,
2017-11-15,128.0,38.17,0.0,,,0.0,
2017-11-16,131.0,78.81,0.0,,,0.0,
2017-11-17,262.0,111.37,0.0,,,0.0,
2017-11-18,200.0,83.0,0.0,,,0.0,
2017-11-19,206.0,106.43,0.0,,,0.0,
2017-11-20,314.0,144.45,0.0,,,0.0,
2017-11-21,307.0,128.92,0.0,,,0.0,
2017-11-22,318.0,143.36,0.0,,,0.0,
2017-11-23,288.0,110.68,0.0,,,0.0,
2017-11-24,302.0,141.64,0.0,,,0.0,
2017-11-25,322.0,143.81,0.0,,,0.0,
2017-11-26,316.0,137.81,0.0,,,0.0,
2017-11-27,313.0,137.05,0.0,,,0.0,
2017-11-28,306.0,129.76,0.0,,,0.0,
2017-11-29,317.0,146.1,0.0,,,0.0,
2017-11-30,323.0,146.1,0.0,,,0.0,
2017-12-01,324.0,147.77,0.0,,,0.0,
2017-12-02,296.0,119.12,0.0,,,0.0,
2017-12-03,309.0,130.16,0.0,,,0.0,
2017-12-04,266.0,108.22,0.0,,,0.0,
2017-12-05,227.0,92.93,0.0,,,0.0,
2017-12-07,185.0,106.08,0.0,,,0.0,
2017-12-08,298.0,131.98,0.0,,,0.0,
2017-12-09,304.0,117.47,0.0,,,0.0,
2017-12-10,277.0,102.19,0.0,,,0.0,
2017-12-11,162.0,44.98,0.0,,,0.0,
2017-12-12,127.0,53.43,0.0,,,0.0,
2017-12-13,116.0,66.28,0.0,,,0.0,
2017-12-14,126.0,58.41,0.0,,,0.0,
2017-12-15,113.0,53.83,0.0,,,0.0,
2017-12-16,114.0,58.65,0.0,,,0.0,
2017-12-17,133.0,63.41,0.0,,,0.0,
2017-12-18,142.0,43.93,0.0,,,0.0,
2017-12-19,126.0,75.09,0.0,,,0.0,
2017-12-20,230.0,108.76,0.0,,,0.0,
2017-12-21,227.0,87.22,0.0,,,0.0,
2017-12-22,143.0,56.46,0.0,,,0.0,
2017-12-23,122.0,72.21,0.0,,,0.0,
2017-12-24,197.0,96.33,0.0,,,0.0,
2017-12-25,235.0,112.36,0.0,,,0.0,
2017-12-26,315.0,148.9,0.0,,,0.0,
2017-12-27,335.0,177.53,0.0,,,0.0,
2017-12-28,298.0,101.19,0.0,,,0.0,
2017-12-29,233.0,100.84,0.0,,,0.0,
2017-12-30,283.0,133.75,0.0,,,0.0,
2017-12-31,321.0,158.06,0.0,,,0.0,
2018-01-01,331.0,161.69,0.0,,,0.0,
2018-01-02,331.0,149.97,0.0,,,0.0,
2018-01-03,232.0,87.04,0.0,,,0.0,
2018-01-04,212.0,,0.0,,,0.0,
2018-01-13,237.0,103.52,0.0,,,0.0,
2018-01-14,310.0,124.02,0.0,,,0.0,
2018-01-15,170.0,66.92,0.0,,,0.0,
2018-01-16,152.0,77.72,0.0,,,0.0,
2018-01-17,144.0,77.71,0.0,,,0.0,
2018-01-18,165.0,73.58,0.0,,,0.0,
2018-01-19,126.0,61.57,0.0,,,0.0,
2018-01-20,129.0,70.31,0.0,,,0.0,
2018-01-21,149.0,74.04,0.0,,,0.0,
2018-01-22,125.0,58.91,0.0,,,0.0,
2018-01-23,123.0,58.9,0.0,,,0.0,
2018-01-24,115.0,26.86,0.0,,,0.0,
2018-01-25,127.0,62.55,0.0,,,0.0,
2018-01-26,118.0,57.51,0.0,,,0.0,
2018-01-27,132.0,70.09,0.0,,,0.0,
2018-01-28,124.0,53.67,0.0,,,0.0,
2018-01-29,127.0,45.61,0.0,,,0.0,
2018-01-30,142.0,61.12,0.0,,,0.0,
2018-01-31,150.0,56.96,0.0,,,0.0,
2018-02-01,159.0,44.39,0.0,,,0.0,
2018-02-02,149.0,31.79,0.0,,,0.0,
2018-02-03,168.0,55.78,0.0,,,0.0,
2018-02-04,165.0,50.4,0.0,,,0.0,
2018-02-05,152.0,58.71,0.0,,,0.0,
2018-02-06,130.0,48.6,0.0,,,0.0,
2018-02-07,130.0,59.76,0.0,,,0.0,
2018-02-08,141.0,67.11,0.0,,,0.0,
2018-02-09,138.0,69.65,0.0,,,0.0,
2018-02-10,145.0,67.14,0.0,,,0.0,
2018-02-11,147.0,58.38,0.0,,,0.0,
2018-02-12,123.0,48.16,0.0,,,0.0,
2018-02-13,66.0,16.26,0.0,,,0.0,
2018-02-14,58.0,15.91,0.0,,,0.0,
2018-02-15,77.0,31.96,0.0,,,0.0,
2018-02-16,129.0,68.32,0.0,,,0.0,
2018-02-17,137.0,41.54,0.0,,,0.0,
2018-02-18,133.0,53.44,0.0,,,0.0,
2018-02-19,139.0,52.41,0.0,,,0.0,
2018-02-20,162.0,69.46,0.0,,,0.0,
2018-02-21,154.0,54.32,0.0,,,0.0,
2018-02-22,124.0,43.14,0.0,,,0.0,
2018-02-23,123.0,52.39,0.0,,,0.0,
2018-02-24,114.0,29.75,0.0,,,0.0,
2018-02-25,85.0,,0.0,,,0.0,
2018-02-27,119.0,58.6,0.0,,,0.0,
2018-02-28,133.0,57.97,0.0,,,0.0,
2018-03-01,132.0,46.84,0.0,,,0.0,
2018-03-02,79.0,16.77,0.0,,,0.0,
2018-03-03,73.0,25.72,0.0,,,0.0,
2018-03-04,64.0,19.79,0.0,,,0.0,
2018-03-05,69.0,31.52,0.0,,,0.0,
2018-03-06,73.0,47.8,0.0,,,0.0,
2018-03-07,133.0,58.97,0.0,,,0.0,
2018-03-08,132.0,51.79,0.0,,,0.0,
2018-03-09,112.0,29.06,0.0,,,0.0,
2018-03-10,91.0,28.63,0.0,,,0.0,
2018-03-11,110.0,42.29,0.0,,,0.0,
2018-03-12,128.0,48.66,0.0,,,0.0,
2018-03-13,140.0,54.53,0.0,,,0.0,
2018-03-14,125.0,40.21,0.0,,,0.0,
2018-03-15,119.0,27.42,0.0,,,0.0,
2018-03-16,88.0,20.92,0.0,,,0.0,
2018-03-17,93.0,30.1,0.0,,,0.0,
2018-03-18,112.0,43.88,0.0,,,0.0,
2018-03-19,138.0,44.86,0.0,,,0.0,
2018-03-20,124.0,56.47,0.0,,,0.0,
2018-03-21,106.0,20.96,0.0,,,0.0,
2018-03-22,72.0,15.44,0.0,,,0.0,
2018-04-06,126.0,46.28,0.0,,,0.0,
2018-04-07,110.0,34.09,0.0,,,0.0,
2018-04-08,112.0,42.13,0.0,,,0.0,
2018-04-09,138.0,28.51,0.0,,,0.0,
2018-04-10,96.0,34.87,0.0,,,0.0,
2018-04-11,77.0,18.64,0.0,,,0.0,
2018-04-12,72.0,28.11,0.0,,,0.0,
2018-04-13,83.0,42.29,0.0,,,0.0,
2018-04-14,107.0,52.59,0.0,,,0.0,
2018-04-15,128.0,55.56,0.0,,,0.0,
2018-04-16,122.0,33.87,0.0,,,0.0,
2018-04-17,99.0,22.94,0.0,,,0.0,
2018-04-18,85.0,35.71,0.0,,,0.0,
2018-04-19,117.0,43.0,0.0,,,0.0,
2018-04-20,94.0,17.8,0.0,,,0.0,
2018-04-21,66.0,21.1,0.0,,,0.0,
2018-04-22,78.0,23.62,0.0,,,0.0,
2018-04-23,94.0,29.8,0.0,,,0.0,
2018-04-24,119.0,60.36,0.0,,,0.0,
2018-04-25,148.0,69.33,0.0,,,0.0,
2018-04-26,119.0,43.85,0.0,,,0.0,
2018-04-27,138.0,81.81,0.0,,,0.0,
2018-04-28,156.0,71.4,0.0,,,0.0,
2018-04-29,136.0,61.67,0.0,,,0.0,
2018-04-30,149.0,64.92,0.0,,,0.0,
2018-05-01,157.0,77.06,0.0,,,0.0,
2018-05-02,161.0,60.54,0.0,,,0.0,
2018-05-03,120.0,37.37,0.0,,,0.0,
2018-05-04,104.0,46.96,0.0,,,0.0,
2018-05-05,123.0,60.38,0.0,,,0.0,
2018-05-06,131.0,43.89,0.0,,,0.0,
2018-05-07,95.0,26.75,0.0,,,0.0,
2018-05-08,82.0,31.61,0.0,,,0.0,
2018-05-09,100.0,58.47,0.0,,,0.0,
2018-05-10,178.0,99.65,0.0,,,0.0,
2018-05-11,252.0,108.04,0.0,,,0.0,
2018-05-12,273.0,118.6,0.0,,,0.0,
2018-05-13,153.0,41.29,0.0,,,0.0,
2018-05-14,102.0,51.48,0.0,,,0.0,
2018-05-15,128.0,75.55,0.0,,,0.0,
2018-05-16,127.0,56.32,0.0,,,0.0,
2018-05-17,167.0,92.14,0.0,,,0.0,
2018-05-18,206.0,84.74,0.0,,,0.0,
2018-05-19,149.0,72.32,0.0,,,0.0,
2018-05-20,131.0,67.71,0.0,,,0.0,
2018-05-21,127.0,74.3,0.0,,,0.0,
2018-05-22,252.0,104.43,0.0,,,0.0,
2018-05-23,134.0,52.81,0.0,,,0.0,
2018-05-24,102.0,51.88,0.0,,,0.0,
2018-05-25,114.0,62.72,0.0,,,0.0,
2018-05-26,132.0,74.08,0.0,,,0.0,
2018-05-27,134.0,72.53,0.0,,,0.0,
2018-05-28,225.0,108.07,0.0,,,0.0,
2018-05-29,196.0,74.32,0.0,,,0.0,
2018-05-30,113.0,66.86,0.0,,,0.0,
2018-05-31,130.0,75.49,0.0,,,0.0,
2018-06-01,254.0,99.15,0.0,,,0.0,
2018-06-02,200.0,48.66,0.0,,,0.0,
2018-06-03,164.0,67.25,0.0,,,0.0,
2018-06-04,174.0,61.84,0.0,,,0.0,
2018-06-05,164.0,59.22,0.0,,,0.0,
2018-06-06,170.0,,0.0,,,0.0,
2018-06-08,148.0,54.7,0.0,,,0.0,
2018-06-09,133.0,29.87,0.0,,,0.0,
2018-06-10,128.0,50.25,0.0,,,0.0,
2018-06-11,135.0,51.72,0.0,,,0.0,
2018-06-13,221.0,83.88,0.0,,,0.0,
2018-06-14,732.0,194.84,0.0,,,0.0,
2018-06-15,869.0,262.84,0.0,,,0.0,
2018-06-16,695.0,145.95,0.0,,,0.0,
2018-06-17,222.0,49.36,0.0,,,0.0,
2018-06-18,158.0,41.53,0.0,,,0.0,
2018-06-19,154.0,39.78,0.0,,,0.0,
2018-06-20,143.0,44.05,0.0,,,0.0,
2018-06-21,121.0,33.94,0.0,,,0.0,
2018-06-22,126.0,40.94,0.0,,,0.0,
2018-06-23,145.0,32.02,0.0,,,0.0,
2018-06-24,113.0,41.94,0.0,,,0.0,
2018-06-25,113.0,45.02,0.0,,,0.0,
2018-06-26,189.0,49.85,0.0,,,0.0,
2018-06-27,110.0,30.38,0.0,,,0.0,
2018-06-28,86.0,21.99,0.0,,,0.0,
2018-06-29,47.0,14.6,0.0,,,0.0,
2018-06-30,50.0,26.32,0.0,,,0.0,
2018-07-01,94.0,39.38,0.0,,,0.0,
2018-07-02,96.0,42.91,0.0,,,0.0,
2018-07-03,59.0,29.81,0.0,,,0.0,
2018-07-04,83.0,57.48,0.0,,,0.0,
2018-07-05,71.0,35.43,0.0,,,0.0,
2018-07-06,101.0,57.96,0.0,,,0.0,
2018-07-07,107.0,51.58,0.0,,,0.0,
2018-07-08,95.0,41.99,0.0,,,0.0,
2018-07-09,93.0,43.36,0.0,,,0.0,
2018-07-10,88.0,52.64,0.0,,,0.0,
2018-07-11,81.0,28.48,0.0,,,0.0,
2018-07-12,50.0,36.03,0.0,,,0.0,
2018-07-13,60.0,16.45,0.0,,,0.0,
2018-07-16,49.0,28.43,0.0,,,0.0,
2018-07-17,49.0,22.09,0.0,,,0.0,
2018-07-18,55.0,24.9,0.0,,,0.0,
2018-07-20,67.0,26.85,0.0,,,0.0,
2018-07-21,64.0,27.89,0.0,,,0.0,
2018-07-22,54.0,25.89,0.0,,,0.0,
2018-07-23,50.0,23.24,0.0,,,0.0,
2018-07-24,74.0,24.15,0.0,,,0.0,
2018-07-25,54.0,28.38,0.0,,,0.0,
2018-07-26,50.0,14.82,0.0,,,0.0,
2018-07-28,25.0,,0.0,,,0.0,
2018-07-29,46.0,,0.0,,,0.0,
2018-07-30,68.0,,0.0,,,0.0,
2018-07-31,59.0,,0.0,,,0.0,
2018-08-01,71.0,,0.0,,,0.0,
2018-08-02,62.0,,0.0,,,0.0,
2018-08-03,67.0,,0.0,,,0.0,
2018-08-04,126.0,,0.0,,,0.0,
2018-08-05,100.0,,0.0,,,0.0,
2018-08-06,66.0,,0.0,,,0.0,
2018-08-07,39.0,,0.0,,,0.0,
2018-08-08,37.0,,0.0,,,0.0,
2018-08-09,40.0,,0.0,,,0.0,
2018-08-10,42.0,,0.0,,,0.0,
2018-08-11,42.0,,0.0,,,0.0,
2018-08-12,43.0,,0.0,,,0.0,
2018-08-13,64.0,,0.0,,,0.0,
2018-08-14,44.0,,0.0,,,0.0,
2018-08-18,64.0,,0.0,,,0.0,
2018-08-19,40.0,,0.0,,,0.0,
2018-08-20,61.0,,0.0,,,0.0,
2018-08-21,42.0,19.92,0.0,,,0.0,
2018-08-23,40.0,,0.0,,,0.0,
2018-08-24,39.0,,0.0,,,0.0,
2018-08-29,98.0,,0.0,,,0.0,
2018-08-30,86.0,,0.0,,,0.0,
2018-08-31,72.0,,0.0,,,0.0,
2018-09-01,78.0,,0.0,,,0.0,
2018-09-04,39.0,,0.0,,,0.0,
2018-09-05,53.0,,0.0,,,0.0,
2018-09-06,70.0,,0.0,,,0.0,
2018-09-07,72.0,,0.0,,,0.0,
2018-09-08,40.0,,0.0,,,0.0,
2018-09-09,33.0,,0.0,,,0.0,
2018-09-10,36.0,,0.0,,,0.0,
2018-09-11,45.0,,0.0,,,0.0,
2018-09-12,46.0,,0.0,,,0.0,
2018-09-13,56.0,,0.0,,,0.0,
2018-09-14,77.0,,0.0,,,0.0,
2018-09-15,38.0,,0.0,,,0.0,
2018-09-16,39.0,,0.0,,,0.0,
2018-09-17,48.0,,0.0,,,0.0,
2018-09-18,63.0,,0.0,,,0.0,
2018-09-19,76.0,,0.0,,,0.0,
2018-09-20,84.0,,0.0,,,0.0,
2018-09-21,86.0,,0.0,,,0.0,
2018-09-22,52.0,,0.0,,,0.0,
2018-09-23,32.0,,0.0,,,0.0,
2018-09-24,22.0,,0.0,,,0.0,
2018-09-25,20.0,,0.0,,,0.0,
2018-09-26,56.0,,0.0,,,0.0,
2018-09-27,91.0,,0.0,,,0.0,
2018-09-28,94.0,,0.0,,,0.0,
2018-09-29,67.0,,0.0,,,0.0,
2018-09-30,68.0,,0.0,,,0.0,
2018-10-01,100.0,,0.0,,,0.0,
2018-10-02,119.0,,0.0,,,0.0,
2018-10-03,122.0,,0.0,,,0.0,
2018-10-04,104.0,,0.0,,,0.0,
2018-10-05,78.0,,0.0,,,0.0,
2018-10-06,83.0,,0.0,,,0.0,
2018-10-07,133.0,,0.0,,,0.0,
2018-10-08,157.0,,0.0,,,0.0,
2018-10-09,106.0,,0.0,,,0.0,
2018-10-10,93.0,,0.0,,,0.0,
2018-10-11,146.0,,0.0,,,0.0,
2018-10-12,129.0,,0.0,,,0.0,
2018-10-13,150.0,,0.0,,,0.0,
2018-10-14,209.0,,0.0,,,0.0,
2018-10-15,203.0,,0.0,,,0.0,
2018-10-16,145.0,,0.0,,,0.0,
2018-10-17,106.0,,0.0,,,0.0,
2018-10-18,118.0,,0.0,,,0.0,
2018-10-19,106.0,,0.0,,,0.0,
2018-10-20,96.0,,0.0,,,0.0,
2018-10-21,115.0,41.99,0.0,,,0.0,
2018-10-22,145.0,59.95,0.0,,,0.0,
2018-10-23,137.0,48.96,0.0,,,0.0,
2018-10-24,152.0,61.79,0.0,,,0.0,
2018-10-25,119.0,37.17,0.0,,,0.0,
2018-10-26,107.0,42.12,0.0,,,0.0,
2018-10-27,124.0,48.55,0.0,,,0.0,
2018-10-28,122.0,45.78,0.0,,,0.0,
2018-10-29,138.0,57.31,0.0,,,0.0,
2018-10-30,144.0,57.94,0.0,,,0.0,
2018-10-31,140.0,49.3,0.0,,,0.0,
2018-11-01,251.0,116.63,0.0,,,0.0,
2018-11-02,137.0,33.74,0.0,,,0.0,
2018-11-03,112.0,48.76,0.0,,,0.0,
2018-11-04,124.0,27.22,0.0,,,0.0,
2018-11-06,74.0,31.86,0.0,,,0.0,
2018-11-07,146.0,73.92,0.0,,,0.0,
2018-11-08,237.0,96.85,0.0,,,0.0,
2018-11-09,124.0,60.41,0.0,,,0.0,
2018-11-10,114.0,54.89,0.0,,,0.0,
2018-11-11,158.0,62.42,0.0,,,0.0,
2018-11-12,120.0,33.74,0.0,,,0.0,
2018-11-13,101.0,45.16,0.0,,,0.0,
2018-11-14,129.0,42.61,0.0,,,0.0,
2018-11-16,115.0,49.87,0.0,,,0.0,
2018-11-17,156.0,71.74,0.0,,,0.0,
2018-11-18,158.0,54.93,0.0,,,0.0,
2018-11-19,117.0,48.16,0.0,,,0.0,
2018-11-20,125.0,52.3,0.0,,,0.0,
2018-11-21,140.0,93.43,0.0,,,0.0,
2018-11-22,306.0,112.18,0.0,,,0.0,
2018-11-23,134.0,46.38,0.0,,,0.0,
2018-11-24,91.0,45.32,0.0,,,0.0,
2018-11-25,121.0,68.66,0.0,,,0.0,
2018-11-26,135.0,63.86,0.0,,,0.0,
2018-11-27,132.0,69.37,0.0,,,0.0,
2018-11-28,127.0,63.2,0.0,,,0.0,
2018-11-29,130.0,65.15,0.0,,,0.0,
2018-11-30,135.0,62.87,0.0,,,0.0,
2018-12-01,125.0,62.95,0.0,,,0.0,
2018-12-02,109.0,41.91,0.0,,,0.0,
2018-12-03,101.0,53.8,0.0,,,0.0,
2018-12-04,115.0,76.21,0.0,,,0.0,
2018-12-05,127.0,61.69,0.0,,,0.0,
2018-12-06,139.0,70.49,0.0,,,0.0,
2018-12-07,130.0,63.57,0.0,,,0.0,
2018-12-08,131.0,69.19,0.0,,,0.0,
2018-12-09,144.0,73.15,0.0,,,0.0,
2018-12-10,131.0,54.54,0.0,,,0.0,
2018-12-11,94.0,23.84,0.0,,,0.0,
2018-12-12,91.0,34.41,0.0,,,0.0,
2018-12-13,90.0,35.39,0.0,,,0.0,
2018-12-14,99.0,43.93,0.0,,,0.0,
2018-12-15,87.0,37.55,0.0,,,0.0,
2018-12-16,102.0,49.82,0.0,,,0.0,
2018-12-17,118.0,61.91,0.0,,,0.0,
2018-12-18,138.0,72.97,0.0,,,0.0,
2018-12-19,160.0,81.51,0.0,,,0.0,
2018-12-20,143.0,56.93,0.0,,,0.0,
2018-12-21,110.0,56.6,0.0,,,0.0,
2018-12-22,126.0,62.09,0.0,,,0.0,
2018-12-23,127.0,75.18,0.0,,,0.0,
2018-12-24,149.0,64.23,0.0,,,0.0,
2018-12-25,137.0,68.66,0.0,,,0.0,
2018-12-26,144.0,74.91,0.0,,,0.0,
2018-12-27,154.0,72.08,0.0,,,0.0,
2018-12-28,131.0,70.27,0.0,,,0.0,
2018-12-29,200.0,98.32,0.0,,,0.0,
2018-12-30,174.0,78.83,0.0,,,0.0,
2018-12-31,184.0,78.42,0.0,,,0.0,
2019-01-01,170.0,92.38,0.0,,,0.0,
2019-01-02,176.0,77.42,0.0,,,0.0,
2019-01-03,131.0,45.44,0.0,,,0.0,
2019-01-04,81.0,34.45,0.0,,,0.0,
2019-01-05,77.0,28.29,0.0,,,0.0,
2019-01-06,70.0,14.54,0.0,,,0.0,
2019-01-07,69.0,24.39,0.0,,,0.0,
2019-01-08,64.0,27.89,0.0,,,0.0,
2019-01-09,75.0,37.34,0.0,,,0.0,
2019-01-10,98.0,45.99,0.0,,,0.0,
2019-01-11,101.0,69.5,0.0,,,0.0,
2019-01-12,118.0,52.22,0.0,,,0.0,
2019-01-13,83.0,27.56,0.0,,,0.0,
2019-01-14,80.0,28.1,0.0,,,0.0,
2019-01-15,73.0,47.88,0.0,,,0.0,
2019-01-16,133.0,70.18,0.0,,,0.0,
2019-01-17,135.0,64.8,0.0,,,0.0,
2019-01-18,131.0,34.37,0.0,,,0.0,
2019-01-19,56.0,2.85,0.0,,,0.0,
2019-01-20,54.0,15.53,0.0,,,0.0,
2019-01-21,50.0,14.88,0.0,,,0.0,
2019-01-22,48.0,9.17,0.0,,,0.0,
2019-01-23,42.0,10.42,0.0,,,0.0,
2019-01-25,142.0,73.78,0.0,,,0.0,
2019-01-26,122.0,44.72,0.0,,,0.0,
2019-01-27,76.0,34.14,0.0,,,0.0,
2019-01-28,90.0,58.49,0.0,,,0.0,
2019-01-29,98.0,56.89,0.0,,,0.0,
2019-01-30,113.0,70.78,0.0,,,0.0,
2019-01-31,83.0,33.66,0.0,,,0.0,
2019-02-01,58.0,34.5,0.0,,,0.0,
2019-02-02,62.0,40.16,0.0,,,0.0,
2019-02-03,84.0,47.96,0.0,,,0.0,
2019-02-04,113.0,67.94,0.0,,,0.0,
2019-02-05,146.0,48.54,0.0,,,0.0,
2019-02-06,154.0,82.06,0.0,,,0.0,
2019-02-07,98.0,45.96,0.0,,,0.0,
2019-02-08,71.0,30.86,0.0,,,0.0,
2019-02-09,59.0,36.56,0.0,,,0.0,
2019-02-10,126.0,72.25,0.0,,,0.0,
2019-02-11,132.0,41.63,0.0,,,0.0,
2019-02-12,121.0,72.66,0.0,,,0.0,
2019-02-13,164.0,77.14,0.0,,,0.0,
2019-02-14,119.0,47.29,0.0,,,0.0,
2019-02-15,51.0,16.68,0.0,,,0.0,
2019-02-16,62.0,34.55,0.0,,,0.0,
2019-02-17,99.0,61.25,0.0,,,0.0,
2019-02-18,85.0,21.95,0.0,,,0.0,
2019-02-19,44.0,25.43,0.0,,,0.0,
2019-02-20,79.0,36.81,0.0,,,0.0,
2019-02-21,60.0,44.38,0.0,,,0.0,
2019-02-22,92.0,41.11,0.0,,,0.0,
2019-02-23,78.0,40.75,0.0,,,0.0,
2019-02-24,120.0,63.67,0.0,,,0.0,
2019-02-25,128.0,63.92,0.0,,,0.0,
2019-02-26,96.0,36.2,0.0,,,0.0,
2019-02-27,74.0,35.6,0.0,,,0.0,
2019-02-28,82.0,37.12,0.0,,,0.0,
2019-03-01,109.0,57.28,0.0,,,0.0,
2019-03-02,76.0,19.68,0.0,,,0.0,
2019-03-03,46.0,19.43,0.0,,,0.0,
2019-03-04,48.0,23.77,0.0,,,0.0,
2019-03-06,111.0,46.13,0.0,,,0.0,
2019-03-07,135.0,74.7,0.0,,,0.0,
2019-03-08,96.0,44.85,0.0,,,0.0,
2019-03-09,77.0,37.6,0.0,,,0.0,
2019-03-10,99.0,67.44,0.0,,,0.0,
2019-03-11,85.0,37.63,0.0,,,0.0,
2019-03-12,60.0,37.63,0.0,,,0.0,
2019-03-13,114.0,69.9,0.0,,,0.0,
2019-03-14,106.0,49.28,0.0,,,0.0,
2019-03-15,74.0,43.24,0.0,,,0.0,
2019-03-16,71.0,43.63,0.0,,,0.0,
2019-03-17,119.0,74.37,0.0,,,0.0,
2019-03-18,136.0,70.64,0.0,,,0.0,
2019-03-19,142.0,71.22,0.0,,,0.0,
2019-03-20,86.0,30.74,0.0,,,0.0,
2019-03-21,61.0,40.85,0.0,,,0.0,
2019-03-22,69.0,36.84,0.0,,,0.0,
2019-03-23,82.0,54.1,0.0,,,0.0,
2019-03-24,71.0,43.03,0.0,,,0.0,
2019-03-25,89.0,52.6,0.0,,,0.0,
2019-03-26,95.0,66.24,0.0,,,0.0,
2019-03-27,148.0,88.86,0.0,,,0.0,
2019-03-28,230.0,86.36,0.0,,,0.0,
2019-03-29,139.0,73.09,0.0,,,0.0,
2019-03-30,135.0,60.48,0.0,,,0.0,
2019-03-31,83.0,28.25,0.0,,,0.0,
2019-04-01,87.0,43.8,0.0,,,0.0,
2019-04-02,118.0,71.36,0.0,,,0.0,
2019-04-03,139.0,54.24,0.0,,,0.0,
2019-04-04,110.0,66.98,0.0,,,0.0,
2019-04-05,167.0,84.64,0.0,,,0.0,
2019-04-06,182.0,92.19,0.0,,,0.0,
2019-04-07,122.0,28.98,0.0,,,0.0,
2019-04-08,90.0,34.9,0.0,,,0.0,
2019-04-09,122.0,70.98,0.0,,,0.0,
2019-04-10,114.0,53.72,0.0,,,0.0,
2019-04-11,97.0,53.68,0.0,,,0.0,
2019-04-12,89.0,35.58,0.0,,,0.0,
2019-04-13,78.0,33.04,0.0,,,0.0,
2019-04-14,93.0,43.46,0.0,,,0.0,
2019-04-15,111.0,49.03,0.0,,,0.0,
2019-04-16,126.0,38.2,0.0,,,0.0,
2019-04-17,65.0,30.8,0.0,,,0.0,
2019-04-18,58.0,31.83,0.0,,,0.0,
2019-04-19,87.0,43.3,0.0,,,0.0,
2019-04-20,101.0,47.63,0.0,,,0.0,
2019-04-21,124.0,64.79,0.0,,,0.0,
2019-04-22,158.0,79.94,0.0,,,0.0,
2019-04-23,129.0,62.45,0.0,,,0.0,
2019-04-24,149.0,35.46,0.0,,,0.0,
2019-04-25,91.0,36.93,0.0,,,0.0,
2019-04-26,82.0,38.07,0.0,,,0.0,
2019-04-27,93.0,60.35,0.0,,,0.0,
2019-04-28,125.0,61.59,0.0,,,0.0,
2019-04-29,129.0,58.58,0.0,,,0.0,
2019-04-30,124.0,47.27,0.0,,,0.0,
2019-05-01,106.0,43.45,0.0,,,0.0,
2019-05-02,109.0,38.35,0.0,,,0.0,
2019-05-03,97.0,30.74,0.0,,,0.0,
2019-05-04,97.0,43.75,0.0,,,0.0,
2019-05-05,114.0,74.98,0.0,,,0.0,
2019-05-06,147.0,59.63,0.0,,,0.0,
2019-05-07,119.0,65.93,0.0,,,0.0,
2019-05-08,120.0,54.21,0.0,,,0.0,
2019-05-09,147.0,84.41,0.0,,,0.0,
2019-05-10,198.0,97.06,0.0,,,0.0,
2019-05-11,244.0,93.87,0.0,,,0.0,
2019-05-12,116.0,37.95,0.0,,,0.0,
2019-05-13,174.0,90.72,0.0,,,0.0,
2019-05-14,99.0,36.44,0.0,,,0.0,
2019-05-15,112.0,69.3,0.0,,,0.0,
2019-05-16,101.0,34.17,0.0,,,0.0,
2019-05-17,99.0,38.31,0.0,,,0.0,
2019-05-18,76.0,31.87,0.0,,,0.0,
2019-05-19,100.0,49.54,0.0,,,0.0,
2019-05-20,102.0,37.44,0.0,,,0.0,
2019-05-21,90.0,46.62,0.0,,,0.0,
2019-05-22,106.0,58.24,0.0,,,0.0,
2019-05-23,108.0,38.7,0.0,,,0.0,
2019-05-24,79.0,26.47,0.0,,,0.0,
2019-05-25,71.0,22.15,0.0,,,0.0,
2019-05-26,77.0,34.8,0.0,,,0.0,
2019-05-27,77.0,32.11,0.0,,,0.0,
2019-05-28,81.0,38.02,0.0,,,0.0,
2019-05-29,100.0,43.03,0.0,,,0.0,
2019-05-30,123.0,57.3,0.0,,,0.0,
2019-05-31,122.0,55.89,0.0,,,0.0,
2019-06-01,121.0,58.44,0.0,,,0.0,
2019-06-02,124.0,49.65,0.0,,,0.0,
2019-06-03,135.0,63.82,0.0,,,0.0,
2019-06-04,148.0,38.14,0.0,,,0.0,
2019-06-05,104.0,51.45,0.0,,,0.0,
2019-06-06,103.0,46.72,0.0,,,0.0,
2019-06-07,79.0,35.52,0.0,,,0.0,
2019-06-08,90.0,39.76,0.0,,,0.0,
2019-06-09,94.0,39.17,0.0,,,0.0,
2019-06-10,98.0,34.67,0.0,,,0.0,
2019-06-11,113.0,50.27,0.0,,,0.0,
2019-06-12,122.0,52.25,0.0,,,0.0,
2019-06-13,101.0,40.12,0.0,,,0.0,
2019-06-14,98.0,41.37,0.0,,,0.0,
2019-06-15,126.0,71.78,0.0,,,0.0,
2019-06-16,106.0,44.71,0.0,,,0.0,
2019-06-17,104.0,62.47,0.0,,,0.0,
2019-06-18,91.0,52.47,0.0,,,0.0,
2019-06-19,153.0,55.22,0.0,,,0.0,
2019-06-20,121.0,31.45,0.0,,,0.0,
2019-06-21,81.0,22.63,0.0,,,0.0,
2019-06-22,94.0,30.66,0.0,,,0.0,
2019-06-23,100.0,30.83,0.0,,,0.0,
2019-06-24,96.0,20.91,0.0,,,0.0,
2019-06-25,65.0,16.57,0.0,,,0.0,
2019-06-26,66.0,24.92,0.0,,,0.0,
2019-06-27,100.0,22.93,0.0,,,0.0,
2019-06-28,94.0,39.66,0.0,,,0.0,
2019-06-29,127.0,39.39,0.0,,,0.0,
2019-06-30,126.0,34.2,0.0,,,0.0,
2019-07-01,93.0,38.51,0.0,,,0.0,
2019-07-02,86.0,35.45,0.0,,,0.0,
2019-07-03,98.0,39.52,0.0,,,0.0,
2019-07-04,105.0,39.29,0.0,,,0.0,
2019-07-05,77.0,15.97,0.0,,,0.0,
2019-07-06,73.0,33.24,0.0,,,0.0,
2019-07-07,59.0,23.68,0.0,,,0.0,
2019-07-08,67.0,38.8,0.0,,,0.0,
2019-07-09,69.0,25.52,0.0,,,0.0,
2019-07-10,89.0,52.38,0.0,,,0.0,
2019-07-11,146.0,60.87,0.0,,,0.0,
2019-07-12,110.0,48.44,0.0,,,0.0,
2019-07-13,142.0,50.87,0.0,,,0.0,
2019-07-14,60.0,24.63,0.0,,,0.0,
2019-07-15,51.0,41.52,0.0,,,0.0,
2019-07-16,73.0,32.36,0.0,,,0.0,
2019-07-17,52.0,24.46,0.0,,,0.0,
2019-07-18,53.0,31.59,0.0,,,0.0,
2019-07-19,64.0,29.65,0.0,,,0.0,
2019-07-20,61.0,36.65,0.0,,,0.0,
2019-07-21,60.0,34.1,0.0,,,0.0,
2019-07-22,71.0,43.15,0.0,,,0.0,
2019-07-23,75.0,48.85,0.0,,,0.0,
2019-07-24,79.0,43.72,0.0,,,0.0,
2019-07-25,70.0,28.22,0.0,,,0.0,
2019-07-26,46.0,24.73,0.0,,,0.0,
2019-07-27,55.0,27.5,0.0,,,0.0,
2019-07-28,55.0,26.73,0.0,,,0.0,
2019-07-29,51.0,29.12,0.0,,,0.0,
2019-07-30,48.0,25.95,0.0,,,0.0,
2019-07-31,47.0,17.41,0.0,,,0.0,
2019-08-01,47.0,23.92,0.0,,,0.0,
2019-08-02,42.0,16.58,0.0,,,0.0,
2019-08-03,45.0,24.34,0.0,,,0.0,
2019-08-04,67.0,41.6,0.0,,,0.0,
2019-08-05,59.0,31.11,0.0,,,0.0,
2019-08-06,56.0,33.02,0.0,,,0.0,
2019-08-07,52.0,27.95,0.0,,,0.0,
2019-08-08,61.0,27.18,0.0,,,0.0,
2019-08-09,54.0,21.42,0.0,,,0.0,
2019-08-10,43.0,21.94,0.0,,,0.0,
2019-08-11,53.0,27.52,0.0,,,0.0,
2019-08-12,54.0,32.26,0.0,,,0.0,
2019-08-13,53.0,20.54,0.0,,,0.0,
2019-08-14,50.0,23.62,0.0,,,0.0,
2019-08-15,58.0,23.28,0.0,,,0.0,
2019-08-16,50.0,22.43,0.0,,,0.0,
2019-08-17,44.0,19.43,0.0,,,0.0,
2019-08-18,39.0,11.69,0.0,,,0.0,
2019-08-19,45.0,16.58,0.0,,,0.0,
2019-08-20,48.0,25.06,0.0,,,0.0,
2019-08-21,68.0,42.78,0.0,,,0.0,
2019-08-22,77.0,34.69,0.0,,,0.0,
2019-08-23,69.0,34.9,0.0,,,0.0,
2019-08-24,77.0,42.01,0.0,,,0.0,
2019-08-25,80.0,,0.0,,,0.0,
2019-08-27,68.0,36.3,0.0,,,0.0,
2019-08-28,84.0,44.57,0.0,,,0.0,
2019-08-29,64.0,35.47,0.0,,,0.0,
2019-08-30,60.0,37.27,0.0,,,0.0,
2019-08-31,70.0,42.27,0.0,,,0.0,
2019-09-01,80.0,41.31,0.0,,,0.0,
2019-09-02,54.0,29.85,0.0,,,0.0,
2019-09-03,79.0,41.67,0.0,,,0.0,
2019-09-04,144.0,43.4,0.0,,,0.0,
2019-09-05,64.0,20.82,0.0,,,0.0,
2019-09-06,55.0,32.17,0.0,,,0.0,
2019-09-07,70.0,32.83,0.0,,,0.0,
2019-09-08,68.0,28.54,0.0,,,0.0,
2019-09-09,70.0,38.61,0.0,,,0.0,
2019-09-10,81.0,39.22,0.0,,,0.0,
2019-09-11,77.0,41.36,0.0,,,0.0,
2019-09-12,79.0,40.96,0.0,,,0.0,
2019-09-13,84.0,35.44,0.0,,,0.0,
2019-09-14,103.0,45.56,0.0,,,0.0,
2019-09-15,85.0,42.86,0.0,,,0.0,
2019-09-16,79.0,33.95,0.0,,,0.0,
2019-09-17,56.0,37.32,0.0,,,0.0,
2019-09-18,75.0,43.51,0.0,,,0.0,
2019-09-19,91.0,31.24,0.0,,,0.0,
2019-09-20,97.0,27.76,0.0,,,0.0,
2019-09-21,90.0,33.91,0.0,,,0.0,
2019-09-22,87.0,46.92,0.0,,,0.0,
2019-09-23,66.0,29.63,0.0,,,0.0,
2019-09-24,61.0,29.2,0.0,,,0.0,
2019-09-25,87.0,60.23,0.0,,,0.0,
2019-09-26,146.0,78.08,0.0,,,0.0,
2019-09-27,96.0,35.0,0.0,,,0.0,
2019-09-28,60.0,21.75,0.0,,,0.0,
2019-09-29,63.0,12.58,0.0,,,0.0,
2019-09-30,48.0,16.26,0.0,,,0.0,
2019-10-01,57.0,18.15,0.0,,,0.0,
2019-10-02,67.0,27.76,0.0,,,0.0,
2019-10-03,84.0,28.07,0.0,,,0.0,
2019-10-04,55.0,24.0,0.0,,,0.0,
2019-10-05,60.0,30.18,0.0,,,0.0,
2019-10-06,86.0,66.88,0.0,,,0.0,
2019-10-07,94.0,34.53,0.0,,,0.0,
2019-10-08,132.0,48.2,0.0,,,0.0,
2019-10-09,81.0,47.82,0.0,,,0.0,
2019-10-10,77.0,36.76,0.0,,,0.0,
2019-10-11,154.0,67.93,0.0,,,0.0,
2019-10-12,155.0,80.09,0.0,,,0.0,
2019-10-13,179.0,89.61,0.0,,,0.0,
2019-10-14,205.0,76.11,0.0,,,0.0,
2019-10-15,104.0,45.01,0.0,,,0.0,
2019-10-16,117.0,60.98,0.0,,,0.0,
2019-10-17,95.0,58.05,0.0,,,0.0,
2019-10-18,94.0,38.85,0.0,,,0.0,
2019-10-19,58.0,22.66,0.0,,,0.0,
2019-10-20,87.0,42.86,0.0,,,0.0,
2019-10-21,110.0,62.48,0.0,,,0.0,
2019-10-22,147.0,80.27,0.0,,,0.0,
2019-10-23,227.0,96.33,0.0,,,0.0,
2019-10-24,179.0,84.31,0.0,,,0.0,
2019-10-25,198.0,90.71,0.0,,,0.0,
2019-10-26,234.0,107.98,0.0,,,0.0,
2019-10-27,212.0,116.05,0.0,,,0.0,
2019-10-28,399.0,249.1,0.0,,,0.0,
2019-10-29,309.0,111.47,0.0,,,0.0,
2019-10-30,247.0,127.13,0.0,,,0.0,
2019-10-31,321.0,139.65,0.0,,,0.0,
2019-11-01,313.0,154.49,0.0,,,0.0,
2019-11-02,313.0,110.95,0.0,,,0.0,
2019-11-03,302.0,155.83,0.0,,,0.0,
2019-11-04,288.0,104.21,0.0,,,0.0,
2019-11-05,261.0,97.09,0.0,,,0.0,
2019-11-06,254.0,137.13,0.0,,,0.0,
2019-11-07,212.0,34.94,0.0,,,0.0,
2019-11-08,54.0,24.18,0.0,,,0.0,
2019-11-09,72.0,42.84,0.0,,,0.0,
2019-11-10,140.0,84.92,0.0,,,0.0,
2019-11-11,160.0,84.63,0.0,,,0.0,
2019-11-12,285.0,168.71,0.0,,,0.0,
2019-11-13,358.0,189.44,0.0,,,0.0,
2019-11-14,334.0,148.61,0.0,,,0.0,
2019-11-15,317.0,103.87,0.0,,,0.0,
2019-11-16,259.0,86.49,0.0,,,0.0,
2019-11-17,110.0,42.18,0.0,,,0.0,
2019-11-18,162.0,101.44,0.0,,,0.0,
2019-11-19,322.0,147.55,0.0,,,0.0,
2019-11-20,235.0,91.41,0.0,,,0.0,
2019-11-21,280.0,112.55,0.0,,,0.0,
2019-11-22,157.0,57.31,0.0,,,0.0,
2019-11-23,85.0,24.07,0.0,,,0.0,
2019-11-24,74.0,32.98,0.0,,,0.0,
2019-11-25,108.0,39.29,0.0,,,0.0,
2019-11-26,113.0,30.77,0.0,,,0.0,
2019-11-27,64.0,31.91,0.0,,,0.0,
2019-11-28,44.0,25.36,0.0,,,0.0,
2019-11-29,47.0,26.37,0.0,,,0.0,
2019-11-30,60.0,41.64,0.0,,,0.0,
2019-12-01,89.0,60.29,0.0,,,0.0,
2019-12-02,145.0,84.89,0.0,,,0.0,
2019-12-03,183.0,87.69,0.0,,,0.0,
2019-12-04,220.0,90.75,0.0,,,0.0,
2019-12-05,147.0,66.85,0.0,,,0.0,
2019-12-06,106.0,54.62,0.0,,,0.0,
2019-12-07,121.0,74.16,0.0,,,0.0,
2019-12-08,123.0,67.0,0.0,,,0.0,
2019-12-09,187.0,103.57,0.0,,,0.0,
2019-12-10,291.0,128.64,0.0,,,0.0,
2019-12-11,245.0,86.0,0.0,,,0.0,
2019-12-12,186.0,28.77,0.0,,,0.0,
2019-12-13,43.0,24.95,0.0,,,0.0,
2019-12-14,59.0,39.26,0.0,,,0.0,
2019-12-15,58.0,30.72,0.0,,,0.0,
2019-12-16,55.0,41.03,0.0,,,0.0,
2019-12-17,74.0,49.45,0.0,,,0.0,
2019-12-18,95.0,58.96,0.0,,,0.0,
2019-12-19,107.0,63.18,0.0,,,0.0,
2019-12-20,171.0,108.34,0.0,,,0.0,
2019-12-21,184.0,52.95,0.0,,,0.0,
2019-12-22,96.0,62.11,0.0,,,0.0,
2019-12-23,108.0,69.27,0.0,,,0.0,
2019-12-24,210.0,97.42,0.0,,,0.0,
2019-12-25,141.0,52.73,0.0,,,0.0,
2019-12-26,91.0,58.57,0.0,,,0.0,
2019-12-27,126.0,77.3,0.0,,,0.0,
2019-12-28,156.0,80.31,0.0,,,0.0,
2019-12-29,193.0,80.8,0.0,,,0.0,
2019-12-30,155.0,71.17,0.0,,,0.0,
2019-12-31,111.0,71.0,0.0,,,0.0,
2020-01-01,184.0,94.38,0.0,,,0.0,
2020-01-02,196.0,80.8,0.0,,,0.0,
2020-01-03,160.0,78.22,0.0,,,0.0,
2020-01-04,221.0,96.86,0.0,,,0.0,
2020-01-05,156.0,65.12,0.0,,,0.0,
2020-01-06,88.0,33.39,0.0,,,0.0,
2020-01-07,58.0,36.74,0.0,,,0.0,
2020-01-08,46.0,24.14,0.0,,,0.0,
2020-01-09,66.0,56.17,0.0,,,0.0,
2020-01-10,103.0,55.79,0.0,,,0.0,
2020-01-11,87.0,55.64,0.0,,,0.0,
2020-01-12,87.0,44.56,0.0,,,0.0,
2020-01-13,74.0,47.0,0.0,,,0.0,
2020-01-14,64.0,31.25,0.0,,,0.0,
2020-01-15,166.0,54.01,0.0,,,0.0,
2020-01-16,85.0,45.32,0.0,,,0.0,
2020-01-17,121.0,77.37,0.0,,,0.0,
2020-01-18,153.0,68.12,0.0,,,0.0,
2020-01-19,111.0,57.46,0.0,,,0.0,
2020-01-20,111.0,64.93,0.0,,,0.0,
2020-01-21,98.0,37.05,0.0,,,0.0,
2020-01-22,63.0,21.05,0.0,,,0.0,
2020-01-23,63.0,27.42,0.0,,,0.0,
2020-01-24,70.0,43.96,0.0,,,0.0,
2020-01-25,108.0,71.6,0.0,,,0.0,
2020-01-26,107.0,45.03,0.0,,,0.0,
2020-01-27,90.0,61.56,0.0,,,0.0,
2020-01-28,96.0,42.4,0.0,,,0.0,
2020-01-29,55.0,20.48,0.0,,,0.0,
2020-01-30,60.0,27.36,0.0,,,0.0,
2020-01-31,102.0,21.43,0.0,,,0.0,
2020-02-01,127.0,,0.0,,,0.0,
2020-02-04,111.0,67.56,0.0,,,0.0,
2020-02-05,99.0,55.53,0.0,,,0.0,
2020-02-06,121.0,74.16,0.0,,,0.0,
2020-02-07,124.0,62.25,0.0,,,0.0,
2020-02-08,152.0,92.15,0.0,,,0.0,
2020-02-09,282.0,113.54,0.0,,,0.0,
2020-02-10,144.0,63.68,0.0,,,0.0,
2020-02-11,190.0,84.93,0.0,,,0.0,
2020-02-12,133.0,38.88,0.0,,,0.0,
2020-02-13,112.0,42.33,0.0,,,0.0,
2020-02-14,107.0,33.14,0.0,,,0.0,
2020-02-15,106.0,41.33,0.0,,,0.0,
2020-02-16,132.0,69.4,0.0,,,0.0,
2020-02-17,139.0,66.39,0.0,,,0.0,
2020-02-18,128.0,59.59,0.0,,,0.0,
2020-02-19,127.0,57.33,0.0,,,0.0,
2020-02-20,124.0,49.81,0.0,,,0.0,
2020-02-21,92.0,16.41,0.0,,,0.0,
2020-02-22,94.0,34.54,0.0,,,0.0,
2020-02-23,101.0,42.49,0.0,,,0.0,
2020-02-24,113.0,54.38,0.0,,,0.0,
2020-02-25,121.0,58.55,0.0,,,0.0,
2020-02-26,134.0,71.27,0.0,,,0.0,
2020-02-27,127.0,58.17,0.0,,,0.0,
2020-02-28,128.0,67.24,0.0,,,0.0,
2020-02-29,108.0,26.4,0.0,,,0.0,
2020-03-01,76.0,22.15,0.0,,,0.0,
2020-03-02,92.0,32.33,0.0,,,0.0,
2020-03-03,101.0,33.46,0.0,,,0.0,
2020-03-04,118.0,55.5,0.0,,,0.0,
2020-03-05,97.0,22.09,0.0,,,0.0,
2020-03-06,68.0,17.61,0.0,,,0.0,
2020-03-07,59.0,17.0,0.0,,,0.0,
2020-03-08,70.0,25.44,0.0,,,0.0,
2020-03-09,75.0,20.71,0.0,,,0.0,
2020-03-10,96.0,43.24,0.0,,,0.0,
2020-03-11,107.0,40.15,0.0,,,0.0,
2020-03-13,72.0,17.08,0.0,,,0.0,
2020-03-14,69.0,21.05,0.0,,,0.0,
2020-03-15,79.0,25.65,0.0,,,0.0,
2020-03-16,95.0,38.07,0.0,,,0.0,
2020-03-17,106.0,41.78,0.0,,,0.0,
2020-03-18,110.0,45.62,0.0,,,0.0,
2020-03-19,107.0,39.08,0.0,,,0.0,
2020-03-20,111.0,40.61,0.0,,,0.0,
2020-03-21,96.0,33.78,0.0,,,0.0,
2020-03-22,93.0,24.57,0.0,,,0.0,
2020-03-23,78.0,30.12,0.0,,,0.0,
2020-03-24,86.0,26.35,0.0,,,0.0,
2020-03-25,64.0,15.6,0.0,,,0.0,
2020-03-26,66.0,22.63,0.0,,,0.0,
2020-03-27,71.0,20.29,0.0,,,0.0,
2020-03-28,54.0,12.03,0.0,,,0.0,
2020-03-29,60.0,17.74,0.0,,,0.0,
2020-03-30,67.0,21.35,0.0,,,0.0,
2020-03-31,69.0,21.91,0.0,,,0.0,
2020-04-01,65.0,14.18,0.0,,,0.0,
2020-04-02,63.0,13.97,0.0,,,0.0,
2020-04-03,61.0,17.52,0.0,,,0.0,
2020-04-04,58.0,22.8,0.0,,,0.0,
2020-04-05,60.0,34.73,0.0,,,0.0,
2020-04-12,45.0,20.09,0.0,,,0.0,
2020-04-13,52.0,29.47,0.0,,,0.0,
2020-04-14,59.0,22.37,0.0,,,0.0,
2020-04-15,68.0,32.05,0.0,,,0.0,
2020-04-16,61.0,22.61,0.0,,,0.0,
2020-04-17,45.0,17.45,0.0,,,0.0,
2020-04-18,43.0,8.8,0.0,,,0.0,
2020-04-19,44.0,11.33,0.0,,,0.0,
2020-04-20,51.0,16.35,0.0,,,0.0,
2020-04-21,47.0,9.84,0.0,,,0.0,
2020-04-22,48.0,13.72,0.0,,,0.0,
2020-04-23,56.0,14.67,0.0,,,0.0,
2020-04-24,68.0,20.68,0.0,,,0.0,
2020-04-25,74.0,15.74,0.0,,,0.0,
2020-04-26,60.0,14.78,0.0,,,0.0,
2020-04-27,51.0,11.2,0.0,,,0.0,
2020-04-28,56.0,13.63,0.0,,,0.0,
2020-04-29,72.0,24.61,0.0,,,0.0,
2020-04-30,102.0,23.98,0.0,,,0.0,
2020-05-01,118.0,32.01,0.0,,,0.0,
2020-05-02,118.0,28.37,0.0,,,0.0,
2020-05-03,91.0,15.46,0.0,,,0.0,
2020-05-04,61.0,19.64,0.0,,,0.0,
2020-05-05,77.0,18.81,0.0,,,0.0,
2020-05-06,75.0,23.32,0.0,,,0.0,
2020-05-07,60.0,18.39,0.0,,,0.0,
2020-05-08,71.0,34.0,0.0,,,0.0,
2020-05-09,87.0,37.31,0.0,,,0.0,
2020-05-10,94.0,39.62,0.0,,,0.0,
2020-05-11,75.0,32.14,0.0,,,0.0,
2020-05-12,61.0,24.59,0.0,,,0.0,
2020-05-13,67.0,44.76,0.0,,,0.0,
2020-05-14,95.0,42.22,0.0,,,0.0,
2020-05-15,52.0,21.61,0.0,,,0.0,
2020-05-16,61.0,35.91,0.0,,,0.0,
2020-05-17,75.0,39.96,0.0,,,0.0,
2020-05-18,76.0,44.56,0.0,,,0.0,
2020-05-19,65.0,34.55,0.0,,,0.0,
2020-05-20,68.0,43.35,0.0,,,0.0,
2020-05-21,80.0,52.58,0.0,,,0.0,
2020-05-22,115.0,68.2,0.0,,,0.0,
2020-05-23,106.0,54.78,0.0,,,0.0,
2020-05-24,74.0,29.01,0.0,,,0.0,
2020-05-25,69.0,16.29,0.0,,,0.0,
2020-05-26,81.0,51.47,0.0,,,0.0,
2020-05-27,77.0,37.21,0.0,,,0.0,
2020-05-28,81.0,43.68,0.0,,,0.0,
2020-05-29,67.0,29.99,0.0,,,0.0,
2020-05-30,63.0,24.14,0.0,,,0.0,
2020-05-31,48.0,13.33,0.0,,,0.0,
2020-06-01,43.0,19.12,0.0,,,0.0,
2020-06-02,65.0,26.84,0.0,,,0.0,
2020-06-03,478.0,26.72,0.0,,,0.0,
2020-06-04,193.0,30.13,0.0,,,0.0,
2020-06-05,56.0,20.75,0.0,,,0.0,
2020-06-06,41.0,15.5,0.0,,,0.0,
2020-06-07,42.0,26.99,0.0,,,0.0,
2020-06-08,51.0,27.07,0.0,,,0.0,
2020-06-09,77.0,29.6,0.0,,,0.0,
2020-06-10,80.0,28.73,0.0,,,0.0,
2020-06-11,79.0,31.56,0.0,,,0.0,
2020-06-12,89.0,27.87,0.0,,,0.0,
2020-06-13,104.0,24.76,0.0,,,0.0,
2020-06-14,87.0,31.92,0.0,,,0.0,
2020-06-15,103.0,28.49,0.0,,,0.0,
2020-06-16,110.0,37.0,0.0,,,0.0,
2020-06-17,117.0,40.46,0.0,,,0.0,
2020-06-18,117.0,34.6,0.0,,,0.0,
2020-06-19,131.0,47.94,0.0,,,0.0,
2020-06-20,120.0,55.58,0.0,,,0.0,
2020-06-21,120.0,60.73,0.0,,,0.0,
2020-06-22,72.0,39.81,0.0,,,0.0,
2020-06-23,125.0,68.81,0.0,,,0.0,
2020-06-24,130.0,23.77,0.0,,,0.0,
2020-06-25,59.0,31.68,0.0,,,0.0,
2020-06-26,83.0,32.85,0.0,,,0.0,
2020-06-27,74.0,51.1,0.0,,,0.0,
2020-06-28,85.0,45.24,0.0,,,0.0,
2020-06-29,49.0,26.77,0.0,,,0.0,
2020-06-30,66.0,41.64,0.0,,,0.0,
2020-07-01,78.0,57.67,0.0,,,0.0,
2015-03-21,91.0,48.59,0.0,,,0.0,
2015-03-22,120.0,47.38,0.0,,,0.0,
2015-03-23,154.0,65.65,0.0,,,0.0,
2015-03-24,119.0,60.47,0.0,,,0.0,
2015-03-25,232.0,62.56,0.0,,,0.0,
2015-03-26,132.0,60.73,0.0,,,0.0,
2015-03-27,123.0,42.1,0.0,,,0.0,
2015-03-28,152.0,40.0,0.0,,,0.0,
2015-03-29,143.0,32.16,0.0,,,0.0,
2015-03-30,80.0,30.78,0.0,,,0.0,
2015-03-31,90.0,38.99,0.0,,,0.0,
2015-04-01,151.0,36.42,0.0,,,0.0,
2015-04-02,123.0,38.15,0.0,,,0.0,
2015-04-03,178.0,35.11,0.0,,,0.0,
2015-04-04,101.0,36.68,0.0,,,0.0,
2015-04-05,160.0,36.92,0.0,,,0.0,
2015-04-06,71.0,31.78,0.0,,,0.0,
2015-04-07,76.0,37.25,0.0,,,0.0,
2015-04-08,153.0,29.8,0.0,,,0.0,
2015-04-09,80.0,25.06,0.0,,,0.0,
2015-04-10,129.0,24.4,0.0,,,0.0,
2015-04-11,107.0,32.08,0.0,,,0.0,
2015-04-12,122.0,19.72,0.0,,,0.0,
2015-04-13,85.0,17.03,0.0,,,0.0,
2015-04-14,62.0,19.73,0.0,,,0.0,
2015-04-15,177.0,22.52,0.0,,,0.0,
2015-04-16,152.0,21.36,0.0,,,0.0,
2015-04-17,210.0,24.35,0.0,,,0.0,
2015-04-18,170.0,18.33,0.0,,,0.0,
2015-04-19,135.0,17.66,0.0,,,0.0,
2015-04-20,118.0,27.46,0.0,,,0.0,
2015-04-21,127.0,27.94,0.0,,,0.0,
2015-04-22,47.0,23.81,0.0,,,0.0,
2015-04-23,44.0,23.11,0.0,,,0.0,
2015-04-24,67.0,15.12,0.0,,,0.0,
2015-04-25,44.0,19.59,0.0,,,0.0,
2015-04-26,82.0,69.85,0.0,,,0.0,
2015-04-27,156.0,24.62,0.0,,,0.0,
2015-04-28,96.0,32.92,0.0,,,0.0,
2015-04-29,72.0,44.53,0.0,,,0.0,
2015-04-30,117.0,26.68,0.0,,,0.0,
2015-05-01,67.0,39.06,0.0,,,0.0,
2015-05-02,217.0,50.83,0.0,,,0.0,
2015-05-03,64.0,62.58,0.0,,,0.0,
2015-05-04,162.0,45.26,0.0,,,0.0,
2015-05-05,75.0,40.37,0.0,,,0.0,
2015-05-06,141.0,43.21,0.0,,,0.0,
2015-05-07,70.0,41.53,0.0,,,0.0,
2015-05-08,142.0,27.85,0.0,,,0.0,
2015-05-09,140.0,36.83,0.0,,,0.0,
2015-05-10,71.0,40.81,0.0,,,0.0,
2015-05-11,66.0,36.11,0.0,,,0.0,
2015-05-12,56.0,28.76,0.0,,,0.0,
2015-05-13,45.0,40.74,0.0,,,0.0,
2015-05-14,61.0,23.77,0.0,,,0.0,
2015-05-15,70.0,17.34,0.0,,,0.0,
2015-05-16,59.0,30.45,0.0,,,0.0,
2015-05-17,125.0,15.8,0.0,,,0.0,
2015-05-18,106.0,20.12,0.0,,,0.0,
2015-05-19,84.0,25.27,0.0,,,0.0,
2015-05-20,57.0,26.7,0.0,,,0.0,
2015-05-21,56.0,27.84,0.0,,,0.0,
2015-05-22,140.0,29.52,0.0,,,0.0,
2015-05-23,156.0,27.97,0.0,,,0.0,
2015-05-24,156.0,28.17,0.0,,,0.0,
2015-05-25,111.0,27.71,0.0,,,0.0,
2015-05-26,158.0,28.01,0.0,,,0.0,
2015-05-27,93.0,31.7,0.0,,,0.0,
2015-05-28,97.0,48.08,0.0,,,0.0,
2015-05-29,94.0,30.77,0.0,,,0.0,
2015-05-30,147.0,26.15,0.0,,,0.0,
2015-05-31,100.0,40.71,0.0,,,0.0,
2015-06-01,101.0,23.69,0.0,,,0.0,
2015-06-02,84.0,23.95,0.0,,,0.0,
2015-06-03,84.0,21.51,0.0,,,0.0,
2015-06-04,74.0,25.56,0.0,,,0.0,
2015-06-05,130.0,22.41,0.0,,,0.0,
2015-06-06,74.0,16.02,0.0,,,0.0,
2015-06-07,74.0,12.69,0.0,,,0.0,
2015-06-08,162.0,13.29,0.0,,,0.0,
2015-06-09,55.0,12.11,0.0,,,0.0,
2015-06-10,72.0,13.66,0.0,,,0.0,
2015-06-11,66.0,14.56,0.0,,,0.0,
2015-06-12,81.0,14.76,0.0,,,0.0,
2015-06-13,94.0,12.29,0.0,,,0.0,
2015-06-14,128.0,11.72,0.0,,,0.0,
2015-06-15,86.0,15.7,0.0,,,0.0,
2015-06-16,136.0,22.94,0.0,,,0.0,
2015-06-17,67.0,19.54,0.0,,,0.0,
2015-06-18,45.0,22.68,0.0,,,0.0,
2015-06-19,70.0,21.86,0.0,,,0.0,
2015-06-20,93.0,18.74,0.0,,,0.0,
2015-06-21,166.0,18.81,0.0,,,0.0,
2015-06-22,183.0,15.11,0.0,,,0.0,
2015-06-23,107.0,17.47,0.0,,,0.0,
2015-06-24,140.0,15.92,0.0,,,0.0,
2015-06-25,107.0,13.58,0.0,,,0.0,
2015-06-26,70.0,14.52,0.0,,,0.0,
2015-06-27,165.0,27.25,0.0,,,0.0,
2015-06-28,160.0,20.99,0.0,,,0.0,
2015-06-29,209.0,22.26,0.0,,,0.0,
2015-06-30,166.0,23.51,0.0,,,0.0,
2015-07-01,187.0,19.76,0.0,,,0.0,
2015-07-02,162.0,20.24,0.0,,,0.0,
2015-07-03,185.0,17.28,0.0,,,0.0,
2015-07-04,141.0,21.52,0.0,,,0.0,
2015-07-05,225.0,19.43,0.0,,,0.0,
2015-07-06,309.0,19.27,0.0,,,0.0,
2015-07-07,136.0,23.27,0.0,,,0.0,
2015-07-08,139.0,18.63,0.0,,,0.0,
2015-07-09,161.0,14.52,0.0,,,0.0,
2015-07-10,160.0,12.84,0.0,,,0.0,
2015-07-11,127.0,19.08,0.0,,,0.0,
2015-07-12,71.0,23.45,0.0,,,0.0,
2015-07-13,246.0,25.62,0.0,,,0.0,
2015-07-14,250.0,27.03,0.0,,,0.0,
2015-07-15,176.0,24.09,0.0,,,0.0,
2015-07-16,176.0,23.17,0.0,,,0.0,
2015-07-17,55.0,26.84,0.0,,,0.0,
2015-07-18,156.0,19.24,0.0,,,0.0,
2015-07-19,195.0,14.46,0.0,,,0.0,
2015-07-20,197.0,14.3,0.0,,,0.0,
2015-07-21,223.0,19.29,0.0,,,0.0,
2015-07-22,182.0,21.39,0.0,,,0.0,
2015-07-23,245.0,45.86,0.0,,,0.0,
2015-07-24,268.0,18.38,0.0,,,0.0,
2015-07-25,51.0,24.44,0.0,,,0.0,
2015-07-26,49.0,25.14,0.0,,,0.0,
2015-07-27,157.0,13.85,0.0,,,0.0,
2015-07-28,128.0,16.63,0.0,,,0.0,
2015-07-29,66.0,19.04,0.0,,,0.0,
2015-07-30,105.0,24.43,0.0,,,0.0,
2015-07-31,49.0,19.16,0.0,,,0.0,
2015-08-01,97.0,18.18,0.0,,,0.0,
2015-08-02,257.0,15.52,0.0,,,0.0,
2015-08-03,139.0,18.67,0.0,,,0.0,
2015-08-04,95.0,15.85,0.0,,,0.0,
2015-08-05,106.0,18.26,0.0,,,0.0,
2015-08-06,89.0,17.94,0.0,,,0.0,
2015-08-07,44.0,21.86,0.0,,,0.0,
2015-08-08,97.0,46.86,0.0,,,0.0,
2015-08-09,187.0,54.42,0.0,,,0.0,
2015-08-10,83.0,21.02,0.0,,,0.0,
2015-08-11,129.0,21.1,0.0,,,0.0,
2015-08-12,128.0,16.64,0.0,,,0.0,
2015-08-13,217.0,14.99,0.0,,,0.0,
2015-08-14,277.0,20.21,0.0,,,0.0,
2015-08-15,176.0,18.04,0.0,,,0.0,
2015-08-16,206.0,20.8,0.0,,,0.0,
2015-08-17,238.0,15.35,0.0,,,0.0,
2015-08-18,229.0,27.31,0.0,,,0.0,
2015-08-19,236.0,32.13,0.0,,,0.0,
2015-08-20,92.0,23.26,0.0,,,0.0,
2015-08-21,100.0,17.9,0.0,,,0.0,
2015-08-22,97.0,10.99,0.0,,,0.0,
2015-08-23,59.0,12.9,0.0,,,0.0,
2015-08-24,96.0,22.29,0.0,,,0.0,
2015-08-25,123.0,20.06,0.0,,,0.0,
2015-08-26,77.0,17.38,0.0,,,0.0,
2015-08-27,57.0,14.67,0.0,,,0.0,
2015-08-28,63.0,18.96,0.0,,,0.0,
2015-08-29,174.0,20.56,0.0,,,0.0,
2015-08-30,121.0,17.27,0.0,,,0.0,
2015-08-31,92.0,23.42,0.0,,,0.0,
2015-09-01,81.0,24.9,0.0,,,0.0,
2015-09-02,43.0,23.54,0.0,,,0.0,
2015-09-03,52.0,24.49,0.0,,,0.0,
2015-09-04,72.0,26.16,0.0,,,0.0,
2015-09-05,73.0,27.38,0.0,,,0.0,
2015-09-06,208.0,18.38,0.0,,,0.0,
2015-09-07,179.0,16.34,0.0,,,0.0,
2015-09-08,93.0,22.47,0.0,,,0.0,
2015-09-09,60.0,29.6,0.0,,,0.0,
2015-09-10,65.0,15.21,0.0,,,0.0,
2015-09-11,60.0,18.09,0.0,,,0.0,
2015-09-12,167.0,16.68,0.0,,,0.0,
2015-09-13,141.0,12.24,0.0,,,0.0,
2015-09-14,175.0,14.99,0.0,,,0.0,
2015-09-15,41.0,11.75,0.0,,,0.0,
2015-09-16,81.0,11.47,0.0,,,0.0,
2015-09-17,52.0,10.93,0.0,,,0.0,
2015-09-18,31.0,13.18,0.0,,,0.0,
2015-09-19,144.0,13.47,0.0,,,0.0,
2015-09-20,64.0,7.32,0.0,,,0.0,
2015-09-21,51.0,16.51,0.0,,,0.0,
2015-09-22,82.0,28.38,0.0,,,0.0,
2015-09-23,85.0,27.74,0.0,,,0.0,
2015-09-24,89.0,29.1,0.0,,,0.0,
2015-09-25,139.0,17.48,0.0,,,0.0,
2015-09-26,157.0,14.95,0.0,,,0.0,
2015-09-27,155.0,27.29,0.0,,,0.0,
2015-09-28,94.0,19.98,0.0,,,0.0,
2015-09-29,100.0,31.36,0.0,,,0.0,
2015-09-30,117.0,35.5,0.0,,,0.0,
2015-10-01,136.0,26.25,0.0,,,0.0,
2015-10-02,96.0,22.3,0.0,,,0.0,
2015-10-03,101.0,13.97,0.0,,,0.0,
2015-10-04,128.0,9.63,0.0,,,0.0,
2015-10-05,92.0,28.7,0.0,,,0.0,
2015-10-06,98.0,35.04,0.0,,,0.0,
2015-10-07,102.0,15.82,0.0,,,0.0,
2015-10-08,69.0,12.14,0.0,,,0.0,
2015-10-09,54.0,14.44,0.0,,,0.0,
2015-10-10,101.0,12.01,0.0,,,0.0,
2015-10-11,110.0,10.02,0.0,,,0.0,
2015-10-12,54.0,17.14,0.0,,,0.0,
2015-10-13,77.0,25.65,0.0,,,0.0,
2015-10-14,144.0,31.78,0.0,,,0.0,
2015-10-15,90.0,46.63,0.0,,,0.0,
2015-10-16,98.0,49.23,0.0,,,0.0,
2015-10-17,173.0,40.76,0.0,,,0.0,
2015-10-18,140.0,31.18,0.0,,,0.0,
2015-10-19,76.0,42.02,0.0,,,0.0,
2015-10-20,164.0,43.32,0.0,,,0.0,
2015-10-21,88.0,42.64,0.0,,,0.0,
2015-10-22,97.0,55.94,0.0,,,0.0,
2015-10-23,110.0,51.0,0.0,,,0.0,
2015-10-24,89.0,45.13,0.0,,,0.0,
2015-10-25,81.0,38.26,0.0,,,0.0,
2015-10-26,74.0,47.1,0.0,,,0.0,
2015-10-27,157.0,42.92,0.0,,,0.0,
2015-10-28,95.0,36.44,0.0,,,0.0,
2015-10-29,70.0,29.17,0.0,,,0.0,
2015-10-30,110.0,31.78,0.0,,,0.0,
2015-10-31,191.0,25.77,0.0,,,0.0,
2015-11-01,49.0,29.89,0.0,,,0.0,
2015-11-02,54.0,28.56,0.0,,,0.0,
2015-11-03,58.0,31.05,0.0,,,0.0,
2015-11-04,65.0,43.1,0.0,,,0.0,
2015-11-05,70.0,30.36,0.0,,,0.0,
2015-11-06,67.0,37.22,0.0,,,0.0,
2015-11-07,60.0,31.44,0.0,,,0.0,
2015-11-08,56.0,31.4,0.0,,,0.0,
2015-11-09,59.0,34.92,0.0,,,0.0,
2015-11-10,51.0,12.63,0.0,,,0.0,
2015-11-11,49.0,48.94,0.0,,,0.0,
2015-11-12,146.0,63.69,0.0,,,0.0,
2015-11-13,61.0,28.22,0.0,,,0.0,
2015-11-14,130.0,42.42,0.0,,,0.0,
2015-11-15,99.0,42.23,0.0,,,0.0,
2015-11-16,91.0,16.03,0.0,,,0.0,
2015-11-17,116.0,,0.0,,,0.0,
2015-11-18,126.0,19.32,0.0,,,0.0,
2015-11-19,103.0,21.99,0.0,,,0.0,
2015-11-20,74.0,13.89,0.0,,,0.0,
2015-11-21,66.0,16.06,0.0,,,0.0,
2015-11-22,61.0,16.97,0.0,,,0.0,
2015-11-23,75.0,19.66,0.0,,,0.0,
2015-11-24,85.0,20.35,0.0,,,0.0,
2015-11-25,141.0,34.39,0.0,,,0.0,
2015-11-26,90.0,43.91,0.0,,,0.0,
2015-11-27,126.0,44.14,0.0,,,0.0,
2015-11-28,147.0,44.94,0.0,,,0.0,
2015-11-29,87.0,29.35,0.0,,,0.0,
2015-11-30,56.0,15.34,0.0,,,0.0,
2015-12-01,88.0,14.18,0.0,,,0.0,
2015-12-02,67.0,13.36,0.0,,,0.0,
2015-12-03,74.0,19.86,0.0,,,0.0,
2015-12-04,105.0,28.35,0.0,,,0.0,
2015-12-05,103.0,25.04,0.0,,,0.0,
2015-12-06,54.0,29.12,0.0,,,0.0,
2015-12-07,65.0,41.16,0.0,,,0.0,
2015-12-08,102.0,46.33,0.0,,,0.0,
2015-12-09,94.0,48.01,0.0,,,0.0,
2015-12-10,86.0,35.48,0.0,,,0.0,
2015-12-11,89.0,32.95,0.0,,,0.0,
2015-12-12,99.0,50.19,0.0,,,0.0,
2015-12-13,92.0,34.57,0.0,,,0.0,
2015-12-14,85.0,52.06,0.0,,,0.0,
2015-12-15,83.0,39.67,0.0,,,0.0,
2015-12-16,92.0,50.47,0.0,,,0.0,
2015-12-17,95.0,41.04,0.0,,,0.0,
2015-12-18,103.0,56.62,0.0,,,0.0,
2015-12-19,105.0,42.57,0.0,,,0.0,
2015-12-20,97.0,60.44,0.0,,,0.0,
2015-12-21,102.0,48.4,0.0,,,0.0,
2015-12-22,104.0,49.54,0.0,,,0.0,
2015-12-23,96.0,49.42,0.0,,,0.0,
2015-12-24,114.0,61.58,0.0,,,0.0,
2015-12-25,110.0,68.48,0.0,,,0.0,
2015-12-26,109.0,57.15,0.0,,,0.0,
2015-12-27,115.0,76.35,0.0,,,0.0,
2015-12-28,149.0,85.66,0.0,,,0.0,
2015-12-29,122.0,49.06,0.0,,,0.0,
2015-12-30,91.0,48.16,0.0,,,0.0,
2015-12-31,131.0,71.06,0.0,,,0.0,
2016-01-01,101.0,56.4,0.0,,,0.0,
2016-01-02,92.0,53.69,0.0,,,0.0,
2016-01-03,108.0,62.35,0.0,,,0.0,
2016-01-04,109.0,64.96,0.0,,,0.0,
2016-01-05,114.0,70.15,0.0,,,0.0,
2016-01-06,121.0,68.22,0.0,,,0.0,
2016-01-07,116.0,68.74,0.0,,,0.0,
2016-01-08,117.0,67.9,0.0,,,0.0,
2016-01-09,143.0,79.8,0.0,,,0.0,
2016-01-10,168.0,76.18,0.0,,,0.0,
2016-01-11,122.0,61.48,0.0,,,0.0,
2016-01-12,122.0,73.5,0.0,,,0.0,
2016-01-13,146.0,70.78,0.0,,,0.0,
2016-01-14,152.0,75.01,0.0,,,0.0,
2016-01-15,119.0,42.84,0.0,,,0.0,
2016-01-16,130.0,77.23,0.0,,,0.0,
2016-01-17,253.0,68.98,0.0,,,0.0,
2016-01-18,219.0,73.89,0.0,,,0.0,
2016-01-19,146.0,75.45,0.0,,,0.0,
2016-01-20,170.0,78.07,0.0,,,0.0,
2016-01-21,117.0,53.45,0.0,,,0.0,
2016-01-22,113.0,63.58,0.0,,,0.0,
2016-01-23,146.0,57.91,0.0,,,0.0,
2016-01-24,102.0,41.36,0.0,,,0.0,
2016-01-25,98.0,51.7,0.0,,,0.0,
2016-01-26,104.0,54.34,0.0,,,0.0,
2016-01-27,91.0,54.33,0.0,,,0.0,
2016-01-28,118.0,84.84,0.0,,,0.0,
2016-01-29,175.0,87.02,0.0,,,0.0,
2016-01-30,149.0,71.42,0.0,,,0.0,
2016-01-31,183.0,119.16,0.0,,,0.0,
2016-02-01,184.0,84.45,0.0,,,0.0,
2016-02-02,156.0,76.8,0.0,,,0.0,
2016-02-03,153.0,75.57,0.0,,,0.0,
2016-02-04,141.0,74.6,0.0,,,0.0,
2016-02-05,139.0,72.11,0.0,,,0.0,
2016-02-06,154.0,63.42,0.0,,,0.0,
2016-02-07,199.0,82.78,0.0,,,0.0,
2016-02-08,182.0,75.98,0.0,,,0.0,
2016-02-09,175.0,85.33,0.0,,,0.0,
2016-02-10,191.0,84.32,0.0,,,0.0,
2016-02-11,203.0,91.95,0.0,,,0.0,
2016-02-12,154.0,83.66,0.0,,,0.0,
2016-02-13,160.0,85.96,0.0,,,0.0,
2016-02-14,136.0,62.08,0.0,,,0.0,
2016-02-15,107.0,56.57,0.0,,,0.0,
2016-02-16,88.0,42.58,0.0,,,0.0,
2016-02-17,105.0,49.6,0.0,,,0.0,
2016-02-18,111.0,54.56,0.0,,,0.0,
2016-02-19,117.0,44.26,0.0,,,0.0,
2016-02-20,113.0,53.12,0.0,,,0.0,
2016-02-21,115.0,57.32,0.0,,,0.0,
2016-02-22,145.0,90.07,0.0,,,0.0,
2016-02-23,177.0,134.69,0.0,,,0.0,
2016-02-24,198.0,110.05,0.0,,,0.0,
2016-02-25,165.0,66.98,0.0,,,0.0,
2016-02-26,124.0,51.96,0.0,,,0.0,
2016-02-27,88.0,36.28,0.0,,,0.0,
2016-02-28,88.0,35.63,0.0,,,0.0,
2016-02-29,105.0,41.64,0.0,,,0.0,
2016-03-01,118.0,39.21,0.0,,,0.0,
2016-03-02,132.0,42.17,0.0,,,0.0,
2016-03-03,121.0,54.91,0.0,,,0.0,
2016-03-04,136.0,54.04,0.0,,,0.0,
2016-03-05,153.0,55.72,0.0,,,0.0,
2016-03-06,135.0,45.98,0.0,,,0.0,
2016-03-07,111.0,43.69,0.0,,,0.0,
2016-03-08,135.0,44.74,0.0,,,0.0,
2016-03-09,123.0,51.06,0.0,,,0.0,
2016-03-10,146.0,53.1,0.0,,,0.0,
2016-03-11,155.0,60.7,0.0,,,0.0,
2016-03-12,144.0,59.53,0.0,,,0.0,
2016-03-13,149.0,64.29,0.0,,,0.0,
2016-03-14,158.0,67.65,0.0,,,0.0,
2016-03-15,175.0,68.48,0.0,,,0.0,
2016-03-16,139.0,76.33,0.0,,,0.0,
2016-03-17,145.0,72.22,0.0,,,0.0,
2016-03-18,151.0,60.58,0.0,,,0.0,
2016-03-19,158.0,98.29,0.0,,,0.0,
2016-03-20,253.0,239.54,0.0,,,0.0,
2016-03-21,264.0,121.43,0.0,,,0.0,
2016-03-22,155.0,66.36,0.0,,,0.0,
2016-03-23,137.0,29.73,0.0,,,0.0,
2016-03-24,119.0,34.49,0.0,,,0.0,
2016-03-25,137.0,32.59,0.0,,,0.0,
2016-03-26,149.0,56.05,0.0,,,0.0,
2016-03-27,156.0,63.5,0.0,,,0.0,
2016-03-28,123.0,57.92,0.0,,,0.0,
2016-03-29,118.0,48.28,0.0,,,0.0,
2016-03-30,107.0,42.65,0.0,,,0.0,
2016-03-31,111.0,50.78,0.0,,,0.0,
2016-04-01,106.0,49.33,0.0,,,0.0,
2016-04-02,112.0,51.78,0.0,,,0.0,
2016-04-03,110.0,53.54,0.0,,,0.0,
2016-04-04,114.0,54.8,0.0,,,0.0,
2016-04-05,118.0,49.84,0.0,,,0.0,
2016-04-06,154.0,63.16,0.0,,,0.0,
2016-04-07,179.0,46.24,0.0,,,0.0,
2016-04-08,102.0,34.18,0.0,,,0.0,
2016-04-09,170.0,33.01,0.0,,,0.0,
2016-04-10,112.0,31.3,0.0,,,0.0,
2016-04-11,138.0,31.68,0.0,,,0.0,
2016-04-12,121.0,36.98,0.0,,,0.0,
2016-04-13,118.0,36.88,0.0,,,0.0,
2016-04-14,171.0,35.46,0.0,,,0.0,
2016-04-15,156.0,35.31,0.0,,,0.0,
2016-04-16,140.0,34.85,0.0,,,0.0,
2016-04-17,114.0,36.9,0.0,,,0.0,
2016-04-18,138.0,38.81,0.0,,,0.0,
2016-04-19,137.0,34.65,0.0,,,0.0,
2016-04-20,134.0,31.89,0.0,,,0.0,
2016-04-21,119.0,33.61,0.0,,,0.0,
2016-04-22,98.0,34.83,0.0,,,0.0,
2016-04-23,107.0,39.01,0.0,,,0.0,
2016-04-24,150.0,39.53,0.0,,,0.0,
2016-04-25,94.0,37.17,0.0,,,0.0,
2016-04-26,85.0,39.88,0.0,,,0.0,
2016-04-27,115.0,32.59,0.0,,,0.0,
2016-04-28,74.0,47.42,0.0,,,0.0,
2016-04-29,88.0,48.78,0.0,,,0.0,
2016-04-30,86.0,46.6,0.0,,,0.0,
2016-05-01,87.0,35.86,0.0,,,0.0,
2016-05-02,99.0,39.87,0.0,,,0.0,
2016-05-03,80.0,40.79,0.0,,,0.0,
2016-05-04,102.0,57.96,0.0,,,0.0,
2016-05-05,76.0,46.0,0.0,,,0.0,
2016-05-06,59.0,23.99,0.0,,,0.0,
2016-05-07,67.0,27.21,0.0,,,0.0,
2016-05-08,107.0,26.43,0.0,,,0.0,
2016-05-09,95.0,20.46,0.0,,,0.0,
2016-05-10,72.0,32.5,0.0,,,0.0,
2016-05-11,91.0,57.81,0.0,,,0.0,
2016-05-12,88.0,31.19,0.0,,,0.0,
2016-05-13,86.0,34.06,0.0,,,0.0,
2016-05-14,78.0,33.05,0.0,,,0.0,
2016-05-15,65.0,28.39,0.0,,,0.0,
2016-05-16,50.0,27.01,0.0,,,0.0,
2016-05-17,74.0,36.67,0.0,,,0.0,
2016-05-18,47.0,27.51,0.0,,,0.0,
2016-05-19,46.0,28.47,0.0,,,0.0,
2016-05-20,48.0,22.27,0.0,,,0.0,
2016-05-21,35.0,42.52,0.0,,,0.0,
2016-05-22,83.0,152.94,0.0,,,0.0,
2016-05-23,173.0,28.65,0.0,,,0.0,
2016-05-24,50.0,25.75,0.0,,,0.0,
2016-05-25,37.0,,0.0,,,0.0,
2016-05-26,33.0,,0.0,,,0.0,
2016-05-27,38.0,,0.0,,,0.0,
2016-05-28,38.0,,0.0,,,0.0,
2016-05-29,27.0,,0.0,,,0.0,
2016-05-30,26.0,35.98,0.0,,,0.0,
2016-05-31,47.0,27.6,0.0,,,0.0,
2016-06-01,49.0,17.15,0.0,,,0.0,
2016-06-02,43.0,17.71,0.0,,,0.0,
2016-06-03,29.0,,0.0,,,0.0,
2016-06-04,30.0,,0.0,,,0.0,
2016-06-05,33.0,,0.0,,,0.0,
2016-06-06,26.0,,0.0,,,0.0,
2016-06-07,23.0,,0.0,,,0.0,
2016-06-08,20.0,,0.0,,,0.0,
2016-06-10,20.0,,0.0,,,0.0,
2016-06-11,20.0,,0.0,,,0.0,
2016-06-12,23.0,,0.0,,,0.0,
2016-06-13,26.0,,0.0,,,0.0,
2016-06-14,23.0,,0.0,,,0.0,
2016-06-15,26.0,,0.0,,,0.0,
2016-06-16,40.0,,0.0,,,0.0,
2016-06-17,28.0,33.9,0.0,,,0.0,
2016-06-18,156.0,31.98,0.0,,,0.0,
2016-06-19,195.0,26.77,0.0,,,0.0,
2016-06-20,137.0,27.61,0.0,,,0.0,
2016-06-21,71.0,28.24,0.0,,,0.0,
2016-06-22,77.0,29.83,0.0,,,0.0,
2016-06-23,143.0,19.0,0.0,,,0.0,
2016-06-24,181.0,15.04,0.0,,,0.0,
2016-06-25,31.0,,0.0,,,0.0,
2016-06-27,33.0,16.54,0.0,,,0.0,
2016-06-28,151.0,27.23,0.0,,,0.0,
2016-06-29,174.0,115.98,0.0,,,0.0,
2016-06-30,154.0,13.95,0.0,,,0.0,
2016-07-01,208.0,25.0,0.0,,,0.0,
2016-07-02,192.0,31.8,0.0,,,0.0,
2016-07-03,238.0,17.36,0.0,,,0.0,
2016-07-04,160.0,19.4,0.0,,,0.0,
2016-07-05,83.0,18.36,0.0,,,0.0,
2016-07-06,56.0,17.26,0.0,,,0.0,
2016-07-07,141.0,15.02,0.0,,,0.0,
2016-07-08,43.0,,0.0,,,0.0,
2016-07-09,65.0,,0.0,,,0.0,
2016-07-10,30.0,8.98,0.0,,,0.0,
2016-07-11,40.0,,0.0,,,0.0,
2016-07-12,54.0,,0.0,,,0.0,
2016-07-13,41.0,,0.0,,,0.0,
2016-07-14,42.0,,0.0,,,0.0,
2016-07-15,54.0,,0.0,,,0.0,
2016-07-16,61.0,,0.0,,,0.0,
2016-07-17,70.0,,0.0,,,0.0,
2016-07-18,62.0,218.17,0.0,,,0.0,
2016-07-19,308.0,55.51,0.0,,,0.0,
2016-07-23,82.0,,0.0,,,0.0,
2016-07-27,36.0,22.79,0.0,,,0.0,
2016-07-28,36.0,17.0,0.0,,,0.0,
2016-07-29,55.0,22.19,0.0,,,0.0,
2016-07-30,58.0,8.74,0.0,,,0.0,
2016-07-31,37.0,18.9,0.0,,,0.0,
2016-08-01,72.0,17.54,0.0,,,0.0,
2016-08-02,33.0,20.06,0.0,,,0.0,
2016-08-03,53.0,19.91,0.0,,,0.0,
2016-08-04,64.0,14.66,0.0,,,0.0,
2016-08-12,46.0,25.09,0.0,,,0.0,
2016-08-13,37.0,21.94,0.0,,,0.0,
2016-08-14,38.0,21.57,0.0,,,0.0,
2016-08-15,49.0,14.38,0.0,,,0.0,
2016-08-16,71.0,101.09,0.0,,,0.0,
2016-08-17,229.0,33.05,0.0,,,0.0,
2016-08-18,68.0,39.14,0.0,,,0.0,
2016-08-19,64.0,41.43,0.0,,,0.0,
2016-08-20,62.0,100.39,0.0,,,0.0,
2016-08-21,66.0,56.45,0.0,,,0.0,
2016-08-22,45.0,35.4,0.0,,,0.0,
2016-08-23,66.0,43.43,0.0,,,0.0,
2016-08-24,71.0,34.99,0.0,,,0.0,
2016-08-25,75.0,15.02,0.0,,,0.0,
2016-08-26,62.0,29.31,0.0,,,0.0,
2016-08-27,77.0,19.65,0.0,,,0.0,
2016-08-28,48.0,6.82,0.0,,,0.0,
2016-08-29,47.0,27.16,0.0,,,0.0,
2016-08-30,57.0,27.9,0.0,,,0.0,
2016-08-31,49.0,35.17,0.0,,,0.0,
2016-09-01,57.0,37.57,0.0,,,0.0,
2016-09-02,74.0,23.25,0.0,,,0.0,
2016-09-03,68.0,31.08,0.0,,,0.0,
2016-09-04,71.0,37.35,0.0,,,0.0,
2016-09-05,55.0,22.49,0.0,,,0.0,
2016-09-06,59.0,37.14,0.0,,,0.0,
2016-09-07,60.0,28.89,0.0,,,0.0,
2016-09-08,55.0,28.25,0.0,,,0.0,
2016-09-09,68.0,,0.0,,,0.0,
2016-09-10,84.0,43.95,0.0,,,0.0,
2016-09-11,64.0,24.72,0.0,,,0.0,
2016-09-12,60.0,,0.0,,,0.0,
2016-09-13,60.0,23.04,0.0,,,0.0,
2016-09-14,60.0,13.59,0.0,,,0.0,
2016-09-15,74.0,11.1,0.0,,,0.0,
2016-09-16,66.0,32.23,0.0,,,0.0,
2016-09-17,70.0,41.01,0.0,,,0.0,
2016-09-18,78.0,30.9,0.0,,,0.0,
2016-09-19,58.0,26.31,0.0,,,0.0,
2016-09-20,47.0,32.98,0.0,,,0.0,
2016-09-21,40.0,43.4,0.0,,,0.0,
2016-09-22,58.0,32.46,0.0,,,0.0,
2016-09-23,76.0,26.6,0.0,,,0.0,
2016-09-24,102.0,39.41,0.0,,,0.0,
2016-09-25,84.0,10.22,0.0,,,0.0,
2016-09-26,90.0,16.88,0.0,,,0.0,
2016-09-27,85.0,17.1,0.0,,,0.0,
2016-09-28,83.0,46.14,0.0,,,0.0,
2016-09-29,114.0,55.24,0.0,,,0.0,
2016-09-30,150.0,75.42,0.0,,,0.0,
2016-10-01,124.0,65.16,0.0,,,0.0,
2016-10-02,104.0,,0.0,,,0.0,
2016-10-03,114.0,,0.0,,,0.0,
2016-10-04,111.0,70.57,0.0,,,0.0,
2016-10-05,101.0,69.14,0.0,,,0.0,
2016-10-06,89.0,54.75,0.0,,,0.0,
2016-10-07,103.0,41.7,0.0,,,0.0,
2016-10-08,91.0,27.31,0.0,,,0.0,
2016-10-09,83.0,13.51,0.0,,,0.0,
2016-10-10,129.0,18.96,0.0,,,0.0,
2016-10-11,78.0,14.61,0.0,,,0.0,
2016-10-12,75.0,21.3,0.0,,,0.0,
2016-10-13,141.0,25.15,0.0,,,0.0,
2016-10-14,69.0,24.23,0.0,,,0.0,
2016-10-15,58.0,35.18,0.0,,,0.0,
2016-10-16,73.0,32.41,0.0,,,0.0,
2016-10-17,85.0,56.36,0.0,,,0.0,
2016-10-18,183.0,53.43,0.0,,,0.0,
2016-10-19,85.0,44.05,0.0,,,0.0,
2016-10-20,75.0,62.36,0.0,,,0.0,
2016-10-21,132.0,62.74,0.0,,,0.0,
2016-10-22,176.0,97.17,0.0,,,0.0,
2016-10-23,184.0,67.85,0.0,,,0.0,
2016-10-24,127.0,58.78,0.0,,,0.0,
2016-10-25,163.0,80.99,0.0,,,0.0,
2016-10-26,164.0,68.17,0.0,,,0.0,
2016-10-27,132.0,59.61,0.0,,,0.0,
2016-10-28,116.0,62.38,0.0,,,0.0,
2016-10-29,174.0,78.74,0.0,,,0.0,
2016-10-30,188.0,60.79,0.0,,,0.0,
2016-10-31,88.0,36.92,0.0,,,0.0,
2016-11-01,51.0,21.2,0.0,,,0.0,
2016-11-02,57.0,31.26,0.0,,,0.0,
2016-11-03,82.0,34.79,0.0,,,0.0,
2016-11-04,88.0,55.92,0.0,,,0.0,
2016-11-05,111.0,55.03,0.0,,,0.0,
2016-11-06,90.0,41.23,0.0,,,0.0,
2016-11-07,78.0,43.91,0.0,,,0.0,
2016-11-08,94.0,52.08,0.0,,,0.0,
2016-11-09,95.0,46.94,0.0,,,0.0,
2016-11-10,112.0,49.03,0.0,,,0.0,
2016-11-11,124.0,57.78,0.0,,,0.0,
2016-11-12,122.0,52.72,0.0,,,0.0,
2016-11-13,99.0,38.42,0.0,,,0.0,
2016-11-14,44.0,29.96,0.0,,,0.0,
2016-11-15,38.0,27.64,0.0,,,0.0,
2016-11-16,102.0,35.8,0.0,,,0.0,
2016-11-17,189.0,40.13,0.0,,,0.0,
2016-11-18,101.0,43.6,0.0,,,0.0,
2016-11-19,86.0,48.93,0.0,,,0.0,
2016-11-20,95.0,42.21,0.0,,,0.0,
2016-11-21,120.0,102.01,0.0,,,0.0,
2016-11-22,101.0,91.6,0.0,,,0.0,
2016-11-23,335.0,47.76,0.0,,,0.0,
2016-11-24,140.0,86.62,0.0,,,0.0,
2016-11-25,133.0,46.12,0.0,,,0.0,
2016-11-26,113.0,46.87,0.0,,,0.0,
2016-11-27,117.0,53.71,0.0,,,0.0,
2016-11-28,124.0,49.9,0.0,,,0.0,
2016-11-29,120.0,59.3,0.0,,,0.0,
2016-11-30,160.0,49.69,0.0,,,0.0,
2016-12-01,114.0,45.84,0.0,,,0.0,
2016-12-02,103.0,22.14,0.0,,,0.0,
2016-12-03,67.0,18.3,0.0,,,0.0,
2016-12-04,125.0,24.44,0.0,,,0.0,
2016-12-05,209.0,23.63,0.0,,,0.0,
2016-12-06,200.0,36.97,0.0,,,0.0,
2016-12-07,101.0,40.72,0.0,,,0.0,
2016-12-08,85.0,32.59,0.0,,,0.0,
2016-12-09,163.0,44.96,0.0,,,0.0,
2016-12-10,75.0,30.37,0.0,,,0.0,
2016-12-11,132.0,24.98,0.0,,,0.0,
2016-12-12,119.0,42.19,0.0,,,0.0,
2016-12-13,342.0,204.25,0.0,,,0.0,
2016-12-14,104.0,30.72,0.0,,,0.0,
2016-12-15,93.0,28.47,0.0,,,0.0,
2016-12-16,134.0,34.57,0.0,,,0.0,
2016-12-17,103.0,36.97,0.0,,,0.0,
2016-12-18,90.0,35.21,0.0,,,0.0,
2016-12-19,97.0,37.8,0.0,,,0.0,
2016-12-20,93.0,19.09,0.0,,,0.0,
2016-12-21,74.0,19.68,0.0,,,0.0,
2016-12-22,75.0,39.64,0.0,,,0.0,
2016-12-23,100.0,43.67,0.0,,,0.0,
2016-12-24,112.0,57.79,0.0,,,0.0,
2016-12-25,114.0,39.11,0.0,,,0.0,
2016-12-26,104.0,34.02,0.0,,,0.0,
2016-12-27,90.0,53.5,0.0,,,0.0,
2016-12-28,84.0,38.53,0.0,,,0.0,
2016-12-29,76.0,44.9,0.0,,,0.0,
2016-12-30,93.0,54.65,0.0,,,0.0,
2016-12-31,106.0,40.96,0.0,,,0.0,
2017-01-01,88.0,20.13,0.0,,,0.0,
2017-01-02,83.0,19.61,0.0,,,0.0,
2017-01-03,87.0,26.66,0.0,,,0.0,
2017-01-04,91.0,36.93,0.0,,,0.0,
2017-01-05,85.0,36.09,0.0,,,0.0,
2017-01-06,88.0,41.53,0.0,,,0.0,
2017-01-07,106.0,47.48,0.0,,,0.0,
2017-01-08,95.0,37.61,0.0,,,0.0,
2017-01-09,87.0,43.11,0.0,,,0.0,
2017-01-10,130.0,74.1,0.0,,,0.0,
2017-01-11,132.0,42.42,0.0,,,0.0,
2017-01-12,110.0,24.26,0.0,,,0.0,
2017-01-13,91.0,31.22,0.0,,,0.0,
2017-01-14,78.0,29.21,0.0,,,0.0,
2017-01-15,71.0,26.3,0.0,,,0.0,
2017-01-16,66.0,31.65,0.0,,,0.0,
2017-01-17,94.0,37.02,0.0,,,0.0,
2017-01-18,117.0,39.68,0.0,,,0.0,
2017-01-19,87.0,31.59,0.0,,,0.0,
2017-01-20,85.0,39.92,0.0,,,0.0,
2017-01-21,98.0,40.34,0.0,,,0.0,
2017-01-22,98.0,,0.0,,,0.0,
2017-01-23,111.0,49.45,0.0,,,0.0,
2017-01-24,100.0,41.55,0.0,,,0.0,
2017-01-25,168.0,34.96,0.0,,,0.0,
2017-01-26,182.0,27.04,0.0,,,0.0,
2017-01-27,174.0,23.36,0.0,,,0.0,
2017-01-28,210.0,10.26,0.0,,,0.0,
2017-01-29,214.0,6.8,0.0,,,0.0,
2017-01-30,230.0,31.79,0.0,,,0.0,
2017-01-31,97.0,37.81,0.0,,,0.0,
2017-02-01,101.0,27.42,0.0,,,0.0,
2017-02-02,94.0,49.35,0.0,,,0.0,
2017-02-03,207.0,32.16,0.0,,,0.0,
2017-02-04,270.0,32.08,0.0,,,0.0,
2017-02-05,269.0,29.93,0.0,,,0.0,
2017-02-06,273.0,32.73,0.0,,,0.0,
2017-02-07,238.0,43.1,0.0,,,0.0,
2017-02-08,200.0,41.94,0.0,,,0.0,
2017-02-09,69.0,38.04,0.0,,,0.0,
2017-02-10,77.0,36.09,0.0,,,0.0,
2017-02-11,109.0,29.54,0.0,,,0.0,
2017-02-12,80.0,27.65,0.0,,,0.0,
2017-02-13,59.0,30.98,0.0,,,0.0,
2017-02-14,71.0,34.94,0.0,,,0.0,
2017-02-15,83.0,40.41,0.0,,,0.0,
2017-02-16,83.0,34.8,0.0,,,0.0,
2017-02-17,95.0,47.98,0.0,,,0.0,
2017-02-18,96.0,47.56,0.0,,,0.0,
2017-02-19,92.0,41.4,0.0,,,0.0,
2017-02-20,90.0,53.85,0.0,,,0.0,
2017-02-21,104.0,52.93,0.0,,,0.0,
2017-02-22,106.0,42.13,0.0,,,0.0,
2017-02-23,99.0,44.09,0.0,,,0.0,
2017-02-24,83.0,42.73,0.0,,,0.0,
2017-02-25,75.0,40.96,0.0,,,0.0,
2017-02-26,73.0,35.66,0.0,,,0.0,
2017-02-27,70.0,37.55,0.0,,,0.0,
2017-02-28,71.0,31.19,0.0,,,0.0,
2017-03-01,71.0,39.98,0.0,,,0.0,
2017-03-02,75.0,36.36,0.0,,,0.0,
2017-03-03,104.0,29.87,0.0,,,0.0,
2017-03-04,57.0,28.41,0.0,,,0.0,
2017-03-05,59.0,23.15,0.0,,,0.0,
2017-03-06,54.0,26.67,0.0,,,0.0,
2017-03-07,59.0,27.87,0.0,,,0.0,
2017-03-08,102.0,31.78,0.0,,,0.0,
2017-03-09,72.0,32.53,0.0,,,0.0,
2017-03-10,66.0,29.4,0.0,,,0.0,
2017-03-11,56.0,28.94,0.0,,,0.0,
2017-03-12,66.0,27.07,0.0,,,0.0,
2017-03-13,55.0,42.64,0.0,,,0.0,
2017-03-14,69.0,21.93,0.0,,,0.0,
2017-03-15,44.0,17.99,0.0,,,0.0,
2017-03-16,54.0,27.59,0.0,,,0.0,
2017-03-17,98.0,39.28,0.0,,,0.0,
2017-03-18,99.0,32.33,0.0,,,0.0,
2017-03-19,95.0,32.31,0.0,,,0.0,
2017-03-20,87.0,38.73,0.0,,,0.0,
2017-03-21,83.0,36.42,0.0,,,0.0,
2017-03-22,74.0,43.96,0.0,,,0.0,
2017-03-23,89.0,44.26,0.0,,,0.0,
2017-03-24,140.0,67.75,0.0,,,0.0,
2017-03-25,104.0,47.51,0.0,,,0.0,
2017-03-26,99.0,53.63,0.0,,,0.0,
2017-03-27,90.0,40.42,0.0,,,0.0,
2017-03-28,82.0,55.94,0.0,,,0.0,
2017-03-29,112.0,41.83,0.0,,,0.0,
2017-03-30,90.0,46.83,0.0,,,0.0,
2017-03-31,112.0,55.9,0.0,,,0.0,
2017-04-01,124.0,51.65,0.0,,,0.0,
2017-04-02,113.0,32.61,0.0,,,0.0,
2017-04-03,117.0,39.37,0.0,,,0.0,
2017-04-04,120.0,36.85,0.0,,,0.0,
2017-04-05,94.0,29.5,0.0,,,0.0,
2017-04-06,110.0,29.52,0.0,,,0.0,
2017-04-07,94.0,31.08,0.0,,,0.0,
2017-04-08,82.0,36.66,0.0,,,0.0,
2017-04-09,75.0,29.29,0.0,,,0.0,
2017-04-10,99.0,43.0,0.0,,,0.0,
2017-04-11,99.0,31.18,0.0,,,0.0,
2017-04-12,78.0,50.84,0.0,,,0.0,
2017-04-13,108.0,50.54,0.0,,,0.0,
2017-04-14,107.0,51.33,0.0,,,0.0,
2017-04-15,106.0,35.01,0.0,,,0.0,
2017-04-16,105.0,29.02,0.0,,,0.0,
2017-04-17,86.0,34.86,0.0,,,0.0,
2017-04-18,77.0,38.46,0.0,,,0.0,
2017-04-19,92.0,38.13,0.0,,,0.0,
2017-04-20,81.0,29.75,0.0,,,0.0,
2017-04-21,75.0,21.53,0.0,,,0.0,
2017-04-22,64.0,25.46,0.0,,,0.0,
2017-04-23,50.0,28.49,0.0,,,0.0,
2017-04-24,59.0,34.85,0.0,,,0.0,
2017-04-25,66.0,29.88,0.0,,,0.0,
2017-04-26,92.0,33.95,0.0,,,0.0,
2017-04-27,87.0,40.01,0.0,,,0.0,
2017-04-28,96.0,62.07,0.0,,,0.0,
2017-04-29,139.0,38.44,0.0,,,0.0,
2017-04-30,65.0,13.3,0.0,,,0.0,
2017-05-01,77.0,20.32,0.0,,,0.0,
2017-05-02,60.0,24.2,0.0,,,0.0,
2017-05-03,84.0,66.24,0.0,,,0.0,
2017-05-04,94.0,42.2,0.0,,,0.0,
2017-05-05,80.0,28.27,0.0,,,0.0,
2017-05-06,89.0,40.02,0.0,,,0.0,
2017-05-07,98.0,30.26,0.0,,,0.0,
2017-05-08,82.0,27.66,0.0,,,0.0,
2017-05-09,69.0,32.01,0.0,,,0.0,
2017-05-10,41.0,23.19,0.0,,,0.0,
2017-05-11,53.0,28.52,0.0,,,0.0,
2017-05-12,68.0,50.58,0.0,,,0.0,
2017-05-13,156.0,120.56,0.0,,,0.0,
2017-05-14,101.0,25.22,0.0,,,0.0,
2017-05-15,52.0,14.94,0.0,,,0.0,
2017-05-16,56.0,19.1,0.0,,,0.0,
2017-05-17,67.0,22.93,0.0,,,0.0,
2017-05-18,70.0,36.58,0.0,,,0.0,
2017-05-19,64.0,20.87,0.0,,,0.0,
2017-05-20,50.0,17.43,0.0,,,0.0,
2017-05-21,59.0,12.53,0.0,,,0.0,
2017-05-22,44.0,16.58,0.0,,,0.0,
2017-05-23,58.0,25.83,0.0,,,0.0,
2017-05-24,62.0,19.58,0.0,,,0.0,
2017-05-25,57.0,21.39,0.0,,,0.0,
2017-05-26,66.0,24.85,0.0,,,0.0,
2017-05-27,47.0,18.21,0.0,,,0.0,
2017-05-28,41.0,19.75,0.0,,,0.0,
2017-05-29,43.0,21.08,0.0,,,0.0,
2017-05-30,46.0,23.2,0.0,,,0.0,
2017-05-31,42.0,22.87,0.0,,,0.0,
2017-06-01,54.0,22.79,0.0,,,0.0,
2017-06-02,52.0,20.19,0.0,,,0.0,
2017-06-03,42.0,20.98,0.0,,,0.0,
2017-06-04,28.0,13.39,0.0,,,0.0,
2017-06-05,29.0,21.81,0.0,,,0.0,
2017-06-06,54.0,22.93,0.0,,,0.0,
2017-06-07,47.0,22.94,0.0,,,0.0,
2017-06-08,51.0,20.75,0.0,,,0.0,
2017-06-09,55.0,23.65,0.0,,,0.0,
2017-06-10,54.0,19.78,0.0,,,0.0,
2017-06-11,51.0,16.51,0.0,,,0.0,
2017-06-12,45.0,19.12,0.0,,,0.0,
2017-06-13,44.0,21.6,0.0,,,0.0,
2017-06-14,59.0,19.77,0.0,,,0.0,
2017-06-15,76.0,24.56,0.0,,,0.0,
2017-06-16,65.0,24.66,0.0,,,0.0,
2017-06-17,60.0,24.18,0.0,,,0.0,
2017-06-18,57.0,17.82,0.0,,,0.0,
2017-06-19,50.0,16.61,0.0,,,0.0,
2017-06-20,53.0,24.03,0.0,,,0.0,
2017-06-21,70.0,19.58,0.0,,,0.0,
2017-06-22,60.0,21.05,0.0,,,0.0,
2017-06-23,54.0,24.53,0.0,,,0.0,
2017-06-24,60.0,25.35,0.0,,,0.0,
2017-06-25,71.0,25.16,0.0,,,0.0,
2017-06-26,138.0,31.13,0.0,,,0.0,
2017-06-27,78.0,37.61,0.0,,,0.0,
2017-06-28,82.0,37.34,0.0,,,0.0,
2017-06-29,76.0,36.44,0.0,,,0.0,
2017-06-30,76.0,35.4,0.0,,,0.0,
2017-07-01,92.0,25.33,0.0,,,0.0,
2017-07-02,160.0,30.07,0.0,,,0.0,
2017-07-03,92.0,25.82,0.0,,,0.0,
2017-07-04,85.0,,0.0,,,0.0,
2017-07-05,93.0,,0.0,,,0.0,
2017-07-06,87.0,,0.0,,,0.0,
2017-07-08,108.0,313.59,0.0,,,0.0,
2017-07-09,112.0,35.29,0.0,,,0.0,
2017-07-10,102.0,33.44,0.0,,,0.0,
2017-07-11,78.0,29.38,0.0,,,0.0,
2017-07-12,67.0,27.64,0.0,,,0.0,
2017-07-13,74.0,28.97,0.0,,,0.0,
2017-07-14,72.0,22.68,0.0,,,0.0,
2017-07-15,82.0,22.43,0.0,,,0.0,
2017-07-16,61.0,17.2,0.0,,,0.0,
2017-07-17,68.0,21.05,0.0,,,0.0,
2017-07-18,68.0,18.45,0.0,,,0.0,
2017-07-19,60.0,16.44,0.0,,,0.0,
2017-07-20,61.0,31.68,0.0,,,0.0,
2017-07-21,111.0,21.53,0.0,,,0.0,
2017-07-22,132.0,20.15,0.0,,,0.0,
2017-07-23,107.0,17.34,0.0,,,0.0,
2017-07-24,109.0,24.23,0.0,,,0.0,
2017-07-25,164.0,28.54,0.0,,,0.0,
2017-07-26,85.0,23.68,0.0,,,0.0,
2017-07-27,83.0,24.49,0.0,,,0.0,
2017-07-28,122.0,21.77,0.0,,,0.0,
2017-07-29,119.0,27.91,0.0,,,0.0,
2017-07-30,94.0,22.36,0.0,,,0.0,
2017-07-31,89.0,27.27,0.0,,,0.0,
2017-08-01,136.0,26.57,0.0,,,0.0,
2017-08-02,130.0,20.74,0.0,,,0.0,
2017-08-03,160.0,17.67,0.0,,,0.0,
2017-08-04,55.0,13.74,0.0,,,0.0,
2017-08-05,106.0,17.69,0.0,,,0.0,
2017-08-06,127.0,15.21,0.0,,,0.0,
2017-08-07,176.0,22.82,0.0,,,0.0,
2017-08-08,143.0,21.07,0.0,,,0.0,
2017-08-09,74.0,22.31,0.0,,,0.0,
2017-08-10,50.0,14.14,0.0,,,0.0,
2017-08-11,56.0,10.11,0.0,,,0.0,
2017-08-12,50.0,3.91,0.0,,,0.0,
2017-08-13,67.0,4.69,0.0,,,0.0,
2017-08-14,82.0,19.41,0.0,,,0.0,
2017-08-15,70.0,20.88,0.0,,,0.0,
2017-08-16,65.0,17.91,0.0,,,0.0,
2017-08-17,70.0,18.42,0.0,,,0.0,
2017-08-18,64.0,14.92,0.0,,,0.0,
2017-08-19,57.0,18.66,0.0,,,0.0,
2017-08-20,63.0,10.89,0.0,,,0.0,
2017-08-21,48.0,14.53,0.0,,,0.0,
2017-08-22,63.0,18.87,0.0,,,0.0,
2017-08-23,62.0,18.18,0.0,,,0.0,
2017-08-24,68.0,59.05,0.0,,,0.0,
2017-08-25,172.0,97.97,0.0,,,0.0,
2017-08-26,91.0,14.19,0.0,,,0.0,
2017-08-27,39.0,11.71,0.0,,,0.0,
2017-08-28,47.0,17.58,0.0,,,0.0,
2017-08-29,57.0,16.33,0.0,,,0.0,
2017-08-30,56.0,20.42,0.0,,,0.0,
2017-08-31,69.0,24.96,0.0,,,0.0,
2017-09-01,200.0,158.67,0.0,,,0.0,
2017-09-02,135.0,114.92,0.0,,,0.0,
2017-09-03,107.0,14.2,0.0,,,0.0,
2017-09-04,74.0,39.74,0.0,,,0.0,
2017-09-05,79.0,14.2,0.0,,,0.0,
2017-09-06,101.0,21.2,0.0,,,0.0,
2017-09-07,60.0,9.57,0.0,,,0.0,
2017-09-08,75.0,32.86,0.0,,,0.0,
2017-09-09,114.0,22.63,0.0,,,0.0,
2017-09-10,57.0,14.52,0.0,,,0.0,
2017-09-11,68.0,15.27,0.0,,,0.0,
2017-09-12,68.0,17.48,0.0,,,0.0,
2017-09-13,59.0,16.5,0.0,,,0.0,
2017-09-14,63.0,14.05,0.0,,,0.0,
2017-09-15,52.0,8.58,0.0,,,0.0,
2017-09-16,49.0,8.49,0.0,,,0.0,
2017-09-17,40.0,7.02,0.0,,,0.0,
2017-09-18,43.0,8.57,0.0,,,0.0,
2017-09-19,44.0,7.68,0.0,,,0.0,
2017-09-20,52.0,10.21,0.0,,,0.0,
2017-09-21,51.0,12.64,0.0,,,0.0,
2017-09-22,51.0,17.93,0.0,,,0.0,
2017-09-23,76.0,21.62,0.0,,,0.0,
2017-09-24,76.0,23.7,0.0,,,0.0,
2017-09-25,57.0,19.26,0.0,,,0.0,
2017-09-26,65.0,22.47,0.0,,,0.0,
2017-09-27,83.0,28.3,0.0,,,0.0,
2017-09-28,56.0,21.59,0.0,,,0.0,
2017-09-29,58.0,22.36,0.0,,,0.0,
2017-09-30,61.0,30.65,0.0,,,0.0,
2017-10-01,66.0,20.01,0.0,,,0.0,
2017-10-02,69.0,20.5,0.0,,,0.0,
2017-10-03,62.0,22.85,0.0,,,0.0,
2017-10-04,125.0,121.63,0.0,,,0.0,
2017-10-05,126.0,21.36,0.0,,,0.0,
2017-10-06,80.0,24.73,0.0,,,0.0,
2017-10-07,70.0,29.16,0.0,,,0.0,
2017-10-08,104.0,78.14,0.0,,,0.0,
2017-10-09,83.0,26.08,0.0,,,0.0,
2017-10-10,130.0,32.21,0.0,,,0.0,
2017-10-11,79.0,22.5,0.0,,,0.0,
2017-10-12,71.0,27.29,0.0,,,0.0,
2017-10-13,61.0,24.83,0.0,,,0.0,
2017-10-14,67.0,32.61,0.0,,,0.0,
2017-10-15,73.0,40.34,0.0,,,0.0,
2017-10-16,58.0,21.63,0.0,,,0.0,
2017-10-17,64.0,27.86,0.0,,,0.0,
2017-10-18,98.0,39.39,0.0,,,0.0,
2017-10-19,98.0,44.66,0.0,,,0.0,
2017-10-20,177.0,79.76,0.0,,,0.0,
2017-10-21,129.0,39.67,0.0,,,0.0,
2017-10-22,79.0,22.44,0.0,,,0.0,
2017-10-23,80.0,26.85,0.0,,,0.0,
2017-10-24,94.0,42.56,0.0,,,0.0,
2017-10-25,96.0,35.29,0.0,,,0.0,
2017-10-26,75.0,25.49,0.0,,,0.0,
2017-10-27,66.0,26.03,0.0,,,0.0,
2017-10-28,80.0,37.38,0.0,,,0.0,
2017-10-29,98.0,47.47,0.0,,,0.0,
2017-10-30,102.0,45.49,0.0,,,0.0,
2017-10-31,120.0,122.41,0.0,,,0.0,
2017-11-01,141.0,39.88,0.0,,,0.0,
2017-11-02,120.0,66.54,0.0,,,0.0,
2017-11-03,159.0,58.73,0.0,,,0.0,
2017-11-04,125.0,41.02,0.0,,,0.0,
2017-11-05,59.0,26.7,0.0,,,0.0,
2017-11-06,49.0,22.05,0.0,,,0.0,
2017-11-07,68.0,27.98,0.0,,,0.0,
2017-11-08,54.0,26.89,0.0,,,0.0,
2017-11-09,70.0,25.94,0.0,,,0.0,
2017-11-10,75.0,31.21,0.0,,,0.0,
2017-11-11,77.0,32.87,0.0,,,0.0,
2017-11-12,69.0,26.99,0.0,,,0.0,
2017-11-13,65.0,30.4,0.0,,,0.0,
2017-11-14,68.0,26.94,0.0,,,0.0,
2017-11-15,66.0,30.7,0.0,,,0.0,
2017-11-16,76.0,37.93,0.0,,,0.0,
2017-11-17,81.0,35.72,0.0,,,0.0,
2017-11-18,64.0,34.96,0.0,,,0.0,
2017-11-19,68.0,30.66,0.0,,,0.0,
2017-11-20,62.0,32.21,0.0,,,0.0,
2017-11-21,60.0,25.79,0.0,,,0.0,
2017-11-22,65.0,44.84,0.0,,,0.0,
2017-11-23,87.0,38.07,0.0,,,0.0,
2017-11-24,82.0,17.64,0.0,,,0.0,
2017-11-25,72.0,17.81,0.0,,,0.0,
2017-11-26,69.0,15.67,0.0,,,0.0,
2017-11-27,58.0,10.7,0.0,,,0.0,
2017-11-28,58.0,11.46,0.0,,,0.0,
2017-11-29,82.0,197.41,0.0,,,0.0,
2017-11-30,68.0,74.5,0.0,,,0.0,
2017-12-01,53.0,1.76,0.0,,,0.0,
2017-12-02,26.0,1.72,0.0,,,0.0,
2017-12-03,54.0,32.42,0.0,,,0.0,
2017-12-04,68.0,18.72,0.0,,,0.0,
2017-12-05,63.0,11.27,0.0,,,0.0,
2017-12-06,83.0,93.7,0.0,,,0.0,
2017-12-07,96.0,70.22,0.0,,,0.0,
2017-12-08,120.0,103.18,0.0,,,0.0,
2017-12-09,148.0,90.59,0.0,,,0.0,
2017-12-10,133.0,81.28,0.0,,,0.0,
2017-12-11,143.0,63.5,0.0,,,0.0,
2017-12-12,86.0,,0.0,,,0.0,
2017-12-13,75.0,,0.0,,,0.0,
2017-12-14,86.0,161.35,0.0,,,0.0,
2017-12-15,122.0,85.57,0.0,,,0.0,
2017-12-16,119.0,75.91,0.0,,,0.0,
2017-12-17,100.0,79.75,0.0,,,0.0,
2017-12-18,108.0,84.85,0.0,,,0.0,
2017-12-19,112.0,76.92,0.0,,,0.0,
2017-12-20,110.0,107.9,0.0,,,0.0,
2017-12-21,131.0,84.55,0.0,,,0.0,
2017-12-22,93.0,71.71,0.0,,,0.0,
2017-12-23,91.0,56.14,0.0,,,0.0,
2017-12-24,70.0,48.78,0.0,,,0.0,
2017-12-25,91.0,159.52,0.0,,,0.0,
2017-12-26,174.0,63.3,0.0,,,0.0,
2017-12-27,99.0,73.7,0.0,,,0.0,
2017-12-28,109.0,62.76,0.0,,,0.0,
2017-12-29,85.0,32.57,0.0,,,0.0,
2017-12-30,77.0,26.74,0.0,,,0.0,
2017-12-31,72.0,18.29,0.0,,,0.0,
2018-01-01,73.0,38.06,0.0,,,0.0,
2018-01-02,86.0,35.12,0.0,,,0.0,
2018-01-03,84.0,28.84,0.0,,,0.0,
2018-01-04,86.0,24.57,0.0,,,0.0,
2018-01-05,95.0,24.31,0.0,,,0.0,
2018-01-06,102.0,30.02,0.0,,,0.0,
2018-01-07,104.0,40.05,0.0,,,0.0,
2018-01-08,93.0,34.88,0.0,,,0.0,
2018-01-09,84.0,28.74,0.0,,,0.0,
2018-01-10,75.0,31.37,0.0,,,0.0,
2018-01-11,76.0,54.32,0.0,,,0.0,
2018-01-12,115.0,37.55,0.0,,,0.0,
2018-01-13,101.0,36.12,0.0,,,0.0,
2018-01-14,118.0,34.43,0.0,,,0.0,
2018-01-15,98.0,38.84,0.0,,,0.0,
2018-01-16,92.0,41.35,0.0,,,0.0,
2018-01-17,98.0,46.76,0.0,,,0.0,
2018-01-18,100.0,37.73,0.0,,,0.0,
2018-01-19,104.0,55.0,0.0,,,0.0,
2018-01-20,122.0,33.34,0.0,,,0.0,
2018-01-21,103.0,33.55,0.0,,,0.0,
2018-01-22,96.0,39.03,0.0,,,0.0,
2018-01-23,102.0,48.08,0.0,,,0.0,
2018-01-24,104.0,45.88,0.0,,,0.0,
2018-01-25,101.0,39.93,0.0,,,0.0,
2018-01-26,98.0,39.28,0.0,,,0.0,
2018-01-27,104.0,47.03,0.0,,,0.0,
2018-01-28,109.0,39.38,0.0,,,0.0,
2018-01-29,94.0,33.47,0.0,,,0.0,
2018-01-30,99.0,53.56,0.0,,,0.0,
2018-01-31,109.0,37.93,0.0,,,0.0,
2018-02-01,94.0,33.99,0.0,,,0.0,
2018-02-02,118.0,29.63,0.0,,,0.0,
2018-02-03,88.0,28.81,0.0,,,0.0,
2018-02-04,87.0,23.31,0.0,,,0.0,
2018-02-05,81.0,29.23,0.0,,,0.0,
2018-02-06,85.0,32.55,0.0,,,0.0,
2018-02-07,79.0,30.93,0.0,,,0.0,
2018-02-08,80.0,35.48,0.0,,,0.0,
2018-02-09,95.0,37.87,0.0,,,0.0,
2018-02-10,83.0,30.34,0.0,,,0.0,
2018-02-11,76.0,28.29,0.0,,,0.0,
2018-02-12,74.0,27.9,0.0,,,0.0,
2018-02-13,78.0,30.53,0.0,,,0.0,
2018-02-14,71.0,32.43,0.0,,,0.0,
2018-02-15,71.0,30.19,0.0,,,0.0,
2018-02-16,70.0,29.62,0.0,,,0.0,
2018-02-17,77.0,32.11,0.0,,,0.0,
2018-02-18,83.0,27.53,0.0,,,0.0,
2018-02-19,82.0,28.6,0.0,,,0.0,
2018-02-20,81.0,28.89,0.0,,,0.0,
2018-02-21,80.0,34.62,0.0,,,0.0,
2018-02-22,82.0,37.13,0.0,,,0.0,
2018-02-23,83.0,34.6,0.0,,,0.0,
2018-02-24,81.0,26.41,0.0,,,0.0,
2018-02-25,69.0,21.87,0.0,,,0.0,
2018-02-26,68.0,21.31,0.0,,,0.0,
2018-02-27,71.0,23.35,0.0,,,0.0,
2018-02-28,81.0,29.3,0.0,,,0.0,
2018-03-01,83.0,29.48,0.0,,,0.0,
2018-03-02,87.0,30.38,0.0,,,0.0,
2018-03-03,92.0,38.39,0.0,,,0.0,
2018-03-04,84.0,36.56,0.0,,,0.0,
2018-03-05,86.0,30.79,0.0,,,0.0,
2018-03-06,87.0,32.09,0.0,,,0.0,
2018-03-07,90.0,33.88,0.0,,,0.0,
2018-03-08,99.0,41.37,0.0,,,0.0,
2018-03-09,104.0,59.48,0.0,,,0.0,
2018-03-10,109.0,59.82,0.0,,,0.0,
2018-03-11,106.0,45.19,0.0,,,0.0,
2018-03-12,92.0,35.82,0.0,,,0.0,
2018-03-13,76.0,20.49,0.0,,,0.0,
2018-03-14,75.0,29.23,0.0,,,0.0,
2018-03-15,77.0,26.46,0.0,,,0.0,
2018-03-16,71.0,19.13,0.0,,,0.0,
2018-03-17,74.0,23.01,0.0,,,0.0,
2018-03-18,53.0,20.75,0.0,,,0.0,
2018-03-19,61.0,31.94,0.0,,,0.0,
2018-03-20,97.0,43.91,0.0,,,0.0,
2018-03-21,124.0,42.72,0.0,,,0.0,
2018-03-22,135.0,31.78,0.0,,,0.0,
2018-03-23,127.0,40.18,0.0,,,0.0,
2018-03-24,100.0,37.72,0.0,,,0.0,
2018-03-25,98.0,38.84,0.0,,,0.0,
2018-03-26,100.0,,0.0,,,0.0,
2018-03-27,87.0,19.85,0.0,,,0.0,
2018-03-30,118.0,,0.0,,,0.0,
2018-03-31,104.0,,0.0,,,0.0,
2018-04-01,102.0,,0.0,,,0.0,
2018-04-02,107.0,,0.0,,,0.0,
2018-04-03,98.0,,0.0,,,0.0,
2018-04-04,108.0,,0.0,,,0.0,
2018-04-05,107.0,,0.0,,,0.0,
2018-04-06,108.0,,0.0,,,0.0,
2018-04-07,106.0,,0.0,,,0.0,
2018-04-08,103.0,,0.0,,,0.0,
2018-04-09,93.0,,0.0,,,0.0,
2018-04-12,88.0,,0.0,,,0.0,
2018-04-13,65.0,28.96,0.0,,,0.0,
2018-04-14,62.0,,0.0,,,0.0,
2018-04-15,65.0,,0.0,,,0.0,
2018-04-16,61.0,30.43,0.0,,,0.0,
2018-04-17,70.0,32.38,0.0,,,0.0,
2018-04-18,67.0,36.4,0.0,,,0.0,
2018-04-19,81.0,47.67,0.0,,,0.0,
2018-04-20,85.0,36.52,0.0,,,0.0,
2018-04-21,79.0,33.4,0.0,,,0.0,
2018-04-22,74.0,33.42,0.0,,,0.0,
2018-04-23,66.0,41.19,0.0,,,0.0,
2018-04-24,82.0,42.62,0.0,,,0.0,
2018-04-25,74.0,42.99,0.0,,,0.0,
2018-04-26,83.0,49.93,0.0,,,0.0,
2018-04-27,103.0,44.12,0.0,,,0.0,
2018-04-28,82.0,39.22,0.0,,,0.0,
2018-04-29,81.0,44.57,0.0,,,0.0,
2018-04-30,100.0,187.49,0.0,,,0.0,
2018-05-01,352.0,59.11,0.0,,,0.0,
2018-05-02,114.0,65.71,0.0,,,0.0,
2018-05-03,98.0,44.58,0.0,,,0.0,
2018-05-04,73.0,113.31,0.0,,,0.0,
2018-05-05,144.0,62.35,0.0,,,0.0,
2018-05-06,99.0,79.0,0.0,,,0.0,
2018-05-07,151.0,50.52,0.0,,,0.0,
2018-05-08,113.0,55.88,0.0,,,0.0,
2018-05-09,76.0,32.46,0.0,,,0.0,
2018-05-10,65.0,28.99,0.0,,,0.0,
2018-05-11,59.0,27.03,0.0,,,0.0,
2018-05-12,62.0,27.01,0.0,,,0.0,
2018-05-13,60.0,26.73,0.0,,,0.0,
2018-05-14,69.0,33.13,0.0,,,0.0,
2018-05-15,64.0,35.64,0.0,,,0.0,
2018-05-16,61.0,34.36,0.0,,,0.0,
2018-05-17,65.0,39.69,0.0,,,0.0,
2018-05-18,92.0,43.05,0.0,,,0.0,
2018-05-19,98.0,45.09,0.0,,,0.0,
2018-05-20,80.0,47.83,0.0,,,0.0,
2018-05-21,71.0,52.64,0.0,,,0.0,
2018-05-22,90.0,59.24,0.0,,,0.0,
2018-05-23,117.0,62.6,0.0,,,0.0,
2018-05-24,70.0,35.4,0.0,,,0.0,
2018-05-25,73.0,46.14,0.0,,,0.0,
2018-05-26,76.0,33.64,0.0,,,0.0,
2018-05-27,89.0,41.73,0.0,,,0.0,
2018-05-28,80.0,29.29,0.0,,,0.0,
2018-05-29,67.0,16.92,0.0,,,0.0,
2018-05-30,60.0,35.67,0.0,,,0.0,
2018-05-31,73.0,33.16,0.0,,,0.0,
2018-06-01,68.0,42.07,0.0,,,0.0,
2018-06-02,86.0,44.47,0.0,,,0.0,
2018-06-03,88.0,38.79,0.0,,,0.0,
2018-06-04,60.0,23.35,0.0,,,0.0,
2018-06-05,61.0,25.5,0.0,,,0.0,
2018-06-06,63.0,22.77,0.0,,,0.0,
2018-06-07,70.0,25.27,0.0,,,0.0,
2018-06-08,50.0,19.28,0.0,,,0.0,
2018-06-09,52.0,19.32,0.0,,,0.0,
2018-06-10,51.0,18.93,0.0,,,0.0,
2018-06-11,65.0,23.76,0.0,,,0.0,
2018-06-12,50.0,23.78,0.0,,,0.0,
2018-06-13,49.0,27.34,0.0,,,0.0,
2018-06-14,61.0,31.79,0.0,,,0.0,
2018-06-15,83.0,61.43,0.0,,,0.0,
2018-06-16,106.0,22.24,0.0,,,0.0,
2018-06-17,55.0,17.38,0.0,,,0.0,
2018-06-18,69.0,13.38,0.0,,,0.0,
2018-06-19,81.0,32.62,0.0,,,0.0,
2018-06-20,69.0,13.64,0.0,,,0.0,
2018-06-21,64.0,16.71,0.0,,,0.0,
2018-06-22,64.0,18.94,0.0,,,0.0,
2018-06-23,66.0,23.76,0.0,,,0.0,
2018-06-24,64.0,21.84,0.0,,,0.0,
2018-06-25,87.0,51.82,0.0,,,0.0,
2018-06-26,92.0,32.62,0.0,,,0.0,
2018-06-27,60.0,11.68,0.0,,,0.0,
2018-06-28,57.0,9.23,0.0,,,0.0,
2018-06-29,51.0,11.93,0.0,,,0.0,
2018-06-30,66.0,18.23,0.0,,,0.0,
2018-07-01,72.0,19.15,0.0,,,0.0,
2018-07-02,63.0,16.29,0.0,,,0.0,
2018-07-03,63.0,21.63,0.0,,,0.0,
2018-07-04,60.0,18.55,0.0,,,0.0,
2018-07-05,61.0,20.36,0.0,,,0.0,
2018-07-06,65.0,21.44,0.0,,,0.0,
2018-07-07,56.0,15.56,0.0,,,0.0,
2018-07-08,62.0,22.83,0.0,,,0.0,
2018-07-09,66.0,21.11,0.0,,,0.0,
2018-07-10,63.0,36.65,0.0,,,0.0,
2018-07-11,78.0,20.8,0.0,,,0.0,
2018-07-12,56.0,17.82,0.0,,,0.0,
2018-07-13,53.0,16.63,0.0,,,0.0,
2018-07-14,57.0,18.87,0.0,,,0.0,
2018-07-15,62.0,17.08,0.0,,,0.0,
2018-07-16,59.0,19.93,0.0,,,0.0,
2018-07-17,60.0,16.98,0.0,,,0.0,
2018-07-18,57.0,18.83,0.0,,,0.0,
2018-07-19,59.0,16.82,0.0,,,0.0,
2018-07-20,52.0,15.52,0.0,,,0.0,
2018-07-21,59.0,17.44,0.0,,,0.0,
2018-07-22,60.0,18.63,0.0,,,0.0,
2018-07-23,65.0,19.86,0.0,,,0.0,
2018-07-24,64.0,17.85,0.0,,,0.0,
2018-07-25,59.0,17.62,0.0,,,0.0,
2018-07-26,65.0,20.0,0.0,,,0.0,
2018-07-27,68.0,22.28,0.0,,,0.0,
2018-07-28,59.0,21.05,0.0,,,0.0,
2018-07-29,66.0,20.1,0.0,,,0.0,
2018-07-30,64.0,22.92,0.0,,,0.0,
2018-07-31,62.0,20.96,0.0,,,0.0,
2018-08-01,66.0,20.59,0.0,,,0.0,
2018-08-02,68.0,20.73,0.0,,,0.0,
2018-08-03,72.0,23.34,0.0,,,0.0,
2018-08-04,77.0,27.61,0.0,,,0.0,
2018-08-05,77.0,20.75,0.0,,,0.0,
2018-08-06,67.0,23.63,0.0,,,0.0,
2018-08-07,67.0,18.24,0.0,,,0.0,
2018-08-08,60.0,18.35,0.0,,,0.0,
2018-08-09,58.0,17.33,0.0,,,0.0,
2018-08-10,60.0,18.24,0.0,,,0.0,
2018-08-11,56.0,18.6,0.0,,,0.0,
2018-08-12,57.0,10.61,0.0,,,0.0,
2018-08-13,53.0,11.4,0.0,,,0.0,
2018-08-14,60.0,13.1,0.0,,,0.0,
2018-08-15,59.0,15.35,0.0,,,0.0,
2018-08-16,52.0,12.86,0.0,,,0.0,
2018-08-17,48.0,16.77,0.0,,,0.0,
2018-08-18,57.0,20.09,0.0,,,0.0,
2018-08-19,59.0,16.78,0.0,,,0.0,
2018-08-20,53.0,24.78,0.0,,,0.0,
2018-08-21,69.0,20.61,0.0,,,0.0,
2018-08-22,65.0,20.75,0.0,,,0.0,
2018-08-23,63.0,17.29,0.0,,,0.0,
2018-08-24,62.0,18.74,0.0,,,0.0,
2018-08-25,67.0,22.36,0.0,,,0.0,
2018-08-26,70.0,18.42,0.0,,,0.0,
2018-08-27,62.0,19.86,0.0,,,0.0,
2018-08-28,64.0,21.93,0.0,,,0.0,
2018-08-29,68.0,20.52,0.0,,,0.0,
2018-08-30,68.0,23.33,0.0,,,0.0,
2018-08-31,64.0,19.74,0.0,,,0.0,
2018-09-01,68.0,23.62,0.0,,,0.0,
2018-09-02,66.0,21.84,0.0,,,0.0,
2018-09-03,63.0,25.06,0.0,,,0.0,
2018-09-04,76.0,32.78,0.0,,,0.0,
2018-09-05,78.0,25.32,0.0,,,0.0,
2018-09-06,66.0,25.21,0.0,,,0.0,
2018-09-07,70.0,27.2,0.0,,,0.0,
2018-09-08,63.0,18.32,0.0,,,0.0,
2018-09-09,64.0,19.07,0.0,,,0.0,
2018-09-10,73.0,28.1,0.0,,,0.0,
2018-09-11,90.0,30.34,0.0,,,0.0,
2018-09-12,91.0,24.47,0.0,,,0.0,
2018-09-13,88.0,29.84,0.0,,,0.0,
2018-09-14,94.0,27.72,0.0,,,0.0,
2018-09-15,77.0,24.1,0.0,,,0.0,
2018-09-16,73.0,24.43,0.0,,,0.0,
2018-09-17,74.0,19.03,0.0,,,0.0,
2018-09-18,65.0,19.86,0.0,,,0.0,
2018-09-19,65.0,20.21,0.0,,,0.0,
2018-09-20,79.0,25.55,0.0,,,0.0,
2018-09-21,87.0,26.75,0.0,,,0.0,
2018-09-22,77.0,24.45,0.0,,,0.0,
2018-09-23,87.0,30.84,0.0,,,0.0,
2018-09-24,85.0,22.6,0.0,,,0.0,
2018-09-25,78.0,26.76,0.0,,,0.0,
2018-09-26,85.0,31.25,0.0,,,0.0,
2018-09-27,80.0,29.24,0.0,,,0.0,
2018-09-28,78.0,26.36,0.0,,,0.0,
2018-09-29,75.0,17.35,0.0,,,0.0,
2018-09-30,70.0,25.28,0.0,,,0.0,
2018-10-01,82.0,21.61,0.0,,,0.0,
2018-10-02,67.0,14.51,0.0,,,0.0,
2018-10-03,65.0,15.17,0.0,,,0.0,
2018-10-04,65.0,21.47,0.0,,,0.0,
2018-10-05,62.0,13.99,0.0,,,0.0,
2018-10-06,56.0,14.0,0.0,,,0.0,
2018-10-07,62.0,20.86,0.0,,,0.0,
2018-10-08,73.0,32.94,0.0,,,0.0,
2018-10-09,80.0,31.82,0.0,,,0.0,
2018-10-10,93.0,40.93,0.0,,,0.0,
2018-10-11,110.0,55.08,0.0,,,0.0,
2018-10-12,115.0,56.31,0.0,,,0.0,
2018-10-13,167.0,72.74,0.0,,,0.0,
2018-10-14,116.0,48.48,0.0,,,0.0,
2018-10-15,88.0,41.44,0.0,,,0.0,
2018-10-16,90.0,35.37,0.0,,,0.0,
2018-10-17,75.0,19.99,0.0,,,0.0,
2018-10-18,116.0,62.95,0.0,,,0.0,
2018-10-19,81.0,20.75,0.0,,,0.0,
2018-10-20,71.0,25.61,0.0,,,0.0,
2018-10-21,88.0,36.42,0.0,,,0.0,
2018-10-22,102.0,37.81,0.0,,,0.0,
2018-10-23,119.0,49.17,0.0,,,0.0,
2018-10-24,132.0,62.67,0.0,,,0.0,
2018-10-25,110.0,46.34,0.0,,,0.0,
2018-10-26,101.0,50.19,0.0,,,0.0,
2018-10-27,107.0,39.65,0.0,,,0.0,
2018-10-28,108.0,37.32,0.0,,,0.0,
2018-10-29,103.0,36.11,0.0,,,0.0,
2018-10-30,125.0,40.12,0.0,,,0.0,
2018-10-31,107.0,40.02,0.0,,,0.0,
2018-11-01,92.0,20.96,0.0,,,0.0,
2018-11-02,84.0,17.57,0.0,,,0.0,
2018-11-03,82.0,21.42,0.0,,,0.0,
2018-11-04,74.0,21.84,0.0,,,0.0,
2018-11-05,81.0,23.98,0.0,,,0.0,
2018-11-06,110.0,41.38,0.0,,,0.0,
2018-11-07,97.0,57.03,0.0,,,0.0,
2018-11-08,144.0,61.98,0.0,,,0.0,
2018-11-09,94.0,33.68,0.0,,,0.0,
2018-11-10,96.0,50.36,0.0,,,0.0,
2018-11-11,105.0,55.48,0.0,,,0.0,
2018-11-12,113.0,63.66,0.0,,,0.0,
2018-11-13,143.0,71.05,0.0,,,0.0,
2018-11-14,143.0,77.53,0.0,,,0.0,
2018-11-15,141.0,58.35,0.0,,,0.0,
2018-11-16,88.0,25.1,0.0,,,0.0,
2018-11-17,84.0,49.2,0.0,,,0.0,
2018-11-18,91.0,41.2,0.0,,,0.0,
2018-11-19,77.0,19.95,0.0,,,0.0,
2018-11-20,77.0,25.85,0.0,,,0.0,
2018-11-21,81.0,33.31,0.0,,,0.0,
2018-11-22,73.0,17.95,0.0,,,0.0,
2018-11-23,79.0,25.58,0.0,,,0.0,
2018-11-24,144.0,108.3,0.0,,,0.0,
2018-11-25,142.0,61.34,0.0,,,0.0,
2018-11-26,124.0,71.66,0.0,,,0.0,
2018-11-27,127.0,54.73,0.0,,,0.0,
2018-11-28,127.0,59.58,0.0,,,0.0,
2018-11-29,119.0,42.06,0.0,,,0.0,
2018-11-30,94.0,43.16,0.0,,,0.0,
2018-12-01,86.0,40.67,0.0,,,0.0,
2018-12-02,92.0,28.25,0.0,,,0.0,
2018-12-03,73.0,33.56,0.0,,,0.0,
2018-12-04,75.0,25.83,0.0,,,0.0,
2018-12-05,106.0,51.43,0.0,,,0.0,
2018-12-06,87.0,29.32,0.0,,,0.0,
2018-12-07,90.0,37.49,0.0,,,0.0,
2018-12-08,119.0,61.0,0.0,,,0.0,
2018-12-09,128.0,63.28,0.0,,,0.0,
2018-12-10,157.0,75.78,0.0,,,0.0,
2018-12-11,180.0,88.98,0.0,,,0.0,
2018-12-12,179.0,78.59,0.0,,,0.0,
2018-12-13,148.0,67.36,0.0,,,0.0,
2018-12-14,103.0,48.45,0.0,,,0.0,
2018-12-15,85.0,47.62,0.0,,,0.0,
2018-12-16,112.0,64.42,0.0,,,0.0,
2018-12-17,146.0,86.94,0.0,,,0.0,
2018-12-18,225.0,98.84,0.0,,,0.0,
2018-12-19,142.0,61.84,0.0,,,0.0,
2018-12-20,130.0,45.7,0.0,,,0.0,
2018-12-21,116.0,51.63,0.0,,,0.0,
2018-12-22,109.0,42.57,0.0,,,0.0,
2018-12-23,87.0,37.34,0.0,,,0.0,
2018-12-24,79.0,43.13,0.0,,,0.0,
2018-12-25,103.0,57.89,0.0,,,0.0,
2018-12-26,118.0,59.38,0.0,,,0.0,
2018-12-27,117.0,57.28,0.0,,,0.0,
2018-12-28,123.0,68.37,0.0,,,0.0,
2018-12-29,124.0,65.81,0.0,,,0.0,
2018-12-30,127.0,64.29,0.0,,,0.0,
2018-12-31,123.0,63.77,0.0,,,0.0,
2019-01-01,128.0,61.55,0.0,,,0.0,
2019-01-02,103.0,47.27,0.0,,,0.0,
2019-01-03,101.0,48.86,0.0,,,0.0,
2019-01-04,106.0,51.35,0.0,,,0.0,
2019-01-05,104.0,46.57,0.0,,,0.0,
2019-01-06,115.0,56.8,0.0,,,0.0,
2019-01-07,120.0,58.29,0.0,,,0.0,
2019-01-08,120.0,60.04,0.0,,,0.0,
2019-01-09,122.0,62.6,0.0,,,0.0,
2019-01-10,120.0,63.63,0.0,,,0.0,
2019-01-11,126.0,59.52,0.0,,,0.0,
2019-01-12,132.0,70.5,0.0,,,0.0,
2019-01-13,125.0,54.44,0.0,,,0.0,
2019-01-14,111.0,58.36,0.0,,,0.0,
2019-01-15,109.0,47.13,0.0,,,0.0,
2019-01-16,113.0,62.4,0.0,,,0.0,
2019-01-17,121.0,67.83,0.0,,,0.0,
2019-01-18,152.0,75.06,0.0,,,0.0,
2019-01-19,122.0,59.01,0.0,,,0.0,
2019-01-20,106.0,42.33,0.0,,,0.0,
2019-01-21,101.0,52.05,0.0,,,0.0,
2019-01-22,145.0,72.45,0.0,,,0.0,
2019-01-23,156.0,60.91,0.0,,,0.0,
2019-01-24,130.0,50.66,0.0,,,0.0,
2019-01-25,109.0,35.76,0.0,,,0.0,
2019-01-26,102.0,51.09,0.0,,,0.0,
2019-01-27,101.0,40.56,0.0,,,0.0,
2019-01-28,99.0,38.48,0.0,,,0.0,
2019-01-29,83.0,29.81,0.0,,,0.0,
2019-01-30,107.0,62.71,0.0,,,0.0,
2019-01-31,132.0,48.44,0.0,,,0.0,
2019-02-01,109.0,49.67,0.0,,,0.0,
2019-02-02,104.0,45.32,0.0,,,0.0,
2019-02-03,101.0,39.5,0.0,,,0.0,
2019-02-04,81.0,32.91,0.0,,,0.0,
2019-02-05,92.0,37.93,0.0,,,0.0,
2019-02-06,120.0,60.08,0.0,,,0.0,
2019-02-07,146.0,51.88,0.0,,,0.0,
2019-02-08,113.0,54.76,0.0,,,0.0,
2019-02-09,134.0,68.68,0.0,,,0.0,
2019-02-10,112.0,50.31,0.0,,,0.0,
2019-02-11,80.0,41.65,0.0,,,0.0,
2019-02-12,84.0,49.32,0.0,,,0.0,
2019-02-13,96.0,47.31,0.0,,,0.0,
2019-02-14,89.0,37.94,0.0,,,0.0,
2019-02-15,103.0,35.35,0.0,,,0.0,
2019-02-16,107.0,45.37,0.0,,,0.0,
2019-02-17,123.0,47.43,0.0,,,0.0,
2019-02-18,116.0,42.92,0.0,,,0.0,
2019-02-19,116.0,44.28,0.0,,,0.0,
2019-02-20,87.0,31.49,0.0,,,0.0,
2019-02-21,85.0,36.4,0.0,,,0.0,
2019-02-22,99.0,38.35,0.0,,,0.0,
2019-02-23,105.0,51.36,0.0,,,0.0,
2019-02-24,110.0,47.59,0.0,,,0.0,
2019-02-25,103.0,39.23,0.0,,,0.0,
2019-02-26,120.0,51.92,0.0,,,0.0,
2019-02-27,115.0,45.49,0.0,,,0.0,
2019-02-28,125.0,50.8,0.0,,,0.0,
2019-03-01,143.0,58.18,0.0,,,0.0,
2019-03-02,107.0,40.93,0.0,,,0.0,
2019-03-03,114.0,36.98,0.0,,,0.0,
2019-03-04,123.0,43.15,0.0,,,0.0,
2019-03-05,118.0,49.8,0.0,,,0.0,
2019-03-06,128.0,53.53,0.0,,,0.0,
2019-03-07,152.0,65.98,0.0,,,0.0,
2019-03-08,167.0,69.62,0.0,,,0.0,
2019-03-09,151.0,51.08,0.0,,,0.0,
2019-03-10,100.0,39.45,0.0,,,0.0,
2019-03-11,91.0,34.4,0.0,,,0.0,
2019-03-12,105.0,46.15,0.0,,,0.0,
2019-03-13,113.0,50.05,0.0,,,0.0,
2019-03-14,118.0,43.73,0.0,,,0.0,
2019-03-15,106.0,41.75,0.0,,,0.0,
2019-03-16,108.0,44.32,0.0,,,0.0,
2019-03-17,115.0,45.56,0.0,,,0.0,
2019-03-18,123.0,43.24,0.0,,,0.0,
2019-03-19,113.0,39.71,0.0,,,0.0,
2019-03-20,102.0,39.8,0.0,,,0.0,
2019-03-21,120.0,49.74,0.0,,,0.0,
2019-03-22,122.0,44.52,0.0,,,0.0,
2019-03-23,119.0,51.6,0.0,,,0.0,
2019-03-24,120.0,47.42,0.0,,,0.0,
2019-03-25,97.0,46.52,0.0,,,0.0,
2019-03-26,113.0,48.85,0.0,,,0.0,
2019-03-27,129.0,56.52,0.0,,,0.0,
2019-03-28,148.0,61.59,0.0,,,0.0,
2019-03-29,149.0,58.92,0.0,,,0.0,
2019-03-30,137.0,57.09,0.0,,,0.0,
2019-03-31,135.0,55.88,0.0,,,0.0,
2019-04-01,126.0,53.46,0.0,,,0.0,
2019-04-02,136.0,55.62,0.0,,,0.0,
2019-04-03,135.0,53.61,0.0,,,0.0,
2019-04-04,127.0,58.15,0.0,,,0.0,
2019-04-05,130.0,46.54,0.0,,,0.0,
2019-04-06,130.0,46.55,0.0,,,0.0,
2019-04-07,127.0,51.73,0.0,,,0.0,
2019-04-08,125.0,52.79,0.0,,,0.0,
2019-04-09,149.0,43.88,0.0,,,0.0,
2019-04-10,123.0,52.18,0.0,,,0.0,
2019-04-11,112.0,49.25,0.0,,,0.0,
2019-04-12,130.0,49.46,0.0,,,0.0,
2019-04-13,109.0,47.24,0.0,,,0.0,
2019-04-14,106.0,41.74,0.0,,,0.0,
2019-04-15,111.0,52.38,0.0,,,0.0,
2019-04-16,115.0,40.54,0.0,,,0.0,
2019-04-17,124.0,52.84,0.0,,,0.0,
2019-04-18,127.0,46.1,0.0,,,0.0,
2019-04-19,107.0,42.33,0.0,,,0.0,
2019-04-20,122.0,29.75,0.0,,,0.0,
2019-04-21,106.0,25.18,0.0,,,0.0,
2019-04-22,107.0,40.9,0.0,,,0.0,
2019-04-23,112.0,37.08,0.0,,,0.0,
2019-04-24,108.0,42.76,0.0,,,0.0,
2019-04-25,126.0,57.96,0.0,,,0.0,
2019-04-26,144.0,63.83,0.0,,,0.0,
2019-04-27,150.0,66.34,0.0,,,0.0,
2019-04-28,141.0,61.63,0.0,,,0.0,
2019-04-29,140.0,62.42,0.0,,,0.0,
2019-04-30,124.0,53.78,0.0,,,0.0,
2019-05-01,111.0,42.75,0.0,,,0.0,
2019-05-02,103.0,46.45,0.0,,,0.0,
2019-05-03,112.0,47.56,0.0,,,0.0,
2019-05-04,120.0,56.62,0.0,,,0.0,
2019-05-05,132.0,54.62,0.0,,,0.0,
2019-05-06,131.0,52.76,0.0,,,0.0,
2019-05-07,113.0,42.61,0.0,,,0.0,
2019-05-08,87.0,33.28,0.0,,,0.0,
2019-05-09,106.0,51.42,0.0,,,0.0,
2019-05-10,120.0,39.33,0.0,,,0.0,
2019-05-11,105.0,40.38,0.0,,,0.0,
2019-05-12,101.0,34.41,0.0,,,0.0,
2019-05-13,106.0,32.08,0.0,,,0.0,
2019-05-14,88.0,31.91,0.0,,,0.0,
2019-05-15,96.0,33.89,0.0,,,0.0,
2019-05-16,102.0,38.93,0.0,,,0.0,
2019-05-17,110.0,40.64,0.0,,,0.0,
2019-05-18,121.0,55.14,0.0,,,0.0,
2019-05-19,116.0,51.35,0.0,,,0.0,
2019-05-20,109.0,46.82,0.0,,,0.0,
2019-05-21,109.0,45.3,0.0,,,0.0,
2019-05-22,107.0,40.4,0.0,,,0.0,
2019-05-23,102.0,43.26,0.0,,,0.0,
2019-05-24,92.0,35.93,0.0,,,0.0,
2019-05-25,82.0,26.07,0.0,,,0.0,
2019-05-26,91.0,22.5,0.0,,,0.0,
2019-05-27,92.0,25.77,0.0,,,0.0,
2019-05-28,92.0,38.91,0.0,,,0.0,
2019-05-29,112.0,28.66,0.0,,,0.0,
2019-05-30,98.0,35.18,0.0,,,0.0,
2019-05-31,101.0,30.29,0.0,,,0.0,
2019-06-01,89.0,28.95,0.0,,,0.0,
2019-06-02,100.0,44.24,0.0,,,0.0,
2019-06-03,98.0,20.3,0.0,,,0.0,
2019-06-04,69.0,27.33,0.0,,,0.0,
2019-06-05,78.0,28.4,0.0,,,0.0,
2019-06-06,78.0,25.72,0.0,,,0.0,
2019-06-07,102.0,25.02,0.0,,,0.0,
2019-06-08,76.0,23.54,0.0,,,0.0,
2019-06-09,66.0,16.31,0.0,,,0.0,
2019-06-10,54.0,7.85,0.0,,,0.0,
2019-06-11,50.0,11.32,0.0,,,0.0,
2019-06-12,51.0,12.8,0.0,,,0.0,
2019-06-13,50.0,16.38,0.0,,,0.0,
2019-06-14,59.0,22.11,0.0,,,0.0,
2019-06-15,69.0,23.64,0.0,,,0.0,
2019-06-16,63.0,22.01,0.0,,,0.0,
2019-06-17,61.0,25.77,0.0,,,0.0,
2019-06-18,70.0,28.82,0.0,,,0.0,
2019-06-19,74.0,25.41,0.0,,,0.0,
2019-06-20,67.0,24.36,0.0,,,0.0,
2019-06-21,64.0,25.35,0.0,,,0.0,
2019-06-22,67.0,16.58,0.0,,,0.0,
2019-06-23,66.0,14.8,0.0,,,0.0,
2019-06-24,65.0,18.54,0.0,,,0.0,
2019-06-25,65.0,30.39,0.0,,,0.0,
2019-06-26,74.0,34.69,0.0,,,0.0,
2019-06-27,72.0,26.44,0.0,,,0.0,
2019-06-28,72.0,26.98,0.0,,,0.0,
2019-06-29,79.0,25.37,0.0,,,0.0,
2019-06-30,68.0,20.16,0.0,,,0.0,
2019-07-01,65.0,26.89,0.0,,,0.0,
2019-07-02,70.0,20.79,0.0,,,0.0,
2019-07-03,64.0,18.25,0.0,,,0.0,
2019-07-04,65.0,18.92,0.0,,,0.0,
2019-07-05,63.0,20.9,0.0,,,0.0,
2019-07-06,62.0,16.65,0.0,,,0.0,
2019-07-07,69.0,19.38,0.0,,,0.0,
2019-07-08,58.0,17.24,0.0,,,0.0,
2019-07-09,64.0,19.53,0.0,,,0.0,
2019-07-10,68.0,31.67,0.0,,,0.0,
2019-07-11,86.0,23.49,0.0,,,0.0,
2019-07-12,71.0,20.95,0.0,,,0.0,
2019-07-13,62.0,20.39,0.0,,,0.0,
2019-07-14,63.0,19.18,0.0,,,0.0,
2019-07-15,65.0,17.84,0.0,,,0.0,
2019-07-16,65.0,24.91,0.0,,,0.0,
2019-07-17,69.0,26.83,0.0,,,0.0,
2019-07-18,73.0,30.97,0.0,,,0.0,
2019-07-19,66.0,18.98,0.0,,,0.0,
2019-07-20,48.0,15.96,0.0,,,0.0,
2019-07-21,64.0,19.24,0.0,,,0.0,
2019-07-22,57.0,15.91,0.0,,,0.0,
2019-07-23,56.0,19.14,0.0,,,0.0,
2019-07-24,60.0,20.89,0.0,,,0.0,
2019-07-25,64.0,20.67,0.0,,,0.0,
2019-07-26,62.0,20.33,0.0,,,0.0,
2019-07-27,55.0,23.21,0.0,,,0.0,
2019-07-28,62.0,23.3,0.0,,,0.0,
2019-07-29,64.0,18.61,0.0,,,0.0,
2019-07-30,58.0,23.14,0.0,,,0.0,
2019-07-31,58.0,26.99,0.0,,,0.0,
2019-08-01,61.0,19.87,0.0,,,0.0,
2019-08-02,59.0,18.45,0.0,,,0.0,
2019-08-03,56.0,18.13,0.0,,,0.0,
2019-08-04,60.0,16.26,0.0,,,0.0,
2019-08-05,53.0,15.08,0.0,,,0.0,
2019-08-06,48.0,14.76,0.0,,,0.0,
2019-08-07,57.0,14.94,0.0,,,0.0,
2019-08-08,53.0,14.31,0.0,,,0.0,
2019-08-09,55.0,15.53,0.0,,,0.0,
2019-08-10,49.0,13.63,0.0,,,0.0,
2019-08-11,50.0,12.95,0.0,,,0.0,
2019-08-12,52.0,18.62,0.0,,,0.0,
2019-08-13,68.0,22.1,0.0,,,0.0,
2019-08-14,70.0,26.64,0.0,,,0.0,
2019-08-15,59.0,15.63,0.0,,,0.0,
2019-08-16,51.0,18.63,0.0,,,0.0,
2019-08-17,61.0,20.79,0.0,,,0.0,
2019-08-18,67.0,23.25,0.0,,,0.0,
2019-08-19,65.0,20.73,0.0,,,0.0,
2019-08-20,74.0,18.28,0.0,,,0.0,
2019-08-21,73.0,17.04,0.0,,,0.0,
2019-08-22,68.0,17.3,0.0,,,0.0,
2019-08-23,65.0,15.08,0.0,,,0.0,
2019-08-24,57.0,15.29,0.0,,,0.0,
2019-08-25,68.0,14.98,0.0,,,0.0,
2019-08-26,63.0,14.14,0.0,,,0.0,
2019-08-27,61.0,11.42,0.0,,,0.0,
2019-08-28,52.0,15.3,0.0,,,0.0,
2019-08-29,49.0,17.22,0.0,,,0.0,
2019-08-30,53.0,15.01,0.0,,,0.0,
2019-08-31,63.0,20.82,0.0,,,0.0,
2019-09-01,61.0,17.64,0.0,,,0.0,
2019-09-02,48.0,10.98,0.0,,,0.0,
2019-09-03,51.0,11.18,0.0,,,0.0,
2019-09-04,51.0,13.01,0.0,,,0.0,
2019-09-05,56.0,13.84,0.0,,,0.0,
2019-09-06,64.0,15.34,0.0,,,0.0,
2019-09-07,63.0,20.16,0.0,,,0.0,
2019-09-08,62.0,12.63,0.0,,,0.0,
2019-09-09,63.0,15.92,0.0,,,0.0,
2019-09-10,67.0,20.67,0.0,,,0.0,
2019-09-11,62.0,19.51,0.0,,,0.0,
2019-09-12,68.0,20.53,0.0,,,0.0,
2019-09-13,67.0,21.84,0.0,,,0.0,
2019-09-14,70.0,22.29,0.0,,,0.0,
2019-09-15,69.0,21.74,0.0,,,0.0,
2019-09-16,67.0,48.41,0.0,,,0.0,
2019-09-17,120.0,68.71,0.0,,,0.0,
2019-09-18,92.0,22.83,0.0,,,0.0,
2019-09-19,82.0,23.96,0.0,,,0.0,
2019-09-20,67.0,19.12,0.0,,,0.0,
2019-09-21,74.0,22.92,0.0,,,0.0,
2019-09-22,81.0,19.15,0.0,,,0.0,
2019-09-23,91.0,24.78,0.0,,,0.0,
2019-09-24,100.0,17.68,0.0,,,0.0,
2019-09-25,81.0,13.45,0.0,,,0.0,
2019-09-26,64.0,16.59,0.0,,,0.0,
2019-09-27,83.0,32.55,0.0,,,0.0,
2019-09-28,99.0,26.32,0.0,,,0.0,
2019-09-29,93.0,38.4,0.0,,,0.0,
2019-09-30,73.0,23.22,0.0,,,0.0,
2019-10-01,88.0,34.28,0.0,,,0.0,
2019-10-02,92.0,17.34,0.0,,,0.0,
2019-10-03,95.0,26.79,0.0,,,0.0,
2019-10-04,104.0,41.28,0.0,,,0.0,
2019-10-05,107.0,32.73,0.0,,,0.0,
2019-10-06,85.0,27.15,0.0,,,0.0,
2019-10-07,88.0,35.57,0.0,,,0.0,
2019-10-08,92.0,24.46,0.0,,,0.0,
2019-10-09,89.0,31.67,0.0,,,0.0,
2019-10-10,146.0,73.77,0.0,,,0.0,
2019-10-11,95.0,45.16,0.0,,,0.0,
2019-10-12,90.0,38.44,0.0,,,0.0,
2019-10-13,72.0,20.84,0.0,,,0.0,
2019-10-14,73.0,22.61,0.0,,,0.0,
2019-10-15,79.0,24.94,0.0,,,0.0,
2019-10-16,71.0,21.73,0.0,,,0.0,
2019-10-17,75.0,19.3,0.0,,,0.0,
2019-10-18,69.0,25.83,0.0,,,0.0,
2019-10-19,71.0,19.25,0.0,,,0.0,
2019-10-20,56.0,17.2,0.0,,,0.0,
2019-10-21,69.0,20.71,0.0,,,0.0,
2019-10-22,69.0,16.46,0.0,,,0.0,
2019-10-23,66.0,11.71,0.0,,,0.0,
2019-10-24,62.0,12.57,0.0,,,0.0,
2019-10-25,65.0,13.43,0.0,,,0.0,
2019-10-26,59.0,18.21,0.0,,,0.0,
2019-10-27,74.0,42.44,0.0,,,0.0,
2019-10-28,88.0,42.44,0.0,,,0.0,
2019-10-29,80.0,34.24,0.0,,,0.0,
2019-10-30,78.0,18.77,0.0,,,0.0,
2019-10-31,68.0,18.62,0.0,,,0.0,
2019-11-01,84.0,27.42,0.0,,,0.0,
2019-11-02,77.0,27.1,0.0,,,0.0,
2019-11-03,89.0,40.0,0.0,,,0.0,
2019-11-04,95.0,54.83,0.0,,,0.0,
2019-11-05,139.0,73.88,0.0,,,0.0,
2019-11-06,169.0,94.17,0.0,,,0.0,
2019-11-07,174.0,92.21,0.0,,,0.0,
2019-11-08,159.0,69.3,0.0,,,0.0,
2019-11-09,116.0,47.14,0.0,,,0.0,
2019-11-10,96.0,52.86,0.0,,,0.0,
2019-11-11,124.0,61.83,0.0,,,0.0,
2019-11-12,96.0,27.77,0.0,,,0.0,
2019-11-13,83.0,30.39,0.0,,,0.0,
2019-11-14,80.0,23.32,0.0,,,0.0,
2019-11-15,77.0,26.33,0.0,,,0.0,
2019-11-16,82.0,20.62,0.0,,,0.0,
2019-11-17,76.0,30.7,0.0,,,0.0,
2019-11-18,72.0,27.07,0.0,,,0.0,
2019-11-19,74.0,20.23,0.0,,,0.0,
2019-11-20,77.0,21.12,0.0,,,0.0,
2019-11-21,86.0,42.28,0.0,,,0.0,
2019-11-22,96.0,44.17,0.0,,,0.0,
2019-11-23,90.0,36.68,0.0,,,0.0,
2019-11-24,79.0,41.18,0.0,,,0.0,
2019-11-25,83.0,37.44,0.0,,,0.0,
2019-11-26,88.0,35.44,0.0,,,0.0,
2019-11-27,89.0,33.02,0.0,,,0.0,
2019-11-28,86.0,23.08,0.0,,,0.0,
2019-11-29,75.0,22.97,0.0,,,0.0,
2019-11-30,75.0,23.25,0.0,,,0.0,
2019-12-01,65.0,13.46,0.0,,,0.0,
2019-12-02,70.0,13.96,0.0,,,0.0,
2019-12-03,76.0,27.28,0.0,,,0.0,
2019-12-04,86.0,38.2,0.0,,,0.0,
2019-12-05,87.0,55.45,0.0,,,0.0,
2019-12-06,103.0,57.3,0.0,,,0.0,
2019-12-07,89.0,39.42,0.0,,,0.0,
2019-12-08,68.0,23.79,0.0,,,0.0,
2019-12-09,70.0,21.29,0.0,,,0.0,
2019-12-10,74.0,20.31,0.0,,,0.0,
2019-12-11,73.0,28.62,0.0,,,0.0,
2019-12-12,77.0,28.93,0.0,,,0.0,
2019-12-13,74.0,30.65,0.0,,,0.0,
2019-12-14,74.0,23.6,0.0,,,0.0,
2019-12-15,68.0,25.33,0.0,,,0.0,
2019-12-16,69.0,24.25,0.0,,,0.0,
2019-12-17,69.0,27.65,0.0,,,0.0,
2019-12-18,82.0,42.91,0.0,,,0.0,
2019-12-19,85.0,38.66,0.0,,,0.0,
2019-12-20,91.0,44.46,0.0,,,0.0,
2019-12-21,95.0,48.62,0.0,,,0.0,
2019-12-22,88.0,46.52,0.0,,,0.0,
2019-12-23,92.0,49.33,0.0,,,0.0,
2019-12-24,89.0,35.84,0.0,,,0.0,
2019-12-25,76.0,35.48,0.0,,,0.0,
2019-12-26,95.0,44.27,0.0,,,0.0,
2019-12-27,98.0,43.32,0.0,,,0.0,
2019-12-28,82.0,35.24,0.0,,,0.0,
2019-12-29,80.0,38.53,0.0,,,0.0,
2019-12-30,93.0,47.81,0.0,,,0.0,
2019-12-31,97.0,42.54,0.0,,,0.0,
2020-01-01,82.0,30.71,0.0,,,0.0,
2020-01-02,81.0,25.78,0.0,,,0.0,
2020-01-03,85.0,29.66,0.0,,,0.0,
2020-01-04,95.0,52.62,0.0,,,0.0,
2020-01-05,118.0,52.64,0.0,,,0.0,
2020-01-06,81.0,24.74,0.0,,,0.0,
2020-01-07,75.0,22.52,0.0,,,0.0,
2020-01-08,93.0,30.92,0.0,,,0.0,
2020-01-09,101.0,40.57,0.0,,,0.0,
2020-01-10,94.0,39.29,0.0,,,0.0,
2020-01-11,78.0,31.1,0.0,,,0.0,
2020-01-12,79.0,39.5,0.0,,,0.0,
2020-01-13,106.0,53.93,0.0,,,0.0,
2020-01-14,121.0,64.35,0.0,,,0.0,
2020-01-15,111.0,45.19,0.0,,,0.0,
2020-01-16,114.0,39.36,0.0,,,0.0,
2020-01-17,106.0,34.68,0.0,,,0.0,
2020-01-18,86.0,26.9,0.0,,,0.0,
2020-01-19,66.0,26.66,0.0,,,0.0,
2020-01-20,81.0,34.51,0.0,,,0.0,
2020-01-21,90.0,37.86,0.0,,,0.0,
2020-01-22,87.0,28.25,0.0,,,0.0,
2020-01-23,82.0,41.13,0.0,,,0.0,
2020-01-24,108.0,42.19,0.0,,,0.0,
2020-01-25,100.0,44.82,0.0,,,0.0,
2020-01-26,97.0,44.48,0.0,,,0.0,
2020-01-27,98.0,45.49,0.0,,,0.0,
2020-01-28,102.0,52.63,0.0,,,0.0,
2020-01-29,115.0,46.45,0.0,,,0.0,
2020-01-30,112.0,43.42,0.0,,,0.0,
2020-01-31,111.0,46.36,0.0,,,0.0,
2020-02-01,102.0,52.07,0.0,,,0.0,
2020-02-02,94.0,35.27,0.0,,,0.0,
2020-02-03,79.0,33.79,0.0,,,0.0,
2020-02-04,82.0,29.27,0.0,,,0.0,
2020-02-05,86.0,30.66,0.0,,,0.0,
2020-02-06,96.0,43.83,0.0,,,0.0,
2020-02-07,96.0,49.51,0.0,,,0.0,
2020-02-08,105.0,45.3,0.0,,,0.0,
2020-02-09,101.0,52.39,0.0,,,0.0,
2020-02-10,103.0,35.53,0.0,,,0.0,
2020-02-11,87.0,33.94,0.0,,,0.0,
2020-02-12,80.0,32.82,0.0,,,0.0,
2020-02-13,84.0,37.67,0.0,,,0.0,
2020-02-14,111.0,50.47,0.0,,,0.0,
2020-02-15,128.0,54.91,0.0,,,0.0,
2020-02-16,120.0,45.02,0.0,,,0.0,
2020-02-17,99.0,41.66,0.0,,,0.0,
2020-02-18,103.0,43.29,0.0,,,0.0,
2020-02-19,101.0,55.31,0.0,,,0.0,
2020-02-20,94.0,47.86,0.0,,,0.0,
2020-02-21,90.0,30.24,0.0,,,0.0,
2020-02-22,78.0,33.96,0.0,,,0.0,
2020-02-23,81.0,36.3,0.0,,,0.0,
2020-02-24,82.0,35.6,0.0,,,0.0,
2020-02-25,107.0,41.83,0.0,,,0.0,
2020-02-26,104.0,47.39,0.0,,,0.0,
2020-02-27,112.0,39.39,0.0,,,0.0,
2020-02-28,98.0,42.58,0.0,,,0.0,
2020-02-29,95.0,48.75,0.0,,,0.0,
2020-03-01,101.0,56.2,0.0,,,0.0,
2020-03-02,103.0,53.75,0.0,,,0.0,
2020-03-03,137.0,70.78,0.0,,,0.0,
2020-03-04,131.0,55.66,0.0,,,0.0,
2020-03-05,117.0,57.89,0.0,,,0.0,
2020-03-06,100.0,41.84,0.0,,,0.0,
2020-03-07,93.0,44.33,0.0,,,0.0,
2020-03-08,91.0,38.66,0.0,,,0.0,
2020-03-09,99.0,38.88,0.0,,,0.0,
2020-03-10,93.0,41.48,0.0,,,0.0,
2020-03-11,95.0,39.57,0.0,,,0.0,
2020-03-12,97.0,34.62,0.0,,,0.0,
2020-03-13,90.0,34.77,0.0,,,0.0,
2020-03-14,86.0,29.97,0.0,,,0.0,
2020-03-15,88.0,33.96,0.0,,,0.0,
2020-03-16,79.0,26.15,0.0,,,0.0,
2020-03-17,77.0,24.15,0.0,,,0.0,
2020-03-18,78.0,29.66,0.0,,,0.0,
2020-03-19,91.0,38.15,0.0,,,0.0,
2020-03-20,100.0,43.31,0.0,,,0.0,
2020-03-21,103.0,40.62,0.0,,,0.0,
2020-03-22,99.0,30.16,0.0,,,0.0,
2020-03-23,85.0,40.28,0.0,,,0.0,
2020-03-24,106.0,50.85,0.0,,,0.0,
2020-03-25,70.0,25.25,0.0,,,0.0,
2020-03-26,61.0,27.77,0.0,,,0.0,
2020-03-27,67.0,27.47,0.0,,,0.0,
2020-03-28,70.0,24.89,0.0,,,0.0,
2020-03-29,66.0,28.45,0.0,,,0.0,
2020-03-30,72.0,32.46,0.0,,,0.0,
2020-03-31,68.0,22.01,0.0,,,0.0,
2020-04-01,64.0,22.54,0.0,,,0.0,
2020-04-02,70.0,27.12,0.0,,,0.0,
2020-04-03,82.0,34.12,0.0,,,0.0,
2020-04-04,74.0,31.93,0.0,,,0.0,
2020-04-05,77.0,30.26,0.0,,,0.0,
2020-04-06,65.0,22.68,0.0,,,0.0,
2020-04-07,62.0,15.14,0.0,,,0.0,
2020-04-08,67.0,18.39,0.0,,,0.0,
2020-04-09,65.0,23.32,0.0,,,0.0,
2020-04-10,76.0,30.06,0.0,,,0.0,
2020-04-11,70.0,26.99,0.0,,,0.0,
2020-04-12,64.0,22.38,0.0,,,0.0,
2020-04-13,72.0,25.61,0.0,,,0.0,
2020-04-14,72.0,30.24,0.0,,,0.0,
2020-04-15,74.0,33.62,0.0,,,0.0,
2020-04-16,66.0,25.27,0.0,,,0.0,
2020-04-17,74.0,40.0,0.0,,,0.0,
2020-04-18,94.0,34.03,0.0,,,0.0,
2020-04-19,67.0,24.22,0.0,,,0.0,
2020-04-20,53.0,19.42,0.0,,,0.0,
2020-04-21,65.0,17.04,0.0,,,0.0,
2020-04-22,71.0,19.95,0.0,,,0.0,
2020-04-23,63.0,26.1,0.0,,,0.0,
2020-04-24,69.0,26.25,0.0,,,0.0,
2020-04-25,66.0,25.98,0.0,,,0.0,
2020-04-26,61.0,21.32,0.0,,,0.0,
2020-04-27,59.0,19.25,0.0,,,0.0,
2020-04-28,71.0,20.74,0.0,,,0.0,
2020-04-29,62.0,13.68,0.0,,,0.0,
2020-04-30,61.0,20.3,0.0,,,0.0,
2020-05-01,74.0,24.81,0.0,,,0.0,
2020-05-02,72.0,18.36,0.0,,,0.0,
2020-05-03,71.0,22.35,0.0,,,0.0,
2020-05-04,79.0,26.1,0.0,,,0.0,
2020-05-05,91.0,29.23,0.0,,,0.0,
2020-05-06,85.0,23.02,0.0,,,0.0,
2020-05-07,82.0,26.87,0.0,,,0.0,
2020-05-08,73.0,17.61,0.0,,,0.0,
2020-05-09,76.0,21.05,0.0,,,0.0,
2020-05-10,78.0,24.29,0.0,,,0.0,
2020-05-11,77.0,20.58,0.0,,,0.0,
2020-05-12,82.0,15.43,0.0,,,0.0,
2020-05-13,66.0,14.56,0.0,,,0.0,
2020-05-14,66.0,24.81,0.0,,,0.0,
2020-05-15,73.0,17.34,0.0,,,0.0,
2020-05-16,74.0,23.44,0.0,,,0.0,
2020-05-17,70.0,21.25,0.0,,,0.0,
2020-05-18,68.0,16.82,0.0,,,0.0,
2020-05-19,72.0,23.81,0.0,,,0.0,
2020-05-20,79.0,17.9,0.0,,,0.0,
2020-05-21,70.0,19.53,0.0,,,0.0,
2020-05-22,68.0,18.13,0.0,,,0.0,
2020-05-23,72.0,19.52,0.0,,,0.0,
2020-05-24,66.0,18.62,0.0,,,0.0,
2020-05-25,70.0,21.06,0.0,,,0.0,
2020-05-26,66.0,22.25,0.0,,,0.0,
2020-05-27,75.0,19.81,0.0,,,0.0,
2020-05-28,74.0,28.46,0.0,,,0.0,
2020-05-29,66.0,23.16,0.0,,,0.0,
2020-05-30,72.0,15.87,0.0,,,0.0,
2020-05-31,61.0,23.32,0.0,,,0.0,
2020-06-01,49.0,9.16,0.0,,,0.0,
2020-06-02,40.0,8.95,0.0,,,0.0,
2020-06-03,42.0,9.69,0.0,,,0.0,
2020-06-04,43.0,10.91,0.0,,,0.0,
2020-06-05,55.0,22.88,0.0,,,0.0,
2020-06-06,55.0,18.18,0.0,,,0.0,
2020-06-07,55.0,17.6,0.0,,,0.0,
2020-06-08,55.0,20.16,0.0,,,0.0,
2020-06-09,58.0,21.7,0.0,,,0.0,
2020-06-10,70.0,25.44,0.0,,,0.0,
2020-06-11,59.0,16.53,0.0,,,0.0,
2020-06-12,49.0,16.84,0.0,,,0.0,
2020-06-13,50.0,16.79,0.0,,,0.0,
2020-06-14,49.0,16.66,0.0,,,0.0,
2020-06-15,47.0,19.57,0.0,,,0.0,
2020-06-16,55.0,17.07,0.0,,,0.0,
2020-06-17,57.0,18.29,0.0,,,0.0,
2020-06-18,65.0,28.32,0.0,,,0.0,
2020-06-19,65.0,21.55,0.0,,,0.0,
2020-06-20,56.0,18.32,0.0,,,0.0,
2020-06-21,52.0,18.18,0.0,,,0.0,
2020-06-22,49.0,15.65,0.0,,,0.0,
2020-06-23,56.0,20.38,0.0,,,0.0,
2020-06-24,63.0,19.72,0.0,,,0.0,
2020-06-25,63.0,16.93,0.0,,,0.0,
2020-06-26,58.0,15.4,0.0,,,0.0,
2020-06-27,51.0,16.6,0.0,,,0.0,
2020-06-28,61.0,20.44,0.0,,,0.0,
2020-06-29,65.0,28.68,0.0,,,0.0,
2020-06-30,63.0,14.47,0.0,,,0.0,
2020-07-01,43.0,17.5,0.0,,,0.0,
2019-09-18,89.0,21.25,0.0,,,0.0,
2019-09-19,77.0,16.94,0.0,,,0.0,
2019-09-20,76.0,15.29,0.0,,,0.0,
2019-09-21,82.0,20.75,0.0,,,0.0,
2019-09-22,90.0,11.21,0.0,,,0.0,
2019-09-23,82.0,11.81,0.0,,,0.0,
2019-09-24,80.0,17.7,0.0,,,0.0,
2019-09-25,81.0,20.41,0.0,,,0.0,
2019-09-26,77.0,17.21,0.0,,,0.0,
2019-09-27,69.0,12.65,0.0,,,0.0,
2019-09-28,52.0,3.4,0.0,,,0.0,
2019-09-29,49.0,7.23,0.0,,,0.0,
2019-09-30,56.0,8.7,0.0,,,0.0,
2019-10-01,68.0,6.53,0.0,,,0.0,
2019-10-02,75.0,20.86,0.0,,,0.0,
2019-10-03,97.0,24.92,0.0,,,0.0,
2019-10-04,112.0,28.1,0.0,,,0.0,
2019-10-05,117.0,26.41,0.0,,,0.0,
2019-10-06,101.0,32.5,0.0,,,0.0,
2019-10-07,109.0,39.74,0.0,,,0.0,
2019-10-08,143.0,52.66,0.0,,,0.0,
2019-10-09,123.0,36.92,0.0,,,0.0,
2019-10-10,118.0,42.55,0.0,,,0.0,
2019-10-11,141.0,53.12,0.0,,,0.0,
2019-10-12,140.0,48.92,0.0,,,0.0,
2019-10-13,168.0,55.86,0.0,,,0.0,
2019-10-14,159.0,44.56,0.0,,,0.0,
2019-10-15,141.0,49.07,0.0,,,0.0,
2019-10-16,148.0,53.62,0.0,,,0.0,
2019-10-17,155.0,60.57,0.0,,,0.0,
2019-10-18,159.0,69.65,0.0,,,0.0,
2019-10-19,146.0,70.39,0.0,,,0.0,
2019-10-20,144.0,86.57,0.0,,,0.0,
2019-10-21,225.0,98.98,0.0,,,0.0,
2019-10-22,209.0,84.03,0.0,,,0.0,
2019-10-23,135.0,49.01,0.0,,,0.0,
2019-10-24,116.0,50.81,0.0,,,0.0,
2019-10-25,181.0,82.8,0.0,,,0.0,
2019-10-26,128.0,52.39,0.0,,,0.0,
2019-10-27,99.0,61.4,0.0,,,0.0,
2019-10-28,228.0,77.79,0.0,,,0.0,
2019-10-29,85.0,41.17,0.0,,,0.0,
2019-10-30,108.0,32.48,0.0,,,0.0,
2019-10-31,117.0,76.75,0.0,,,0.0,
2019-11-01,179.0,84.25,0.0,,,0.0,
2019-11-02,153.0,59.49,0.0,,,0.0,
2019-11-03,97.0,41.34,0.0,,,0.0,
2019-11-04,129.0,62.23,0.0,,,0.0,
2019-11-05,146.0,65.74,0.0,,,0.0,
2019-11-06,146.0,80.33,0.0,,,0.0,
2019-11-07,186.0,65.45,0.0,,,0.0,
2019-11-08,97.0,44.76,0.0,,,0.0,
2019-11-09,167.0,101.67,0.0,,,0.0,
2019-11-10,234.0,99.16,0.0,,,0.0,
2019-11-11,220.0,92.96,0.0,,,0.0,
2019-11-12,193.0,82.3,0.0,,,0.0,
2019-11-13,193.0,89.84,0.0,,,0.0,
2019-11-14,190.0,84.8,0.0,,,0.0,
2019-11-15,224.0,111.07,0.0,,,0.0,
2019-11-16,268.0,111.98,0.0,,,0.0,
2019-11-17,279.0,100.68,0.0,,,0.0,
2019-11-18,180.0,76.82,0.0,,,0.0,
2019-11-19,174.0,76.28,0.0,,,0.0,
2019-11-20,170.0,73.75,0.0,,,0.0,
2019-11-21,236.0,108.95,0.0,,,0.0,
2019-11-22,274.0,119.3,0.0,,,0.0,
2019-11-23,266.0,111.51,0.0,,,0.0,
2019-11-24,268.0,107.39,0.0,,,0.0,
2019-11-25,244.0,98.08,0.0,,,0.0,
2019-11-26,204.0,88.87,0.0,,,0.0,
2019-11-27,286.0,136.42,0.0,,,0.0,
2019-11-28,312.0,120.33,0.0,,,0.0,
2019-11-29,228.0,94.52,0.0,,,0.0,
2019-11-30,225.0,97.46,0.0,,,0.0,
2019-12-01,218.0,102.14,0.0,,,0.0,
2019-12-02,274.0,106.73,0.0,,,0.0,
2019-12-03,239.0,93.3,0.0,,,0.0,
2019-12-04,140.0,58.17,0.0,,,0.0,
2019-12-05,135.0,54.73,0.0,,,0.0,
2019-12-06,120.0,62.92,0.0,,,0.0,
2019-12-07,189.0,113.84,0.0,,,0.0,
2019-12-08,310.0,132.79,0.0,,,0.0,
2019-12-09,305.0,122.7,0.0,,,0.0,
2019-12-10,295.0,119.7,0.0,,,0.0,
2019-12-11,298.0,114.08,0.0,,,0.0,
2019-12-12,243.0,86.48,0.0,,,0.0,
2019-12-13,121.0,48.52,0.0,,,0.0,
2019-12-14,119.0,70.34,0.0,,,0.0,
2019-12-15,120.0,69.58,0.0,,,0.0,
2019-12-16,137.0,68.18,0.0,,,0.0,
2019-12-17,180.0,98.75,0.0,,,0.0,
2019-12-18,217.0,82.89,0.0,,,0.0,
2019-12-19,153.0,73.27,0.0,,,0.0,
2019-12-20,197.0,92.61,0.0,,,0.0,
2019-12-21,190.0,80.04,0.0,,,0.0,
2019-12-22,147.0,78.56,0.0,,,0.0,
2019-12-23,171.0,71.6,0.0,,,0.0,
2019-12-24,117.0,76.98,0.0,,,0.0,
2019-12-25,234.0,115.82,0.0,,,0.0,
2019-12-26,241.0,77.06,0.0,,,0.0,
2019-12-27,130.0,58.7,0.0,,,0.0,
2019-12-28,99.0,45.61,0.0,,,0.0,
2019-12-29,106.0,65.61,0.0,,,0.0,
2019-12-30,119.0,67.7,0.0,,,0.0,
2019-12-31,187.0,116.65,0.0,,,0.0,
2020-01-01,266.0,100.55,0.0,,,0.0,
2020-01-02,223.0,84.46,0.0,,,0.0,
2020-01-03,199.0,96.58,0.0,,,0.0,
2020-01-04,205.0,93.38,0.0,,,0.0,
2020-01-05,213.0,75.17,0.0,,,0.0,
2020-01-06,105.0,45.49,0.0,,,0.0,
2020-01-07,114.0,65.96,0.0,,,0.0,
2020-01-08,153.0,74.62,0.0,,,0.0,
2020-01-09,174.0,78.07,0.0,,,0.0,
2020-01-10,120.0,65.94,0.0,,,0.0,
2020-01-11,115.0,65.7,0.0,,,0.0,
2020-01-12,124.0,70.03,0.0,,,0.0,
2020-01-13,146.0,62.95,0.0,,,0.0,
2020-01-14,147.0,85.64,0.0,,,0.0,
2020-01-15,200.0,105.95,0.0,,,0.0,
2020-01-16,307.0,134.02,0.0,,,0.0,
2020-01-17,234.0,80.47,0.0,,,0.0,
2020-01-18,193.0,87.22,0.0,,,0.0,
2020-01-19,137.0,61.76,0.0,,,0.0,
2020-01-20,107.0,52.0,0.0,,,0.0,
2020-01-21,104.0,66.21,0.0,,,0.0,
2020-01-22,147.0,77.7,0.0,,,0.0,
2020-01-23,141.0,65.7,0.0,,,0.0,
2020-01-24,133.0,55.61,0.0,,,0.0,
2020-01-25,151.0,80.92,0.0,,,0.0,
2020-01-26,184.0,78.94,0.0,,,0.0,
2020-01-27,123.0,59.64,0.0,,,0.0,
2020-01-28,162.0,51.51,0.0,,,0.0,
2020-01-29,120.0,26.35,0.0,,,0.0,
2020-01-30,118.0,61.02,0.0,,,0.0,
2020-01-31,111.0,41.52,0.0,,,0.0,
2020-02-01,99.0,35.23,0.0,,,0.0,
2020-02-02,94.0,34.11,0.0,,,0.0,
2020-02-03,94.0,37.8,0.0,,,0.0,
2020-02-04,115.0,48.21,0.0,,,0.0,
2020-02-05,121.0,62.84,0.0,,,0.0,
2020-02-06,124.0,53.09,0.0,,,0.0,
2020-02-07,114.0,60.4,0.0,,,0.0,
2020-02-08,119.0,53.49,0.0,,,0.0,
2020-02-09,109.0,45.82,0.0,,,0.0,
2020-02-10,112.0,49.99,0.0,,,0.0,
2020-02-11,123.0,46.41,0.0,,,0.0,
2020-02-12,122.0,58.48,0.0,,,0.0,
2020-02-13,185.0,87.83,0.0,,,0.0,
2020-02-14,155.0,57.25,0.0,,,0.0,
2020-02-15,151.0,49.0,0.0,,,0.0,
2020-02-16,149.0,43.85,0.0,,,0.0,
2020-02-17,120.0,38.03,0.0,,,0.0,
2020-02-18,136.0,36.17,0.0,,,0.0,
2020-02-19,121.0,35.5,0.0,,,0.0,
2020-02-20,137.0,48.82,0.0,,,0.0,
2020-02-21,127.0,52.9,0.0,,,0.0,
2020-02-22,141.0,56.47,0.0,,,0.0,
2020-02-23,143.0,78.47,0.0,,,0.0,
2020-02-24,138.0,64.76,0.0,,,0.0,
2020-02-25,117.0,46.56,0.0,,,0.0,
2020-02-26,137.0,56.79,0.0,,,0.0,
2020-02-27,152.0,45.15,0.0,,,0.0,
2020-02-28,141.0,45.67,0.0,,,0.0,
2020-02-29,134.0,57.17,0.0,,,0.0,
2020-03-01,149.0,56.96,0.0,,,0.0,
2020-03-02,122.0,42.46,0.0,,,0.0,
2020-03-03,111.0,35.71,0.0,,,0.0,
2020-03-04,128.0,50.42,0.0,,,0.0,
2020-03-05,129.0,31.62,0.0,,,0.0,
2020-03-06,134.0,39.0,0.0,,,0.0,
2020-03-07,126.0,31.08,0.0,,,0.0,
2020-03-08,108.0,26.46,0.0,,,0.0,
2020-03-09,88.0,21.71,0.0,,,0.0,
2020-03-10,96.0,39.17,0.0,,,0.0,
2020-03-11,87.0,28.29,0.0,,,0.0,
2020-03-12,94.0,22.35,0.0,,,0.0,
2020-03-13,98.0,20.58,0.0,,,0.0,
2020-03-14,126.0,24.67,0.0,,,0.0,
2020-03-15,126.0,31.08,0.0,,,0.0,
2020-03-16,133.0,32.78,0.0,,,0.0,
2020-03-17,124.0,29.44,0.0,,,0.0,
2020-03-18,109.0,30.25,0.0,,,0.0,
2020-03-19,110.0,37.56,0.0,,,0.0,
2020-03-20,121.0,38.33,0.0,,,0.0,
2020-03-21,118.0,48.89,0.0,,,0.0,
2020-03-22,138.0,41.97,0.0,,,0.0,
2020-03-23,106.0,39.45,0.0,,,0.0,
2020-03-24,118.0,35.52,0.0,,,0.0,
2020-03-25,96.0,23.88,0.0,,,0.0,
2020-03-26,82.0,22.93,0.0,,,0.0,
2020-03-27,58.0,18.97,0.0,,,0.0,
2020-03-28,37.0,15.69,0.0,,,0.0,
2020-04-08,102.0,32.15,0.0,,,0.0,
2020-04-09,104.0,27.54,0.0,,,0.0,
2020-04-10,100.0,28.85,0.0,,,0.0,
2020-04-11,98.0,38.73,0.0,,,0.0,
2020-04-12,99.0,40.28,0.0,,,0.0,
2020-04-13,95.0,28.4,0.0,,,0.0,
2020-04-14,106.0,44.88,0.0,,,0.0,
2020-04-15,104.0,37.43,0.0,,,0.0,
2020-04-16,109.0,57.8,0.0,,,0.0,
2020-04-17,111.0,53.54,0.0,,,0.0,
2020-04-18,120.0,59.34,0.0,,,0.0,
2020-04-19,110.0,42.56,0.0,,,0.0,
2020-04-20,130.0,60.33,0.0,,,0.0,
2020-04-21,118.0,39.31,0.0,,,0.0,
2020-04-22,117.0,47.96,0.0,,,0.0,
2020-04-23,122.0,57.59,0.0,,,0.0,
2020-04-24,110.0,41.99,0.0,,,0.0,
2020-04-25,118.0,39.18,0.0,,,0.0,
2020-04-26,126.0,41.85,0.0,,,0.0,
2020-04-27,121.0,26.39,0.0,,,0.0,
2020-04-28,111.0,35.29,0.0,,,0.0,
2020-04-29,159.0,82.89,0.0,,,0.0,
2020-04-30,127.0,44.8,0.0,,,0.0,
2020-05-01,102.0,32.01,0.0,,,0.0,
2020-05-02,103.0,27.77,0.0,,,0.0,
2020-05-03,82.0,19.25,0.0,,,0.0,
2020-05-04,104.0,31.58,0.0,,,0.0,
2020-05-05,109.0,15.83,0.0,,,0.0,
2020-05-06,114.0,34.54,0.0,,,0.0,
2020-05-07,96.0,16.11,0.0,,,0.0,
2020-05-08,103.0,27.52,0.0,,,0.0,
2020-05-09,95.0,18.74,0.0,,,0.0,
2020-05-10,99.0,14.74,0.0,,,0.0,
2020-05-11,127.0,9.48,0.0,,,0.0,
2020-05-12,109.0,24.64,0.0,,,0.0,
2020-05-13,116.0,24.57,0.0,,,0.0,
2020-05-14,107.0,21.91,0.0,,,0.0,
2020-05-15,110.0,26.18,0.0,,,0.0,
2020-05-16,112.0,24.81,0.0,,,0.0,
2020-05-17,117.0,19.6,0.0,,,0.0,
2020-05-18,98.0,23.88,0.0,,,0.0,
2020-05-19,128.0,20.12,0.0,,,0.0,
2020-05-20,115.0,16.4,0.0,,,0.0,
2020-05-21,135.0,22.62,0.0,,,0.0,
2020-05-22,92.0,25.27,0.0,,,0.0,
2020-05-23,89.0,20.18,0.0,,,0.0,
2020-05-24,71.0,18.29,0.0,,,0.0,
2020-05-25,56.0,17.38,0.0,,,0.0,
2020-05-26,80.0,14.9,0.0,,,0.0,
2020-05-27,98.0,20.03,0.0,,,0.0,
2020-05-28,111.0,17.85,0.0,,,0.0,
2020-05-29,110.0,19.7,0.0,,,0.0,
2020-05-30,116.0,21.88,0.0,,,0.0,
2020-05-31,134.0,29.45,0.0,,,0.0,
2020-06-01,120.0,21.03,0.0,,,0.0,
2020-06-02,89.0,16.93,0.0,,,0.0,
2020-06-03,64.0,17.26,0.0,,,0.0,
2020-06-04,75.0,7.93,0.0,,,0.0,
2020-06-05,70.0,13.61,0.0,,,0.0,
2020-06-06,66.0,19.53,0.0,,,0.0,
2020-06-07,78.0,14.54,0.0,,,0.0,
2020-06-08,76.0,12.75,0.0,,,0.0,
2020-06-09,73.0,15.77,0.0,,,0.0,
2020-06-10,68.0,15.42,0.0,,,0.0,
2020-06-11,65.0,20.25,0.0,,,0.0,
2020-06-12,79.0,24.26,0.0,,,0.0,
2020-06-13,67.0,21.85,0.0,,,0.0,
2020-06-14,67.0,20.64,0.0,,,0.0,
2020-06-15,84.0,12.16,0.0,,,0.0,
2020-06-16,90.0,14.33,0.0,,,0.0,
2020-06-17,87.0,15.38,0.0,,,0.0,
2020-06-18,86.0,15.62,0.0,,,0.0,
2020-06-19,81.0,16.08,0.0,,,0.0,
2020-06-20,72.0,17.49,0.0,,,0.0,
2020-06-21,59.0,20.94,0.0,,,0.0,
2020-06-22,67.0,19.17,0.0,,,0.0,
2020-06-23,52.0,15.56,0.0,,,0.0,
2020-06-24,64.0,14.49,0.0,,,0.0,
2020-06-25,55.0,19.66,0.0,,,0.0,
2020-06-26,60.0,16.85,0.0,,,0.0,
2020-06-27,66.0,11.04,0.0,,,0.0,
2020-06-28,55.0,13.58,0.0,,,0.0,
2020-06-29,56.0,14.68,0.0,,,0.0,
2020-06-30,59.0,14.48,0.0,,,0.0,
2020-07-01,69.0,14.0,0.0,,,0.0,
2017-12-08,304.0,126.67,0.0,,,0.0,
2017-12-09,291.0,105.11,0.0,,,0.0,
2017-12-10,189.0,65.25,0.0,,,0.0,
2017-12-13,320.0,153.61,0.0,,,0.0,
2017-12-14,319.0,129.38,0.0,,,0.0,
2017-12-15,302.0,115.35,0.0,,,0.0,
2017-12-16,267.0,102.0,0.0,,,0.0,
2017-12-17,191.0,76.19,0.0,,,0.0,
2017-12-18,138.0,72.55,0.0,,,0.0,
2017-12-19,155.0,70.49,0.0,,,0.0,
2018-02-02,308.0,131.83,0.0,,,0.0,
2018-02-03,282.0,106.75,0.0,,,0.0,
2018-02-04,285.0,114.74,0.0,,,0.0,
2018-02-05,267.0,129.1,0.0,,,0.0,
2018-02-06,310.0,138.58,0.0,,,0.0,
2018-02-07,316.0,122.68,0.0,,,0.0,
2018-02-08,300.0,141.36,0.0,,,0.0,
2018-02-09,307.0,107.02,0.0,,,0.0,
2018-02-10,179.0,76.89,0.0,,,0.0,
2018-02-11,160.0,75.71,0.0,,,0.0,
2018-02-12,145.0,64.48,0.0,,,0.0,
2018-02-13,125.0,38.64,0.0,,,0.0,
2018-02-14,124.0,32.99,0.0,,,0.0,
2018-02-15,127.0,74.1,0.0,,,0.0,
2018-02-16,133.0,76.03,0.0,,,0.0,
2018-02-17,191.0,84.71,0.0,,,0.0,
2018-02-18,196.0,109.21,0.0,,,0.0,
2018-02-19,303.0,133.97,0.0,,,0.0,
2018-02-20,302.0,109.11,0.0,,,0.0,
2018-02-21,214.0,82.44,0.0,,,0.0,
2018-02-22,176.0,88.45,0.0,,,0.0,
2018-02-23,265.0,132.04,0.0,,,0.0,
2018-02-24,300.0,111.8,0.0,,,0.0,
2018-02-25,282.0,113.7,0.0,,,0.0,
2018-02-26,184.0,74.27,0.0,,,0.0,
2018-02-27,175.0,66.41,0.0,,,0.0,
2018-02-28,129.0,79.47,0.0,,,0.0,
2018-03-01,194.0,97.62,0.0,,,0.0,
2018-03-02,249.0,107.49,0.0,,,0.0,
2018-03-03,298.0,138.61,0.0,,,0.0,
2018-03-04,312.0,138.76,0.0,,,0.0,
2018-03-05,312.0,105.42,0.0,,,0.0,
2018-03-06,208.0,107.43,0.0,,,0.0,
2018-03-07,241.0,101.91,0.0,,,0.0,
2018-03-08,238.0,74.6,0.0,,,0.0,
2018-03-09,135.0,101.02,0.0,,,0.0,
2018-03-10,301.0,111.29,0.0,,,0.0,
2018-03-11,316.0,191.33,0.0,,,0.0,
2018-03-12,355.0,175.92,0.0,,,0.0,
2018-03-13,325.0,142.27,0.0,,,0.0,
2018-03-14,325.0,165.82,0.0,,,0.0,
2018-03-15,341.0,165.11,0.0,,,0.0,
2018-03-16,245.0,70.35,0.0,,,0.0,
2018-03-17,149.0,84.67,0.0,,,0.0,
2018-03-18,217.0,98.35,0.0,,,0.0,
2018-03-19,195.0,84.18,0.0,,,0.0,
2018-03-20,237.0,123.81,0.0,,,0.0,
2018-03-21,321.0,142.71,0.0,,,0.0,
2018-03-22,243.0,81.95,0.0,,,0.0,
2018-03-23,246.0,109.51,0.0,,,0.0,
2018-03-24,247.0,104.98,0.0,,,0.0,
2018-03-25,232.0,112.66,0.0,,,0.0,
2018-03-26,272.0,102.38,0.0,,,0.0,
2018-03-27,296.0,138.98,0.0,,,0.0,
2018-03-28,334.0,190.61,0.0,,,0.0,
2018-03-29,337.0,170.06,0.0,,,0.0,
2018-03-30,345.0,152.57,0.0,,,0.0,
2018-03-31,284.0,110.16,0.0,,,0.0,
2018-04-01,210.0,59.95,0.0,,,0.0,
2018-04-02,125.0,60.56,0.0,,,0.0,
2018-04-03,133.0,82.22,0.0,,,0.0,
2018-04-04,180.0,60.63,0.0,,,0.0,
2018-04-05,124.0,62.08,0.0,,,0.0,
2018-04-06,123.0,53.48,0.0,,,0.0,
2018-04-07,121.0,47.96,0.0,,,0.0,
2018-04-08,120.0,65.81,0.0,,,0.0,
2018-04-09,136.0,48.4,0.0,,,0.0,
2018-04-10,118.0,51.76,0.0,,,0.0,
2018-04-11,122.0,62.35,0.0,,,0.0,
2018-04-12,131.0,53.98,0.0,,,0.0,
2018-04-13,119.0,66.41,0.0,,,0.0,
2018-04-14,165.0,72.11,0.0,,,0.0,
2018-04-15,137.0,59.53,0.0,,,0.0,
2018-04-16,128.0,66.7,0.0,,,0.0,
2018-04-17,162.0,71.55,0.0,,,0.0,
2018-04-18,120.0,63.99,0.0,,,0.0,
2018-04-19,160.0,90.1,0.0,,,0.0,
2018-04-20,226.0,80.52,0.0,,,0.0,
2018-04-21,120.0,59.15,0.0,,,0.0,
2018-04-22,162.0,84.31,0.0,,,0.0,
2018-04-23,152.0,63.4,0.0,,,0.0,
2018-04-24,131.0,66.68,0.0,,,0.0,
2018-04-25,149.0,84.36,0.0,,,0.0,
2018-04-26,235.0,84.04,0.0,,,0.0,
2018-04-27,146.0,70.22,0.0,,,0.0,
2018-04-28,125.0,43.2,0.0,,,0.0,
2018-04-29,116.0,27.32,0.0,,,0.0,
2018-05-01,118.0,49.8,0.0,,,0.0,
2018-05-02,117.0,30.34,0.0,,,0.0,
2018-05-03,115.0,40.96,0.0,,,0.0,
2018-05-04,119.0,56.56,0.0,,,0.0,
2018-05-05,124.0,64.78,0.0,,,0.0,
2018-05-06,134.0,67.12,0.0,,,0.0,
2018-05-07,139.0,66.6,0.0,,,0.0,
2018-05-08,182.0,80.49,0.0,,,0.0,
2018-05-09,141.0,92.4,0.0,,,0.0,
2018-05-10,155.0,65.29,0.0,,,0.0,
2018-05-11,132.0,61.67,0.0,,,0.0,
2018-05-12,118.0,49.68,0.0,,,0.0,
2018-05-13,119.0,52.02,0.0,,,0.0,
2018-05-14,116.0,35.89,0.0,,,0.0,
2018-05-15,116.0,45.36,0.0,,,0.0,
2018-05-16,116.0,53.9,0.0,,,0.0,
2018-05-17,116.0,56.8,0.0,,,0.0,
2018-05-18,125.0,52.0,0.0,,,0.0,
2018-05-19,114.0,53.83,0.0,,,0.0,
2018-05-20,130.0,61.45,0.0,,,0.0,
2018-05-21,113.0,50.51,0.0,,,0.0,
2018-05-22,118.0,72.02,0.0,,,0.0,
2018-05-23,154.0,56.13,0.0,,,0.0,
2018-05-24,113.0,46.32,0.0,,,0.0,
2018-05-25,113.0,51.03,0.0,,,0.0,
2018-05-26,113.0,50.59,0.0,,,0.0,
2018-05-27,112.0,41.71,0.0,,,0.0,
2018-05-28,114.0,53.87,0.0,,,0.0,
2018-05-29,114.0,41.89,0.0,,,0.0,
2018-05-30,112.0,45.66,0.0,,,0.0,
2018-05-31,113.0,38.05,0.0,,,0.0,
2018-06-05,107.0,50.06,0.0,,,0.0,
2018-06-06,105.0,55.84,0.0,,,0.0,
2018-06-07,106.0,42.67,0.0,,,0.0,
2018-06-08,106.0,49.76,0.0,,,0.0,
2018-06-09,108.0,55.9,0.0,,,0.0,
2018-06-10,111.0,47.22,0.0,,,0.0,
2018-06-11,108.0,41.95,0.0,,,0.0,
2018-06-12,107.0,32.83,0.0,,,0.0,
2018-06-13,107.0,39.46,0.0,,,0.0,
2018-06-14,109.0,66.26,0.0,,,0.0,
2018-06-15,158.0,88.97,0.0,,,0.0,
2018-06-16,217.0,87.78,0.0,,,0.0,
2018-06-17,167.0,74.96,0.0,,,0.0,
2018-06-18,126.0,62.05,0.0,,,0.0,
2018-06-19,108.0,38.68,0.0,,,0.0,
2018-06-20,107.0,46.46,0.0,,,0.0,
2018-06-21,110.0,47.81,0.0,,,0.0,
2018-06-22,109.0,35.95,0.0,,,0.0,
2018-06-23,108.0,44.95,0.0,,,0.0,
2018-06-24,109.0,43.18,0.0,,,0.0,
2018-06-25,108.0,30.19,0.0,,,0.0,
2018-06-26,107.0,30.66,0.0,,,0.0,
2018-06-27,108.0,22.36,0.0,,,0.0,
2018-06-28,108.0,18.95,0.0,,,0.0,
2018-06-29,107.0,32.68,0.0,,,0.0,
2018-06-30,109.0,46.65,0.0,,,0.0,
2018-07-01,111.0,45.42,0.0,,,0.0,
2018-07-02,106.0,30.04,0.0,,,0.0,
2018-07-03,111.0,38.52,0.0,,,0.0,
2018-07-04,108.0,36.48,0.0,,,0.0,
2018-07-05,103.0,31.92,0.0,,,0.0,
2018-07-06,103.0,37.85,0.0,,,0.0,
2018-07-07,104.0,49.42,0.0,,,0.0,
2018-07-08,103.0,31.45,0.0,,,0.0,
2018-07-09,102.0,29.41,0.0,,,0.0,
2018-07-10,104.0,27.87,0.0,,,0.0,
2018-07-11,104.0,29.38,0.0,,,0.0,
2018-07-12,105.0,30.48,0.0,,,0.0,
2018-07-13,105.0,29.94,0.0,,,0.0,
2018-07-14,102.0,25.35,0.0,,,0.0,
2018-07-15,101.0,13.0,0.0,,,0.0,
2018-07-16,101.0,17.13,0.0,,,0.0,
2018-07-17,104.0,21.11,0.0,,,0.0,
2018-07-18,102.0,28.94,0.0,,,0.0,
2018-07-19,103.0,30.5,0.0,,,0.0,
2018-07-20,100.0,35.52,0.0,,,0.0,
2018-07-21,71.0,19.23,0.0,,,0.0,
2018-07-22,34.0,18.05,0.0,,,0.0,
2018-07-23,29.0,19.71,0.0,,,0.0,
2018-07-24,43.0,28.03,0.0,,,0.0,
2018-07-25,56.0,33.52,0.0,,,0.0,
2018-07-26,54.0,24.83,0.0,,,0.0,
2018-07-27,52.0,42.07,0.0,,,0.0,
2018-07-28,77.0,42.07,0.0,,,0.0,
2018-07-29,73.0,42.02,0.0,,,0.0,
2018-07-30,84.0,52.31,0.0,,,0.0,
2018-07-31,85.0,45.8,0.0,,,0.0,
2018-08-01,74.0,37.79,0.0,,,0.0,
2018-08-02,73.0,52.27,0.0,,,0.0,
2018-08-03,122.0,70.94,0.0,,,0.0,
2018-08-04,151.0,87.09,0.0,,,0.0,
2018-08-05,164.0,52.13,0.0,,,0.0,
2018-08-06,109.0,51.65,0.0,,,0.0,
2018-08-07,81.0,28.62,0.0,,,0.0,
2018-08-08,31.0,17.97,0.0,,,0.0,
2018-08-09,41.0,33.1,0.0,,,0.0,
2018-08-10,68.0,49.75,0.0,,,0.0,
2018-08-11,96.0,58.33,0.0,,,0.0,
2018-08-12,89.0,50.37,0.0,,,0.0,
2018-08-13,71.0,29.61,0.0,,,0.0,
2018-08-14,54.0,29.5,0.0,,,0.0,
2018-08-15,39.0,12.71,0.0,,,0.0,
2018-08-16,22.0,13.45,0.0,,,0.0,
2018-08-17,29.0,25.56,0.0,,,0.0,
2018-08-18,54.0,29.74,0.0,,,0.0,
2018-08-19,54.0,28.27,0.0,,,0.0,
2018-08-20,82.0,18.07,0.0,,,0.0,
2018-08-21,38.0,18.22,0.0,,,0.0,
2018-08-22,79.0,18.75,0.0,,,0.0,
2018-08-23,76.0,36.16,0.0,,,0.0,
2018-08-24,75.0,32.24,0.0,,,0.0,
2018-08-25,88.0,36.63,0.0,,,0.0,
2018-08-26,70.0,27.29,0.0,,,0.0,
2018-08-27,72.0,32.51,0.0,,,0.0,
2018-08-28,63.0,32.66,0.0,,,0.0,
2018-08-29,65.0,38.0,0.0,,,0.0,
2018-08-30,82.0,40.63,0.0,,,0.0,
2018-10-18,135.0,,0.0,,,0.0,
2018-10-19,133.0,,0.0,,,0.0,
2018-10-20,128.0,,0.0,,,0.0,
2018-10-21,112.0,,0.0,,,0.0,
2018-10-22,120.0,,0.0,,,0.0,
2018-10-23,112.0,,0.0,,,0.0,
2018-10-24,141.0,6.6,0.0,,,0.0,
2018-10-25,107.0,9.59,0.0,,,0.0,
2018-10-26,110.0,,0.0,,,0.0,
2018-10-27,103.0,,0.0,,,0.0,
2018-10-28,112.0,,0.0,,,0.0,
2018-10-29,100.0,,0.0,,,0.0,
2018-10-30,99.0,73.58,0.0,,,0.0,
2018-10-31,79.0,28.82,0.0,,,0.0,
2018-11-01,59.0,50.79,0.0,,,0.0,
2018-11-02,101.0,70.44,0.0,,,0.0,
2018-11-03,165.0,69.02,0.0,,,0.0,
2018-11-04,130.0,73.08,0.0,,,0.0,
2018-11-05,141.0,70.58,0.0,,,0.0,
2018-11-06,171.0,81.34,0.0,,,0.0,
2018-11-07,187.0,122.91,0.0,,,0.0,
2018-11-08,305.0,114.48,0.0,,,0.0,
2018-11-09,279.0,92.79,0.0,,,0.0,
2018-11-10,213.0,102.24,0.0,,,0.0,
2018-11-11,231.0,101.38,0.0,,,0.0,
2018-11-12,222.0,93.46,0.0,,,0.0,
2018-11-13,194.0,92.06,0.0,,,0.0,
2018-11-14,220.0,99.58,0.0,,,0.0,
2018-11-15,237.0,86.54,0.0,,,0.0,
2018-12-06,308.0,128.42,0.0,,,0.0,
2018-12-07,286.0,106.56,0.0,,,0.0,
2018-12-08,214.0,92.9,0.0,,,0.0,
2018-12-09,229.0,107.16,0.0,,,0.0,
2018-12-10,255.0,101.21,0.0,,,0.0,
2018-12-11,228.0,95.17,0.0,,,0.0,
2018-12-12,235.0,110.42,0.0,,,0.0,
2018-12-13,284.0,119.8,0.0,,,0.0,
2018-12-14,306.0,119.32,0.0,,,0.0,
2018-12-15,233.0,88.44,0.0,,,0.0,
2018-12-16,158.0,63.54,0.0,,,0.0,
2018-12-17,94.0,37.47,0.0,,,0.0,
2018-12-18,63.0,36.58,0.0,,,0.0,
2018-12-19,111.0,87.16,0.0,,,0.0,
2018-12-20,177.0,86.88,0.0,,,0.0,
2018-12-21,228.0,102.7,0.0,,,0.0,
2018-12-22,224.0,91.97,0.0,,,0.0,
2018-12-23,192.0,62.66,0.0,,,0.0,
2018-12-24,119.0,79.99,0.0,,,0.0,
2018-12-25,227.0,104.88,0.0,,,0.0,
2018-12-26,240.0,105.37,0.0,,,0.0,
2018-12-27,238.0,92.57,0.0,,,0.0,
2018-12-28,178.0,65.79,0.0,,,0.0,
2018-12-29,132.0,87.11,0.0,,,0.0,
2018-12-30,200.0,91.29,0.0,,,0.0,
2018-12-31,236.0,113.28,0.0,,,0.0,
2019-01-01,297.0,122.13,0.0,,,0.0,
2019-01-02,297.0,134.63,0.0,,,0.0,
2019-01-03,323.0,144.01,0.0,,,0.0,
2019-01-04,297.0,114.33,0.0,,,0.0,
2019-01-05,269.0,111.2,0.0,,,0.0,
2019-01-06,286.0,111.65,0.0,,,0.0,
2019-01-07,278.0,115.3,0.0,,,0.0,
2019-01-08,303.0,120.05,0.0,,,0.0,
2019-01-09,284.0,115.84,0.0,,,0.0,
2019-01-10,248.0,107.48,0.0,,,0.0,
2019-01-11,267.0,129.34,0.0,,,0.0,
2019-01-12,316.0,144.95,0.0,,,0.0,
2019-01-13,329.0,157.16,0.0,,,0.0,
2019-01-14,334.0,158.4,0.0,,,0.0,
2019-01-15,295.0,101.16,0.0,,,0.0,
2019-01-16,212.0,97.91,0.0,,,0.0,
2019-01-17,240.0,130.42,0.0,,,0.0,
2019-01-18,319.0,131.1,0.0,,,0.0,
2019-01-19,266.0,100.96,0.0,,,0.0,
2019-01-20,241.0,103.75,0.0,,,0.0,
2019-01-21,250.0,111.26,0.0,,,0.0,
2019-01-22,301.0,118.98,0.0,,,0.0,
2019-01-23,280.0,111.07,0.0,,,0.0,
2019-01-24,295.0,131.46,0.0,,,0.0,
2019-01-25,270.0,78.32,0.0,,,0.0,
2019-01-26,126.0,53.22,0.0,,,0.0,
2019-01-27,115.0,68.67,0.0,,,0.0,
2019-01-28,199.0,93.22,0.0,,,0.0,
2019-01-29,174.0,63.39,0.0,,,0.0,
2019-01-30,128.0,95.81,0.0,,,0.0,
2019-01-31,220.0,75.25,0.0,,,0.0,
2019-02-01,186.0,109.4,0.0,,,0.0,
2019-02-02,283.0,112.37,0.0,,,0.0,
2019-02-03,275.0,108.57,0.0,,,0.0,
2019-02-04,246.0,103.6,0.0,,,0.0,
2019-02-05,268.0,112.37,0.0,,,0.0,
2019-02-06,293.0,128.36,0.0,,,0.0,
2019-02-07,295.0,114.28,0.0,,,0.0,
2019-02-08,250.0,84.99,0.0,,,0.0,
2019-02-09,130.0,56.43,0.0,,,0.0,
2019-02-10,118.0,66.92,0.0,,,0.0,
2019-02-11,138.0,84.77,0.0,,,0.0,
2019-02-12,226.0,99.22,0.0,,,0.0,
2019-02-13,275.0,137.43,0.0,,,0.0,
2019-02-14,324.0,158.01,0.0,,,0.0,
2019-02-15,302.0,90.34,0.0,,,0.0,
2019-02-16,131.0,45.7,0.0,,,0.0,
2019-02-17,121.0,64.14,0.0,,,0.0,
2019-02-19,168.0,99.7,0.0,,,0.0,
2019-02-20,231.0,91.34,0.0,,,0.0,
2019-02-21,179.0,89.38,0.0,,,0.0,
2019-02-22,284.0,122.22,0.0,,,0.0,
2019-02-23,219.0,82.11,0.0,,,0.0,
2019-02-24,156.0,89.27,0.0,,,0.0,
2019-02-25,180.0,63.97,0.0,,,0.0,
2019-02-26,115.0,66.18,0.0,,,0.0,
2019-02-27,117.0,55.94,0.0,,,0.0,
2019-02-28,113.0,52.12,0.0,,,0.0,
2019-03-01,112.0,62.4,0.0,,,0.0,
2019-03-02,152.0,94.98,0.0,,,0.0,
2019-03-03,277.0,97.36,0.0,,,0.0,
2019-03-04,216.0,96.13,0.0,,,0.0,
2019-03-05,185.0,79.77,0.0,,,0.0,
2019-03-06,133.0,64.82,0.0,,,0.0,
2019-03-07,128.0,68.97,0.0,,,0.0,
2019-03-08,135.0,76.1,0.0,,,0.0,
2019-03-09,157.0,90.91,0.0,,,0.0,
2019-03-10,261.0,104.21,0.0,,,0.0,
2019-03-11,191.0,92.27,0.0,,,0.0,
2019-03-12,239.0,90.05,0.0,,,0.0,
2019-03-13,197.0,94.33,0.0,,,0.0,
2019-03-14,189.0,64.14,0.0,,,0.0,
2019-03-15,113.0,48.23,0.0,,,0.0,
2019-03-16,116.0,82.61,0.0,,,0.0,
2019-03-17,248.0,78.65,0.0,,,0.0,
2019-03-18,114.0,46.94,0.0,,,0.0,
2019-03-19,118.0,74.06,0.0,,,0.0,
2019-03-20,185.0,83.75,0.0,,,0.0,
2019-03-21,124.0,53.78,0.0,,,0.0,
2019-03-22,113.0,62.33,0.0,,,0.0,
2019-03-23,116.0,71.83,0.0,,,0.0,
2019-03-24,201.0,106.07,0.0,,,0.0,
2019-03-25,296.0,122.45,0.0,,,0.0,
2019-03-26,276.0,102.7,0.0,,,0.0,
2019-03-27,143.0,83.56,0.0,,,0.0,
2019-03-28,236.0,83.68,0.0,,,0.0,
2019-03-29,248.0,116.02,0.0,,,0.0,
2019-03-30,284.0,119.74,0.0,,,0.0,
2019-03-31,290.0,112.65,0.0,,,0.0,
2019-04-01,190.0,78.38,0.0,,,0.0,
2019-04-02,193.0,89.29,0.0,,,0.0,
2019-04-03,268.0,123.03,0.0,,,0.0,
2019-04-04,307.0,130.81,0.0,,,0.0,
2019-04-05,305.0,,0.0,,,0.0,
2019-04-12,155.0,76.89,0.0,,,0.0,
2019-04-13,131.0,72.91,0.0,,,0.0,
2019-04-14,187.0,87.47,0.0,,,0.0,
2019-04-15,247.0,131.29,0.0,,,0.0,
2019-04-20,106.0,33.0,0.0,,,0.0,
2019-04-25,109.0,57.72,0.0,,,0.0,
2019-04-26,116.0,63.83,0.0,,,0.0,
2019-04-27,162.0,90.77,0.0,,,0.0,
2019-04-28,210.0,95.05,0.0,,,0.0,
2019-04-29,255.0,123.52,0.0,,,0.0,
2019-04-30,108.0,25.63,0.0,,,0.0,
2019-05-01,106.0,23.37,0.0,,,0.0,
2019-05-02,105.0,10.79,0.0,,,0.0,
2019-05-04,109.0,,0.0,,,0.0,
2019-05-05,99.0,13.62,0.0,,,0.0,
2019-05-07,172.0,76.68,0.0,,,0.0,
2019-05-08,161.0,83.95,0.0,,,0.0,
2019-05-09,192.0,77.54,0.0,,,0.0,
2019-05-10,154.0,117.28,0.0,,,0.0,
2019-05-11,224.0,67.45,0.0,,,0.0,
2019-05-12,130.0,59.41,0.0,,,0.0,
2019-05-13,117.0,61.29,0.0,,,0.0,
2019-05-14,120.0,47.47,0.0,,,0.0,
2019-05-15,121.0,68.52,0.0,,,0.0,
2019-05-16,117.0,45.67,0.0,,,0.0,
2019-05-17,84.0,56.61,0.0,,,0.0,
2019-05-18,157.0,75.78,0.0,,,0.0,
2019-05-19,143.0,78.6,0.0,,,0.0,
2019-05-20,172.0,66.08,0.0,,,0.0,
2019-05-21,114.0,70.12,0.0,,,0.0,
2019-05-22,131.0,44.97,0.0,,,0.0,
2019-05-23,114.0,45.14,0.0,,,0.0,
2019-05-24,117.0,39.41,0.0,,,0.0,
2019-05-25,124.0,44.87,0.0,,,0.0,
2019-05-26,119.0,46.98,0.0,,,0.0,
2019-05-27,136.0,58.45,0.0,,,0.0,
2019-05-28,117.0,47.05,0.0,,,0.0,
2019-05-29,84.0,36.04,0.0,,,0.0,
2019-05-31,114.0,40.9,0.0,,,0.0,
2019-06-02,116.0,33.62,0.0,,,0.0,
2019-06-04,117.0,32.78,0.0,,,0.0,
2019-06-05,117.0,51.53,0.0,,,0.0,
2019-06-06,112.0,36.15,0.0,,,0.0,
2019-06-07,115.0,26.6,0.0,,,0.0,
2019-06-08,115.0,8.32,0.0,,,0.0,
2019-06-09,107.0,48.94,0.0,,,0.0,
2019-06-10,115.0,58.33,0.0,,,0.0,
2019-06-12,105.0,26.52,0.0,,,0.0,
2019-06-14,88.0,18.76,0.0,,,0.0,
2019-06-15,91.0,20.0,0.0,,,0.0,
2019-06-16,94.0,18.48,0.0,,,0.0,
2019-06-17,95.0,26.35,0.0,,,0.0,
2019-06-18,97.0,29.42,0.0,,,0.0,
2019-06-19,100.0,39.47,0.0,,,0.0,
2019-06-20,94.0,28.0,0.0,,,0.0,
2019-06-21,100.0,26.98,0.0,,,0.0,
2019-06-22,101.0,43.88,0.0,,,0.0,
2019-06-23,98.0,42.01,0.0,,,0.0,
2019-06-24,101.0,41.34,0.0,,,0.0,
2019-06-25,100.0,32.02,0.0,,,0.0,
2019-06-26,95.0,24.51,0.0,,,0.0,
2019-06-27,102.0,38.5,0.0,,,0.0,
2019-06-28,100.0,29.03,0.0,,,0.0,
2019-06-29,95.0,21.27,0.0,,,0.0,
2019-06-30,102.0,18.41,0.0,,,0.0,
2019-07-02,99.0,15.25,0.0,,,0.0,
2019-07-03,99.0,15.74,0.0,,,0.0,
2019-07-04,102.0,24.34,0.0,,,0.0,
2019-07-06,100.0,12.09,0.0,,,0.0,
2019-07-07,94.0,8.11,0.0,,,0.0,
2019-07-08,66.0,18.49,0.0,,,0.0,
2019-07-09,100.0,15.75,0.0,,,0.0,
2019-07-11,98.0,23.11,0.0,,,0.0,
2019-07-12,101.0,24.81,0.0,,,0.0,
2019-07-13,102.0,33.21,0.0,,,0.0,
2019-07-14,99.0,22.63,0.0,,,0.0,
2019-07-15,98.0,18.88,0.0,,,0.0,
2019-07-16,102.0,38.78,0.0,,,0.0,
2019-07-17,98.0,31.14,0.0,,,0.0,
2019-07-18,98.0,32.95,0.0,,,0.0,
2019-07-19,80.0,25.71,0.0,,,0.0,
2019-07-20,97.0,27.82,0.0,,,0.0,
2019-07-21,93.0,24.73,0.0,,,0.0,
2019-07-22,94.0,20.24,0.0,,,0.0,
2019-07-23,99.0,20.5,0.0,,,0.0,
2019-07-24,84.0,16.9,0.0,,,0.0,
2019-07-25,98.0,21.23,0.0,,,0.0,
2019-07-26,99.0,16.79,0.0,,,0.0,
2019-07-27,95.0,18.61,0.0,,,0.0,
2019-07-28,35.0,28.1,0.0,,,0.0,
2019-07-29,71.0,11.49,0.0,,,0.0,
2019-07-30,96.0,11.72,0.0,,,0.0,
2019-07-31,99.0,11.3,0.0,,,0.0,
2019-08-01,103.0,15.83,0.0,,,0.0,
2019-08-02,100.0,17.03,0.0,,,0.0,
2019-08-03,100.0,11.68,0.0,,,0.0,
2019-08-04,96.0,9.51,0.0,,,0.0,
2019-08-07,101.0,9.9,0.0,,,0.0,
2019-08-15,103.0,26.93,0.0,,,0.0,
2019-08-16,103.0,28.16,0.0,,,0.0,
2019-08-17,102.0,43.12,0.0,,,0.0,
2019-08-18,107.0,23.19,0.0,,,0.0,
2019-08-21,100.0,32.15,0.0,,,0.0,
2019-08-22,101.0,39.35,0.0,,,0.0,
2019-08-24,102.0,32.21,0.0,,,0.0,
2019-08-25,102.0,37.79,0.0,,,0.0,
2019-08-26,102.0,21.99,0.0,,,0.0,
2019-08-27,102.0,34.35,0.0,,,0.0,
2019-08-28,102.0,30.32,0.0,,,0.0,
2019-08-29,103.0,35.6,0.0,,,0.0,
2019-08-30,100.0,29.62,0.0,,,0.0,
2019-08-31,81.0,45.24,0.0,,,0.0,
2019-09-01,97.0,33.73,0.0,,,0.0,
2019-09-02,102.0,17.73,0.0,,,0.0,
2019-09-03,51.0,25.45,0.0,,,0.0,
2019-09-04,81.0,31.95,0.0,,,0.0,
2019-09-05,101.0,17.5,0.0,,,0.0,
2019-09-06,102.0,20.52,0.0,,,0.0,
2019-09-07,101.0,15.34,0.0,,,0.0,
2019-09-08,70.0,18.58,0.0,,,0.0,
2019-09-09,69.0,21.44,0.0,,,0.0,
2019-09-10,102.0,16.98,0.0,,,0.0,
2019-09-11,102.0,25.9,0.0,,,0.0,
2019-09-12,97.0,33.44,0.0,,,0.0,
2019-09-13,100.0,19.52,0.0,,,0.0,
2019-09-14,102.0,27.59,0.0,,,0.0,
2019-09-15,101.0,33.54,0.0,,,0.0,
2019-09-16,102.0,33.37,0.0,,,0.0,
2019-09-17,103.0,37.4,0.0,,,0.0,
2019-09-18,102.0,32.19,0.0,,,0.0,
2019-09-19,102.0,15.64,0.0,,,0.0,
2019-09-20,102.0,22.3,0.0,,,0.0,
2019-09-21,104.0,34.26,0.0,,,0.0,
2019-09-22,103.0,35.88,0.0,,,0.0,
2019-09-23,102.0,23.5,0.0,,,0.0,
2019-09-24,49.0,13.3,0.0,,,0.0,
2019-09-25,91.0,19.4,0.0,,,0.0,
2019-09-26,101.0,16.66,0.0,,,0.0,
2019-09-27,102.0,15.27,0.0,,,0.0,
2019-09-28,103.0,14.78,0.0,,,0.0,
2019-09-29,102.0,16.93,0.0,,,0.0,
2019-09-30,103.0,26.05,0.0,,,0.0,
2019-10-01,104.0,32.16,0.0,,,0.0,
2019-10-02,104.0,28.96,0.0,,,0.0,
2019-10-03,103.0,27.41,0.0,,,0.0,
2019-10-04,98.0,51.42,0.0,,,0.0,
2019-10-05,105.0,34.76,0.0,,,0.0,
2019-10-06,104.0,30.55,0.0,,,0.0,
2019-10-07,103.0,25.13,0.0,,,0.0,
2019-10-08,103.0,25.41,0.0,,,0.0,
2019-10-09,103.0,55.0,0.0,,,0.0,
2019-10-10,78.0,26.48,0.0,,,0.0,
2019-10-11,90.0,32.77,0.0,,,0.0,
2019-10-12,104.0,28.89,0.0,,,0.0,
2019-10-13,103.0,30.73,0.0,,,0.0,
2019-10-14,103.0,39.96,0.0,,,0.0,
2019-10-15,106.0,61.88,0.0,,,0.0,
2019-10-16,116.0,53.11,0.0,,,0.0,
2019-10-17,110.0,54.85,0.0,,,0.0,
2019-10-18,106.0,32.62,0.0,,,0.0,
2019-10-19,104.0,35.99,0.0,,,0.0,
2019-10-20,104.0,41.21,0.0,,,0.0,
2019-10-21,104.0,20.53,0.0,,,0.0,
2019-10-22,105.0,31.58,0.0,,,0.0,
2019-10-23,105.0,32.15,0.0,,,0.0,
2019-10-24,104.0,24.43,0.0,,,0.0,
2019-10-25,104.0,23.14,0.0,,,0.0,
2019-10-26,104.0,34.74,0.0,,,0.0,
2019-10-27,103.0,29.75,0.0,,,0.0,
2019-11-01,179.0,84.24,0.0,,,0.0,
2019-11-02,188.0,77.18,0.0,,,0.0,
2019-11-03,146.0,83.03,0.0,,,0.0,
2019-11-04,236.0,107.54,0.0,,,0.0,
2019-11-05,222.0,89.4,0.0,,,0.0,
2019-11-06,200.0,83.14,0.0,,,0.0,
2019-11-07,174.0,81.1,0.0,,,0.0,
2019-11-08,141.0,62.63,0.0,,,0.0,
2019-11-09,122.0,38.64,0.0,,,0.0,
2019-11-10,99.0,43.3,0.0,,,0.0,
2019-11-11,102.0,42.37,0.0,,,0.0,
2019-11-12,115.0,60.96,0.0,,,0.0,
2019-11-13,126.0,57.49,0.0,,,0.0,
2019-11-14,123.0,57.19,0.0,,,0.0,
2019-11-15,125.0,58.09,0.0,,,0.0,
2019-11-16,113.0,51.52,0.0,,,0.0,
2019-11-17,126.0,79.1,0.0,,,0.0,
2019-11-18,184.0,76.72,0.0,,,0.0,
2019-11-19,133.0,50.88,0.0,,,0.0,
2019-11-20,120.0,57.47,0.0,,,0.0,
2019-11-21,131.0,69.64,0.0,,,0.0,
2019-11-22,152.0,88.71,0.0,,,0.0,
2019-11-23,211.0,86.71,0.0,,,0.0,
2019-11-24,156.0,66.14,0.0,,,0.0,
2019-11-26,180.0,88.94,0.0,,,0.0,
2019-11-27,185.0,47.74,0.0,,,0.0,
2019-11-29,223.0,102.32,0.0,,,0.0,
2019-11-30,201.0,78.96,0.0,,,0.0,
2019-12-01,147.0,70.08,0.0,,,0.0,
2019-12-02,126.0,63.24,0.0,,,0.0,
2019-12-03,129.0,75.53,0.0,,,0.0,
2019-12-04,155.0,64.22,0.0,,,0.0,
2019-12-05,111.0,54.83,0.0,,,0.0,
2019-12-06,120.0,62.64,0.0,,,0.0,
2019-12-07,128.0,64.84,0.0,,,0.0,
2019-12-08,128.0,68.89,0.0,,,0.0,
2019-12-09,140.0,75.5,0.0,,,0.0,
2019-12-10,151.0,82.35,0.0,,,0.0,
2019-12-11,220.0,118.77,0.0,,,0.0,
2019-12-12,290.0,91.52,0.0,,,0.0,
2019-12-13,157.0,65.57,0.0,,,0.0,
2019-12-14,118.0,61.59,0.0,,,0.0,
2019-12-15,118.0,50.72,0.0,,,0.0,
2019-12-16,73.0,37.19,0.0,,,0.0,
2019-12-17,98.0,66.14,0.0,,,0.0,
2019-12-18,109.0,43.22,0.0,,,0.0,
2019-12-19,88.0,38.79,0.0,,,0.0,
2019-12-20,98.0,62.63,0.0,,,0.0,
2019-12-21,126.0,64.93,0.0,,,0.0,
2019-12-22,125.0,55.2,0.0,,,0.0,
2019-12-23,108.0,48.17,0.0,,,0.0,
2019-12-24,123.0,90.37,0.0,,,0.0,
2019-12-25,257.0,109.25,0.0,,,0.0,
2019-12-26,255.0,99.98,0.0,,,0.0,
2019-12-27,199.0,64.98,0.0,,,0.0,
2019-12-28,91.0,39.99,0.0,,,0.0,
2019-12-29,111.0,82.67,0.0,,,0.0,
2019-12-30,171.0,66.67,0.0,,,0.0,
2019-12-31,118.0,63.03,0.0,,,0.0,
2020-01-01,114.0,42.75,0.0,,,0.0,
2020-01-02,69.0,28.9,0.0,,,0.0,
2020-01-03,70.0,34.82,0.0,,,0.0,
2020-01-04,77.0,58.33,0.0,,,0.0,
2020-01-05,128.0,67.62,0.0,,,0.0,
2020-01-06,108.0,49.74,0.0,,,0.0,
2020-01-07,115.0,68.28,0.0,,,0.0,
2020-01-08,146.0,69.26,0.0,,,0.0,
2020-01-09,112.0,76.66,0.0,,,0.0,
2020-01-10,166.0,56.23,0.0,,,0.0,
2020-01-15,296.0,115.69,0.0,,,0.0,
2020-01-16,285.0,108.99,0.0,,,0.0,
2020-01-17,250.0,101.29,0.0,,,0.0,
2020-01-18,188.0,83.82,0.0,,,0.0,
2020-01-19,206.0,89.78,0.0,,,0.0,
2020-01-20,160.0,69.42,0.0,,,0.0,
2020-01-21,146.0,83.39,0.0,,,0.0,
2020-01-22,210.0,104.47,0.0,,,0.0,
2020-01-23,259.0,91.23,0.0,,,0.0,
2020-01-24,160.0,68.34,0.0,,,0.0,
2020-01-25,116.0,61.65,0.0,,,0.0,
2020-01-26,138.0,60.24,0.0,,,0.0,
2020-01-27,112.0,70.6,0.0,,,0.0,
2020-01-28,139.0,74.93,0.0,,,0.0,
2020-01-29,189.0,78.91,0.0,,,0.0,
2020-01-30,137.0,59.9,0.0,,,0.0,
2020-01-31,103.0,55.53,0.0,,,0.0,
2020-02-01,116.0,54.18,0.0,,,0.0,
2020-02-02,119.0,52.62,0.0,,,0.0,
2020-02-04,191.0,69.43,0.0,,,0.0,
2020-02-05,118.0,65.97,0.0,,,0.0,
2020-02-06,127.0,71.77,0.0,,,0.0,
2020-02-07,126.0,52.91,0.0,,,0.0,
2020-02-08,97.0,44.57,0.0,,,0.0,
2020-02-09,98.0,57.83,0.0,,,0.0,
2020-02-10,129.0,64.57,0.0,,,0.0,
2020-02-11,155.0,84.2,0.0,,,0.0,
2020-02-12,174.0,79.59,0.0,,,0.0,
2020-02-13,177.0,78.7,0.0,,,0.0,
2020-02-14,157.0,81.63,0.0,,,0.0,
2020-02-15,162.0,69.93,0.0,,,0.0,
2020-02-16,118.0,53.86,0.0,,,0.0,
2020-02-17,119.0,62.05,0.0,,,0.0,
2020-02-18,136.0,66.86,0.0,,,0.0,
2020-02-19,141.0,79.45,0.0,,,0.0,
2020-02-20,172.0,82.41,0.0,,,0.0,
2020-02-21,168.0,70.64,0.0,,,0.0,
2020-02-22,140.0,91.15,0.0,,,0.0,
2020-02-23,233.0,76.21,0.0,,,0.0,
2020-02-25,82.0,33.53,0.0,,,0.0,
2020-02-26,67.0,50.29,0.0,,,0.0,
2020-02-27,108.0,55.53,0.0,,,0.0,
2020-02-28,94.0,67.21,0.0,,,0.0,
2020-02-29,158.0,84.52,0.0,,,0.0,
2020-03-01,202.0,94.73,0.0,,,0.0,
2020-03-02,229.0,101.48,0.0,,,0.0,
2020-03-03,199.0,74.94,0.0,,,0.0,
2020-03-04,83.0,,0.0,,,0.0,
2020-03-05,60.0,,0.0,,,0.0,
2020-03-06,46.0,,0.0,,,0.0,
2020-03-07,51.0,,0.0,,,0.0,
2020-03-08,44.0,,0.0,,,0.0,
2020-03-09,91.0,66.18,0.0,,,0.0,
2020-03-10,66.0,25.66,0.0,,,0.0,
2020-03-18,161.0,64.95,0.0,,,0.0,
2020-03-19,141.0,57.92,0.0,,,0.0,
2020-03-20,115.0,,0.0,,,0.0,
2020-03-25,169.0,72.91,0.0,,,0.0,
2020-03-26,145.0,66.01,0.0,,,0.0,
2020-03-27,156.0,83.66,0.0,,,0.0,
2020-03-28,139.0,52.6,0.0,,,0.0,
2020-03-29,128.0,52.58,0.0,,,0.0,
2020-03-30,129.0,49.81,0.0,,,0.0,
2020-03-31,128.0,65.44,0.0,,,0.0,
2020-04-01,148.0,59.92,0.0,,,0.0,
2020-04-02,160.0,74.14,0.0,,,0.0,
2020-04-03,158.0,71.91,0.0,,,0.0,
2020-04-04,164.0,64.28,0.0,,,0.0,
2020-04-05,139.0,56.63,0.0,,,0.0,
2020-04-06,129.0,92.54,0.0,,,0.0,
2020-04-10,236.0,90.45,0.0,,,0.0,
2020-04-11,222.0,93.45,0.0,,,0.0,
2020-04-12,206.0,86.2,0.0,,,0.0,
2020-04-13,176.0,76.67,0.0,,,0.0,
2020-04-14,174.0,89.36,0.0,,,0.0,
2020-04-15,201.0,76.63,0.0,,,0.0,
2020-04-16,126.0,61.41,0.0,,,0.0,
2020-04-17,194.0,98.12,0.0,,,0.0,
2020-04-18,207.0,77.66,0.0,,,0.0,
2020-04-19,120.0,55.82,0.0,,,0.0,
2020-04-20,142.0,84.94,0.0,,,0.0,
2020-04-21,122.0,33.32,0.0,,,0.0,
2020-04-22,54.0,27.93,0.0,,,0.0,
2020-04-23,78.0,38.58,0.0,,,0.0,
2020-04-24,79.0,32.86,0.0,,,0.0,
2020-04-26,55.0,18.0,0.0,,,0.0,
2020-04-27,50.0,28.56,0.0,,,0.0,
2020-04-28,75.0,36.72,0.0,,,0.0,
2020-04-29,91.0,35.97,0.0,,,0.0,
2020-04-30,80.0,53.76,0.0,,,0.0,
2020-05-01,141.0,59.5,0.0,,,0.0,
2020-05-02,158.0,,0.0,,,0.0,
2020-05-03,188.0,75.61,0.0,,,0.0,
2020-05-04,138.0,31.59,0.0,,,0.0,
2020-05-05,114.0,46.37,0.0,,,0.0,
2020-05-06,133.0,42.05,0.0,,,0.0,
2020-05-07,103.0,25.98,0.0,,,0.0,
2020-05-08,93.0,32.29,0.0,,,0.0,
2020-05-09,116.0,39.19,0.0,,,0.0,
2020-05-10,117.0,44.57,0.0,,,0.0,
2020-05-14,178.0,70.23,0.0,,,0.0,
2020-05-15,131.0,50.05,0.0,,,0.0,
2020-05-16,134.0,48.78,0.0,,,0.0,
2020-05-17,120.0,46.31,0.0,,,0.0,
2020-05-31,73.0,30.4,0.0,,,0.0,
2020-06-02,131.0,57.78,0.0,,,0.0,
2020-06-03,98.0,63.28,0.0,,,0.0,
2020-06-05,168.0,22.8,0.0,,,0.0,
2020-06-09,132.0,65.01,0.0,,,0.0,
2020-06-11,99.0,45.07,0.0,,,0.0,
2020-06-12,76.0,34.71,0.0,,,0.0,
2019-09-03,93.0,27.93,0.0,,,0.0,
2019-09-04,96.0,34.05,0.0,,,0.0,
2019-09-05,77.0,,0.0,,,0.0,
2019-09-07,84.0,,0.0,,,0.0,
2019-09-08,88.0,,0.0,,,0.0,
2019-09-10,88.0,,0.0,,,0.0,
2019-09-11,107.0,,0.0,,,0.0,
2019-09-12,121.0,,0.0,,,0.0,
2019-09-13,90.0,,0.0,,,0.0,
2019-09-14,69.0,,0.0,,,0.0,
2019-09-15,68.0,,0.0,,,0.0,
2019-09-16,96.0,,0.0,,,0.0,
2019-09-17,102.0,,0.0,,,0.0,
2019-09-18,120.0,,0.0,,,0.0,
2019-09-19,88.0,38.1,0.0,,,0.0,
2019-09-20,71.0,40.41,0.0,,,0.0,
2019-09-21,69.0,27.21,0.0,,,0.0,
2019-09-22,68.0,29.75,0.0,,,0.0,
2019-09-23,59.0,18.35,0.0,,,0.0,
2019-09-24,74.0,34.43,0.0,,,0.0,
2019-09-25,102.0,33.66,0.0,,,0.0,
2019-09-26,94.0,22.93,0.0,,,0.0,
2019-09-27,80.0,16.0,0.0,,,0.0,
2019-09-28,77.0,22.41,0.0,,,0.0,
2019-09-29,48.0,13.93,0.0,,,0.0,
2019-10-01,68.0,24.45,0.0,,,0.0,
2019-10-02,58.0,15.77,0.0,,,0.0,
2019-10-03,58.0,29.59,0.0,,,0.0,
2019-10-04,74.0,30.27,0.0,,,0.0,
2019-10-05,72.0,25.9,0.0,,,0.0,
2019-10-06,83.0,38.69,0.0,,,0.0,
2019-10-07,94.0,53.09,0.0,,,0.0,
2019-10-08,106.0,43.67,0.0,,,0.0,
2019-10-09,108.0,53.12,0.0,,,0.0,
2019-10-10,117.0,56.82,0.0,,,0.0,
2019-10-11,107.0,50.45,0.0,,,0.0,
2019-10-12,107.0,58.03,0.0,,,0.0,
2019-10-13,98.0,57.61,0.0,,,0.0,
2019-10-14,135.0,74.8,0.0,,,0.0,
2019-10-15,138.0,73.44,0.0,,,0.0,
2019-10-16,158.0,83.96,0.0,,,0.0,
2019-10-17,187.0,80.65,0.0,,,0.0,
2019-10-18,122.0,56.2,0.0,,,0.0,
2019-10-19,110.0,51.84,0.0,,,0.0,
2019-10-20,105.0,53.9,0.0,,,0.0,
2019-10-21,111.0,53.79,0.0,,,0.0,
2019-10-22,108.0,47.72,0.0,,,0.0,
2019-10-23,104.0,46.9,0.0,,,0.0,
2019-10-24,110.0,71.66,0.0,,,0.0,
2019-10-25,190.0,92.3,0.0,,,0.0,
2019-10-26,231.0,104.11,0.0,,,0.0,
2019-10-27,253.0,122.16,0.0,,,0.0,
2019-10-28,335.0,154.85,0.0,,,0.0,
2019-10-29,268.0,110.06,0.0,,,0.0,
2019-10-30,270.0,108.09,0.0,,,0.0,
2019-10-31,262.0,109.17,0.0,,,0.0,
2019-11-01,270.0,112.71,0.0,,,0.0,
2019-11-02,297.0,123.26,0.0,,,0.0,
2019-11-03,283.0,135.98,0.0,,,0.0,
2019-11-04,322.0,114.56,0.0,,,0.0,
2019-11-05,148.0,53.96,0.0,,,0.0,
2019-11-06,117.0,58.85,0.0,,,0.0,
2019-11-07,100.0,46.3,0.0,,,0.0,
2019-11-08,82.0,45.3,0.0,,,0.0,
2019-11-09,81.0,47.33,0.0,,,0.0,
2019-11-10,106.0,72.51,0.0,,,0.0,
2019-11-11,198.0,103.38,0.0,,,0.0,
2019-11-12,270.0,113.03,0.0,,,0.0,
2019-11-13,270.0,101.59,0.0,,,0.0,
2019-11-14,214.0,101.15,0.0,,,0.0,
2019-11-15,245.0,96.95,0.0,,,0.0,
2019-11-16,165.0,63.35,0.0,,,0.0,
2019-11-17,94.0,42.54,0.0,,,0.0,
2019-11-18,87.0,61.85,0.0,,,0.0,
2019-11-19,136.0,85.34,0.0,,,0.0,
2019-11-20,215.0,92.71,0.0,,,0.0,
2019-11-21,179.0,84.5,0.0,,,0.0,
2019-11-22,246.0,116.3,0.0,,,0.0,
2019-11-23,256.0,84.1,0.0,,,0.0,
2019-11-24,107.0,44.9,0.0,,,0.0,
2019-11-25,80.0,46.55,0.0,,,0.0,
2019-11-26,111.0,61.28,0.0,,,0.0,
2019-11-27,88.0,32.56,0.0,,,0.0,
2019-11-28,100.0,42.0,0.0,,,0.0,
2019-11-29,95.0,50.57,0.0,,,0.0,
2019-11-30,92.0,55.52,0.0,,,0.0,
2019-12-01,107.0,59.05,0.0,,,0.0,
2019-12-02,122.0,78.39,0.0,,,0.0,
2019-12-03,166.0,81.14,0.0,,,0.0,
2019-12-04,199.0,91.88,0.0,,,0.0,
2019-12-05,204.0,92.12,0.0,,,0.0,
2019-12-06,186.0,77.58,0.0,,,0.0,
2019-12-07,139.0,69.8,0.0,,,0.0,
2019-12-08,142.0,69.48,0.0,,,0.0,
2019-12-09,157.0,97.55,0.0,,,0.0,
2019-12-10,218.0,90.07,0.0,,,0.0,
2019-12-11,211.0,119.05,0.0,,,0.0,
2019-12-12,307.0,108.0,0.0,,,0.0,
2019-12-13,115.0,21.86,0.0,,,0.0,
2019-12-14,44.0,39.0,0.0,,,0.0,
2019-12-15,70.0,39.25,0.0,,,0.0,
2019-12-16,69.0,41.79,0.0,,,0.0,
2019-12-17,89.0,61.95,0.0,,,0.0,
2019-12-18,95.0,49.36,0.0,,,0.0,
2019-12-19,149.0,91.41,0.0,,,0.0,
2019-12-20,204.0,98.48,0.0,,,0.0,
2019-12-21,199.0,68.55,0.0,,,0.0,
2019-12-22,101.0,46.06,0.0,,,0.0,
2019-12-23,80.0,41.79,0.0,,,0.0,
2019-12-24,110.0,67.27,0.0,,,0.0,
2019-12-25,96.0,35.08,0.0,,,0.0,
2019-12-26,69.0,38.86,0.0,,,0.0,
2019-12-27,97.0,61.39,0.0,,,0.0,
2019-12-28,127.0,77.1,0.0,,,0.0,
2019-12-29,149.0,58.68,0.0,,,0.0,
2019-12-30,102.0,72.34,0.0,,,0.0,
2019-12-31,206.0,77.06,0.0,,,0.0,
2020-01-01,132.0,63.22,0.0,,,0.0,
2020-01-02,109.0,45.65,0.0,,,0.0,
2020-01-03,102.0,45.79,0.0,,,0.0,
2020-01-04,100.0,53.46,0.0,,,0.0,
2020-01-05,109.0,51.15,0.0,,,0.0,
2020-01-06,85.0,37.92,0.0,,,0.0,
2020-01-07,56.0,28.87,0.0,,,0.0,
2020-01-08,48.0,31.92,0.0,,,0.0,
2020-01-09,49.0,28.35,0.0,,,0.0,
2020-01-10,58.0,27.82,0.0,,,0.0,
2020-01-11,80.0,46.57,0.0,,,0.0,
2020-01-12,123.0,75.8,0.0,,,0.0,
2020-01-13,170.0,63.64,0.0,,,0.0,
2020-01-14,88.0,39.14,0.0,,,0.0,
2020-01-15,77.0,46.49,0.0,,,0.0,
2020-01-16,80.0,40.07,0.0,,,0.0,
2020-01-17,85.0,48.86,0.0,,,0.0,
2020-01-18,110.0,58.57,0.0,,,0.0,
2020-01-19,112.0,46.76,0.0,,,0.0,
2020-01-20,93.0,54.78,0.0,,,0.0,
2020-01-21,136.0,65.75,0.0,,,0.0,
2020-01-22,112.0,41.75,0.0,,,0.0,
2020-01-23,73.0,29.8,0.0,,,0.0,
2020-01-24,75.0,27.35,0.0,,,0.0,
2020-01-25,99.0,50.16,0.0,,,0.0,
2020-01-26,117.0,63.05,0.0,,,0.0,
2020-01-27,93.0,70.05,0.0,,,0.0,
2020-01-28,142.0,40.04,0.0,,,0.0,
2020-01-29,72.0,23.83,0.0,,,0.0,
2020-01-30,76.0,26.33,0.0,,,0.0,
2020-01-31,55.0,33.27,0.0,,,0.0,
2020-02-01,95.0,46.01,0.0,,,0.0,
2020-02-02,75.0,36.92,0.0,,,0.0,
2020-02-03,95.0,45.69,0.0,,,0.0,
2020-02-04,113.0,48.43,0.0,,,0.0,
2020-02-05,98.0,44.5,0.0,,,0.0,
2020-02-06,83.0,44.26,0.0,,,0.0,
2020-02-07,102.0,52.11,0.0,,,0.0,
2020-02-08,91.0,56.44,0.0,,,0.0,
2020-02-09,101.0,58.61,0.0,,,0.0,
2020-02-10,109.0,58.08,0.0,,,0.0,
2020-02-11,109.0,55.99,0.0,,,0.0,
2020-02-12,110.0,54.47,0.0,,,0.0,
2020-02-13,102.0,45.96,0.0,,,0.0,
2020-02-14,94.0,38.65,0.0,,,0.0,
2020-02-15,94.0,38.73,0.0,,,0.0,
2020-02-16,99.0,44.75,0.0,,,0.0,
2020-02-17,88.0,37.34,0.0,,,0.0,
2020-02-18,94.0,39.85,0.0,,,0.0,
2020-02-19,124.0,49.94,0.0,,,0.0,
2020-02-20,114.0,40.09,0.0,,,0.0,
2020-02-21,72.0,17.74,0.0,,,0.0,
2020-02-22,50.0,28.86,0.0,,,0.0,
2020-02-23,64.0,26.21,0.0,,,0.0,
2020-02-24,61.0,22.11,0.0,,,0.0,
2020-02-25,78.0,31.08,0.0,,,0.0,
2020-02-26,83.0,36.76,0.0,,,0.0,
2020-02-27,112.0,55.33,0.0,,,0.0,
2020-02-28,112.0,48.22,0.0,,,0.0,
2020-02-29,86.0,24.21,0.0,,,0.0,
2020-03-01,62.0,16.87,0.0,,,0.0,
2020-03-02,66.0,32.21,0.0,,,0.0,
2020-03-03,82.0,35.14,0.0,,,0.0,
2020-03-04,97.0,35.6,0.0,,,0.0,
2020-03-05,86.0,20.93,0.0,,,0.0,
2020-03-06,49.0,13.67,0.0,,,0.0,
2020-03-07,35.0,13.4,0.0,,,0.0,
2020-03-08,62.0,22.56,0.0,,,0.0,
2020-03-09,47.0,21.62,0.0,,,0.0,
2020-03-10,69.0,29.78,0.0,,,0.0,
2020-03-11,74.0,27.87,0.0,,,0.0,
2020-03-12,49.0,19.08,0.0,,,0.0,
2020-03-13,50.0,17.86,0.0,,,0.0,
2020-03-14,29.0,9.63,0.0,,,0.0,
2020-03-15,30.0,10.57,0.0,,,0.0,
2020-03-16,56.0,21.2,0.0,,,0.0,
2020-03-17,77.0,18.52,0.0,,,0.0,
2020-03-18,79.0,20.51,0.0,,,0.0,
2020-03-19,85.0,23.59,0.0,,,0.0,
2020-03-20,79.0,24.17,0.0,,,0.0,
2020-03-21,76.0,21.88,0.0,,,0.0,
2020-03-22,62.0,18.63,0.0,,,0.0,
2020-03-23,39.0,14.77,0.0,,,0.0,
2020-03-24,36.0,16.69,0.0,,,0.0,
2020-03-25,35.0,15.43,0.0,,,0.0,
2020-03-26,39.0,13.28,0.0,,,0.0,
2020-03-27,40.0,18.86,0.0,,,0.0,
2020-03-28,26.0,7.73,0.0,,,0.0,
2020-03-29,30.0,18.82,0.0,,,0.0,
2020-03-30,38.0,12.34,0.0,,,0.0,
2020-03-31,34.0,15.51,0.0,,,0.0,
2020-04-01,32.0,12.25,0.0,,,0.0,
2020-04-02,34.0,11.2,0.0,,,0.0,
2020-04-03,33.0,11.91,0.0,,,0.0,
2020-04-04,34.0,12.77,0.0,,,0.0,
2020-04-05,35.0,15.43,0.0,,,0.0,
2020-04-06,41.0,20.93,0.0,,,0.0,
2020-04-07,45.0,11.46,0.0,,,0.0,
2020-04-08,38.0,11.19,0.0,,,0.0,
2020-04-09,35.0,10.0,0.0,,,0.0,
2020-04-10,36.0,12.37,0.0,,,0.0,
2020-04-11,42.0,14.16,0.0,,,0.0,
2020-04-12,46.0,15.62,0.0,,,0.0,
2020-04-13,45.0,19.73,0.0,,,0.0,
2020-04-14,56.0,18.52,0.0,,,0.0,
2020-04-15,71.0,22.97,0.0,,,0.0,
2020-04-16,74.0,21.93,0.0,,,0.0,
2020-04-18,55.0,10.05,0.0,,,0.0,
2020-04-19,39.0,6.86,0.0,,,0.0,
2020-04-20,34.0,11.4,0.0,,,0.0,
2020-04-21,37.0,12.87,0.0,,,0.0,
2020-04-22,41.0,11.29,0.0,,,0.0,
2020-04-23,50.0,16.05,0.0,,,0.0,
2020-04-24,57.0,14.91,0.0,,,0.0,
2020-04-25,63.0,17.25,0.0,,,0.0,
2020-04-26,51.0,12.34,0.0,,,0.0,
2020-04-27,35.0,10.3,0.0,,,0.0,
2020-04-28,40.0,12.25,0.0,,,0.0,
2020-04-29,40.0,14.57,0.0,,,0.0,
2020-04-30,54.0,21.39,0.0,,,0.0,
2020-05-01,60.0,22.24,0.0,,,0.0,
2020-05-02,64.0,19.81,0.0,,,0.0,
2020-05-03,66.0,17.98,0.0,,,0.0,
2020-05-04,50.0,10.42,0.0,,,0.0,
2020-05-05,52.0,17.99,0.0,,,0.0,
2020-05-06,60.0,16.21,0.0,,,0.0,
2020-05-07,56.0,13.54,0.0,,,0.0,
2020-05-08,64.0,18.31,0.0,,,0.0,
2020-05-09,74.0,23.0,0.0,,,0.0,
2020-05-10,77.0,24.15,0.0,,,0.0,
2020-05-11,92.0,16.39,0.0,,,0.0,
2020-05-12,62.0,17.07,0.0,,,0.0,
2020-05-13,66.0,34.57,0.0,,,0.0,
2020-05-14,81.0,29.6,0.0,,,0.0,
2020-05-15,63.0,12.35,0.0,,,0.0,
2020-05-16,60.0,20.83,0.0,,,0.0,
2020-05-17,64.0,22.99,0.0,,,0.0,
2020-05-18,65.0,21.46,0.0,,,0.0,
2020-05-19,66.0,16.47,0.0,,,0.0,
2020-05-20,60.0,17.59,0.0,,,0.0,
2020-05-21,82.0,29.03,0.0,,,0.0,
2020-05-22,116.0,35.93,0.0,,,0.0,
2020-05-23,130.0,35.26,0.0,,,0.0,
2020-05-24,104.0,24.52,0.0,,,0.0,
2020-05-25,91.0,26.31,0.0,,,0.0,
2020-05-26,97.0,29.31,0.0,,,0.0,
2020-05-27,107.0,19.09,0.0,,,0.0,
2020-05-28,98.0,19.87,0.0,,,0.0,
2020-05-29,77.0,11.88,0.0,,,0.0,
2020-05-30,48.0,15.25,0.0,,,0.0,
2020-05-31,46.0,16.6,0.0,,,0.0,
2020-06-01,56.0,18.59,0.0,,,0.0,
2020-06-02,57.0,18.36,0.0,,,0.0,
2020-06-03,67.0,16.71,0.0,,,0.0,
2020-06-04,72.0,14.48,0.0,,,0.0,
2020-06-05,54.0,21.25,0.0,,,0.0,
2020-06-06,50.0,22.07,0.0,,,0.0,
2020-06-07,53.0,16.35,0.0,,,0.0,
2020-06-08,61.0,21.12,0.0,,,0.0,
2020-06-09,63.0,29.37,0.0,,,0.0,
2020-06-10,72.0,24.53,0.0,,,0.0,
2020-06-11,78.0,25.59,0.0,,,0.0,
2020-06-12,87.0,33.92,0.0,,,0.0,
2020-06-13,85.0,25.68,0.0,,,0.0,
2020-06-14,71.0,21.72,0.0,,,0.0,
2020-06-15,73.0,21.74,0.0,,,0.0,
2020-06-16,73.0,21.2,0.0,,,0.0,
2020-06-17,72.0,20.84,0.0,,,0.0,
2020-06-18,72.0,28.75,0.0,,,0.0,
2020-06-19,82.0,16.34,0.0,,,0.0,
2020-06-20,58.0,23.97,0.0,,,0.0,
2020-06-21,76.0,26.45,0.0,,,0.0,
2020-06-22,61.0,21.69,0.0,,,0.0,
2020-06-23,53.0,19.17,0.0,,,0.0,
2020-06-24,38.0,16.79,0.0,,,0.0,
2020-06-25,37.0,14.15,0.0,,,0.0,
2020-06-26,68.0,31.84,0.0,,,0.0,
2020-06-27,79.0,35.55,0.0,,,0.0,
2020-06-28,73.0,39.42,0.0,,,0.0,
2020-06-29,83.0,38.89,0.0,,,0.0,
2020-06-30,71.0,20.28,0.0,,,0.0,
2020-07-01,66.0,32.9,0.0,,,0.0,
2015-03-24,333.0,149.04,0.0,,,0.0,
2015-03-26,318.0,140.21,0.0,,,0.0,
2015-03-27,408.0,266.29,0.0,,,0.0,
2015-03-28,448.0,88.65,0.0,,,0.0,
2015-03-31,312.0,51.69,0.0,,,0.0,
2015-04-01,289.0,103.75,0.0,,,0.0,
2015-04-02,206.0,106.27,0.0,,,0.0,
2015-04-03,248.0,42.82,0.0,,,0.0,
2015-04-05,302.0,85.86,0.0,,,0.0,
2015-04-06,193.0,83.19,0.0,,,0.0,
2015-04-07,151.0,48.35,0.0,,,0.0,
2015-04-08,137.0,73.66,0.0,,,0.0,
2015-04-09,208.0,66.72,0.0,,,0.0,
2015-04-10,172.0,80.79,0.0,,,0.0,
2015-04-11,149.0,75.59,0.0,,,0.0,
2015-04-12,157.0,75.82,0.0,,,0.0,
2015-04-13,242.0,80.23,0.0,,,0.0,
2015-04-14,205.0,87.48,0.0,,,0.0,
2015-04-15,245.0,72.65,0.0,,,0.0,
2015-04-16,244.0,90.72,0.0,,,0.0,
2015-04-17,152.0,73.28,0.0,,,0.0,
2015-04-18,152.0,73.33,0.0,,,0.0,
2015-04-19,148.0,71.17,0.0,,,0.0,
2015-04-20,149.0,78.58,0.0,,,0.0,
2015-04-21,158.0,74.55,0.0,,,0.0,
2015-04-22,145.0,73.8,0.0,,,0.0,
2015-04-23,142.0,69.28,0.0,,,0.0,
2015-04-24,180.0,70.45,0.0,,,0.0,
2015-04-25,130.0,60.15,0.0,,,0.0,
2015-04-26,102.0,57.57,0.0,,,0.0,
2015-04-27,113.0,67.8,0.0,,,0.0,
2015-04-28,136.0,70.85,0.0,,,0.0,
2015-04-29,130.0,63.16,0.0,,,0.0,
2015-04-30,115.0,55.47,0.0,,,0.0,
2015-05-01,108.0,51.62,0.0,,,0.0,
2015-05-02,139.0,85.26,0.0,,,0.0,
2015-05-03,140.0,44.26,0.0,,,0.0,
2015-05-04,100.0,28.97,0.0,,,0.0,
2015-05-05,107.0,35.16,0.0,,,0.0,
2015-05-06,124.0,44.1,0.0,,,0.0,
2015-05-07,130.0,57.31,0.0,,,0.0,
2015-05-08,201.0,54.28,0.0,,,0.0,
2015-05-09,126.0,60.64,0.0,,,0.0,
2015-05-10,153.0,53.69,0.0,,,0.0,
2015-05-11,176.0,49.2,0.0,,,0.0,
2015-05-12,146.0,82.63,0.0,,,0.0,
2015-05-13,208.0,100.77,0.0,,,0.0,
2015-05-14,285.0,120.24,0.0,,,0.0,
2015-05-15,178.0,70.64,0.0,,,0.0,
2015-05-16,209.0,91.69,0.0,,,0.0,
2015-05-17,201.0,79.98,0.0,,,0.0,
2015-05-18,196.0,87.7,0.0,,,0.0,
2015-05-19,156.0,83.47,0.0,,,0.0,
2015-05-20,135.0,97.96,0.0,,,0.0,
2015-05-21,197.0,97.74,0.0,,,0.0,
2015-05-22,200.0,85.55,0.0,,,0.0,
2015-05-23,166.0,90.87,0.0,,,0.0,
2015-05-24,148.0,78.25,0.0,,,0.0,
2015-05-25,177.0,125.51,0.0,,,0.0,
2015-05-26,235.0,113.78,0.0,,,0.0,
2015-05-27,277.0,119.68,0.0,,,0.0,
2015-05-28,221.0,105.59,0.0,,,0.0,
2015-05-29,204.0,100.5,0.0,,,0.0,
2015-05-30,206.0,102.97,0.0,,,0.0,
2015-05-31,211.0,127.46,0.0,,,0.0,
2015-06-01,216.0,129.49,0.0,,,0.0,
2015-06-02,220.0,100.13,0.0,,,0.0,
2015-06-03,203.0,108.88,0.0,,,0.0,
2015-06-04,207.0,111.48,0.0,,,0.0,
2015-06-05,200.0,73.81,0.0,,,0.0,
2015-06-06,125.0,60.15,0.0,,,0.0,
2015-06-07,150.0,61.59,0.0,,,0.0,
2015-06-08,119.0,64.94,0.0,,,0.0,
2015-06-09,121.0,61.26,0.0,,,0.0,
2015-06-10,144.0,58.49,0.0,,,0.0,
2015-06-11,117.0,58.84,0.0,,,0.0,
2015-06-12,121.0,60.75,0.0,,,0.0,
2015-06-13,118.0,58.12,0.0,,,0.0,
2015-06-14,117.0,58.33,0.0,,,0.0,
2015-06-15,165.0,59.87,0.0,,,0.0,
2015-06-16,118.0,49.91,0.0,,,0.0,
2015-06-17,120.0,53.53,0.0,,,0.0,
2015-06-18,114.0,45.43,0.0,,,0.0,
2015-06-19,155.0,54.86,0.0,,,0.0,
2015-06-20,158.0,56.25,0.0,,,0.0,
2015-06-21,118.0,57.87,0.0,,,0.0,
2015-06-22,152.0,72.61,0.0,,,0.0,
2015-06-23,181.0,68.28,0.0,,,0.0,
2015-06-24,167.0,58.07,0.0,,,0.0,
2015-06-25,158.0,67.93,0.0,,,0.0,
2015-06-26,147.0,69.03,0.0,,,0.0,
2015-06-27,149.0,76.57,0.0,,,0.0,
2015-06-28,157.0,77.2,0.0,,,0.0,
2015-06-29,157.0,76.18,0.0,,,0.0,
2015-06-30,172.0,77.16,0.0,,,0.0,
2015-07-01,201.0,83.72,0.0,,,0.0,
2015-07-02,169.0,68.41,0.0,,,0.0,
2015-07-03,186.0,73.86,0.0,,,0.0,
2015-07-04,290.0,70.58,0.0,,,0.0,
2015-07-05,193.0,70.61,0.0,,,0.0,
2015-07-06,164.0,71.19,0.0,,,0.0,
2015-07-07,187.0,69.56,0.0,,,0.0,
2015-07-08,160.0,68.72,0.0,,,0.0,
2015-07-09,207.0,67.95,0.0,,,0.0,
2015-07-10,169.0,59.59,0.0,,,0.0,
2015-07-11,208.0,62.54,0.0,,,0.0,
2015-07-12,230.0,61.7,0.0,,,0.0,
2015-07-13,146.0,65.54,0.0,,,0.0,
2015-07-14,188.0,53.35,0.0,,,0.0,
2015-07-15,191.0,59.2,0.0,,,0.0,
2015-07-16,189.0,57.02,0.0,,,0.0,
2015-07-17,154.0,53.75,0.0,,,0.0,
2015-07-18,190.0,48.36,0.0,,,0.0,
2015-07-19,104.0,40.7,0.0,,,0.0,
2015-07-20,132.0,36.72,0.0,,,0.0,
2015-07-21,100.0,42.94,0.0,,,0.0,
2015-07-22,126.0,47.23,0.0,,,0.0,
2015-07-23,141.0,81.77,0.0,,,0.0,
2015-07-24,210.0,83.64,0.0,,,0.0,
2015-07-25,102.0,53.69,0.0,,,0.0,
2015-07-26,92.0,47.88,0.0,,,0.0,
2015-07-27,123.0,57.59,0.0,,,0.0,
2015-07-28,143.0,51.55,0.0,,,0.0,
2015-07-29,144.0,50.58,0.0,,,0.0,
2015-07-30,141.0,49.89,0.0,,,0.0,
2015-07-31,106.0,56.67,0.0,,,0.0,
2015-08-01,195.0,85.39,0.0,,,0.0,
2015-08-02,194.0,70.17,0.0,,,0.0,
2015-08-03,98.0,49.45,0.0,,,0.0,
2015-08-04,120.0,64.89,0.0,,,0.0,
2015-08-05,112.0,59.69,0.0,,,0.0,
2015-08-06,189.0,49.27,0.0,,,0.0,
2015-08-07,100.0,56.12,0.0,,,0.0,
2015-08-08,145.0,63.11,0.0,,,0.0,
2015-08-09,123.0,55.12,0.0,,,0.0,
2015-08-10,96.0,54.41,0.0,,,0.0,
2015-08-11,96.0,61.65,0.0,,,0.0,
2015-08-12,106.0,53.49,0.0,,,0.0,
2015-08-13,102.0,58.42,0.0,,,0.0,
2015-08-14,121.0,57.52,0.0,,,0.0,
2015-08-15,96.0,51.29,0.0,,,0.0,
2015-08-16,111.0,58.79,0.0,,,0.0,
2015-08-17,129.0,63.39,0.0,,,0.0,
2015-08-18,106.0,66.98,0.0,,,0.0,
2015-08-19,123.0,69.54,0.0,,,0.0,
2015-08-20,176.0,64.9,0.0,,,0.0,
2015-08-21,91.0,43.12,0.0,,,0.0,
2015-08-22,165.0,39.93,0.0,,,0.0,
2015-08-23,108.0,33.26,0.0,,,0.0,
2015-08-24,119.0,40.27,0.0,,,0.0,
2015-08-25,98.0,46.96,0.0,,,0.0,
2015-08-26,100.0,39.91,0.0,,,0.0,
2015-08-27,127.0,39.65,0.0,,,0.0,
2015-08-28,100.0,45.16,0.0,,,0.0,
2015-08-29,146.0,43.58,0.0,,,0.0,
2015-08-30,112.0,37.62,0.0,,,0.0,
2015-08-31,97.0,41.0,0.0,,,0.0,
2015-09-01,88.0,32.37,0.0,,,0.0,
2015-09-02,163.0,24.27,0.0,,,0.0,
2015-09-03,99.0,26.54,0.0,,,0.0,
2015-09-04,106.0,26.96,0.0,,,0.0,
2015-09-05,83.0,25.83,0.0,,,0.0,
2015-09-06,82.0,26.47,0.0,,,0.0,
2015-09-07,107.0,27.97,0.0,,,0.0,
2015-09-08,86.0,27.86,0.0,,,0.0,
2015-09-09,88.0,26.89,0.0,,,0.0,
2015-09-10,148.0,28.78,0.0,,,0.0,
2015-09-11,79.0,31.49,0.0,,,0.0,
2015-09-12,82.0,32.09,0.0,,,0.0,
2015-09-13,79.0,29.23,0.0,,,0.0,
2015-09-14,128.0,30.94,0.0,,,0.0,
2015-09-15,77.0,29.62,0.0,,,0.0,
2015-09-16,74.0,29.73,0.0,,,0.0,
2015-09-17,70.0,30.34,0.0,,,0.0,
2015-09-18,116.0,31.63,0.0,,,0.0,
2015-09-19,77.0,35.42,0.0,,,0.0,
2015-09-20,197.0,27.32,0.0,,,0.0,
2015-09-21,214.0,27.69,0.0,,,0.0,
2015-09-22,121.0,39.77,0.0,,,0.0,
2015-09-23,84.0,31.65,0.0,,,0.0,
2015-09-24,131.0,39.97,0.0,,,0.0,
2015-09-25,153.0,41.94,0.0,,,0.0,
2015-09-26,171.0,65.79,0.0,,,0.0,
2015-09-27,165.0,86.4,0.0,,,0.0,
2015-09-28,176.0,61.69,0.0,,,0.0,
2015-09-29,224.0,44.26,0.0,,,0.0,
2015-09-30,154.0,42.71,0.0,,,0.0,
2015-10-01,188.0,46.97,0.0,,,0.0,
2015-10-02,135.0,42.17,0.0,,,0.0,
2015-10-03,84.0,47.0,0.0,,,0.0,
2015-10-04,107.0,49.45,0.0,,,0.0,
2015-10-05,89.0,46.7,0.0,,,0.0,
2015-10-06,136.0,33.87,0.0,,,0.0,
2015-10-07,94.0,33.0,0.0,,,0.0,
2015-10-08,82.0,36.3,0.0,,,0.0,
2015-10-09,86.0,36.51,0.0,,,0.0,
2015-10-10,107.0,37.71,0.0,,,0.0,
2015-10-11,165.0,35.73,0.0,,,0.0,
2015-10-12,150.0,36.27,0.0,,,0.0,
2015-10-13,203.0,122.16,0.0,,,0.0,
2015-10-14,263.0,90.73,0.0,,,0.0,
2015-10-15,196.0,63.96,0.0,,,0.0,
2015-10-16,156.0,48.79,0.0,,,0.0,
2015-10-17,147.0,34.96,0.0,,,0.0,
2015-10-18,109.0,37.55,0.0,,,0.0,
2015-10-19,121.0,31.54,0.0,,,0.0,
2015-10-20,83.0,37.74,0.0,,,0.0,
2015-10-21,241.0,41.27,0.0,,,0.0,
2015-10-22,133.0,47.68,0.0,,,0.0,
2015-10-23,238.0,81.26,0.0,,,0.0,
2015-10-24,175.0,44.79,0.0,,,0.0,
2015-10-25,136.0,50.98,0.0,,,0.0,
2015-10-26,130.0,46.79,0.0,,,0.0,
2015-10-27,128.0,54.0,0.0,,,0.0,
2015-10-28,136.0,52.65,0.0,,,0.0,
2015-10-29,125.0,55.75,0.0,,,0.0,
2015-10-30,113.0,52.29,0.0,,,0.0,
2015-10-31,195.0,41.39,0.0,,,0.0,
2015-11-01,174.0,44.08,0.0,,,0.0,
2015-11-02,142.0,41.44,0.0,,,0.0,
2015-11-03,122.0,41.96,0.0,,,0.0,
2015-11-04,135.0,41.8,0.0,,,0.0,
2015-11-05,128.0,43.18,0.0,,,0.0,
2015-11-06,204.0,44.74,0.0,,,0.0,
2015-11-07,132.0,53.31,0.0,,,0.0,
2015-11-08,154.0,38.73,0.0,,,0.0,
2015-11-09,119.0,23.46,0.0,,,0.0,
2015-11-10,117.0,76.42,0.0,,,0.0,
2015-11-11,183.0,53.36,0.0,,,0.0,
2015-11-12,100.0,44.5,0.0,,,0.0,
2015-11-13,106.0,51.11,0.0,,,0.0,
2015-11-14,132.0,55.76,0.0,,,0.0,
2015-11-15,122.0,49.55,0.0,,,0.0,
2015-11-16,105.0,31.49,0.0,,,0.0,
2015-11-17,133.0,30.89,0.0,,,0.0,
2015-11-18,98.0,36.51,0.0,,,0.0,
2015-11-19,98.0,30.69,0.0,,,0.0,
2015-11-20,89.0,28.66,0.0,,,0.0,
2015-11-21,87.0,33.37,0.0,,,0.0,
2015-11-22,126.0,29.11,0.0,,,0.0,
2015-11-23,90.0,27.08,0.0,,,0.0,
2015-11-24,93.0,25.63,0.0,,,0.0,
2015-11-25,96.0,35.35,0.0,,,0.0,
2015-11-26,107.0,36.82,0.0,,,0.0,
2015-11-27,103.0,36.96,0.0,,,0.0,
2015-11-28,112.0,44.41,0.0,,,0.0,
2015-11-29,113.0,29.55,0.0,,,0.0,
2015-11-30,99.0,31.97,0.0,,,0.0,
2015-12-01,103.0,28.82,0.0,,,0.0,
2015-12-02,161.0,32.64,0.0,,,0.0,
2015-12-03,85.0,52.16,0.0,,,0.0,
2015-12-04,80.0,,0.0,,,0.0,
2015-12-08,107.0,48.08,0.0,,,0.0,
2015-12-09,121.0,40.81,0.0,,,0.0,
2015-12-10,100.0,40.96,0.0,,,0.0,
2015-12-11,108.0,46.17,0.0,,,0.0,
2015-12-12,97.0,78.83,0.0,,,0.0,
2015-12-13,130.0,138.07,0.0,,,0.0,
2015-12-14,113.0,54.85,0.0,,,0.0,
2015-12-15,106.0,42.45,0.0,,,0.0,
2015-12-16,102.0,46.16,0.0,,,0.0,
2015-12-17,129.0,48.64,0.0,,,0.0,
2015-12-18,130.0,44.78,0.0,,,0.0,
2015-12-19,114.0,39.11,0.0,,,0.0,
2015-12-20,117.0,42.67,0.0,,,0.0,
2015-12-21,103.0,65.01,0.0,,,0.0,
2015-12-22,150.0,56.1,0.0,,,0.0,
2015-12-23,104.0,50.32,0.0,,,0.0,
2015-12-24,106.0,63.0,0.0,,,0.0,
2015-12-25,108.0,59.47,0.0,,,0.0,
2015-12-26,111.0,71.81,0.0,,,0.0,
2015-12-27,165.0,81.74,0.0,,,0.0,
2015-12-28,211.0,62.63,0.0,,,0.0,
2015-12-29,241.0,65.1,0.0,,,0.0,
2015-12-30,114.0,57.23,0.0,,,0.0,
2015-12-31,100.0,52.27,0.0,,,0.0,
2016-01-01,125.0,65.97,0.0,,,0.0,
2016-01-02,123.0,41.3,0.0,,,0.0,
2016-01-03,106.0,36.81,0.0,,,0.0,
2016-01-04,63.0,44.87,0.0,,,0.0,
2016-01-05,132.0,63.67,0.0,,,0.0,
2016-01-06,136.0,67.49,0.0,,,0.0,
2016-01-07,184.0,52.94,0.0,,,0.0,
2016-01-08,120.0,69.88,0.0,,,0.0,
2016-01-09,162.0,66.89,0.0,,,0.0,
2016-01-10,119.0,62.27,0.0,,,0.0,
2016-01-11,113.0,51.56,0.0,,,0.0,
2016-01-12,119.0,58.27,0.0,,,0.0,
2016-01-13,129.0,63.13,0.0,,,0.0,
2016-01-14,220.0,80.23,0.0,,,0.0,
2016-01-15,139.0,39.74,0.0,,,0.0,
2016-01-16,130.0,49.21,0.0,,,0.0,
2016-01-17,121.0,55.73,0.0,,,0.0,
2016-01-18,114.0,58.28,0.0,,,0.0,
2016-01-19,115.0,56.47,0.0,,,0.0,
2016-01-20,200.0,60.04,0.0,,,0.0,
2016-01-21,167.0,55.45,0.0,,,0.0,
2016-01-22,172.0,65.26,0.0,,,0.0,
2016-01-23,117.0,53.07,0.0,,,0.0,
2016-01-24,198.0,51.32,0.0,,,0.0,
2016-01-25,153.0,46.84,0.0,,,0.0,
2016-01-26,142.0,46.29,0.0,,,0.0,
2016-01-27,144.0,42.49,0.0,,,0.0,
2016-01-28,145.0,47.11,0.0,,,0.0,
2016-01-29,149.0,50.13,0.0,,,0.0,
2016-01-30,186.0,53.58,0.0,,,0.0,
2016-01-31,216.0,76.91,0.0,,,0.0,
2016-02-01,220.0,107.65,0.0,,,0.0,
2016-02-02,209.0,69.9,0.0,,,0.0,
2016-02-03,251.0,112.72,0.0,,,0.0,
2016-02-04,191.0,81.79,0.0,,,0.0,
2016-02-05,203.0,127.03,0.0,,,0.0,
2016-02-06,183.0,70.57,0.0,,,0.0,
2016-02-07,162.0,79.55,0.0,,,0.0,
2016-02-08,154.0,76.36,0.0,,,0.0,
2016-02-09,181.0,92.83,0.0,,,0.0,
2016-02-10,223.0,98.75,0.0,,,0.0,
2016-02-11,193.0,82.03,0.0,,,0.0,
2016-02-12,157.0,85.64,0.0,,,0.0,
2016-02-13,173.0,76.72,0.0,,,0.0,
2016-02-14,133.0,57.58,0.0,,,0.0,
2016-02-15,109.0,65.38,0.0,,,0.0,
2016-02-16,160.0,80.38,0.0,,,0.0,
2016-02-17,145.0,68.45,0.0,,,0.0,
2016-02-18,134.0,73.22,0.0,,,0.0,
2016-02-19,170.0,79.01,0.0,,,0.0,
2016-02-20,179.0,83.44,0.0,,,0.0,
2016-02-21,156.0,62.16,0.0,,,0.0,
2016-02-22,130.0,41.54,0.0,,,0.0,
2016-02-23,106.0,67.25,0.0,,,0.0,
2016-02-24,96.0,44.41,0.0,,,0.0,
2016-02-25,99.0,47.25,0.0,,,0.0,
2016-02-26,80.0,35.75,0.0,,,0.0,
2016-02-27,88.0,51.79,0.0,,,0.0,
2016-02-28,108.0,32.96,0.0,,,0.0,
2016-02-29,114.0,52.25,0.0,,,0.0,
2016-03-01,153.0,90.02,0.0,,,0.0,
2016-03-02,196.0,69.55,0.0,,,0.0,
2016-03-03,132.0,47.78,0.0,,,0.0,
2016-03-04,117.0,67.25,0.0,,,0.0,
2016-03-05,143.0,62.62,0.0,,,0.0,
2016-03-06,142.0,62.87,0.0,,,0.0,
2016-03-07,135.0,56.24,0.0,,,0.0,
2016-03-08,120.0,60.92,0.0,,,0.0,
2016-03-09,158.0,81.03,0.0,,,0.0,
2016-03-10,186.0,80.44,0.0,,,0.0,
2016-03-11,155.0,66.08,0.0,,,0.0,
2016-03-12,136.0,65.08,0.0,,,0.0,
2016-03-13,131.0,57.73,0.0,,,0.0,
2016-03-14,135.0,74.65,0.0,,,0.0,
2016-03-15,193.0,76.68,0.0,,,0.0,
2016-03-16,188.0,81.93,0.0,,,0.0,
2016-03-17,187.0,86.31,0.0,,,0.0,
2016-03-18,214.0,87.07,0.0,,,0.0,
2016-03-19,216.0,100.61,0.0,,,0.0,
2016-03-20,221.0,98.47,0.0,,,0.0,
2016-03-21,251.0,123.36,0.0,,,0.0,
2016-03-22,179.0,69.38,0.0,,,0.0,
2016-03-23,143.0,68.25,0.0,,,0.0,
2016-03-24,132.0,64.05,0.0,,,0.0,
2016-03-25,123.0,59.46,0.0,,,0.0,
2016-03-26,125.0,64.1,0.0,,,0.0,
2016-03-27,134.0,63.03,0.0,,,0.0,
2016-03-28,121.0,46.09,0.0,,,0.0,
2016-03-29,114.0,51.43,0.0,,,0.0,
2016-03-30,114.0,53.32,0.0,,,0.0,
2016-03-31,113.0,55.51,0.0,,,0.0,
2016-04-01,128.0,64.92,0.0,,,0.0,
2016-04-02,216.0,65.84,0.0,,,0.0,
2016-04-03,132.0,63.65,0.0,,,0.0,
2016-04-04,137.0,67.33,0.0,,,0.0,
2016-04-05,140.0,68.04,0.0,,,0.0,
2016-04-06,151.0,70.13,0.0,,,0.0,
2016-04-07,144.0,64.37,0.0,,,0.0,
2016-04-08,128.0,56.54,0.0,,,0.0,
2016-04-09,117.0,54.83,0.0,,,0.0,
2016-04-10,132.0,61.1,0.0,,,0.0,
2016-04-11,141.0,61.34,0.0,,,0.0,
2016-04-12,125.0,56.23,0.0,,,0.0,
2016-04-13,130.0,59.15,0.0,,,0.0,
2016-04-14,129.0,55.65,0.0,,,0.0,
2016-04-15,122.0,54.15,0.0,,,0.0,
2016-04-16,122.0,56.37,0.0,,,0.0,
2016-04-17,123.0,54.71,0.0,,,0.0,
2016-04-18,113.0,55.5,0.0,,,0.0,
2016-04-19,127.0,56.62,0.0,,,0.0,
2016-04-20,134.0,60.73,0.0,,,0.0,
2016-04-21,123.0,51.55,0.0,,,0.0,
2016-04-22,129.0,51.96,0.0,,,0.0,
2016-04-23,133.0,60.21,0.0,,,0.0,
2016-04-24,134.0,65.26,0.0,,,0.0,
2016-04-25,130.0,61.78,0.0,,,0.0,
2016-04-26,122.0,57.7,0.0,,,0.0,
2016-04-27,120.0,56.99,0.0,,,0.0,
2016-04-28,120.0,51.73,0.0,,,0.0,
2016-04-29,124.0,48.7,0.0,,,0.0,
2016-04-30,169.0,65.21,0.0,,,0.0,
2016-05-01,212.0,89.6,0.0,,,0.0,
2016-05-02,147.0,58.58,0.0,,,0.0,
2016-05-03,123.0,54.16,0.0,,,0.0,
2016-05-04,127.0,55.79,0.0,,,0.0,
2016-05-05,125.0,57.2,0.0,,,0.0,
2016-05-06,129.0,64.95,0.0,,,0.0,
2016-05-07,139.0,56.02,0.0,,,0.0,
2016-05-08,123.0,53.3,0.0,,,0.0,
2016-05-09,122.0,52.04,0.0,,,0.0,
2016-05-10,135.0,61.37,0.0,,,0.0,
2016-05-11,136.0,59.24,0.0,,,0.0,
2016-05-12,144.0,58.43,0.0,,,0.0,
2016-05-13,161.0,68.42,0.0,,,0.0,
2016-05-14,166.0,62.47,0.0,,,0.0,
2016-05-15,183.0,55.77,0.0,,,0.0,
2016-05-16,136.0,58.8,0.0,,,0.0,
2016-05-17,171.0,81.06,0.0,,,0.0,
2016-05-18,164.0,65.17,0.0,,,0.0,
2016-05-19,113.0,48.59,0.0,,,0.0,
2016-05-20,91.0,45.05,0.0,,,0.0,
2016-05-21,94.0,51.6,0.0,,,0.0,
2016-05-22,95.0,51.67,0.0,,,0.0,
2016-05-23,93.0,51.11,0.0,,,0.0,
2016-05-24,91.0,50.24,0.0,,,0.0,
2016-05-25,102.0,45.89,0.0,,,0.0,
2016-05-26,112.0,48.61,0.0,,,0.0,
2016-05-27,117.0,51.67,0.0,,,0.0,
2016-05-28,115.0,50.64,0.0,,,0.0,
2016-05-29,124.0,44.88,0.0,,,0.0,
2016-05-30,97.0,43.41,0.0,,,0.0,
2016-05-31,120.0,57.32,0.0,,,0.0,
2016-06-01,122.0,43.52,0.0,,,0.0,
2016-06-02,122.0,41.29,0.0,,,0.0,
2016-06-03,88.0,,0.0,,,0.0,
2016-06-15,92.0,32.64,0.0,,,0.0,
2016-06-16,94.0,44.73,0.0,,,0.0,
2016-06-17,102.0,41.29,0.0,,,0.0,
2016-06-18,100.0,45.76,0.0,,,0.0,
2016-06-19,100.0,43.38,0.0,,,0.0,
2016-06-20,89.0,38.93,0.0,,,0.0,
2016-06-21,89.0,42.3,0.0,,,0.0,
2016-06-22,83.0,32.8,0.0,,,0.0,
2016-06-23,70.0,40.78,0.0,,,0.0,
2016-06-24,71.0,50.94,0.0,,,0.0,
2016-06-25,117.0,,0.0,,,0.0,
2016-06-28,86.0,60.36,0.0,,,0.0,
2016-06-29,100.0,42.8,0.0,,,0.0,
2016-06-30,88.0,109.5,0.0,,,0.0,
2016-07-01,161.0,45.6,0.0,,,0.0,
2016-07-02,81.0,47.91,0.0,,,0.0,
2016-07-03,81.0,30.43,0.0,,,0.0,
2016-07-04,86.0,96.65,0.0,,,0.0,
2016-07-05,271.0,196.81,0.0,,,0.0,
2016-07-06,162.0,29.09,0.0,,,0.0,
2016-07-07,91.0,29.34,0.0,,,0.0,
2016-07-08,104.0,57.26,0.0,,,0.0,
2016-07-09,103.0,28.3,0.0,,,0.0,
2016-07-10,74.0,35.38,0.0,,,0.0,
2016-07-11,129.0,22.97,0.0,,,0.0,
2016-07-12,58.0,23.24,0.0,,,0.0,
2016-07-13,69.0,24.87,0.0,,,0.0,
2016-07-14,66.0,18.67,0.0,,,0.0,
2016-07-15,70.0,26.6,0.0,,,0.0,
2016-07-16,69.0,34.33,0.0,,,0.0,
2016-07-17,70.0,35.16,0.0,,,0.0,
2016-07-18,71.0,31.69,0.0,,,0.0,
2016-07-19,125.0,32.43,0.0,,,0.0,
2016-07-20,87.0,33.09,0.0,,,0.0,
2016-07-21,59.0,27.02,0.0,,,0.0,
2016-07-23,62.0,29.69,0.0,,,0.0,
2016-07-24,54.0,59.34,0.0,,,0.0,
2016-07-25,103.0,30.71,0.0,,,0.0,
2016-07-26,73.0,23.58,0.0,,,0.0,
2016-07-27,78.0,24.43,0.0,,,0.0,
2016-07-28,87.0,42.82,0.0,,,0.0,
2016-07-29,81.0,28.51,0.0,,,0.0,
2016-07-30,82.0,34.01,0.0,,,0.0,
2016-07-31,84.0,32.41,0.0,,,0.0,
2016-08-01,75.0,32.88,0.0,,,0.0,
2016-08-02,78.0,34.8,0.0,,,0.0,
2016-08-03,151.0,40.39,0.0,,,0.0,
2016-08-04,100.0,32.44,0.0,,,0.0,
2016-08-05,131.0,30.54,0.0,,,0.0,
2016-08-06,68.0,32.54,0.0,,,0.0,
2016-08-07,70.0,37.71,0.0,,,0.0,
2016-08-08,89.0,40.69,0.0,,,0.0,
2016-08-09,174.0,40.85,0.0,,,0.0,
2016-08-10,178.0,35.23,0.0,,,0.0,
2016-08-11,155.0,33.51,0.0,,,0.0,
2016-08-12,55.0,29.11,0.0,,,0.0,
2016-08-13,169.0,30.94,0.0,,,0.0,
2016-08-14,124.0,29.48,0.0,,,0.0,
2016-08-15,256.0,25.42,0.0,,,0.0,
2016-08-16,126.0,35.09,0.0,,,0.0,
2016-08-17,125.0,34.2,0.0,,,0.0,
2016-08-18,111.0,55.88,0.0,,,0.0,
2016-08-19,129.0,39.96,0.0,,,0.0,
2016-08-20,83.0,36.33,0.0,,,0.0,
2016-08-21,199.0,26.4,0.0,,,0.0,
2016-08-22,74.0,40.36,0.0,,,0.0,
2016-08-23,139.0,40.21,0.0,,,0.0,
2016-08-24,167.0,37.07,0.0,,,0.0,
2016-08-25,142.0,26.7,0.0,,,0.0,
2016-08-26,90.0,38.63,0.0,,,0.0,
2016-08-27,188.0,32.14,0.0,,,0.0,
2016-08-28,126.0,33.02,0.0,,,0.0,
2016-08-29,172.0,38.11,0.0,,,0.0,
2016-08-30,244.0,37.79,0.0,,,0.0,
2016-08-31,189.0,28.6,0.0,,,0.0,
2016-09-01,160.0,30.82,0.0,,,0.0,
2016-09-02,215.0,42.16,0.0,,,0.0,
2016-09-03,126.0,36.8,0.0,,,0.0,
2016-09-04,227.0,31.97,0.0,,,0.0,
2016-09-05,172.0,23.6,0.0,,,0.0,
2016-09-06,266.0,38.5,0.0,,,0.0,
2016-09-07,257.0,36.26,0.0,,,0.0,
2016-09-08,141.0,42.37,0.0,,,0.0,
2016-09-09,228.0,38.87,0.0,,,0.0,
2016-09-10,171.0,43.96,0.0,,,0.0,
2016-09-11,73.0,36.26,0.0,,,0.0,
2016-09-12,120.0,41.33,0.0,,,0.0,
2016-09-13,77.0,44.76,0.0,,,0.0,
2016-09-14,92.0,33.01,0.0,,,0.0,
2016-09-15,228.0,26.79,0.0,,,0.0,
2016-09-16,224.0,24.54,0.0,,,0.0,
2016-09-17,260.0,34.16,0.0,,,0.0,
2016-09-18,240.0,26.59,0.0,,,0.0,
2016-09-19,372.0,23.76,0.0,,,0.0,
2016-09-20,437.0,22.2,0.0,,,0.0,
2016-09-21,449.0,16.18,0.0,,,0.0,
2016-09-22,434.0,12.79,0.0,,,0.0,
2016-09-23,118.0,18.98,0.0,,,0.0,
2016-09-24,30.0,18.35,0.0,,,0.0,
2016-09-25,54.0,24.87,0.0,,,0.0,
2016-09-26,94.0,33.32,0.0,,,0.0,
2016-09-27,66.0,31.93,0.0,,,0.0,
2016-09-28,70.0,45.71,0.0,,,0.0,
2016-09-29,77.0,40.61,0.0,,,0.0,
2016-09-30,70.0,38.14,0.0,,,0.0,
2016-10-01,94.0,35.96,0.0,,,0.0,
2016-10-02,136.0,,0.0,,,0.0,
2016-10-04,73.0,34.06,0.0,,,0.0,
2016-10-05,78.0,29.14,0.0,,,0.0,
2016-10-06,85.0,60.14,0.0,,,0.0,
2016-10-07,118.0,51.01,0.0,,,0.0,
2016-10-08,73.0,36.09,0.0,,,0.0,
2016-10-09,66.0,38.46,0.0,,,0.0,
2016-10-10,79.0,44.91,0.0,,,0.0,
2016-10-11,66.0,32.16,0.0,,,0.0,
2016-10-12,75.0,45.11,0.0,,,0.0,
2016-10-13,131.0,81.45,0.0,,,0.0,
2016-10-14,180.0,60.89,0.0,,,0.0,
2016-10-15,124.0,62.96,0.0,,,0.0,
2016-10-16,125.0,60.19,0.0,,,0.0,
2016-10-17,197.0,66.69,0.0,,,0.0,
2016-10-18,167.0,78.52,0.0,,,0.0,
2016-10-19,187.0,63.07,0.0,,,0.0,
2016-10-20,130.0,80.58,0.0,,,0.0,
2016-10-21,170.0,73.75,0.0,,,0.0,
2016-10-22,183.0,80.18,0.0,,,0.0,
2016-10-23,208.0,87.04,0.0,,,0.0,
2016-10-24,200.0,81.0,0.0,,,0.0,
2016-10-25,187.0,85.73,0.0,,,0.0,
2016-10-26,202.0,92.64,0.0,,,0.0,
2016-10-27,215.0,98.0,0.0,,,0.0,
2016-10-28,370.0,132.38,0.0,,,0.0,
2016-10-29,298.0,114.08,0.0,,,0.0,
2016-10-30,168.0,67.86,0.0,,,0.0,
2016-10-31,130.0,49.57,0.0,,,0.0,
2016-11-01,87.0,52.28,0.0,,,0.0,
2016-11-02,80.0,47.86,0.0,,,0.0,
2016-11-03,75.0,35.54,0.0,,,0.0,
2016-11-04,87.0,57.22,0.0,,,0.0,
2016-11-05,110.0,66.29,0.0,,,0.0,
2016-11-06,177.0,80.11,0.0,,,0.0,
2016-11-07,133.0,71.86,0.0,,,0.0,
2016-11-08,166.0,80.49,0.0,,,0.0,
2016-11-09,160.0,83.26,0.0,,,0.0,
2016-11-10,165.0,71.16,0.0,,,0.0,
2016-11-11,148.0,76.21,0.0,,,0.0,
2016-11-12,164.0,82.67,0.0,,,0.0,
2016-11-13,117.0,42.54,0.0,,,0.0,
2016-11-14,57.0,29.08,0.0,,,0.0,
2016-11-15,49.0,34.55,0.0,,,0.0,
2016-11-16,81.0,55.67,0.0,,,0.0,
2016-11-17,113.0,66.57,0.0,,,0.0,
2016-11-18,109.0,62.58,0.0,,,0.0,
2016-11-19,135.0,71.55,0.0,,,0.0,
2016-11-20,113.0,58.21,0.0,,,0.0,
2016-11-21,110.0,63.87,0.0,,,0.0,
2016-11-22,132.0,83.29,0.0,,,0.0,
2016-11-23,200.0,88.08,0.0,,,0.0,
2016-11-24,199.0,91.49,0.0,,,0.0,
2016-11-25,224.0,93.71,0.0,,,0.0,
2016-11-26,195.0,82.55,0.0,,,0.0,
2016-11-27,216.0,101.77,0.0,,,0.0,
2016-11-28,216.0,92.41,0.0,,,0.0,
2016-11-29,210.0,91.15,0.0,,,0.0,
2016-11-30,200.0,94.8,0.0,,,0.0,
2016-12-01,188.0,74.73,0.0,,,0.0,
2016-12-02,97.0,43.52,0.0,,,0.0,
2016-12-03,69.0,27.93,0.0,,,0.0,
2016-12-04,81.0,45.98,0.0,,,0.0,
2016-12-05,68.0,45.48,0.0,,,0.0,
2016-12-06,101.0,54.12,0.0,,,0.0,
2016-12-07,78.0,48.91,0.0,,,0.0,
2016-12-08,94.0,59.74,0.0,,,0.0,
2016-12-09,134.0,80.55,0.0,,,0.0,
2016-12-10,182.0,84.69,0.0,,,0.0,
2016-12-11,175.0,77.14,0.0,,,0.0,
2016-12-12,107.0,51.17,0.0,,,0.0,
2016-12-13,86.0,,0.0,,,0.0,
2016-12-31,174.0,84.04,0.0,,,0.0,
2017-01-01,118.0,44.56,0.0,,,0.0,
2017-01-02,64.0,40.9,0.0,,,0.0,
2017-01-03,74.0,42.31,0.0,,,0.0,
2017-01-04,68.0,41.5,0.0,,,0.0,
2017-01-05,104.0,72.86,0.0,,,0.0,
2017-01-06,171.0,82.48,0.0,,,0.0,
2017-01-07,135.0,58.09,0.0,,,0.0,
2017-01-08,110.0,50.17,0.0,,,0.0,
2017-01-09,105.0,44.1,0.0,,,0.0,
2017-01-10,332.0,293.43,0.0,,,0.0,
2017-01-11,244.0,55.2,0.0,,,0.0,
2017-01-12,246.0,169.75,0.0,,,0.0,
2017-01-13,360.0,144.02,0.0,,,0.0,
2017-01-14,146.0,69.97,0.0,,,0.0,
2017-01-15,103.0,55.97,0.0,,,0.0,
2017-01-16,103.0,62.53,0.0,,,0.0,
2017-01-17,137.0,80.76,0.0,,,0.0,
2017-01-18,142.0,55.43,0.0,,,0.0,
2017-01-19,76.0,50.27,0.0,,,0.0,
2017-01-20,107.0,64.06,0.0,,,0.0,
2017-01-21,86.0,36.85,0.0,,,0.0,
2017-01-22,78.0,57.05,0.0,,,0.0,
2017-01-23,117.0,73.27,0.0,,,0.0,
2017-01-24,125.0,56.51,0.0,,,0.0,
2017-01-25,111.0,66.54,0.0,,,0.0,
2017-01-26,104.0,43.6,0.0,,,0.0,
2017-01-27,68.0,36.16,0.0,,,0.0,
2017-01-28,44.0,21.64,0.0,,,0.0,
2017-01-29,51.0,36.77,0.0,,,0.0,
2017-01-30,58.0,38.73,0.0,,,0.0,
2017-01-31,70.0,100.68,0.0,,,0.0,
2017-02-01,130.0,45.13,0.0,,,0.0,
2017-02-02,89.0,52.59,0.0,,,0.0,
2017-02-03,81.0,50.38,0.0,,,0.0,
2017-02-04,105.0,67.15,0.0,,,0.0,
2017-02-05,149.0,77.17,0.0,,,0.0,
2017-02-06,148.0,72.94,0.0,,,0.0,
2017-02-07,166.0,83.86,0.0,,,0.0,
2017-02-08,183.0,80.59,0.0,,,0.0,
2017-02-09,183.0,91.75,0.0,,,0.0,
2017-02-10,217.0,89.0,0.0,,,0.0,
2017-02-11,186.0,84.05,0.0,,,0.0,
2017-02-12,126.0,56.6,0.0,,,0.0,
2017-02-13,89.0,54.94,0.0,,,0.0,
2017-02-14,80.0,45.2,0.0,,,0.0,
2017-02-15,95.0,63.51,0.0,,,0.0,
2017-02-16,125.0,63.42,0.0,,,0.0,
2017-02-17,141.0,77.03,0.0,,,0.0,
2017-02-18,151.0,71.15,0.0,,,0.0,
2017-02-19,142.0,71.72,0.0,,,0.0,
2017-02-20,116.0,50.86,0.0,,,0.0,
2017-02-21,88.0,51.46,0.0,,,0.0,
2017-02-22,92.0,56.59,0.0,,,0.0,
2017-02-23,76.0,42.42,0.0,,,0.0,
2017-02-24,80.0,45.27,0.0,,,0.0,
2017-02-25,69.0,37.91,0.0,,,0.0,
2017-02-26,65.0,44.1,0.0,,,0.0,
2017-02-27,90.0,59.53,0.0,,,0.0,
2017-02-28,108.0,65.96,0.0,,,0.0,
2017-03-01,157.0,82.44,0.0,,,0.0,
2017-03-02,152.0,72.86,0.0,,,0.0,
2017-03-03,123.0,63.96,0.0,,,0.0,
2017-03-04,93.0,40.43,0.0,,,0.0,
2017-03-05,52.0,34.07,0.0,,,0.0,
2017-03-06,59.0,36.92,0.0,,,0.0,
2017-03-07,65.0,36.88,0.0,,,0.0,
2017-03-08,78.0,62.57,0.0,,,0.0,
2017-03-09,93.0,31.34,0.0,,,0.0,
2017-03-10,148.0,227.17,0.0,,,0.0,
2017-03-11,348.0,62.95,0.0,,,0.0,
2017-03-12,63.0,33.53,0.0,,,0.0,
2017-03-13,52.0,23.54,0.0,,,0.0,
2017-03-14,43.0,29.17,0.0,,,0.0,
2017-03-15,80.0,53.27,0.0,,,0.0,
2017-03-16,350.0,286.08,0.0,,,0.0,
2017-03-17,197.0,37.43,0.0,,,0.0,
2017-03-18,87.0,26.43,0.0,,,0.0,
2017-03-19,110.0,88.83,0.0,,,0.0,
2017-03-20,109.0,29.53,0.0,,,0.0,
2017-03-21,59.0,25.53,0.0,,,0.0,
2017-03-22,57.0,35.25,0.0,,,0.0,
2017-03-23,65.0,36.76,0.0,,,0.0,
2017-03-24,80.0,52.62,0.0,,,0.0,
2017-03-25,137.0,80.48,0.0,,,0.0,
2017-03-26,158.0,74.46,0.0,,,0.0,
2017-03-27,131.0,60.44,0.0,,,0.0,
2017-03-28,86.0,39.11,0.0,,,0.0,
2017-03-29,61.0,35.04,0.0,,,0.0,
2017-03-30,80.0,37.42,0.0,,,0.0,
2017-03-31,57.0,35.34,0.0,,,0.0,
2017-04-01,60.0,34.69,0.0,,,0.0,
2017-04-02,65.0,37.57,0.0,,,0.0,
2017-04-03,71.0,44.33,0.0,,,0.0,
2017-04-04,75.0,40.56,0.0,,,0.0,
2017-04-05,67.0,48.62,0.0,,,0.0,
2017-04-06,80.0,36.85,0.0,,,0.0,
2017-04-07,65.0,41.16,0.0,,,0.0,
2017-04-08,80.0,61.68,0.0,,,0.0,
2017-04-09,89.0,34.28,0.0,,,0.0,
2017-04-10,67.0,53.6,0.0,,,0.0,
2017-04-11,117.0,67.15,0.0,,,0.0,
2017-04-12,107.0,37.05,0.0,,,0.0,
2017-04-13,83.0,49.49,0.0,,,0.0,
2017-04-14,76.0,45.09,0.0,,,0.0,
2017-04-15,87.0,61.73,0.0,,,0.0,
2017-04-16,106.0,55.89,0.0,,,0.0,
2017-04-17,111.0,72.65,0.0,,,0.0,
2017-04-18,192.0,75.8,0.0,,,0.0,
2017-04-19,125.0,91.14,0.0,,,0.0,
2017-04-20,184.0,68.14,0.0,,,0.0,
2017-04-21,152.0,89.0,0.0,,,0.0,
2017-04-22,184.0,81.33,0.0,,,0.0,
2017-04-23,210.0,82.7,0.0,,,0.0,
2017-04-24,125.0,62.54,0.0,,,0.0,
2017-04-25,96.0,51.38,0.0,,,0.0,
2017-04-26,93.0,60.21,0.0,,,0.0,
2017-04-27,97.0,59.63,0.0,,,0.0,
2017-04-28,104.0,56.7,0.0,,,0.0,
2017-04-29,99.0,61.92,0.0,,,0.0,
2017-04-30,101.0,43.89,0.0,,,0.0,
2017-05-01,76.0,40.4,0.0,,,0.0,
2017-05-02,64.0,34.05,0.0,,,0.0,
2017-05-03,58.0,37.71,0.0,,,0.0,
2017-05-04,62.0,43.64,0.0,,,0.0,
2017-05-05,76.0,40.54,0.0,,,0.0,
2017-05-06,67.0,44.14,0.0,,,0.0,
2017-05-07,74.0,38.85,0.0,,,0.0,
2017-05-08,72.0,44.08,0.0,,,0.0,
2017-05-09,79.0,34.59,0.0,,,0.0,
2017-05-10,105.0,47.85,0.0,,,0.0,
2017-05-11,79.0,27.0,0.0,,,0.0,
2017-05-12,67.0,46.29,0.0,,,0.0,
2017-05-13,70.0,36.62,0.0,,,0.0,
2017-05-14,94.0,60.49,0.0,,,0.0,
2017-05-15,165.0,73.27,0.0,,,0.0,
2017-05-16,194.0,64.22,0.0,,,0.0,
2017-05-17,139.0,86.49,0.0,,,0.0,
2017-05-18,262.0,131.2,0.0,,,0.0,
2017-05-19,276.0,86.94,0.0,,,0.0,
2017-05-20,165.0,63.82,0.0,,,0.0,
2017-05-21,159.0,71.68,0.0,,,0.0,
2017-05-22,113.0,50.12,0.0,,,0.0,
2017-05-23,137.0,86.59,0.0,,,0.0,
2017-05-24,191.0,100.14,0.0,,,0.0,
2017-05-25,231.0,65.53,0.0,,,0.0,
2017-05-26,167.0,71.65,0.0,,,0.0,
2017-05-27,144.0,60.4,0.0,,,0.0,
2017-05-28,123.0,46.27,0.0,,,0.0,
2017-05-29,90.0,57.25,0.0,,,0.0,
2017-05-30,90.0,43.31,0.0,,,0.0,
2017-05-31,80.0,43.14,0.0,,,0.0,
2017-06-01,91.0,44.66,0.0,,,0.0,
2017-06-02,91.0,56.39,0.0,,,0.0,
2017-06-03,102.0,40.58,0.0,,,0.0,
2017-06-04,120.0,41.33,0.0,,,0.0,
2017-06-05,92.0,38.61,0.0,,,0.0,
2017-06-06,72.0,41.32,0.0,,,0.0,
2017-06-07,95.0,37.63,0.0,,,0.0,
2017-06-08,80.0,41.44,0.0,,,0.0,
2017-06-09,70.0,41.41,0.0,,,0.0,
2017-06-10,77.0,46.32,0.0,,,0.0,
2017-06-11,66.0,30.88,0.0,,,0.0,
2017-06-12,73.0,35.9,0.0,,,0.0,
2017-06-13,60.0,38.33,0.0,,,0.0,
2017-06-14,81.0,41.07,0.0,,,0.0,
2017-06-15,69.0,48.23,0.0,,,0.0,
2017-06-16,82.0,49.47,0.0,,,0.0,
2017-06-17,84.0,43.64,0.0,,,0.0,
2017-06-18,74.0,38.35,0.0,,,0.0,
2017-06-19,71.0,50.48,0.0,,,0.0,
2017-06-20,76.0,45.95,0.0,,,0.0,
2017-06-21,91.0,51.81,0.0,,,0.0,
2017-06-22,77.0,43.94,0.0,,,0.0,
2017-06-23,79.0,46.72,0.0,,,0.0,
2017-06-24,93.0,51.02,0.0,,,0.0,
2017-06-25,75.0,41.41,0.0,,,0.0,
2017-06-26,73.0,45.53,0.0,,,0.0,
2017-06-27,76.0,47.32,0.0,,,0.0,
2017-06-28,71.0,39.61,0.0,,,0.0,
2017-06-29,81.0,48.43,0.0,,,0.0,
2017-07-01,116.0,56.49,0.0,,,0.0,
2017-07-02,109.0,62.74,0.0,,,0.0,
2017-07-03,92.0,47.17,0.0,,,0.0,
2017-07-04,74.0,37.6,0.0,,,0.0,
2017-07-05,63.0,46.61,0.0,,,0.0,
2017-07-06,77.0,42.38,0.0,,,0.0,
2017-07-07,119.0,53.45,0.0,,,0.0,
2017-07-08,94.0,59.81,0.0,,,0.0,
2017-07-09,104.0,52.28,0.0,,,0.0,
2017-07-10,76.0,42.48,0.0,,,0.0,
2017-07-11,92.0,62.34,0.0,,,0.0,
2017-07-12,85.0,28.72,0.0,,,0.0,
2017-07-13,96.0,62.64,0.0,,,0.0,
2017-07-14,84.0,48.22,0.0,,,0.0,
2017-07-15,86.0,63.29,0.0,,,0.0,
2017-07-16,99.0,46.96,0.0,,,0.0,
2017-07-17,80.0,45.1,0.0,,,0.0,
2017-07-18,78.0,37.98,0.0,,,0.0,
2017-07-19,73.0,48.24,0.0,,,0.0,
2017-07-20,70.0,41.12,0.0,,,0.0,
2017-07-21,117.0,86.01,0.0,,,0.0,
2017-07-22,131.0,50.07,0.0,,,0.0,
2017-07-23,77.0,37.84,0.0,,,0.0,
2017-07-24,169.0,112.23,0.0,,,0.0,
2017-07-25,203.0,94.7,0.0,,,0.0,
2017-07-26,221.0,92.04,0.0,,,0.0,
2017-07-27,164.0,51.29,0.0,,,0.0,
2017-07-28,85.0,49.33,0.0,,,0.0,
2017-07-29,74.0,40.62,0.0,,,0.0,
2017-07-30,81.0,45.56,0.0,,,0.0,
2017-07-31,73.0,28.16,0.0,,,0.0,
2017-08-01,82.0,74.6,0.0,,,0.0,
2017-08-02,144.0,68.25,0.0,,,0.0,
2017-08-03,120.0,29.95,0.0,,,0.0,
2017-08-04,84.0,42.18,0.0,,,0.0,
2017-08-05,149.0,30.69,0.0,,,0.0,
2017-08-06,202.0,38.43,0.0,,,0.0,
2017-08-07,96.0,39.48,0.0,,,0.0,
2017-08-08,96.0,33.9,0.0,,,0.0,
2017-08-09,71.0,31.33,0.0,,,0.0,
2017-08-10,48.0,27.71,0.0,,,0.0,
2017-08-11,61.0,46.18,0.0,,,0.0,
2017-08-12,82.0,42.11,0.0,,,0.0,
2017-08-13,55.0,23.87,0.0,,,0.0,
2017-08-14,80.0,52.24,0.0,,,0.0,
2017-08-15,86.0,34.61,0.0,,,0.0,
2017-08-16,101.0,39.27,0.0,,,0.0,
2017-08-17,99.0,42.01,0.0,,,0.0,
2017-08-18,76.0,,0.0,,,0.0,
2017-08-22,90.0,29.83,0.0,,,0.0,
2017-08-23,86.0,36.03,0.0,,,0.0,
2017-08-24,91.0,32.77,0.0,,,0.0,
2017-08-25,91.0,56.97,0.0,,,0.0,
2017-08-26,81.0,41.58,0.0,,,0.0,
2017-08-27,81.0,34.32,0.0,,,0.0,
2017-08-28,109.0,79.2,0.0,,,0.0,
2017-08-29,127.0,37.1,0.0,,,0.0,
2017-08-30,92.0,61.29,0.0,,,0.0,
2017-08-31,93.0,40.37,0.0,,,0.0,
2017-09-01,84.0,37.18,0.0,,,0.0,
2017-09-02,86.0,48.82,0.0,,,0.0,
2017-09-03,93.0,34.52,0.0,,,0.0,
2017-09-04,82.0,39.0,0.0,,,0.0,
2017-09-05,136.0,69.85,0.0,,,0.0,
2017-09-06,104.0,31.96,0.0,,,0.0,
2017-09-07,78.0,27.78,0.0,,,0.0,
2017-09-08,82.0,28.24,0.0,,,0.0,
2017-09-09,84.0,19.53,0.0,,,0.0,
2017-09-10,73.0,18.22,0.0,,,0.0,
2017-09-11,64.0,28.14,0.0,,,0.0,
2017-09-12,68.0,40.87,0.0,,,0.0,
2017-09-13,79.0,33.66,0.0,,,0.0,
2017-09-14,73.0,29.41,0.0,,,0.0,
2017-09-15,77.0,36.17,0.0,,,0.0,
2017-09-16,77.0,36.71,0.0,,,0.0,
2017-09-17,77.0,25.13,0.0,,,0.0,
2017-09-18,67.0,25.17,0.0,,,0.0,
2017-09-19,68.0,32.9,0.0,,,0.0,
2017-09-20,67.0,39.01,0.0,,,0.0,
2017-09-21,71.0,31.68,0.0,,,0.0,
2017-09-22,87.0,49.34,0.0,,,0.0,
2017-09-23,98.0,65.67,0.0,,,0.0,
2017-09-24,137.0,85.36,0.0,,,0.0,
2017-09-25,156.0,49.27,0.0,,,0.0,
2017-09-26,116.0,69.26,0.0,,,0.0,
2017-09-27,104.0,51.96,0.0,,,0.0,
2017-09-28,106.0,50.0,0.0,,,0.0,
2017-09-29,81.0,44.9,0.0,,,0.0,
2017-09-30,78.0,29.8,0.0,,,0.0,
2017-10-01,66.0,25.58,0.0,,,0.0,
2017-10-02,62.0,16.59,0.0,,,0.0,
2017-10-03,58.0,25.6,0.0,,,0.0,
2017-10-04,62.0,20.75,0.0,,,0.0,
2017-10-05,78.0,25.51,0.0,,,0.0,
2017-10-06,68.0,38.5,0.0,,,0.0,
2017-10-07,75.0,40.16,0.0,,,0.0,
2017-10-08,75.0,35.37,0.0,,,0.0,
2017-10-09,77.0,35.94,0.0,,,0.0,
2017-10-10,89.0,52.2,0.0,,,0.0,
2017-10-11,94.0,41.34,0.0,,,0.0,
2017-10-12,86.0,35.8,0.0,,,0.0,
2017-10-13,146.0,44.53,0.0,,,0.0,
2017-10-14,90.0,56.36,0.0,,,0.0,
2017-10-15,83.0,37.27,0.0,,,0.0,
2017-10-16,77.0,35.62,0.0,,,0.0,
2017-10-17,76.0,68.01,0.0,,,0.0,
2017-10-18,277.0,193.3,0.0,,,0.0,
2017-10-19,431.0,226.74,0.0,,,0.0,
2017-10-20,213.0,57.62,0.0,,,0.0,
2017-10-21,72.0,30.2,0.0,,,0.0,
2017-10-22,70.0,31.17,0.0,,,0.0,
2017-10-23,114.0,58.59,0.0,,,0.0,
2017-10-24,115.0,53.74,0.0,,,0.0,
2017-10-25,100.0,36.65,0.0,,,0.0,
2017-10-26,68.0,25.9,0.0,,,0.0,
2017-10-27,70.0,31.32,0.0,,,0.0,
2017-10-28,83.0,53.37,0.0,,,0.0,
2017-10-29,113.0,62.08,0.0,,,0.0,
2017-10-30,88.0,19.87,0.0,,,0.0,
2017-10-31,75.0,41.87,0.0,,,0.0,
2017-11-01,99.0,24.56,0.0,,,0.0,
2017-11-02,70.0,27.99,0.0,,,0.0,
2017-11-03,62.0,30.02,0.0,,,0.0,
2017-11-04,66.0,27.1,0.0,,,0.0,
2017-11-05,58.0,24.37,0.0,,,0.0,
2017-11-06,68.0,29.63,0.0,,,0.0,
2017-11-07,68.0,33.67,0.0,,,0.0,
2017-11-08,74.0,37.64,0.0,,,0.0,
2017-11-09,70.0,40.88,0.0,,,0.0,
2017-11-10,103.0,68.58,0.0,,,0.0,
2017-11-11,146.0,70.8,0.0,,,0.0,
2017-11-12,163.0,81.94,0.0,,,0.0,
2017-11-13,110.0,48.07,0.0,,,0.0,
2017-11-14,91.0,30.57,0.0,,,0.0,
2017-11-15,68.0,41.87,0.0,,,0.0,
2017-11-16,96.0,45.77,0.0,,,0.0,
2017-11-17,108.0,58.96,0.0,,,0.0,
2017-11-18,82.0,24.73,0.0,,,0.0,
2017-11-19,62.0,22.81,0.0,,,0.0,
2017-11-20,69.0,22.57,0.0,,,0.0,
2017-11-21,61.0,18.44,0.0,,,0.0,
2017-11-22,64.0,41.9,0.0,,,0.0,
2017-11-23,126.0,79.51,0.0,,,0.0,
2017-11-24,158.0,75.6,0.0,,,0.0,
2017-11-25,184.0,90.46,0.0,,,0.0,
2017-11-26,136.0,57.36,0.0,,,0.0,
2017-11-27,87.0,37.83,0.0,,,0.0,
2017-11-28,71.0,42.05,0.0,,,0.0,
2017-11-29,75.0,38.73,0.0,,,0.0,
2017-11-30,69.0,29.62,0.0,,,0.0,
2017-12-01,57.0,31.57,0.0,,,0.0,
2017-12-02,71.0,50.43,0.0,,,0.0,
2017-12-03,90.0,46.63,0.0,,,0.0,
2017-12-04,86.0,43.1,0.0,,,0.0,
2017-12-05,76.0,34.52,0.0,,,0.0,
2017-12-06,70.0,38.1,0.0,,,0.0,
2017-12-07,143.0,94.87,0.0,,,0.0,
2017-12-08,175.0,73.06,0.0,,,0.0,
2017-12-09,156.0,77.29,0.0,,,0.0,
2017-12-10,163.0,79.19,0.0,,,0.0,
2017-12-11,153.0,70.02,0.0,,,0.0,
2017-12-12,126.0,59.77,0.0,,,0.0,
2017-12-13,93.0,45.88,0.0,,,0.0,
2017-12-14,81.0,46.3,0.0,,,0.0,
2017-12-15,95.0,59.7,0.0,,,0.0,
2017-12-16,107.0,53.21,0.0,,,0.0,
2017-12-17,102.0,50.08,0.0,,,0.0,
2017-12-18,97.0,47.66,0.0,,,0.0,
2017-12-19,91.0,41.07,0.0,,,0.0,
2017-12-20,78.0,45.39,0.0,,,0.0,
2017-12-21,93.0,52.1,0.0,,,0.0,
2017-12-22,109.0,62.7,0.0,,,0.0,
2017-12-23,89.0,38.95,0.0,,,0.0,
2017-12-24,83.0,51.21,0.0,,,0.0,
2017-12-25,88.0,53.02,0.0,,,0.0,
2017-12-26,113.0,79.72,0.0,,,0.0,
2017-12-27,186.0,82.28,0.0,,,0.0,
2017-12-28,148.0,64.49,0.0,,,0.0,
2017-12-29,95.0,52.37,0.0,,,0.0,
2017-12-30,108.0,53.72,0.0,,,0.0,
2017-12-31,77.0,48.28,0.0,,,0.0,
2018-01-01,89.0,51.16,0.0,,,0.0,
2018-01-02,94.0,58.46,0.0,,,0.0,
2018-01-03,105.0,56.26,0.0,,,0.0,
2018-01-04,184.0,113.21,0.0,,,0.0,
2018-01-05,176.0,76.77,0.0,,,0.0,
2018-01-06,158.0,76.4,0.0,,,0.0,
2018-01-07,136.0,62.12,0.0,,,0.0,
2018-01-08,124.0,75.69,0.0,,,0.0,
2018-01-09,121.0,55.3,0.0,,,0.0,
2018-01-10,96.0,66.55,0.0,,,0.0,
2018-01-11,179.0,79.23,0.0,,,0.0,
2018-01-12,156.0,82.65,0.0,,,0.0,
2018-01-13,258.0,164.37,0.0,,,0.0,
2018-01-14,207.0,76.62,0.0,,,0.0,
2018-01-15,147.0,68.45,0.0,,,0.0,
2018-01-16,134.0,74.62,0.0,,,0.0,
2018-01-17,161.0,71.04,0.0,,,0.0,
2018-01-18,129.0,67.8,0.0,,,0.0,
2018-01-19,164.0,70.06,0.0,,,0.0,
2018-01-20,140.0,68.89,0.0,,,0.0,
2018-01-21,180.0,85.98,0.0,,,0.0,
2018-01-22,167.0,70.63,0.0,,,0.0,
2018-01-23,149.0,80.58,0.0,,,0.0,
2018-01-24,164.0,80.11,0.0,,,0.0,
2018-01-25,187.0,84.31,0.0,,,0.0,
2018-01-26,172.0,74.03,0.0,,,0.0,
2018-01-27,161.0,79.6,0.0,,,0.0,
2018-01-28,165.0,71.53,0.0,,,0.0,
2018-01-29,155.0,73.21,0.0,,,0.0,
2018-01-30,148.0,68.01,0.0,,,0.0,
2018-01-31,159.0,72.05,0.0,,,0.0,
2018-02-01,135.0,66.15,0.0,,,0.0,
2018-02-02,167.0,78.68,0.0,,,0.0,
2018-02-03,164.0,74.22,0.0,,,0.0,
2018-02-04,123.0,37.64,0.0,,,0.0,
2018-02-05,79.0,38.01,0.0,,,0.0,
2018-02-06,94.0,44.18,0.0,,,0.0,
2018-02-07,78.0,33.44,0.0,,,0.0,
2018-02-08,78.0,34.52,0.0,,,0.0,
2018-02-09,107.0,49.07,0.0,,,0.0,
2018-02-10,113.0,50.86,0.0,,,0.0,
2018-02-11,131.0,52.68,0.0,,,0.0,
2018-02-12,88.0,46.07,0.0,,,0.0,
2018-02-13,130.0,76.41,0.0,,,0.0,
2018-02-14,138.0,55.38,0.0,,,0.0,
2018-02-15,99.0,63.06,0.0,,,0.0,
2018-02-16,119.0,57.82,0.0,,,0.0,
2018-02-17,113.0,55.81,0.0,,,0.0,
2018-02-18,133.0,70.43,0.0,,,0.0,
2018-02-19,150.0,67.83,0.0,,,0.0,
2018-02-20,118.0,63.29,0.0,,,0.0,
2018-02-21,146.0,74.3,0.0,,,0.0,
2018-02-22,118.0,59.12,0.0,,,0.0,
2018-02-23,95.0,50.3,0.0,,,0.0,
2018-02-24,88.0,48.95,0.0,,,0.0,
2018-02-25,73.0,31.53,0.0,,,0.0,
2018-02-26,76.0,48.05,0.0,,,0.0,
2018-02-27,117.0,73.78,0.0,,,0.0,
2018-02-28,182.0,95.58,0.0,,,0.0,
2018-03-01,234.0,100.8,0.0,,,0.0,
2018-03-02,138.0,52.34,0.0,,,0.0,
2018-03-03,115.0,49.83,0.0,,,0.0,
2018-03-04,113.0,60.18,0.0,,,0.0,
2018-03-05,93.0,43.63,0.0,,,0.0,
2018-03-06,83.0,48.43,0.0,,,0.0,
2018-03-07,113.0,68.14,0.0,,,0.0,
2018-03-08,174.0,82.38,0.0,,,0.0,
2018-03-09,126.0,61.5,0.0,,,0.0,
2018-03-10,128.0,70.08,0.0,,,0.0,
2018-03-11,128.0,59.66,0.0,,,0.0,
2018-03-12,118.0,93.32,0.0,,,0.0,
2018-03-13,153.0,30.74,0.0,,,0.0,
2018-03-14,74.0,26.74,0.0,,,0.0,
2018-03-15,69.0,30.99,0.0,,,0.0,
2018-03-16,78.0,26.1,0.0,,,0.0,
2018-03-17,81.0,37.93,0.0,,,0.0,
2018-03-18,89.0,53.22,0.0,,,0.0,
2018-03-19,88.0,50.29,0.0,,,0.0,
2018-03-20,108.0,65.17,0.0,,,0.0,
2018-03-21,115.0,56.5,0.0,,,0.0,
2018-03-22,93.0,45.69,0.0,,,0.0,
2018-03-23,94.0,56.79,0.0,,,0.0,
2018-03-24,127.0,66.3,0.0,,,0.0,
2018-03-25,117.0,51.92,0.0,,,0.0,
2018-03-26,109.0,50.55,0.0,,,0.0,
2018-03-27,109.0,51.77,0.0,,,0.0,
2018-03-28,90.0,26.35,0.0,,,0.0,
2018-03-29,70.0,22.93,0.0,,,0.0,
2018-03-30,69.0,34.85,0.0,,,0.0,
2018-03-31,75.0,39.89,0.0,,,0.0,
2018-04-01,86.0,45.25,0.0,,,0.0,
2018-04-02,67.0,29.45,0.0,,,0.0,
2018-04-03,68.0,27.82,0.0,,,0.0,
2018-04-04,71.0,36.15,0.0,,,0.0,
2018-04-05,81.0,38.02,0.0,,,0.0,
2018-04-06,103.0,38.53,0.0,,,0.0,
2018-04-07,84.0,35.94,0.0,,,0.0,
2018-04-08,62.0,24.52,0.0,,,0.0,
2018-04-09,70.0,26.0,0.0,,,0.0,
2018-04-10,66.0,36.7,0.0,,,0.0,
2018-04-11,66.0,29.62,0.0,,,0.0,
2018-04-12,61.0,26.52,0.0,,,0.0,
2018-04-13,63.0,43.91,0.0,,,0.0,
2018-04-14,61.0,22.23,0.0,,,0.0,
2018-04-15,59.0,16.69,0.0,,,0.0,
2018-04-16,61.0,21.91,0.0,,,0.0,
2018-04-17,62.0,22.75,0.0,,,0.0,
2018-04-18,56.0,41.36,0.0,,,0.0,
2018-04-19,71.0,27.35,0.0,,,0.0,
2018-04-20,65.0,36.7,0.0,,,0.0,
2018-04-21,66.0,31.87,0.0,,,0.0,
2018-04-22,55.0,31.22,0.0,,,0.0,
2018-04-23,65.0,38.58,0.0,,,0.0,
2018-04-24,76.0,51.52,0.0,,,0.0,
2018-04-25,78.0,41.31,0.0,,,0.0,
2018-04-26,89.0,44.01,0.0,,,0.0,
2018-04-27,74.0,42.33,0.0,,,0.0,
2018-04-28,62.0,29.34,0.0,,,0.0,
2018-04-29,59.0,32.08,0.0,,,0.0,
2018-04-30,68.0,42.57,0.0,,,0.0,
2018-05-01,92.0,50.73,0.0,,,0.0,
2018-05-02,112.0,62.94,0.0,,,0.0,
2018-05-03,111.0,52.76,0.0,,,0.0,
2018-05-04,127.0,76.95,0.0,,,0.0,
2018-05-05,128.0,37.39,0.0,,,0.0,
2018-05-06,77.0,39.42,0.0,,,0.0,
2018-05-07,75.0,48.75,0.0,,,0.0,
2018-05-08,77.0,22.47,0.0,,,0.0,
2018-05-09,94.0,15.55,0.0,,,0.0,
2018-05-10,80.0,22.62,0.0,,,0.0,
2018-05-11,70.0,23.19,0.0,,,0.0,
2018-05-12,74.0,20.7,0.0,,,0.0,
2018-05-13,77.0,28.08,0.0,,,0.0,
2018-05-14,71.0,25.14,0.0,,,0.0,
2018-05-15,79.0,27.68,0.0,,,0.0,
2018-05-16,81.0,27.85,0.0,,,0.0,
2018-05-17,82.0,23.7,0.0,,,0.0,
2018-05-18,70.0,48.5,0.0,,,0.0,
2018-05-19,81.0,35.46,0.0,,,0.0,
2018-05-20,66.0,35.53,0.0,,,0.0,
2018-05-21,64.0,42.6,0.0,,,0.0,
2018-05-22,82.0,52.89,0.0,,,0.0,
2018-05-23,84.0,42.53,0.0,,,0.0,
2018-05-24,73.0,40.25,0.0,,,0.0,
2018-05-25,64.0,28.46,0.0,,,0.0,
2018-05-26,65.0,38.2,0.0,,,0.0,
2018-05-27,79.0,51.13,0.0,,,0.0,
2018-05-28,77.0,47.54,0.0,,,0.0,
2018-05-29,88.0,46.07,0.0,,,0.0,
2018-05-30,82.0,44.17,0.0,,,0.0,
2018-05-31,85.0,56.1,0.0,,,0.0,
2018-06-01,98.0,57.69,0.0,,,0.0,
2018-06-02,124.0,64.65,0.0,,,0.0,
2018-06-03,98.0,50.69,0.0,,,0.0,
2018-06-04,83.0,52.68,0.0,,,0.0,
2018-06-05,86.0,42.26,0.0,,,0.0,
2018-06-06,79.0,50.38,0.0,,,0.0,
2018-06-07,66.0,34.9,0.0,,,0.0,
2018-06-08,71.0,36.28,0.0,,,0.0,
2018-06-09,67.0,41.3,0.0,,,0.0,
2018-06-10,73.0,33.79,0.0,,,0.0,
2018-06-11,73.0,41.09,0.0,,,0.0,
2018-06-12,88.0,43.9,0.0,,,0.0,
2018-06-13,88.0,45.77,0.0,,,0.0,
2018-06-14,91.0,50.27,0.0,,,0.0,
2018-06-15,97.0,66.88,0.0,,,0.0,
2018-06-16,114.0,49.62,0.0,,,0.0,
2018-06-17,86.0,59.7,0.0,,,0.0,
2018-06-18,99.0,48.19,0.0,,,0.0,
2018-06-19,90.0,52.41,0.0,,,0.0,
2018-06-20,104.0,57.34,0.0,,,0.0,
2018-06-21,107.0,60.06,0.0,,,0.0,
2018-06-22,107.0,57.98,0.0,,,0.0,
2018-06-23,102.0,61.21,0.0,,,0.0,
2018-06-24,109.0,55.1,0.0,,,0.0,
2018-06-25,101.0,61.59,0.0,,,0.0,
2018-06-26,112.0,61.34,0.0,,,0.0,
2018-06-27,133.0,76.53,0.0,,,0.0,
2018-06-28,127.0,54.64,0.0,,,0.0,
2018-06-29,98.0,57.46,0.0,,,0.0,
2018-06-30,135.0,81.3,0.0,,,0.0,
2018-07-01,150.0,68.11,0.0,,,0.0,
2018-07-02,150.0,87.21,0.0,,,0.0,
2018-07-03,159.0,54.36,0.0,,,0.0,
2018-07-04,93.0,53.97,0.0,,,0.0,
2018-07-05,97.0,55.84,0.0,,,0.0,
2018-07-06,128.0,78.46,0.0,,,0.0,
2018-07-07,135.0,54.32,0.0,,,0.0,
2018-07-08,80.0,53.66,0.0,,,0.0,
2018-07-09,106.0,62.38,0.0,,,0.0,
2018-07-10,103.0,56.32,0.0,,,0.0,
2018-07-11,97.0,49.15,0.0,,,0.0,
2018-07-12,77.0,44.79,0.0,,,0.0,
2018-07-13,84.0,45.82,0.0,,,0.0,
2018-07-14,76.0,47.78,0.0,,,0.0,
2018-07-15,92.0,50.76,0.0,,,0.0,
2018-07-16,79.0,43.0,0.0,,,0.0,
2018-07-17,66.0,37.08,0.0,,,0.0,
2018-07-18,69.0,41.77,0.0,,,0.0,
2018-07-19,79.0,47.86,0.0,,,0.0,
2018-07-20,71.0,40.3,0.0,,,0.0,
2018-07-21,70.0,46.01,0.0,,,0.0,
2018-07-22,87.0,55.78,0.0,,,0.0,
2018-07-23,101.0,50.08,0.0,,,0.0,
2018-07-24,87.0,49.87,0.0,,,0.0,
2018-07-25,68.0,35.67,0.0,,,0.0,
2018-07-26,63.0,37.4,0.0,,,0.0,
2018-07-27,63.0,41.69,0.0,,,0.0,
2018-07-28,95.0,54.4,0.0,,,0.0,
2018-07-29,97.0,54.77,0.0,,,0.0,
2018-07-30,78.0,45.89,0.0,,,0.0,
2018-07-31,93.0,51.13,0.0,,,0.0,
2018-08-01,80.0,50.78,0.0,,,0.0,
2018-08-02,91.0,39.82,0.0,,,0.0,
2018-08-03,71.0,44.27,0.0,,,0.0,
2018-08-04,79.0,52.36,0.0,,,0.0,
2018-08-05,107.0,60.28,0.0,,,0.0,
2018-08-06,123.0,60.81,0.0,,,0.0,
2018-08-07,96.0,40.73,0.0,,,0.0,
2018-08-08,57.0,26.05,0.0,,,0.0,
2018-08-09,54.0,29.65,0.0,,,0.0,
2018-08-10,63.0,45.66,0.0,,,0.0,
2018-08-11,87.0,30.97,0.0,,,0.0,
2018-08-12,60.0,26.95,0.0,,,0.0,
2018-08-13,60.0,38.03,0.0,,,0.0,
2018-08-14,71.0,35.44,0.0,,,0.0,
2018-08-15,61.0,20.43,0.0,,,0.0,
2018-08-16,53.0,26.01,0.0,,,0.0,
2018-08-17,76.0,60.61,0.0,,,0.0,
2018-08-18,126.0,55.4,0.0,,,0.0,
2018-08-19,111.0,49.34,0.0,,,0.0,
2018-08-20,152.0,69.17,0.0,,,0.0,
2018-08-21,148.0,85.12,0.0,,,0.0,
2018-08-22,161.0,52.23,0.0,,,0.0,
2018-08-23,74.0,34.77,0.0,,,0.0,
2018-08-24,71.0,40.39,0.0,,,0.0,
2018-08-25,106.0,55.14,0.0,,,0.0,
2018-08-26,81.0,32.83,0.0,,,0.0,
2018-08-27,70.0,34.87,0.0,,,0.0,
2018-08-28,62.0,29.44,0.0,,,0.0,
2018-08-29,58.0,32.56,0.0,,,0.0,
2018-08-30,89.0,50.7,0.0,,,0.0,
2018-08-31,83.0,29.65,0.0,,,0.0,
2018-09-01,65.0,38.58,0.0,,,0.0,
2018-09-02,84.0,47.56,0.0,,,0.0,
2018-09-03,83.0,42.77,0.0,,,0.0,
2018-09-04,87.0,54.8,0.0,,,0.0,
2018-09-05,111.0,47.98,0.0,,,0.0,
2018-09-06,93.0,61.47,0.0,,,0.0,
2018-09-07,108.0,48.17,0.0,,,0.0,
2018-09-08,118.0,67.78,0.0,,,0.0,
2018-09-09,115.0,30.81,0.0,,,0.0,
2018-09-10,68.0,41.96,0.0,,,0.0,
2018-09-11,79.0,40.59,0.0,,,0.0,
2018-09-12,70.0,44.5,0.0,,,0.0,
2018-09-13,86.0,45.96,0.0,,,0.0,
2018-09-14,161.0,82.38,0.0,,,0.0,
2018-09-15,112.0,42.08,0.0,,,0.0,
2018-09-16,97.0,43.25,0.0,,,0.0,
2018-09-17,96.0,30.77,0.0,,,0.0,
2018-09-18,92.0,44.32,0.0,,,0.0,
2018-09-19,80.0,24.98,0.0,,,0.0,
2018-09-20,92.0,55.76,0.0,,,0.0,
2018-09-21,109.0,49.28,0.0,,,0.0,
2018-09-22,108.0,50.3,0.0,,,0.0,
2018-09-23,89.0,50.51,0.0,,,0.0,
2018-09-24,111.0,31.02,0.0,,,0.0,
2018-09-25,107.0,43.43,0.0,,,0.0,
2018-09-26,93.0,61.73,0.0,,,0.0,
2018-09-27,111.0,28.2,0.0,,,0.0,
2018-09-28,54.0,22.68,0.0,,,0.0,
2018-09-29,58.0,71.65,0.0,,,0.0,
2018-09-30,157.0,64.87,0.0,,,0.0,
2018-10-01,82.0,32.53,0.0,,,0.0,
2018-10-02,66.0,22.28,0.0,,,0.0,
2018-10-03,63.0,17.89,0.0,,,0.0,
2018-10-04,66.0,20.58,0.0,,,0.0,
2018-10-05,75.0,23.68,0.0,,,0.0,
2018-10-06,81.0,16.7,0.0,,,0.0,
2018-10-07,65.0,34.54,0.0,,,0.0,
2018-10-08,69.0,36.11,0.0,,,0.0,
2018-10-09,96.0,61.0,0.0,,,0.0,
2018-10-10,164.0,70.42,0.0,,,0.0,
2018-10-11,147.0,53.49,0.0,,,0.0,
2018-10-12,90.0,48.26,0.0,,,0.0,
2018-10-13,82.0,39.7,0.0,,,0.0,
2018-10-14,65.0,40.74,0.0,,,0.0,
2018-10-15,70.0,40.91,0.0,,,0.0,
2018-10-16,68.0,29.82,0.0,,,0.0,
2018-10-17,77.0,33.85,0.0,,,0.0,
2018-10-18,67.0,31.6,0.0,,,0.0,
2018-10-19,91.0,39.65,0.0,,,0.0,
2018-10-20,110.0,66.17,0.0,,,0.0,
2018-10-21,124.0,65.55,0.0,,,0.0,
2018-10-22,218.0,168.81,0.0,,,0.0,
2018-10-23,170.0,73.57,0.0,,,0.0,
2018-10-24,160.0,76.77,0.0,,,0.0,
2018-10-25,140.0,72.83,0.0,,,0.0,
2018-10-26,144.0,72.24,0.0,,,0.0,
2018-10-27,126.0,61.5,0.0,,,0.0,
2018-10-28,115.0,59.79,0.0,,,0.0,
2018-10-29,158.0,75.15,0.0,,,0.0,
2018-10-30,98.0,34.51,0.0,,,0.0,
2018-10-31,78.0,28.16,0.0,,,0.0,
2018-11-01,83.0,27.63,0.0,,,0.0,
2018-11-02,89.0,28.58,0.0,,,0.0,
2018-11-03,65.0,35.6,0.0,,,0.0,
2018-11-04,167.0,86.21,0.0,,,0.0,
2018-11-05,85.0,35.2,0.0,,,0.0,
2018-11-06,72.0,55.01,0.0,,,0.0,
2018-11-07,128.0,59.06,0.0,,,0.0,
2018-11-08,96.0,49.98,0.0,,,0.0,
2018-11-09,133.0,74.73,0.0,,,0.0,
2018-11-10,137.0,70.81,0.0,,,0.0,
2018-11-11,155.0,82.59,0.0,,,0.0,
2018-11-12,185.0,92.17,0.0,,,0.0,
2018-11-13,231.0,111.04,0.0,,,0.0,
2018-11-14,210.0,84.77,0.0,,,0.0,
2018-11-15,135.0,47.01,0.0,,,0.0,
2018-11-16,68.0,17.03,0.0,,,0.0,
2018-11-17,71.0,28.73,0.0,,,0.0,
2018-11-18,78.0,31.8,0.0,,,0.0,
2018-11-19,70.0,22.03,0.0,,,0.0,
2018-11-20,72.0,42.81,0.0,,,0.0,
2018-11-21,65.0,20.36,0.0,,,0.0,
2018-11-22,60.0,19.76,0.0,,,0.0,
2018-11-23,70.0,47.76,0.0,,,0.0,
2018-11-24,162.0,92.89,0.0,,,0.0,
2018-11-25,234.0,112.05,0.0,,,0.0,
2018-11-26,211.0,81.75,0.0,,,0.0,
2018-11-27,141.0,65.56,0.0,,,0.0,
2018-11-28,123.0,61.8,0.0,,,0.0,
2018-11-29,90.0,46.73,0.0,,,0.0,
2018-11-30,79.0,47.84,0.0,,,0.0,
2018-12-01,96.0,54.15,0.0,,,0.0,
2018-12-02,74.0,23.09,0.0,,,0.0,
2018-12-03,67.0,30.61,0.0,,,0.0,
2018-12-04,80.0,23.0,0.0,,,0.0,
2018-12-05,86.0,31.74,0.0,,,0.0,
2018-12-06,87.0,47.92,0.0,,,0.0,
2018-12-07,129.0,85.53,0.0,,,0.0,
2018-12-08,221.0,98.92,0.0,,,0.0,
2018-12-09,224.0,98.35,0.0,,,0.0,
2018-12-10,222.0,95.16,0.0,,,0.0,
2018-12-11,196.0,84.65,0.0,,,0.0,
2018-12-12,195.0,86.54,0.0,,,0.0,
2018-12-13,154.0,51.85,0.0,,,0.0,
2018-12-14,86.0,52.68,0.0,,,0.0,
2018-12-15,149.0,87.0,0.0,,,0.0,
2018-12-16,155.0,55.49,0.0,,,0.0,
2018-12-17,89.0,52.86,0.0,,,0.0,
2018-12-18,148.0,73.87,0.0,,,0.0,
2018-12-19,90.0,28.98,0.0,,,0.0,
2018-12-20,78.0,48.11,0.0,,,0.0,
2018-12-21,81.0,38.97,0.0,,,0.0,
2018-12-22,82.0,48.35,0.0,,,0.0,
2018-12-23,109.0,63.44,0.0,,,0.0,
2018-12-24,137.0,67.45,0.0,,,0.0,
2018-12-25,150.0,80.95,0.0,,,0.0,
2018-12-26,217.0,96.38,0.0,,,0.0,
2018-12-27,182.0,111.83,0.0,,,0.0,
2018-12-28,160.0,68.25,0.0,,,0.0,
2018-12-29,205.0,110.85,0.0,,,0.0,
2018-12-30,211.0,100.68,0.0,,,0.0,
2018-12-31,150.0,57.67,0.0,,,0.0,
2019-01-01,212.0,122.43,0.0,,,0.0,
2019-01-02,158.0,54.14,0.0,,,0.0,
2019-01-03,167.0,97.13,0.0,,,0.0,
2019-01-04,192.0,74.64,0.0,,,0.0,
2019-01-05,116.0,74.23,0.0,,,0.0,
2019-01-06,186.0,92.7,0.0,,,0.0,
2019-01-07,168.0,70.73,0.0,,,0.0,
2019-01-08,108.0,59.25,0.0,,,0.0,
2019-01-09,185.0,98.11,0.0,,,0.0,
2019-01-10,181.0,89.42,0.0,,,0.0,
2019-01-11,199.0,129.92,0.0,,,0.0,
2019-01-12,183.0,65.08,0.0,,,0.0,
2019-01-13,105.0,38.64,0.0,,,0.0,
2019-01-14,110.0,58.12,0.0,,,0.0,
2019-01-15,115.0,45.89,0.0,,,0.0,
2019-01-16,97.0,49.6,0.0,,,0.0,
2019-01-17,111.0,68.44,0.0,,,0.0,
2019-01-18,140.0,66.96,0.0,,,0.0,
2019-01-19,131.0,58.99,0.0,,,0.0,
2019-01-20,102.0,40.6,0.0,,,0.0,
2019-01-21,98.0,65.59,0.0,,,0.0,
2019-01-22,176.0,70.94,0.0,,,0.0,
2019-01-23,92.0,27.64,0.0,,,0.0,
2019-01-24,99.0,45.17,0.0,,,0.0,
2019-01-25,73.0,28.02,0.0,,,0.0,
2019-01-26,68.0,19.33,0.0,,,0.0,
2019-01-27,70.0,16.58,0.0,,,0.0,
2019-01-28,71.0,18.58,0.0,,,0.0,
2019-01-29,84.0,41.52,0.0,,,0.0,
2019-01-30,120.0,55.3,0.0,,,0.0,
2019-01-31,144.0,81.09,0.0,,,0.0,
2019-02-01,147.0,42.07,0.0,,,0.0,
2019-02-02,99.0,42.72,0.0,,,0.0,
2019-02-03,84.0,31.09,0.0,,,0.0,
2019-02-04,86.0,46.95,0.0,,,0.0,
2019-02-05,115.0,44.37,0.0,,,0.0,
2019-02-06,149.0,60.55,0.0,,,0.0,
2019-02-07,138.0,52.94,0.0,,,0.0,
2019-02-08,87.0,28.42,0.0,,,0.0,
2019-02-09,77.0,21.04,0.0,,,0.0,
2019-02-10,67.0,12.77,0.0,,,0.0,
2019-02-11,77.0,37.37,0.0,,,0.0,
2019-02-12,126.0,56.04,0.0,,,0.0,
2019-02-13,200.0,106.04,0.0,,,0.0,
2019-02-14,283.0,178.54,0.0,,,0.0,
2019-02-15,187.0,42.85,0.0,,,0.0,
2019-02-16,87.0,45.41,0.0,,,0.0,
2019-02-17,93.0,44.51,0.0,,,0.0,
2019-02-18,80.0,26.55,0.0,,,0.0,
2019-02-19,78.0,17.11,0.0,,,0.0,
2019-02-20,66.0,16.6,0.0,,,0.0,
2019-02-21,75.0,32.92,0.0,,,0.0,
2019-02-22,104.0,37.45,0.0,,,0.0,
2019-02-23,101.0,25.55,0.0,,,0.0,
2019-02-24,89.0,37.37,0.0,,,0.0,
2019-02-25,105.0,74.05,0.0,,,0.0,
2019-02-26,279.0,199.98,0.0,,,0.0,
2019-02-27,127.0,33.9,0.0,,,0.0,
2019-02-28,100.0,87.38,0.0,,,0.0,
2019-03-01,102.0,114.56,0.0,,,0.0,
2019-03-02,252.0,176.07,0.0,,,0.0,
2019-03-03,128.0,38.85,0.0,,,0.0,
2019-03-04,76.0,43.48,0.0,,,0.0,
2019-03-05,87.0,53.2,0.0,,,0.0,
2019-03-06,111.0,58.19,0.0,,,0.0,
2019-03-07,105.0,39.87,0.0,,,0.0,
2019-03-08,85.0,38.91,0.0,,,0.0,
2019-03-09,90.0,36.46,0.0,,,0.0,
2019-03-10,83.0,27.7,0.0,,,0.0,
2019-03-11,66.0,28.47,0.0,,,0.0,
2019-03-12,89.0,52.63,0.0,,,0.0,
2019-03-13,143.0,76.63,0.0,,,0.0,
2019-03-14,155.0,58.09,0.0,,,0.0,
2019-03-15,100.0,52.87,0.0,,,0.0,
2019-03-16,86.0,48.11,0.0,,,0.0,
2019-03-17,106.0,57.58,0.0,,,0.0,
2019-03-18,86.0,37.31,0.0,,,0.0,
2019-03-19,87.0,42.32,0.0,,,0.0,
2019-03-20,103.0,63.83,0.0,,,0.0,
2019-03-21,138.0,50.63,0.0,,,0.0,
2019-03-22,102.0,41.01,0.0,,,0.0,
2019-03-23,95.0,37.13,0.0,,,0.0,
2019-03-24,83.0,34.61,0.0,,,0.0,
2019-03-25,83.0,35.94,0.0,,,0.0,
2019-03-26,87.0,39.29,0.0,,,0.0,
2019-03-27,81.0,33.41,0.0,,,0.0,
2019-03-28,81.0,38.14,0.0,,,0.0,
2019-03-29,73.0,38.04,0.0,,,0.0,
2019-03-30,81.0,37.22,0.0,,,0.0,
2019-03-31,100.0,62.24,0.0,,,0.0,
2019-04-01,130.0,68.09,0.0,,,0.0,
2019-04-02,126.0,49.42,0.0,,,0.0,
2019-04-03,117.0,48.12,0.0,,,0.0,
2019-04-04,89.0,32.88,0.0,,,0.0,
2019-04-05,100.0,36.23,0.0,,,0.0,
2019-04-06,101.0,34.35,0.0,,,0.0,
2019-04-07,99.0,32.33,0.0,,,0.0,
2019-04-08,98.0,54.52,0.0,,,0.0,
2019-04-09,112.0,37.03,0.0,,,0.0,
2019-04-10,111.0,59.54,0.0,,,0.0,
2019-04-11,110.0,56.02,0.0,,,0.0,
2019-04-12,100.0,37.18,0.0,,,0.0,
2019-04-13,79.0,36.18,0.0,,,0.0,
2019-04-14,76.0,31.9,0.0,,,0.0,
2019-04-15,76.0,24.24,0.0,,,0.0,
2019-04-16,70.0,19.48,0.0,,,0.0,
2019-04-17,73.0,17.27,0.0,,,0.0,
2019-04-18,62.0,12.95,0.0,,,0.0,
2019-04-19,66.0,25.41,0.0,,,0.0,
2019-04-20,81.0,24.99,0.0,,,0.0,
2019-04-21,85.0,29.32,0.0,,,0.0,
2019-04-22,74.0,24.75,0.0,,,0.0,
2019-04-23,74.0,29.82,0.0,,,0.0,
2019-04-24,73.0,29.52,0.0,,,0.0,
2019-04-25,76.0,31.55,0.0,,,0.0,
2019-04-26,75.0,35.22,0.0,,,0.0,
2019-04-27,69.0,25.49,0.0,,,0.0,
2019-04-28,71.0,26.74,0.0,,,0.0,
2019-04-29,75.0,26.4,0.0,,,0.0,
2019-04-30,78.0,35.36,0.0,,,0.0,
2019-05-01,80.0,29.99,0.0,,,0.0,
2019-05-02,78.0,30.49,0.0,,,0.0,
2019-05-03,78.0,30.39,0.0,,,0.0,
2019-05-04,80.0,37.24,0.0,,,0.0,
2019-05-05,79.0,38.9,0.0,,,0.0,
2019-05-06,82.0,38.07,0.0,,,0.0,
2019-05-07,83.0,38.63,0.0,,,0.0,
2019-05-08,75.0,42.78,0.0,,,0.0,
2019-05-09,79.0,35.59,0.0,,,0.0,
2019-05-10,77.0,38.39,0.0,,,0.0,
2019-05-11,126.0,65.3,0.0,,,0.0,
2019-05-12,150.0,51.8,0.0,,,0.0,
2019-05-13,135.0,66.57,0.0,,,0.0,
2019-05-14,145.0,66.85,0.0,,,0.0,
2019-05-15,132.0,55.19,0.0,,,0.0,
2019-05-16,107.0,44.66,0.0,,,0.0,
2019-05-17,102.0,41.39,0.0,,,0.0,
2019-05-18,88.0,39.71,0.0,,,0.0,
2019-05-19,83.0,36.38,0.0,,,0.0,
2019-05-20,76.0,22.72,0.0,,,0.0,
2019-05-21,71.0,23.34,0.0,,,0.0,
2019-05-22,80.0,27.06,0.0,,,0.0,
2019-05-23,79.0,45.92,0.0,,,0.0,
2019-05-24,113.0,47.34,0.0,,,0.0,
2019-05-25,124.0,47.85,0.0,,,0.0,
2019-05-26,131.0,48.62,0.0,,,0.0,
2019-05-27,113.0,45.57,0.0,,,0.0,
2019-05-28,132.0,74.16,0.0,,,0.0,
2019-05-29,137.0,54.73,0.0,,,0.0,
2019-05-30,141.0,65.19,0.0,,,0.0,
2019-05-31,156.0,53.41,0.0,,,0.0,
2019-06-01,148.0,45.73,0.0,,,0.0,
2019-06-02,143.0,57.97,0.0,,,0.0,
2019-06-03,161.0,58.15,0.0,,,0.0,
2019-06-04,143.0,60.53,0.0,,,0.0,
2019-06-05,153.0,52.59,0.0,,,0.0,
2019-06-06,132.0,54.06,0.0,,,0.0,
2019-06-07,94.0,42.32,0.0,,,0.0,
2019-06-08,126.0,55.84,0.0,,,0.0,
2019-06-09,119.0,47.85,0.0,,,0.0,
2019-06-10,100.0,54.9,0.0,,,0.0,
2019-06-11,116.0,51.79,0.0,,,0.0,
2019-06-12,119.0,51.48,0.0,,,0.0,
2019-06-13,110.0,37.78,0.0,,,0.0,
2019-06-14,91.0,41.03,0.0,,,0.0,
2019-06-15,89.0,53.31,0.0,,,0.0,
2019-06-16,87.0,42.09,0.0,,,0.0,
2019-06-17,80.0,56.12,0.0,,,0.0,
2019-06-18,108.0,56.8,0.0,,,0.0,
2019-06-19,91.0,41.22,0.0,,,0.0,
2019-06-20,88.0,36.82,0.0,,,0.0,
2019-06-21,92.0,36.7,0.0,,,0.0,
2019-06-22,96.0,39.32,0.0,,,0.0,
2019-06-23,109.0,33.86,0.0,,,0.0,
2019-06-24,101.0,29.8,0.0,,,0.0,
2019-06-25,129.0,103.16,0.0,,,0.0,
2019-06-26,179.0,45.52,0.0,,,0.0,
2019-06-27,69.0,35.11,0.0,,,0.0,
2019-06-28,78.0,45.16,0.0,,,0.0,
2019-06-29,106.0,59.22,0.0,,,0.0,
2019-06-30,123.0,47.81,0.0,,,0.0,
2019-07-01,125.0,33.28,0.0,,,0.0,
2019-07-02,73.0,52.55,0.0,,,0.0,
2019-07-03,174.0,92.83,0.0,,,0.0,
2019-07-04,84.0,49.99,0.0,,,0.0,
2019-07-05,134.0,97.96,0.0,,,0.0,
2019-07-06,85.0,37.94,0.0,,,0.0,
2019-07-07,77.0,48.12,0.0,,,0.0,
2019-07-08,88.0,51.95,0.0,,,0.0,
2019-07-09,92.0,45.61,0.0,,,0.0,
2019-07-10,92.0,30.64,0.0,,,0.0,
2019-07-11,76.0,36.62,0.0,,,0.0,
2019-07-12,81.0,50.02,0.0,,,0.0,
2019-07-13,94.0,34.54,0.0,,,0.0,
2019-07-14,80.0,47.45,0.0,,,0.0,
2019-07-15,99.0,40.19,0.0,,,0.0,
2019-07-16,80.0,30.16,0.0,,,0.0,
2019-07-17,77.0,43.75,0.0,,,0.0,
2019-07-18,85.0,48.57,0.0,,,0.0,
2019-07-19,74.0,30.57,0.0,,,0.0,
2019-07-20,84.0,35.63,0.0,,,0.0,
2019-07-21,87.0,28.74,0.0,,,0.0,
2019-07-22,70.0,27.56,0.0,,,0.0,
2019-07-23,73.0,31.04,0.0,,,0.0,
2019-07-24,73.0,29.77,0.0,,,0.0,
2019-07-25,94.0,45.13,0.0,,,0.0,
2019-07-26,85.0,23.22,0.0,,,0.0,
2019-07-27,66.0,25.94,0.0,,,0.0,
2019-07-28,83.0,32.29,0.0,,,0.0,
2019-07-29,77.0,28.07,0.0,,,0.0,
2019-07-30,74.0,36.63,0.0,,,0.0,
2019-07-31,114.0,33.19,0.0,,,0.0,
2019-08-01,105.0,34.12,0.0,,,0.0,
2019-08-02,129.0,51.08,0.0,,,0.0,
2019-08-03,130.0,51.84,0.0,,,0.0,
2019-08-04,126.0,42.23,0.0,,,0.0,
2019-08-05,105.0,52.82,0.0,,,0.0,
2019-08-06,110.0,26.19,0.0,,,0.0,
2019-08-07,65.0,21.07,0.0,,,0.0,
2019-08-08,84.0,24.99,0.0,,,0.0,
2019-08-09,70.0,22.61,0.0,,,0.0,
2019-08-10,74.0,22.66,0.0,,,0.0,
2019-08-11,76.0,16.68,0.0,,,0.0,
2019-08-12,112.0,18.65,0.0,,,0.0,
2019-08-13,80.0,21.83,0.0,,,0.0,
2019-08-14,106.0,25.51,0.0,,,0.0,
2019-08-15,105.0,19.01,0.0,,,0.0,
2019-08-16,110.0,26.43,0.0,,,0.0,
2019-08-17,82.0,13.03,0.0,,,0.0,
2019-08-18,69.0,13.2,0.0,,,0.0,
2019-08-19,58.0,22.64,0.0,,,0.0,
2019-08-20,68.0,27.06,0.0,,,0.0,
2019-08-21,77.0,29.21,0.0,,,0.0,
2019-08-22,82.0,31.43,0.0,,,0.0,
2019-08-23,52.0,25.89,0.0,,,0.0,
2019-08-24,48.0,17.58,0.0,,,0.0,
2019-08-25,47.0,22.35,0.0,,,0.0,
2019-08-26,57.0,17.46,0.0,,,0.0,
2019-08-27,48.0,18.64,0.0,,,0.0,
2019-08-28,104.0,20.57,0.0,,,0.0,
2019-08-29,51.0,25.15,0.0,,,0.0,
2019-08-30,101.0,22.87,0.0,,,0.0,
2019-08-31,121.0,27.11,0.0,,,0.0,
2019-09-01,122.0,26.91,0.0,,,0.0,
2019-09-02,108.0,30.64,0.0,,,0.0,
2019-09-03,100.0,29.69,0.0,,,0.0,
2019-09-04,146.0,35.06,0.0,,,0.0,
2019-09-05,70.0,22.29,0.0,,,0.0,
2019-09-06,75.0,25.84,0.0,,,0.0,
2019-09-07,105.0,26.37,0.0,,,0.0,
2019-09-08,76.0,22.62,0.0,,,0.0,
2019-09-09,76.0,37.51,0.0,,,0.0,
2019-09-10,111.0,37.85,0.0,,,0.0,
2019-09-11,150.0,39.26,0.0,,,0.0,
2019-09-12,103.0,23.59,0.0,,,0.0,
2019-09-13,78.0,27.36,0.0,,,0.0,
2019-09-14,81.0,23.45,0.0,,,0.0,
2019-09-15,89.0,20.82,0.0,,,0.0,
2019-09-16,100.0,28.74,0.0,,,0.0,
2019-09-17,96.0,22.59,0.0,,,0.0,
2019-09-18,105.0,26.98,0.0,,,0.0,
2019-09-19,95.0,23.18,0.0,,,0.0,
2019-09-20,120.0,38.04,0.0,,,0.0,
2019-09-21,106.0,33.44,0.0,,,0.0,
2019-09-22,126.0,43.67,0.0,,,0.0,
2019-09-23,135.0,61.94,0.0,,,0.0,
2019-09-24,114.0,35.03,0.0,,,0.0,
2019-09-25,93.0,16.9,0.0,,,0.0,
2019-09-26,99.0,14.27,0.0,,,0.0,
2019-09-27,103.0,17.76,0.0,,,0.0,
2019-09-28,105.0,20.99,0.0,,,0.0,
2019-09-29,116.0,25.87,0.0,,,0.0,
2019-09-30,106.0,23.02,0.0,,,0.0,
2019-10-01,109.0,41.82,0.0,,,0.0,
2019-10-02,122.0,32.4,0.0,,,0.0,
2019-10-03,110.0,31.1,0.0,,,0.0,
2019-10-04,72.0,23.49,0.0,,,0.0,
2019-10-05,78.0,47.4,0.0,,,0.0,
2019-10-06,145.0,19.32,0.0,,,0.0,
2019-10-07,108.0,58.64,0.0,,,0.0,
2019-10-08,141.0,36.56,0.0,,,0.0,
2019-10-09,114.0,24.5,0.0,,,0.0,
2019-10-10,92.0,21.13,0.0,,,0.0,
2019-10-11,87.0,21.2,0.0,,,0.0,
2019-10-12,92.0,16.34,0.0,,,0.0,
2019-10-13,89.0,14.93,0.0,,,0.0,
2019-10-14,86.0,21.14,0.0,,,0.0,
2019-10-15,75.0,20.33,0.0,,,0.0,
2019-10-16,64.0,17.58,0.0,,,0.0,
2019-10-17,61.0,30.95,0.0,,,0.0,
2019-10-18,80.0,32.0,0.0,,,0.0,
2019-10-19,75.0,31.76,0.0,,,0.0,
2019-10-20,73.0,35.03,0.0,,,0.0,
2019-10-21,71.0,26.55,0.0,,,0.0,
2019-10-22,69.0,28.47,0.0,,,0.0,
2019-10-23,81.0,40.0,0.0,,,0.0,
2019-10-24,67.0,35.34,0.0,,,0.0,
2019-10-25,86.0,46.48,0.0,,,0.0,
2019-10-26,121.0,95.49,0.0,,,0.0,
2019-10-27,306.0,153.73,0.0,,,0.0,
2019-10-28,208.0,54.13,0.0,,,0.0,
2019-10-29,83.0,31.22,0.0,,,0.0,
2019-10-30,84.0,34.65,0.0,,,0.0,
2019-10-31,141.0,87.99,0.0,,,0.0,
2019-11-01,133.0,40.78,0.0,,,0.0,
2019-11-02,76.0,34.45,0.0,,,0.0,
2019-11-03,91.0,70.95,0.0,,,0.0,
2019-11-04,222.0,115.35,0.0,,,0.0,
2019-11-05,261.0,98.83,0.0,,,0.0,
2019-11-06,229.0,105.94,0.0,,,0.0,
2019-11-07,273.0,121.43,0.0,,,0.0,
2019-11-08,294.0,142.9,0.0,,,0.0,
2019-11-09,253.0,96.8,0.0,,,0.0,
2019-11-10,230.0,93.13,0.0,,,0.0,
2019-11-11,192.0,61.45,0.0,,,0.0,
2019-11-12,77.0,31.32,0.0,,,0.0,
2019-11-13,76.0,37.23,0.0,,,0.0,
2019-11-14,92.0,19.18,0.0,,,0.0,
2019-11-15,84.0,21.99,0.0,,,0.0,
2019-11-16,57.0,44.91,0.0,,,0.0,
2019-11-17,122.0,56.9,0.0,,,0.0,
2019-11-18,90.0,26.91,0.0,,,0.0,
2019-11-19,63.0,28.52,0.0,,,0.0,
2019-11-20,47.0,20.95,0.0,,,0.0,
2019-11-21,56.0,33.55,0.0,,,0.0,
2019-11-22,60.0,31.16,0.0,,,0.0,
2019-11-23,64.0,46.05,0.0,,,0.0,
2019-11-24,110.0,59.64,0.0,,,0.0,
2019-11-25,86.0,44.81,0.0,,,0.0,
2019-11-26,77.0,53.33,0.0,,,0.0,
2019-11-27,80.0,37.8,0.0,,,0.0,
2019-11-28,63.0,30.56,0.0,,,0.0,
2019-11-29,53.0,21.08,0.0,,,0.0,
2019-11-30,48.0,18.45,0.0,,,0.0,
2019-12-01,60.0,17.79,0.0,,,0.0,
2019-12-02,49.0,21.17,0.0,,,0.0,
2019-12-03,56.0,36.17,0.0,,,0.0,
2019-12-04,71.0,37.56,0.0,,,0.0,
2019-12-05,93.0,62.41,0.0,,,0.0,
2019-12-06,107.0,53.68,0.0,,,0.0,
2019-12-07,76.0,34.82,0.0,,,0.0,
2019-12-08,69.0,35.41,0.0,,,0.0,
2019-12-09,61.0,27.57,0.0,,,0.0,
2019-12-10,56.0,37.72,0.0,,,0.0,
2019-12-11,72.0,36.55,0.0,,,0.0,
2019-12-12,62.0,27.78,0.0,,,0.0,
2019-12-13,52.0,34.16,0.0,,,0.0,
2019-12-14,68.0,40.78,0.0,,,0.0,
2019-12-15,70.0,35.6,0.0,,,0.0,
2019-12-16,59.0,31.23,0.0,,,0.0,
2019-12-17,62.0,44.04,0.0,,,0.0,
2019-12-18,92.0,48.07,0.0,,,0.0,
2019-12-19,83.0,52.28,0.0,,,0.0,
2019-12-20,106.0,65.45,0.0,,,0.0,
2019-12-21,126.0,72.57,0.0,,,0.0,
2019-12-22,134.0,57.74,0.0,,,0.0,
2019-12-23,92.0,52.75,0.0,,,0.0,
2019-12-24,99.0,53.51,0.0,,,0.0,
2019-12-25,99.0,54.37,0.0,,,0.0,
2019-12-26,110.0,58.43,0.0,,,0.0,
2019-12-27,77.0,31.88,0.0,,,0.0,
2019-12-28,65.0,36.94,0.0,,,0.0,
2019-12-29,92.0,52.48,0.0,,,0.0,
2019-12-30,83.0,38.74,0.0,,,0.0,
2019-12-31,84.0,45.49,0.0,,,0.0,
2020-01-01,70.0,28.25,0.0,,,0.0,
2020-01-02,57.0,27.59,0.0,,,0.0,
2020-01-03,74.0,32.16,0.0,,,0.0,
2020-01-04,64.0,30.49,0.0,,,0.0,
2020-01-05,62.0,23.37,0.0,,,0.0,
2020-01-06,61.0,19.45,0.0,,,0.0,
2020-01-07,55.0,33.54,0.0,,,0.0,
2020-01-08,73.0,42.22,0.0,,,0.0,
2020-01-09,79.0,42.16,0.0,,,0.0,
2020-01-10,74.0,40.76,0.0,,,0.0,
2020-01-11,72.0,39.81,0.0,,,0.0,
2020-01-12,83.0,58.38,0.0,,,0.0,
2020-01-13,140.0,74.12,0.0,,,0.0,
2020-01-14,230.0,122.88,0.0,,,0.0,
2020-01-15,168.0,48.06,0.0,,,0.0,
2020-01-16,74.0,34.09,0.0,,,0.0,
2020-01-17,62.0,35.33,0.0,,,0.0,
2020-01-18,65.0,28.67,0.0,,,0.0,
2020-01-19,67.0,31.17,0.0,,,0.0,
2020-01-20,69.0,37.66,0.0,,,0.0,
2020-01-21,85.0,44.91,0.0,,,0.0,
2020-01-22,93.0,47.95,0.0,,,0.0,
2020-01-23,104.0,59.95,0.0,,,0.0,
2020-01-24,123.0,62.34,0.0,,,0.0,
2020-01-25,110.0,50.48,0.0,,,0.0,
2020-01-26,87.0,41.74,0.0,,,0.0,
2020-01-27,78.0,47.26,0.0,,,0.0,
2020-01-28,85.0,53.66,0.0,,,0.0,
2020-01-29,84.0,52.29,0.0,,,0.0,
2020-01-30,87.0,43.82,0.0,,,0.0,
2020-01-31,78.0,36.56,0.0,,,0.0,
2020-02-01,63.0,32.4,0.0,,,0.0,
2020-02-02,55.0,30.58,0.0,,,0.0,
2020-02-03,63.0,37.52,0.0,,,0.0,
2020-02-04,74.0,39.6,0.0,,,0.0,
2020-02-05,94.0,39.93,0.0,,,0.0,
2020-02-06,89.0,40.05,0.0,,,0.0,
2020-02-07,75.0,36.32,0.0,,,0.0,
2020-02-08,64.0,28.45,0.0,,,0.0,
2020-02-09,61.0,28.1,0.0,,,0.0,
2020-02-10,58.0,35.41,0.0,,,0.0,
2020-02-11,69.0,29.12,0.0,,,0.0,
2020-02-12,81.0,32.17,0.0,,,0.0,
2020-02-13,93.0,49.48,0.0,,,0.0,
2020-02-14,118.0,56.85,0.0,,,0.0,
2020-02-15,121.0,54.82,0.0,,,0.0,
2020-02-16,82.0,35.13,0.0,,,0.0,
2020-02-17,72.0,34.25,0.0,,,0.0,
2020-02-18,85.0,41.49,0.0,,,0.0,
2020-02-19,84.0,42.95,0.0,,,0.0,
2020-02-20,77.0,35.52,0.0,,,0.0,
2020-02-21,75.0,38.88,0.0,,,0.0,
2020-02-22,76.0,29.2,0.0,,,0.0,
2020-02-23,65.0,28.75,0.0,,,0.0,
2020-02-24,77.0,31.07,0.0,,,0.0,
2020-02-25,81.0,33.9,0.0,,,0.0,
2020-02-26,84.0,39.25,0.0,,,0.0,
2020-02-27,83.0,42.97,0.0,,,0.0,
2020-02-28,75.0,33.08,0.0,,,0.0,
2020-02-29,72.0,36.15,0.0,,,0.0,
2020-03-01,80.0,35.99,0.0,,,0.0,
2020-03-02,76.0,43.6,0.0,,,0.0,
2020-03-03,96.0,42.16,0.0,,,0.0,
2020-03-04,84.0,33.29,0.0,,,0.0,
2020-03-05,77.0,26.69,0.0,,,0.0,
2020-03-06,61.0,24.95,0.0,,,0.0,
2020-03-07,69.0,30.94,0.0,,,0.0,
2020-03-08,57.0,21.85,0.0,,,0.0,
2020-03-09,65.0,25.93,0.0,,,0.0,
2020-03-10,61.0,27.37,0.0,,,0.0,
2020-03-11,76.0,16.69,0.0,,,0.0,
2020-03-12,65.0,24.94,0.0,,,0.0,
2020-03-13,72.0,35.65,0.0,,,0.0,
2020-03-14,74.0,39.29,0.0,,,0.0,
2020-03-15,79.0,38.48,0.0,,,0.0,
2020-03-16,66.0,33.26,0.0,,,0.0,
2020-03-17,76.0,41.56,0.0,,,0.0,
2020-03-18,92.0,39.41,0.0,,,0.0,
2020-03-19,88.0,44.73,0.0,,,0.0,
2020-03-20,95.0,32.68,0.0,,,0.0,
2020-03-21,80.0,29.1,0.0,,,0.0,
2020-03-22,71.0,39.42,0.0,,,0.0,
2020-03-23,73.0,31.91,0.0,,,0.0,
2020-03-24,57.0,24.22,0.0,,,0.0,
2020-03-25,58.0,22.43,0.0,,,0.0,
2020-03-26,54.0,31.57,0.0,,,0.0,
2020-03-27,59.0,27.6,0.0,,,0.0,
2020-03-28,55.0,34.81,0.0,,,0.0,
2020-03-29,53.0,26.79,0.0,,,0.0,
2020-03-30,50.0,29.31,0.0,,,0.0,
2020-03-31,60.0,31.56,0.0,,,0.0,
2020-04-01,75.0,32.94,0.0,,,0.0,
2020-04-02,74.0,31.17,0.0,,,0.0,
2020-04-03,72.0,24.81,0.0,,,0.0,
2020-04-04,67.0,20.77,0.0,,,0.0,
2020-04-05,66.0,21.59,0.0,,,0.0,
2020-04-06,57.0,14.27,0.0,,,0.0,
2020-04-07,55.0,11.9,0.0,,,0.0,
2020-04-08,55.0,14.77,0.0,,,0.0,
2020-04-09,55.0,14.71,0.0,,,0.0,
2020-04-10,80.0,41.02,0.0,,,0.0,
2020-04-11,60.0,15.66,0.0,,,0.0,
2020-04-12,59.0,14.86,0.0,,,0.0,
2020-04-13,64.0,17.95,0.0,,,0.0,
2020-04-14,65.0,17.87,0.0,,,0.0,
2020-04-15,62.0,14.64,0.0,,,0.0,
2020-04-16,65.0,20.3,0.0,,,0.0,
2020-04-17,65.0,8.43,0.0,,,0.0,
2020-04-18,56.0,8.94,0.0,,,0.0,
2020-04-19,59.0,8.1,0.0,,,0.0,
2020-04-20,59.0,9.71,0.0,,,0.0,
2020-04-21,61.0,10.67,0.0,,,0.0,
2020-04-22,60.0,12.65,0.0,,,0.0,
2020-04-23,56.0,8.06,0.0,,,0.0,
2020-04-24,58.0,8.08,0.0,,,0.0,
2020-04-25,67.0,10.46,0.0,,,0.0,
2020-04-26,66.0,10.76,0.0,,,0.0,
2020-04-27,60.0,10.46,0.0,,,0.0,
2020-04-28,68.0,6.55,0.0,,,0.0,
2020-04-29,69.0,11.11,0.0,,,0.0,
2020-04-30,70.0,10.39,0.0,,,0.0,
2020-05-01,71.0,14.13,0.0,,,0.0,
2020-05-02,70.0,13.08,0.0,,,0.0,
2020-05-03,71.0,11.67,0.0,,,0.0,
2020-05-04,66.0,7.03,0.0,,,0.0,
2020-05-05,81.0,19.68,0.0,,,0.0,
2020-05-06,78.0,10.11,0.0,,,0.0,
2020-05-07,73.0,11.23,0.0,,,0.0,
2020-05-08,76.0,11.72,0.0,,,0.0,
2020-05-09,65.0,9.99,0.0,,,0.0,
2020-05-10,69.0,9.64,0.0,,,0.0,
2020-05-11,66.0,8.36,0.0,,,0.0,
2020-05-12,68.0,8.82,0.0,,,0.0,
2020-05-13,69.0,15.57,0.0,,,0.0,
2020-05-14,77.0,8.72,0.0,,,0.0,
2020-05-15,70.0,20.25,0.0,,,0.0,
2020-05-16,82.0,28.71,0.0,,,0.0,
2020-05-17,68.0,10.99,0.0,,,0.0,
2020-05-18,76.0,18.49,0.0,,,0.0,
2020-05-19,82.0,28.06,0.0,,,0.0,
2020-05-20,90.0,30.39,0.0,,,0.0,
2020-05-21,92.0,27.01,0.0,,,0.0,
2020-05-22,102.0,23.02,0.0,,,0.0,
2020-05-23,77.0,21.24,0.0,,,0.0,
2020-05-24,81.0,22.78,0.0,,,0.0,
2020-05-25,79.0,25.2,0.0,,,0.0,
2020-05-26,79.0,27.82,0.0,,,0.0,
2020-05-27,77.0,20.0,0.0,,,0.0,
2020-05-28,79.0,31.03,0.0,,,0.0,
2020-05-29,112.0,38.3,0.0,,,0.0,
2020-05-30,105.0,33.99,0.0,,,0.0,
2020-05-31,88.0,18.85,0.0,,,0.0,
2020-06-01,101.0,36.15,0.0,,,0.0,
2020-06-02,95.0,18.83,0.0,,,0.0,
2020-06-03,76.0,20.61,0.0,,,0.0,
2020-06-04,99.0,18.5,0.0,,,0.0,
2020-06-05,81.0,18.53,0.0,,,0.0,
2020-06-06,92.0,40.73,0.0,,,0.0,
2020-06-07,128.0,20.52,0.0,,,0.0,
2020-06-08,85.0,23.04,0.0,,,0.0,
2020-06-09,87.0,22.43,0.0,,,0.0,
2020-06-10,80.0,30.42,0.0,,,0.0,
2020-06-11,106.0,26.37,0.0,,,0.0,
2020-06-12,169.0,104.45,0.0,,,0.0,
2020-06-13,112.0,20.76,0.0,,,0.0,
2020-06-14,80.0,20.17,0.0,,,0.0,
2020-06-15,79.0,19.34,0.0,,,0.0,
2020-06-16,86.0,24.1,0.0,,,0.0,
2020-06-17,96.0,32.37,0.0,,,0.0,
2020-06-18,112.0,23.89,0.0,,,0.0,
2020-06-19,109.0,29.8,0.0,,,0.0,
2020-06-20,152.0,89.92,0.0,,,0.0,
2020-06-21,140.0,26.53,0.0,,,0.0,
2020-06-22,106.0,23.55,0.0,,,0.0,
2020-06-23,109.0,18.95,0.0,,,0.0,
2020-06-24,102.0,28.83,0.0,,,0.0,
2020-06-25,108.0,23.13,0.0,,,0.0,
2020-06-26,95.0,23.75,0.0,,,0.0,
2020-06-27,95.0,26.42,0.0,,,0.0,
2020-06-28,98.0,25.93,0.0,,,0.0,
2020-06-29,104.0,21.3,0.0,,,0.0,
2020-06-30,110.0,24.14,0.0,,,0.0,
2020-07-01,92.0,15.95,0.0,,,0.0,
2019-06-13,65.0,21.57,0.0,,,0.0,
2019-06-14,66.0,25.27,0.0,,,0.0,
2019-06-15,60.0,30.04,0.0,,,0.0,
2019-06-16,62.0,24.54,0.0,,,0.0,
2019-06-17,64.0,33.9,0.0,,,0.0,
2019-06-18,76.0,52.45,0.0,,,0.0,
2019-06-19,82.0,41.86,0.0,,,0.0,
2019-06-20,68.0,31.96,0.0,,,0.0,
2019-06-22,67.0,25.27,0.0,,,0.0,
2019-06-23,58.0,14.62,0.0,,,0.0,
2019-06-24,53.0,31.72,0.0,,,0.0,
2019-06-25,73.0,45.61,0.0,,,0.0,
2019-06-26,75.0,47.61,0.0,,,0.0,
2019-06-27,72.0,40.11,0.0,,,0.0,
2019-06-28,66.0,40.07,0.0,,,0.0,
2019-06-29,68.0,39.21,0.0,,,0.0,
2019-06-30,56.0,24.28,0.0,,,0.0,
2019-07-01,46.0,25.21,0.0,,,0.0,
2019-07-02,61.0,32.92,0.0,,,0.0,
2019-07-03,64.0,32.66,0.0,,,0.0,
2019-07-04,64.0,40.89,0.0,,,0.0,
2019-07-05,70.0,31.52,0.0,,,0.0,
2019-07-06,78.0,34.24,0.0,,,0.0,
2019-07-07,64.0,18.28,0.0,,,0.0,
2019-07-08,57.0,20.57,0.0,,,0.0,
2019-07-09,60.0,22.24,0.0,,,0.0,
2019-07-10,60.0,32.66,0.0,,,0.0,
2019-07-11,62.0,38.05,0.0,,,0.0,
2019-07-12,70.0,43.69,0.0,,,0.0,
2019-07-13,68.0,33.18,0.0,,,0.0,
2019-07-14,58.0,20.3,0.0,,,0.0,
2019-07-15,61.0,25.52,0.0,,,0.0,
2019-07-16,67.0,33.77,0.0,,,0.0,
2019-07-17,59.0,26.0,0.0,,,0.0,
2019-07-21,75.0,23.53,0.0,,,0.0,
2019-07-22,67.0,18.46,0.0,,,0.0,
2019-07-23,71.0,24.63,0.0,,,0.0,
2019-07-24,71.0,28.19,0.0,,,0.0,
2019-07-25,74.0,29.67,0.0,,,0.0,
2019-07-26,73.0,22.93,0.0,,,0.0,
2019-07-27,77.0,42.15,0.0,,,0.0,
2019-07-28,77.0,33.16,0.0,,,0.0,
2019-07-29,76.0,37.3,0.0,,,0.0,
2019-07-30,80.0,36.5,0.0,,,0.0,
2019-07-31,80.0,46.54,0.0,,,0.0,
2019-08-01,78.0,30.42,0.0,,,0.0,
2019-08-02,79.0,32.04,0.0,,,0.0,
2019-08-03,78.0,17.83,0.0,,,0.0,
2019-08-04,66.0,8.99,0.0,,,0.0,
2019-08-05,72.0,16.17,0.0,,,0.0,
2019-08-06,81.0,26.24,0.0,,,0.0,
2019-08-08,85.0,27.31,0.0,,,0.0,
2019-08-09,73.0,13.02,0.0,,,0.0,
2019-08-10,76.0,16.04,0.0,,,0.0,
2019-08-11,78.0,17.98,0.0,,,0.0,
2019-08-12,69.0,23.38,0.0,,,0.0,
2019-08-13,73.0,30.14,0.0,,,0.0,
2019-08-14,79.0,27.15,0.0,,,0.0,
2019-08-15,77.0,18.39,0.0,,,0.0,
2019-08-16,75.0,22.4,0.0,,,0.0,
2019-08-17,78.0,34.0,0.0,,,0.0,
2019-08-18,72.0,20.52,0.0,,,0.0,
2019-08-19,76.0,25.72,0.0,,,0.0,
2019-08-20,80.0,35.3,0.0,,,0.0,
2019-08-21,78.0,26.08,0.0,,,0.0,
2019-08-22,79.0,23.94,0.0,,,0.0,
2019-08-23,75.0,24.59,0.0,,,0.0,
2019-08-24,80.0,26.58,0.0,,,0.0,
2019-08-25,73.0,12.12,0.0,,,0.0,
2019-08-26,78.0,18.07,0.0,,,0.0,
2019-08-27,89.0,18.29,0.0,,,0.0,
2019-09-01,87.0,14.18,0.0,,,0.0,
2019-09-02,90.0,10.99,0.0,,,0.0,
2019-09-03,94.0,19.54,0.0,,,0.0,
2019-09-04,94.0,20.2,0.0,,,0.0,
2019-09-05,98.0,22.45,0.0,,,0.0,
2019-09-06,96.0,16.71,0.0,,,0.0,
2019-09-07,98.0,15.74,0.0,,,0.0,
2019-09-08,85.0,10.25,0.0,,,0.0,
2019-09-09,78.0,15.48,0.0,,,0.0,
2019-09-10,76.0,19.25,0.0,,,0.0,
2019-09-12,83.0,18.33,0.0,,,0.0,
2019-09-13,84.0,24.77,0.0,,,0.0,
2019-09-14,88.0,30.56,0.0,,,0.0,
2019-09-15,82.0,17.2,0.0,,,0.0,
2019-09-16,86.0,23.29,0.0,,,0.0,
2019-09-17,85.0,24.66,0.0,,,0.0,
2019-09-18,88.0,21.46,0.0,,,0.0,
2019-09-19,90.0,15.12,0.0,,,0.0,
2019-09-20,95.0,28.17,0.0,,,0.0,
2019-09-21,98.0,32.52,0.0,,,0.0,
2019-09-22,78.0,23.5,0.0,,,0.0,
2019-09-23,73.0,24.67,0.0,,,0.0,
2019-09-24,78.0,29.16,0.0,,,0.0,
2019-09-25,82.0,32.48,0.0,,,0.0,
2019-09-26,81.0,22.37,0.0,,,0.0,
2019-09-27,93.0,32.43,0.0,,,0.0,
2019-09-28,95.0,28.91,0.0,,,0.0,
2019-09-29,95.0,27.22,0.0,,,0.0,
2019-09-30,94.0,25.04,0.0,,,0.0,
2019-10-01,94.0,33.09,0.0,,,0.0,
2019-10-02,96.0,31.11,0.0,,,0.0,
2019-10-03,94.0,38.4,0.0,,,0.0,
2019-10-04,96.0,39.31,0.0,,,0.0,
2019-10-05,94.0,29.37,0.0,,,0.0,
2019-10-06,88.0,29.47,0.0,,,0.0,
2019-10-07,85.0,20.54,0.0,,,0.0,
2019-10-08,81.0,14.83,0.0,,,0.0,
2019-10-09,91.0,37.4,0.0,,,0.0,
2019-10-10,95.0,33.08,0.0,,,0.0,
2019-10-11,95.0,36.99,0.0,,,0.0,
2019-10-12,93.0,27.83,0.0,,,0.0,
2019-10-13,90.0,11.52,0.0,,,0.0,
2019-10-14,102.0,23.68,0.0,,,0.0,
2019-10-15,108.0,30.55,0.0,,,0.0,
2019-10-16,108.0,28.58,0.0,,,0.0,
2019-10-17,106.0,19.33,0.0,,,0.0,
2019-10-18,101.0,23.09,0.0,,,0.0,
2019-10-19,99.0,24.05,0.0,,,0.0,
2019-10-21,93.0,26.5,0.0,,,0.0,
2019-10-22,90.0,20.96,0.0,,,0.0,
2019-10-23,88.0,13.91,0.0,,,0.0,
2019-10-24,92.0,17.97,0.0,,,0.0,
2019-10-25,91.0,26.81,0.0,,,0.0,
2019-10-26,85.0,9.46,0.0,,,0.0,
2019-10-27,88.0,17.27,0.0,,,0.0,
2019-10-29,100.0,18.79,0.0,,,0.0,
2019-10-30,99.0,7.62,0.0,,,0.0,
2019-10-31,92.0,11.63,0.0,,,0.0,
2019-11-01,48.0,21.96,0.0,,,0.0,
2019-11-02,67.0,41.93,0.0,,,0.0,
2019-11-03,88.0,23.94,0.0,,,0.0,
2019-11-04,102.0,31.97,0.0,,,0.0,
2019-11-05,93.0,48.43,0.0,,,0.0,
2019-11-06,85.0,44.09,0.0,,,0.0,
2019-11-07,72.0,42.52,0.0,,,0.0,
2019-11-08,66.0,29.68,0.0,,,0.0,
2019-11-09,70.0,33.6,0.0,,,0.0,
2019-11-10,69.0,23.15,0.0,,,0.0,
2019-11-11,83.0,37.65,0.0,,,0.0,
2019-11-12,74.0,52.48,0.0,,,0.0,
2019-11-13,84.0,37.83,0.0,,,0.0,
2019-11-14,67.0,43.18,0.0,,,0.0,
2019-11-15,70.0,36.48,0.0,,,0.0,
2019-11-16,67.0,37.91,0.0,,,0.0,
2019-11-17,69.0,30.69,0.0,,,0.0,
2019-11-19,54.0,28.62,0.0,,,0.0,
2019-11-20,68.0,40.62,0.0,,,0.0,
2019-11-21,61.0,27.97,0.0,,,0.0,
2019-11-22,68.0,40.82,0.0,,,0.0,
2019-11-23,68.0,37.61,0.0,,,0.0,
2019-11-24,73.0,40.82,0.0,,,0.0,
2019-11-25,71.0,45.61,0.0,,,0.0,
2019-11-26,78.0,44.08,0.0,,,0.0,
2019-11-27,66.0,35.34,0.0,,,0.0,
2019-11-28,59.0,37.45,0.0,,,0.0,
2019-11-29,67.0,28.59,0.0,,,0.0,
2019-11-30,57.0,24.58,0.0,,,0.0,
2019-12-01,45.0,14.62,0.0,,,0.0,
2019-12-02,37.0,16.63,0.0,,,0.0,
2019-12-03,48.0,21.13,0.0,,,0.0,
2019-12-04,61.0,36.7,0.0,,,0.0,
2019-12-05,70.0,50.37,0.0,,,0.0,
2019-12-06,108.0,63.1,0.0,,,0.0,
2019-12-07,91.0,47.21,0.0,,,0.0,
2019-12-08,65.0,22.85,0.0,,,0.0,
2019-12-09,63.0,30.38,0.0,,,0.0,
2019-12-10,69.0,33.68,0.0,,,0.0,
2019-12-11,73.0,36.58,0.0,,,0.0,
2019-12-12,80.0,36.78,0.0,,,0.0,
2019-12-13,66.0,30.23,0.0,,,0.0,
2019-12-14,60.0,23.77,0.0,,,0.0,
2019-12-15,64.0,20.89,0.0,,,0.0,
2019-12-16,58.0,33.1,0.0,,,0.0,
2019-12-17,68.0,41.65,0.0,,,0.0,
2019-12-18,77.0,54.83,0.0,,,0.0,
2019-12-19,66.0,40.64,0.0,,,0.0,
2019-12-20,78.0,47.34,0.0,,,0.0,
2019-12-21,86.0,61.83,0.0,,,0.0,
2019-12-23,82.0,52.93,0.0,,,0.0,
2019-12-24,84.0,45.62,0.0,,,0.0,
2019-12-25,68.0,25.47,0.0,,,0.0,
2019-12-26,60.0,44.69,0.0,,,0.0,
2019-12-27,88.0,50.32,0.0,,,0.0,
2019-12-28,74.0,29.87,0.0,,,0.0,
2019-12-29,65.0,37.97,0.0,,,0.0,
2019-12-30,87.0,46.3,0.0,,,0.0,
2019-12-31,80.0,45.86,0.0,,,0.0,
2020-01-01,69.0,35.43,0.0,,,0.0,
2020-01-02,59.0,35.5,0.0,,,0.0,
2020-01-03,55.0,30.71,0.0,,,0.0,
2020-01-04,60.0,35.75,0.0,,,0.0,
2020-01-05,67.0,37.35,0.0,,,0.0,
2020-01-06,58.0,33.6,0.0,,,0.0,
2020-01-07,55.0,26.73,0.0,,,0.0,
2020-01-08,60.0,34.26,0.0,,,0.0,
2020-01-09,77.0,45.82,0.0,,,0.0,
2020-01-10,84.0,44.68,0.0,,,0.0,
2020-01-11,72.0,36.16,0.0,,,0.0,
2020-01-12,79.0,46.28,0.0,,,0.0,
2020-01-13,84.0,56.33,0.0,,,0.0,
2020-01-14,100.0,56.49,0.0,,,0.0,
2020-01-15,90.0,45.78,0.0,,,0.0,
2020-01-16,83.0,32.48,0.0,,,0.0,
2020-01-17,83.0,31.88,0.0,,,0.0,
2020-01-18,83.0,30.91,0.0,,,0.0,
2020-01-19,70.0,21.93,0.0,,,0.0,
2020-01-20,78.0,24.39,0.0,,,0.0,
2020-01-21,75.0,31.25,0.0,,,0.0,
2020-01-22,74.0,35.25,0.0,,,0.0,
2020-01-23,61.0,42.81,0.0,,,0.0,
2020-01-25,98.0,26.3,0.0,,,0.0,
2020-01-26,89.0,26.64,0.0,,,0.0,
2020-01-27,83.0,31.1,0.0,,,0.0,
2020-01-28,87.0,58.52,0.0,,,0.0,
2020-01-29,101.0,45.36,0.0,,,0.0,
2020-01-30,81.0,46.67,0.0,,,0.0,
2020-01-31,78.0,43.84,0.0,,,0.0,
2020-02-01,74.0,36.23,0.0,,,0.0,
2020-02-02,70.0,33.16,0.0,,,0.0,
2020-02-03,72.0,37.73,0.0,,,0.0,
2020-02-04,72.0,37.27,0.0,,,0.0,
2020-02-05,97.0,43.04,0.0,,,0.0,
2020-02-06,103.0,42.24,0.0,,,0.0,
2020-02-07,78.0,38.17,0.0,,,0.0,
2020-02-08,82.0,35.23,0.0,,,0.0,
2020-02-09,67.0,27.46,0.0,,,0.0,
2020-02-10,64.0,36.0,0.0,,,0.0,
2020-02-11,69.0,32.89,0.0,,,0.0,
2020-02-12,65.0,35.96,0.0,,,0.0,
2020-02-13,84.0,46.63,0.0,,,0.0,
2020-02-14,94.0,45.39,0.0,,,0.0,
2020-02-15,120.0,55.39,0.0,,,0.0,
2020-02-16,119.0,44.6,0.0,,,0.0,
2020-02-17,101.0,35.46,0.0,,,0.0,
2020-02-18,100.0,40.44,0.0,,,0.0,
2020-02-19,99.0,49.23,0.0,,,0.0,
2020-02-20,85.0,47.22,0.0,,,0.0,
2020-02-22,61.0,33.9,0.0,,,0.0,
2020-02-23,74.0,41.89,0.0,,,0.0,
2020-02-24,81.0,49.67,0.0,,,0.0,
2020-02-25,91.0,43.19,0.0,,,0.0,
2020-02-26,86.0,40.65,0.0,,,0.0,
2020-02-27,83.0,39.84,0.0,,,0.0,
2020-02-28,80.0,35.97,0.0,,,0.0,
2020-02-29,80.0,42.85,0.0,,,0.0,
2020-03-01,79.0,34.54,0.0,,,0.0,
2020-03-02,84.0,37.11,0.0,,,0.0,
2020-03-03,111.0,45.57,0.0,,,0.0,
2020-03-04,90.0,44.77,0.0,,,0.0,
2020-03-05,77.0,45.66,0.0,,,0.0,
2020-03-07,66.0,42.56,0.0,,,0.0,
2020-03-08,75.0,30.07,0.0,,,0.0,
2020-03-09,69.0,31.77,0.0,,,0.0,
2020-03-10,70.0,28.76,0.0,,,0.0,
2020-03-11,77.0,32.77,0.0,,,0.0,
2020-03-12,79.0,36.04,0.0,,,0.0,
2020-03-13,72.0,36.07,0.0,,,0.0,
2020-03-14,74.0,32.11,0.0,,,0.0,
2020-03-15,86.0,37.96,0.0,,,0.0,
2020-03-16,79.0,35.78,0.0,,,0.0,
2020-03-17,68.0,29.92,0.0,,,0.0,
2020-03-18,66.0,29.96,0.0,,,0.0,
2020-03-19,98.0,40.64,0.0,,,0.0,
2020-03-20,81.0,44.99,0.0,,,0.0,
2020-03-21,72.0,36.12,0.0,,,0.0,
2020-03-24,77.0,25.82,0.0,,,0.0,
2020-03-25,72.0,29.09,0.0,,,0.0,
2020-04-05,84.0,22.71,0.0,,,0.0,
2020-04-06,79.0,22.36,0.0,,,0.0,
2020-04-07,73.0,14.86,0.0,,,0.0,
2020-04-12,96.0,30.21,0.0,,,0.0,
2020-04-13,94.0,33.51,0.0,,,0.0,
2020-04-16,97.0,24.33,0.0,,,0.0,
2020-04-17,94.0,28.44,0.0,,,0.0,
2020-04-18,97.0,26.69,0.0,,,0.0,
2020-04-19,93.0,23.63,0.0,,,0.0,
2020-04-20,93.0,18.61,0.0,,,0.0,
2020-04-21,94.0,18.04,0.0,,,0.0,
2020-04-22,95.0,21.95,0.0,,,0.0,
2020-04-23,85.0,18.13,0.0,,,0.0,
2020-04-24,89.0,24.89,0.0,,,0.0,
2020-04-25,76.0,23.39,0.0,,,0.0,
2020-04-26,54.0,24.05,0.0,,,0.0,
2020-04-27,49.0,21.5,0.0,,,0.0,
2020-05-01,79.0,19.22,0.0,,,0.0,
2020-05-02,77.0,25.32,0.0,,,0.0,
2020-05-03,78.0,25.28,0.0,,,0.0,
2020-05-04,80.0,29.15,0.0,,,0.0,
2020-05-05,78.0,30.56,0.0,,,0.0,
2020-05-06,75.0,23.97,0.0,,,0.0,
2020-05-07,74.0,23.76,0.0,,,0.0,
2020-05-08,74.0,26.23,0.0,,,0.0,
2020-05-09,70.0,28.38,0.0,,,0.0,
2020-05-10,47.0,23.91,0.0,,,0.0,
2020-05-11,44.0,32.22,0.0,,,0.0,
2020-05-12,55.0,,0.0,,,0.0,
2020-05-14,49.0,18.02,0.0,,,0.0,
2020-05-15,45.0,27.35,0.0,,,0.0,
2020-05-16,44.0,19.54,0.0,,,0.0,
2020-05-17,47.0,19.0,0.0,,,0.0,
2020-05-18,48.0,16.73,0.0,,,0.0,
2020-05-19,51.0,30.42,0.0,,,0.0,
2020-05-20,48.0,25.23,0.0,,,0.0,
2020-05-21,47.0,13.65,0.0,,,0.0,
2020-05-23,49.0,20.53,0.0,,,0.0,
2020-05-24,47.0,20.88,0.0,,,0.0,
2020-05-25,46.0,24.92,0.0,,,0.0,
2020-05-26,50.0,24.78,0.0,,,0.0,
2020-05-27,50.0,29.83,0.0,,,0.0,
2020-05-28,54.0,26.1,0.0,,,0.0,
2020-05-29,50.0,16.62,0.0,,,0.0,
2020-05-30,61.0,24.84,0.0,,,0.0,
2020-05-31,63.0,11.86,0.0,,,0.0,
2020-06-01,53.0,12.58,0.0,,,0.0,
2020-06-02,51.0,12.65,0.0,,,0.0,
2020-06-03,52.0,13.26,0.0,,,0.0,
2020-06-04,52.0,11.31,0.0,,,0.0,
2020-06-05,52.0,10.31,0.0,,,0.0,
2020-06-06,53.0,12.59,0.0,,,0.0,
2020-06-07,55.0,11.43,0.0,,,0.0,
2020-06-08,54.0,18.21,0.0,,,0.0,
2020-06-09,37.0,18.67,0.0,,,0.0,
2020-06-10,35.0,19.26,0.0,,,0.0,
2020-06-11,30.0,15.04,0.0,,,0.0,
2020-06-12,32.0,13.03,0.0,,,0.0,
2020-06-13,34.0,13.7,0.0,,,0.0,
2020-06-14,27.0,9.79,0.0,,,0.0,
2020-06-15,27.0,16.44,0.0,,,0.0,
2020-06-16,28.0,13.99,0.0,,,0.0,
2020-06-17,32.0,15.65,0.0,,,0.0,
2020-06-18,34.0,17.2,0.0,,,0.0,
2020-06-19,32.0,15.8,0.0,,,0.0,
2020-06-20,29.0,15.52,0.0,,,0.0,
2020-06-21,26.0,8.32,0.0,,,0.0,
2020-06-22,28.0,16.23,0.0,,,0.0,
2020-06-23,31.0,17.74,0.0,,,0.0,
2020-06-24,38.0,19.89,0.0,,,0.0,
2020-06-25,44.0,18.81,0.0,,,0.0,
2020-06-26,45.0,12.81,0.0,,,0.0,
2020-06-27,34.0,11.81,0.0,,,0.0,
2020-06-28,32.0,14.04,0.0,,,0.0,
2020-06-29,41.0,16.26,0.0,,,0.0,
2020-06-30,33.0,14.21,0.0,,,0.0,
2015-01-01,472.0,313.22,0.0,,,0.0,
2015-01-02,454.0,186.18,0.0,,,0.0,
2015-01-03,143.0,87.18,0.0,,,0.0,
2015-01-04,319.0,151.84,0.0,,,0.0,
2015-01-05,325.0,146.6,0.0,,,0.0,
2015-01-06,318.0,149.58,0.0,,,0.0,
2015-01-07,353.0,217.87,0.0,,,0.0,
2015-01-08,383.0,229.9,0.0,,,0.0,
2015-01-09,375.0,201.66,0.0,,,0.0,
2015-01-10,376.0,221.02,0.0,,,0.0,
2015-01-11,379.0,205.41,0.0,,,0.0,
2015-01-12,375.0,212.41,0.0,,,0.0,
2015-01-13,366.0,197.61,0.0,,,0.0,
2015-01-14,353.0,164.39,0.0,,,0.0,
2015-01-15,340.0,166.19,0.0,,,0.0,
2015-01-16,356.0,174.98,0.0,,,0.0,
2015-01-17,360.0,196.46,0.0,,,0.0,
2015-01-18,370.0,201.51,0.0,,,0.0,
2015-01-19,362.0,183.35,0.0,,,0.0,
2015-01-20,340.0,165.63,0.0,,,0.0,
2015-01-21,338.0,159.54,0.0,,,0.0,
2015-01-22,332.0,143.68,0.0,,,0.0,
2015-01-23,254.0,128.73,0.0,,,0.0,
2015-01-24,324.0,164.98,0.0,,,0.0,
2015-01-25,333.0,148.59,0.0,,,0.0,
2015-01-26,292.0,129.34,0.0,,,0.0,
2015-01-27,318.0,154.2,0.0,,,0.0,
2015-01-28,295.0,134.6,0.0,,,0.0,
2015-01-29,327.0,173.13,0.0,,,0.0,
2015-01-30,345.0,178.04,0.0,,,0.0,
2015-01-31,334.0,158.59,0.0,,,0.0,
2015-02-01,358.0,211.59,0.0,,,0.0,
2015-02-02,349.0,163.64,0.0,,,0.0,
2015-02-03,334.0,157.71,0.0,,,0.0,
2015-02-04,313.0,137.26,0.0,,,0.0,
2015-02-05,262.0,131.76,0.0,,,0.0,
2015-02-06,303.0,151.6,0.0,,,0.0,
2015-02-07,329.0,160.75,0.0,,,0.0,
2015-02-08,323.0,145.34,0.0,,,0.0,
2015-02-09,266.0,134.67,0.0,,,0.0,
2015-02-10,319.0,153.07,0.0,,,0.0,
2015-02-11,334.0,116.91,0.0,,,0.0,
2015-02-12,342.0,177.98,0.0,,,0.0,
2015-02-13,341.0,167.01,0.0,,,0.0,
2015-02-14,377.0,193.96,0.0,,,0.0,
2015-02-15,391.0,184.06,0.0,,,0.0,
2015-02-16,358.0,152.62,0.0,,,0.0,
2015-02-17,327.0,161.27,0.0,,,0.0,
2015-02-18,365.0,188.2,0.0,,,0.0,
2015-02-19,352.0,159.97,0.0,,,0.0,
2015-02-20,317.0,144.12,0.0,,,0.0,
2015-02-21,320.0,155.38,0.0,,,0.0,
2015-02-22,279.0,124.1,0.0,,,0.0,
2015-02-23,281.0,141.39,0.0,,,0.0,
2015-02-24,354.0,170.16,0.0,,,0.0,
2015-02-25,340.0,148.19,0.0,,,0.0,
2015-02-26,323.0,140.78,0.0,,,0.0,
2015-02-27,315.0,130.42,0.0,,,0.0,
2015-02-28,310.0,105.86,0.0,,,0.0,
2015-03-01,324.0,71.83,0.0,,,0.0,
2015-03-02,226.0,53.71,0.0,,,0.0,
2015-03-03,266.0,83.49,0.0,,,0.0,
2015-03-04,200.0,91.07,0.0,,,0.0,
2015-03-05,275.0,106.57,0.0,,,0.0,
2015-03-06,322.0,101.75,0.0,,,0.0,
2015-03-07,216.0,77.57,0.0,,,0.0,
2015-03-08,108.0,63.24,0.0,,,0.0,
2015-03-09,197.0,76.62,0.0,,,0.0,
2015-03-10,238.0,86.7,0.0,,,0.0,
2015-03-11,274.0,104.29,0.0,,,0.0,
2015-03-12,315.0,115.93,0.0,,,0.0,
2015-03-13,307.0,108.66,0.0,,,0.0,
2015-03-14,208.0,67.94,0.0,,,0.0,
2015-03-15,165.0,38.89,0.0,,,0.0,
2015-03-16,188.0,45.39,0.0,,,0.0,
2015-03-17,217.0,55.55,0.0,,,0.0,
2015-03-18,191.0,50.59,0.0,,,0.0,
2015-03-19,240.0,69.51,0.0,,,0.0,
2015-03-20,229.0,96.62,0.0,,,0.0,
2015-03-21,248.0,96.28,0.0,,,0.0,
2015-03-22,204.0,72.2,0.0,,,0.0,
2015-03-23,271.0,78.47,0.0,,,0.0,
2015-03-24,290.0,91.87,0.0,,,0.0,
2015-03-25,340.0,107.26,0.0,,,0.0,
2015-03-26,358.0,109.78,0.0,,,0.0,
2015-03-27,287.0,62.27,0.0,,,0.0,
2015-03-28,323.0,102.22,0.0,,,0.0,
2015-03-29,360.0,104.36,0.0,,,0.0,
2015-03-30,268.0,44.19,0.0,,,0.0,
2015-03-31,283.0,55.66,0.0,,,0.0,
2015-04-01,309.0,112.86,0.0,,,0.0,
2015-04-02,249.0,78.51,0.0,,,0.0,
2015-04-03,245.0,66.52,0.0,,,0.0,
2015-04-04,229.0,62.56,0.0,,,0.0,
2015-04-05,234.0,78.61,0.0,,,0.0,
2015-04-06,343.0,119.7,0.0,,,0.0,
2015-04-07,262.0,66.09,0.0,,,0.0,
2015-04-08,308.0,95.34,0.0,,,0.0,
2015-04-09,293.0,63.57,0.0,,,0.0,
2015-04-10,290.0,96.56,0.0,,,0.0,
2015-04-11,375.0,131.39,0.0,,,0.0,
2015-04-12,293.0,75.35,0.0,,,0.0,
2015-04-13,247.0,86.49,0.0,,,0.0,
2015-04-14,232.0,77.07,0.0,,,0.0,
2015-04-15,316.0,98.79,0.0,,,0.0,
2015-04-16,295.0,81.81,0.0,,,0.0,
2015-04-17,246.0,65.78,0.0,,,0.0,
2015-04-18,378.0,119.82,0.0,,,0.0,
2015-04-19,406.0,125.53,0.0,,,0.0,
2015-04-20,392.0,121.51,0.0,,,0.0,
2015-04-21,391.0,114.5,0.0,,,0.0,
2015-04-22,368.0,101.83,0.0,,,0.0,
2015-04-23,365.0,118.57,0.0,,,0.0,
2015-04-24,383.0,143.22,0.0,,,0.0,
2015-04-25,367.0,106.76,0.0,,,0.0,
2015-04-26,334.0,65.36,0.0,,,0.0,
2015-04-27,258.0,67.08,0.0,,,0.0,
2015-04-28,234.0,81.37,0.0,,,0.0,
2015-04-29,257.0,63.76,0.0,,,0.0,
2015-04-30,259.0,60.56,0.0,,,0.0,
2015-05-01,279.0,76.1,0.0,,,0.0,
2015-05-02,312.0,72.66,0.0,,,0.0,
2015-05-03,372.0,121.94,0.0,,,0.0,
2015-05-04,387.0,108.98,0.0,,,0.0,
2015-05-05,408.0,145.99,0.0,,,0.0,
2015-05-06,398.0,171.33,0.0,,,0.0,
2015-05-07,403.0,117.76,0.0,,,0.0,
2015-05-08,361.0,90.66,0.0,,,0.0,
2015-05-09,378.0,106.4,0.0,,,0.0,
2015-05-10,381.0,101.21,0.0,,,0.0,
2015-05-11,388.0,97.57,0.0,,,0.0,
2015-05-12,346.0,96.34,0.0,,,0.0,
2015-05-13,328.0,83.42,0.0,,,0.0,
2015-05-14,291.0,78.06,0.0,,,0.0,
2015-05-15,396.0,97.87,0.0,,,0.0,
2015-05-16,297.0,77.52,0.0,,,0.0,
2015-05-17,345.0,97.16,0.0,,,0.0,
2015-05-18,296.0,66.85,0.0,,,0.0,
2015-05-19,319.0,89.85,0.0,,,0.0,
2015-05-20,282.0,67.41,0.0,,,0.0,
2015-05-21,352.0,75.54,0.0,,,0.0,
2015-05-22,338.0,67.91,0.0,,,0.0,
2015-05-23,321.0,69.02,0.0,,,0.0,
2015-05-24,295.0,79.1,0.0,,,0.0,
2015-05-25,344.0,117.27,0.0,,,0.0,
2015-05-26,337.0,96.09,0.0,,,0.0,
2015-05-27,355.0,84.71,0.0,,,0.0,
2015-05-28,371.0,182.76,0.0,,,0.0,
2015-05-29,414.0,106.61,0.0,,,0.0,
2015-05-30,366.0,92.68,0.0,,,0.0,
2015-05-31,346.0,73.62,0.0,,,0.0,
2015-06-01,289.0,49.42,0.0,,,0.0,
2015-06-02,297.0,52.51,0.0,,,0.0,
2015-06-03,268.0,65.28,0.0,,,0.0,
2015-06-04,259.0,85.45,0.0,,,0.0,
2015-06-05,327.0,83.02,0.0,,,0.0,
2015-06-06,384.0,44.54,0.0,,,0.0,
2015-06-07,299.0,85.03,0.0,,,0.0,
2015-06-08,282.0,137.7,0.0,,,0.0,
2015-06-09,442.0,136.05,0.0,,,0.0,
2015-06-10,309.0,63.77,0.0,,,0.0,
2015-06-11,270.0,115.57,0.0,,,0.0,
2015-06-12,239.0,83.29,0.0,,,0.0,
2015-06-13,214.0,73.7,0.0,,,0.0,
2015-06-14,166.0,74.56,0.0,,,0.0,
2015-06-15,234.0,106.11,0.0,,,0.0,
2015-06-16,331.0,132.21,0.0,,,0.0,
2015-06-17,327.0,123.56,0.0,,,0.0,
2015-06-18,313.0,132.21,0.0,,,0.0,
2015-06-19,284.0,110.65,0.0,,,0.0,
2015-06-20,239.0,80.31,0.0,,,0.0,
2015-06-21,149.0,59.73,0.0,,,0.0,
2015-06-22,172.0,85.4,0.0,,,0.0,
2015-06-23,226.0,101.99,0.0,,,0.0,
2015-06-24,261.0,126.07,0.0,,,0.0,
2015-06-25,188.0,37.59,0.0,,,0.0,
2015-06-26,192.0,76.0,0.0,,,0.0,
2015-06-27,207.0,69.46,0.0,,,0.0,
2015-06-28,219.0,79.84,0.0,,,0.0,
2015-06-29,193.0,48.5,0.0,,,0.0,
2015-06-30,170.0,53.79,0.0,,,0.0,
2015-07-01,185.0,57.99,0.0,,,0.0,
2015-07-02,220.0,67.12,0.0,,,0.0,
2015-07-03,225.0,65.25,0.0,,,0.0,
2015-07-04,250.0,88.75,0.0,,,0.0,
2015-07-05,282.0,135.92,0.0,,,0.0,
2015-07-06,298.0,60.27,0.0,,,0.0,
2015-07-07,175.0,52.2,0.0,,,0.0,
2015-07-08,217.0,67.92,0.0,,,0.0,
2015-07-09,234.0,65.95,0.0,,,0.0,
2015-07-10,188.0,47.68,0.0,,,0.0,
2015-07-11,253.0,29.08,0.0,,,0.0,
2015-07-12,198.0,32.29,0.0,,,0.0,
2015-07-13,148.0,36.68,0.0,,,0.0,
2015-07-14,141.0,44.48,0.0,,,0.0,
2015-07-15,218.0,63.79,0.0,,,0.0,
2015-07-16,268.0,77.2,0.0,,,0.0,
2015-07-17,232.0,77.99,0.0,,,0.0,
2015-07-18,204.0,71.11,0.0,,,0.0,
2015-07-19,220.0,67.39,0.0,,,0.0,
2015-07-20,223.0,49.58,0.0,,,0.0,
2015-07-21,218.0,40.97,0.0,,,0.0,
2015-07-22,165.0,38.97,0.0,,,0.0,
2015-07-23,155.0,34.02,0.0,,,0.0,
2015-07-24,154.0,46.13,0.0,,,0.0,
2015-07-25,184.0,46.01,0.0,,,0.0,
2015-07-26,150.0,29.81,0.0,,,0.0,
2015-07-27,125.0,22.82,0.0,,,0.0,
2015-07-28,160.0,24.69,0.0,,,0.0,
2015-07-29,142.0,29.04,0.0,,,0.0,
2015-07-30,181.0,25.76,0.0,,,0.0,
2015-07-31,196.0,37.85,0.0,,,0.0,
2015-08-01,181.0,41.32,0.0,,,0.0,
2015-08-02,213.0,47.81,0.0,,,0.0,
2015-08-03,175.0,56.02,0.0,,,0.0,
2015-08-04,184.0,54.46,0.0,,,0.0,
2015-08-05,228.0,59.13,0.0,,,0.0,
2015-08-06,214.0,65.47,0.0,,,0.0,
2015-08-07,254.0,64.58,0.0,,,0.0,
2015-08-08,258.0,70.05,0.0,,,0.0,
2015-08-09,244.0,55.51,0.0,,,0.0,
2015-08-10,209.0,82.27,0.0,,,0.0,
2015-08-11,283.0,77.04,0.0,,,0.0,
2015-08-12,223.0,52.45,0.0,,,0.0,
2015-08-13,205.0,61.66,0.0,,,0.0,
2015-08-14,252.0,65.67,0.0,,,0.0,
2015-08-15,198.0,51.4,0.0,,,0.0,
2015-08-16,197.0,55.71,0.0,,,0.0,
2015-08-17,184.0,61.84,0.0,,,0.0,
2015-08-18,197.0,60.65,0.0,,,0.0,
2015-08-19,140.0,34.42,0.0,,,0.0,
2015-08-20,232.0,40.83,0.0,,,0.0,
2015-08-21,271.0,50.97,0.0,,,0.0,
2015-08-22,207.0,46.74,0.0,,,0.0,
2015-08-23,127.0,44.67,0.0,,,0.0,
2015-08-24,123.0,37.39,0.0,,,0.0,
2015-08-25,175.0,52.06,0.0,,,0.0,
2015-08-26,245.0,57.52,0.0,,,0.0,
2015-08-27,248.0,61.47,0.0,,,0.0,
2015-08-28,247.0,77.76,0.0,,,0.0,
2015-08-29,292.0,68.53,0.0,,,0.0,
2015-08-30,266.0,57.85,0.0,,,0.0,
2015-08-31,288.0,51.67,0.0,,,0.0,
2015-09-01,210.0,73.78,0.0,,,0.0,
2015-09-02,298.0,97.63,0.0,,,0.0,
2015-09-03,315.0,99.5,0.0,,,0.0,
2015-09-04,368.0,97.31,0.0,,,0.0,
2015-09-05,266.0,76.43,0.0,,,0.0,
2015-09-06,174.0,61.69,0.0,,,0.0,
2015-09-07,199.0,55.19,0.0,,,0.0,
2015-09-08,217.0,63.79,0.0,,,0.0,
2015-09-09,238.0,58.48,0.0,,,0.0,
2015-09-10,230.0,60.29,0.0,,,0.0,
2015-09-11,218.0,67.35,0.0,,,0.0,
2015-09-12,226.0,87.55,0.0,,,0.0,
2015-09-13,202.0,84.57,0.0,,,0.0,
2015-09-14,274.0,111.58,0.0,,,0.0,
2015-09-15,289.0,108.78,0.0,,,0.0,
2015-09-16,235.0,91.18,0.0,,,0.0,
2015-09-17,285.0,104.85,0.0,,,0.0,
2015-09-18,209.0,56.19,0.0,,,0.0,
2015-09-19,132.0,67.62,0.0,,,0.0,
2015-09-20,179.0,64.38,0.0,,,0.0,
2015-09-21,136.0,45.65,0.0,,,0.0,
2015-09-22,104.0,35.75,0.0,,,0.0,
2015-09-23,95.0,34.89,0.0,,,0.0,
2015-09-24,175.0,63.06,0.0,,,0.0,
2015-09-25,290.0,82.39,0.0,,,0.0,
2015-09-26,282.0,88.08,0.0,,,0.0,
2015-09-27,298.0,89.75,0.0,,,0.0,
2015-09-28,240.0,69.57,0.0,,,0.0,
2015-09-29,188.0,68.34,0.0,,,0.0,
2015-09-30,187.0,61.08,0.0,,,0.0,
2015-10-01,230.0,85.7,0.0,,,0.0,
2015-10-02,286.0,97.62,0.0,,,0.0,
2015-10-03,266.0,103.58,0.0,,,0.0,
2015-10-04,369.0,145.97,0.0,,,0.0,
2015-10-05,375.0,180.52,0.0,,,0.0,
2015-10-06,411.0,151.57,0.0,,,0.0,
2015-10-07,383.0,144.04,0.0,,,0.0,
2015-10-08,388.0,148.44,0.0,,,0.0,
2015-10-09,351.0,130.22,0.0,,,0.0,
2015-10-10,320.0,147.71,0.0,,,0.0,
2015-10-11,296.0,111.34,0.0,,,0.0,
2015-10-12,312.0,100.7,0.0,,,0.0,
2015-10-13,260.0,97.67,0.0,,,0.0,
2015-10-14,204.0,75.81,0.0,,,0.0,
2015-10-15,218.0,95.24,0.0,,,0.0,
2015-10-16,356.0,148.29,0.0,,,0.0,
2015-10-17,388.0,90.66,0.0,,,0.0,
2015-10-18,298.0,156.71,0.0,,,0.0,
2015-10-19,392.0,170.28,0.0,,,0.0,
2015-10-20,428.0,198.1,0.0,,,0.0,
2015-10-21,384.0,158.04,0.0,,,0.0,
2015-10-22,292.0,116.98,0.0,,,0.0,
2015-10-23,343.0,143.73,0.0,,,0.0,
2015-10-24,383.0,169.22,0.0,,,0.0,
2015-10-25,374.0,147.65,0.0,,,0.0,
2015-10-26,263.0,101.61,0.0,,,0.0,
2015-10-27,334.0,113.2,0.0,,,0.0,
2015-10-28,333.0,112.89,0.0,,,0.0,
2015-10-29,262.0,95.72,0.0,,,0.0,
2015-10-30,236.0,108.4,0.0,,,0.0,
2015-10-31,340.0,245.97,0.0,,,0.0,
2015-11-01,415.0,277.53,0.0,,,0.0,
2015-11-02,420.0,232.4,0.0,,,0.0,
2015-11-03,407.0,244.78,0.0,,,0.0,
2015-11-04,454.0,293.49,0.0,,,0.0,
2015-11-05,388.0,161.78,0.0,,,0.0,
2015-11-06,276.0,153.33,0.0,,,0.0,
2015-11-07,483.0,353.86,0.0,,,0.0,
2015-11-08,451.0,217.55,0.0,,,0.0,
2015-11-09,378.0,201.44,0.0,,,0.0,
2015-11-10,439.0,249.95,0.0,,,0.0,
2015-11-11,431.0,219.68,0.0,,,0.0,
2015-11-12,421.0,258.48,0.0,,,0.0,
2015-11-13,454.0,291.66,0.0,,,0.0,
2015-11-14,450.0,221.68,0.0,,,0.0,
2015-11-15,367.0,214.24,0.0,,,0.0,
2015-11-16,383.0,184.02,0.0,,,0.0,
2015-11-17,347.0,136.22,0.0,,,0.0,
2015-11-18,369.0,188.09,0.0,,,0.0,
2015-11-19,392.0,238.69,0.0,,,0.0,
2015-11-20,455.0,271.42,0.0,,,0.0,
2015-11-21,450.0,293.73,0.0,,,0.0,
2015-11-22,478.0,247.27,0.0,,,0.0,
2015-11-23,431.0,266.95,0.0,,,0.0,
2015-11-24,440.0,241.61,0.0,,,0.0,
2015-11-25,376.0,149.14,0.0,,,0.0,
2015-11-26,347.0,182.5,0.0,,,0.0,
2015-11-27,343.0,193.58,0.0,,,0.0,
2015-11-28,362.0,172.89,0.0,,,0.0,
2015-11-29,319.0,190.46,0.0,,,0.0,
2015-11-30,425.0,282.76,0.0,,,0.0,
2015-12-01,400.0,183.28,0.0,,,0.0,
2015-12-02,386.0,170.74,0.0,,,0.0,
2015-12-03,385.0,190.14,0.0,,,0.0,
2015-12-04,392.0,186.64,0.0,,,0.0,
2015-12-05,428.0,282.01,0.0,,,0.0,
2015-12-06,394.0,218.22,0.0,,,0.0,
2015-12-07,440.0,249.8,0.0,,,0.0,
2015-12-08,437.0,283.59,0.0,,,0.0,
2015-12-09,431.0,250.69,0.0,,,0.0,
2015-12-10,383.0,211.95,0.0,,,0.0,
2015-12-11,377.0,198.38,0.0,,,0.0,
2015-12-12,379.0,184.12,0.0,,,0.0,
2015-12-13,333.0,135.42,0.0,,,0.0,
2015-12-14,314.0,118.6,0.0,,,0.0,
2015-12-15,174.0,88.3,0.0,,,0.0,
2015-12-16,244.0,111.45,0.0,,,0.0,
2015-12-17,308.0,152.24,0.0,,,0.0,
2015-12-18,320.0,136.75,0.0,,,0.0,
2015-12-19,270.0,114.35,0.0,,,0.0,
2015-12-20,320.0,181.67,0.0,,,0.0,
2015-12-21,313.0,135.78,0.0,,,0.0,
2015-12-22,326.0,204.72,0.0,,,0.0,
2015-12-23,459.0,321.52,0.0,,,0.0,
2015-12-24,314.0,129.08,0.0,,,0.0,
2015-12-25,304.0,132.56,0.0,,,0.0,
2015-12-26,310.0,158.69,0.0,,,0.0,
2015-12-27,370.0,187.01,0.0,,,0.0,
2015-12-28,328.0,148.77,0.0,,,0.0,
2015-12-29,331.0,159.67,0.0,,,0.0,
2015-12-30,412.0,233.97,0.0,,,0.0,
2015-12-31,433.0,240.97,0.0,,,0.0,
2016-01-01,463.0,295.71,0.0,,,0.0,
2016-01-02,465.0,239.21,0.0,,,0.0,
2016-01-03,426.0,270.1,0.0,,,0.0,
2016-01-04,496.0,339.8,0.0,,,0.0,
2016-01-05,528.0,318.1,0.0,,,0.0,
2016-01-06,538.0,305.51,0.0,,,0.0,
2016-01-07,535.0,391.54,0.0,,,0.0,
2016-01-08,603.0,339.87,0.0,,,0.0,
2016-01-09,408.0,158.43,0.0,,,0.0,
2016-01-10,368.0,183.24,0.0,,,0.0,
2016-01-11,404.0,227.13,0.0,,,0.0,
2016-01-12,444.0,195.21,0.0,,,0.0,
2016-01-13,356.0,248.59,0.0,,,0.0,
2016-01-14,397.0,196.87,0.0,,,0.0,
2016-01-15,371.0,178.8,0.0,,,0.0,
2016-01-16,311.0,138.86,0.0,,,0.0,
2016-01-17,321.0,179.48,0.0,,,0.0,
2016-01-18,424.0,269.05,0.0,,,0.0,
2016-01-19,435.0,278.2,0.0,,,0.0,
2016-01-20,455.0,272.1,0.0,,,0.0,
2016-01-21,398.0,196.83,0.0,,,0.0,
2016-01-22,399.0,290.66,0.0,,,0.0,
2016-01-23,469.0,294.3,0.0,,,0.0,
2016-01-24,488.0,303.5,0.0,,,0.0,
2016-01-25,401.0,217.05,0.0,,,0.0,
2016-01-26,446.0,308.75,0.0,,,0.0,
2016-01-27,456.0,255.94,0.0,,,0.0,
2016-01-28,451.0,283.03,0.0,,,0.0,
2016-01-29,501.0,311.08,0.0,,,0.0,
2016-01-30,505.0,285.83,0.0,,,0.0,
2016-01-31,437.0,242.05,0.0,,,0.0,
2016-02-01,305.0,121.4,0.0,,,0.0,
2016-02-02,292.0,135.31,0.0,,,0.0,
2016-02-03,306.0,136.87,0.0,,,0.0,
2016-02-04,300.0,130.76,0.0,,,0.0,
2016-02-05,371.0,206.72,0.0,,,0.0,
2016-02-06,408.0,224.94,0.0,,,0.0,
2016-02-07,343.0,170.45,0.0,,,0.0,
2016-02-08,301.0,119.57,0.0,,,0.0,
2016-02-09,322.0,181.76,0.0,,,0.0,
2016-02-10,368.0,216.55,0.0,,,0.0,
2016-02-11,349.0,150.0,0.0,,,0.0,
2016-02-12,334.0,146.03,0.0,,,0.0,
2016-02-13,333.0,110.89,0.0,,,0.0,
2016-02-14,257.0,103.57,0.0,,,0.0,
2016-02-15,265.0,115.7,0.0,,,0.0,
2016-02-16,297.0,123.22,0.0,,,0.0,
2016-02-17,289.0,135.38,0.0,,,0.0,
2016-02-18,310.0,148.75,0.0,,,0.0,
2016-02-19,366.0,207.1,0.0,,,0.0,
2016-02-20,345.0,150.89,0.0,,,0.0,
2016-02-21,228.0,76.12,0.0,,,0.0,
2016-02-22,213.0,88.73,0.0,,,0.0,
2016-02-23,208.0,86.17,0.0,,,0.0,
2016-02-24,319.0,177.64,0.0,,,0.0,
2016-02-25,315.0,131.69,0.0,,,0.0,
2016-02-26,293.0,129.66,0.0,,,0.0,
2016-02-27,342.0,144.98,0.0,,,0.0,
2016-02-28,338.0,163.92,0.0,,,0.0,
2016-02-29,344.0,170.12,0.0,,,0.0,
2016-03-01,370.0,213.62,0.0,,,0.0,
2016-03-02,365.0,175.63,0.0,,,0.0,
2016-03-03,348.0,165.22,0.0,,,0.0,
2016-03-04,312.0,115.55,0.0,,,0.0,
2016-03-05,214.0,53.0,0.0,,,0.0,
2016-03-06,165.0,47.43,0.0,,,0.0,
2016-03-07,218.0,98.61,0.0,,,0.0,
2016-03-08,230.0,84.42,0.0,,,0.0,
2016-03-09,248.0,109.16,0.0,,,0.0,
2016-03-10,276.0,129.9,0.0,,,0.0,
2016-03-11,213.0,85.76,0.0,,,0.0,
2016-03-12,127.0,60.17,0.0,,,0.0,
2016-03-13,112.0,58.95,0.0,,,0.0,
2016-03-14,111.0,51.82,0.0,,,0.0,
2016-03-15,193.0,81.32,0.0,,,0.0,
2016-03-16,123.0,67.63,0.0,,,0.0,
2016-03-17,194.0,70.86,0.0,,,0.0,
2016-03-18,186.0,72.47,0.0,,,0.0,
2016-03-19,242.0,103.73,0.0,,,0.0,
2016-03-20,267.0,95.52,0.0,,,0.0,
2016-03-21,207.0,58.4,0.0,,,0.0,
2016-03-22,176.0,47.43,0.0,,,0.0,
2016-03-23,189.0,80.01,0.0,,,0.0,
2016-03-24,341.0,156.01,0.0,,,0.0,
2016-03-25,325.0,137.99,0.0,,,0.0,
2016-03-26,259.0,72.44,0.0,,,0.0,
2016-03-27,178.0,61.75,0.0,,,0.0,
2016-03-28,219.0,81.46,0.0,,,0.0,
2016-03-29,206.0,89.75,0.0,,,0.0,
2016-03-30,221.0,88.68,0.0,,,0.0,
2016-03-31,298.0,127.86,0.0,,,0.0,
2016-04-01,316.0,130.7,0.0,,,0.0,
2016-04-02,294.0,118.44,0.0,,,0.0,
2016-04-03,314.0,148.22,0.0,,,0.0,
2016-04-04,334.0,132.86,0.0,,,0.0,
2016-04-05,261.0,97.83,0.0,,,0.0,
2016-04-06,208.0,91.82,0.0,,,0.0,
2016-04-07,289.0,129.61,0.0,,,0.0,
2016-04-08,216.0,89.78,0.0,,,0.0,
2016-04-09,314.0,166.76,0.0,,,0.0,
2016-04-10,262.0,107.81,0.0,,,0.0,
2016-04-11,257.0,81.12,0.0,,,0.0,
2016-04-12,235.0,74.03,0.0,,,0.0,
2016-04-13,239.0,74.9,0.0,,,0.0,
2016-04-14,239.0,94.81,0.0,,,0.0,
2016-04-15,302.0,137.48,0.0,,,0.0,
2016-04-16,296.0,124.13,0.0,,,0.0,
2016-04-17,247.0,102.86,0.0,,,0.0,
2016-04-18,265.0,102.9,0.0,,,0.0,
2016-04-19,301.0,129.06,0.0,,,0.0,
2016-04-20,322.0,124.8,0.0,,,0.0,
2016-04-21,291.0,92.74,0.0,,,0.0,
2016-04-22,292.0,113.75,0.0,,,0.0,
2016-04-23,258.0,89.52,0.0,,,0.0,
2016-04-24,282.0,123.59,0.0,,,0.0,
2016-04-25,271.0,104.5,0.0,,,0.0,
2016-04-26,314.0,139.37,0.0,,,0.0,
2016-04-27,377.0,162.54,0.0,,,0.0,
2016-04-28,390.0,161.23,0.0,,,0.0,
2016-04-29,392.0,181.49,0.0,,,0.0,
2016-04-30,342.0,142.64,0.0,,,0.0,
2016-05-01,297.0,124.21,0.0,,,0.0,
2016-05-02,275.0,119.47,0.0,,,0.0,
2016-05-03,281.0,125.36,0.0,,,0.0,
2016-05-04,309.0,103.08,0.0,,,0.0,
2016-05-05,262.0,65.02,0.0,,,0.0,
2016-05-06,194.0,54.34,0.0,,,0.0,
2016-05-07,229.0,77.89,0.0,,,0.0,
2016-05-08,246.0,90.19,0.0,,,0.0,
2016-05-09,225.0,77.34,0.0,,,0.0,
2016-05-10,221.0,73.55,0.0,,,0.0,
2016-05-11,185.0,66.49,0.0,,,0.0,
2016-05-12,218.0,100.09,0.0,,,0.0,
2016-05-13,310.0,99.88,0.0,,,0.0,
2016-05-14,307.0,105.51,0.0,,,0.0,
2016-05-15,325.0,128.85,0.0,,,0.0,
2016-05-16,316.0,94.89,0.0,,,0.0,
2016-05-17,302.0,92.95,0.0,,,0.0,
2016-05-18,318.0,117.64,0.0,,,0.0,
2016-05-19,300.0,94.22,0.0,,,0.0,
2016-05-20,246.0,70.86,0.0,,,0.0,
2016-05-21,255.0,78.02,0.0,,,0.0,
2016-05-22,218.0,66.3,0.0,,,0.0,
2016-05-23,252.0,87.31,0.0,,,0.0,
2016-05-24,190.0,57.35,0.0,,,0.0,
2016-05-25,256.0,105.02,0.0,,,0.0,
2016-05-26,311.0,111.22,0.0,,,0.0,
2016-05-27,381.0,180.71,0.0,,,0.0,
2016-05-28,409.0,109.82,0.0,,,0.0,
2016-05-29,269.0,42.67,0.0,,,0.0,
2016-05-30,187.0,56.87,0.0,,,0.0,
2016-05-31,225.0,101.54,0.0,,,0.0,
2016-06-01,283.0,76.56,0.0,,,0.0,
2016-06-02,316.0,81.4,0.0,,,0.0,
2016-06-03,361.0,138.97,0.0,,,0.0,
2016-06-04,330.0,137.81,0.0,,,0.0,
2016-06-05,256.0,77.72,0.0,,,0.0,
2016-06-06,237.0,84.61,0.0,,,0.0,
2016-06-07,246.0,66.72,0.0,,,0.0,
2016-06-08,202.0,64.08,0.0,,,0.0,
2016-06-09,209.0,64.95,0.0,,,0.0,
2016-06-10,262.0,75.75,0.0,,,0.0,
2016-06-11,280.0,69.25,0.0,,,0.0,
2016-06-12,279.0,70.71,0.0,,,0.0,
2016-06-13,357.0,96.72,0.0,,,0.0,
2016-06-14,266.0,59.02,0.0,,,0.0,
2016-06-15,330.0,102.42,0.0,,,0.0,
2016-06-16,248.0,62.37,0.0,,,0.0,
2016-06-17,172.0,67.76,0.0,,,0.0,
2016-06-18,234.0,79.17,0.0,,,0.0,
2016-06-19,201.0,101.31,0.0,,,0.0,
2016-06-20,206.0,83.1,0.0,,,0.0,
2016-06-21,159.0,72.33,0.0,,,0.0,
2016-06-22,187.0,75.14,0.0,,,0.0,
2016-06-23,228.0,91.63,0.0,,,0.0,
2016-06-24,284.0,100.02,0.0,,,0.0,
2016-06-25,310.0,67.12,0.0,,,0.0,
2016-06-26,158.0,48.0,0.0,,,0.0,
2016-06-27,154.0,76.76,0.0,,,0.0,
2016-06-28,187.0,80.89,0.0,,,0.0,
2016-06-29,180.0,60.67,0.0,,,0.0,
2016-06-30,190.0,69.65,0.0,,,0.0,
2016-07-01,164.0,58.21,0.0,,,0.0,
2016-07-02,148.0,57.24,0.0,,,0.0,
2016-07-03,154.0,67.6,0.0,,,0.0,
2016-07-04,160.0,57.1,0.0,,,0.0,
2016-07-05,165.0,68.71,0.0,,,0.0,
2016-07-06,210.0,77.71,0.0,,,0.0,
2016-07-07,158.0,54.5,0.0,,,0.0,
2016-07-08,172.0,54.96,0.0,,,0.0,
2016-07-09,151.0,52.95,0.0,,,0.0,
2016-07-10,143.0,59.13,0.0,,,0.0,
2016-07-11,156.0,60.92,0.0,,,0.0,
2016-07-12,108.0,39.32,0.0,,,0.0,
2016-07-13,163.0,71.53,0.0,,,0.0,
2016-07-14,247.0,73.51,0.0,,,0.0,
2016-07-15,123.0,52.88,0.0,,,0.0,
2016-07-16,106.0,50.99,0.0,,,0.0,
2016-07-17,202.0,75.93,0.0,,,0.0,
2016-07-18,120.0,44.08,0.0,,,0.0,
2016-07-19,135.0,42.14,0.0,,,0.0,
2016-07-20,245.0,56.86,0.0,,,0.0,
2016-07-21,280.0,45.64,0.0,,,0.0,
2016-07-22,269.0,48.36,0.0,,,0.0,
2016-07-23,163.0,42.09,0.0,,,0.0,
2016-07-25,195.0,76.29,0.0,,,0.0,
2016-07-26,163.0,54.5,0.0,,,0.0,
2016-07-27,108.0,40.55,0.0,,,0.0,
2016-07-28,134.0,46.44,0.0,,,0.0,
2016-07-29,155.0,56.16,0.0,,,0.0,
2016-07-30,116.0,42.7,0.0,,,0.0,
2016-07-31,136.0,48.03,0.0,,,0.0,
2016-08-01,150.0,43.47,0.0,,,0.0,
2016-08-02,121.0,43.55,0.0,,,0.0,
2016-08-03,149.0,50.86,0.0,,,0.0,
2016-08-04,178.0,49.04,0.0,,,0.0,
2016-08-05,120.0,39.3,0.0,,,0.0,
2016-08-06,140.0,43.86,0.0,,,0.0,
2016-08-07,142.0,42.84,0.0,,,0.0,
2016-08-08,141.0,44.04,0.0,,,0.0,
2016-08-09,125.0,41.29,0.0,,,0.0,
2016-08-10,127.0,39.28,0.0,,,0.0,
2016-08-11,119.0,30.66,0.0,,,0.0,
2016-08-12,111.0,42.15,0.0,,,0.0,
2016-08-13,132.0,56.45,0.0,,,0.0,
2016-08-14,149.0,40.81,0.0,,,0.0,
2016-08-15,166.0,39.51,0.0,,,0.0,
2016-08-16,274.0,49.04,0.0,,,0.0,
2016-08-17,295.0,62.19,0.0,,,0.0,
2016-08-18,219.0,55.55,0.0,,,0.0,
2016-08-19,169.0,59.03,0.0,,,0.0,
2016-08-20,174.0,48.57,0.0,,,0.0,
2016-08-21,111.0,28.01,0.0,,,0.0,
2016-08-22,93.0,28.6,0.0,,,0.0,
2016-08-23,107.0,38.99,0.0,,,0.0,
2016-08-24,127.0,43.35,0.0,,,0.0,
2016-08-25,93.0,45.88,0.0,,,0.0,
2016-08-26,142.0,54.13,0.0,,,0.0,
2016-08-27,93.0,56.56,0.0,,,0.0,
2016-08-28,224.0,57.09,0.0,,,0.0,
2016-08-29,169.0,54.73,0.0,,,0.0,
2016-08-30,110.0,48.93,0.0,,,0.0,
2016-08-31,100.0,37.1,0.0,,,0.0,
2016-09-01,109.0,28.06,0.0,,,0.0,
2016-09-02,154.0,44.31,0.0,,,0.0,
2016-09-03,216.0,46.77,0.0,,,0.0,
2016-09-04,262.0,57.64,0.0,,,0.0,
2016-09-05,260.0,45.37,0.0,,,0.0,
2016-09-06,329.0,50.42,0.0,,,0.0,
2016-09-07,291.0,50.73,0.0,,,0.0,
2016-09-08,300.0,71.72,0.0,,,0.0,
2016-09-09,335.0,87.99,0.0,,,0.0,
2016-09-10,240.0,45.7,0.0,,,0.0,
2016-09-11,177.0,45.89,0.0,,,0.0,
2016-09-12,178.0,49.7,0.0,,,0.0,
2016-09-13,193.0,57.08,0.0,,,0.0,
2016-09-14,150.0,47.36,0.0,,,0.0,
2016-09-15,215.0,79.99,0.0,,,0.0,
2016-09-16,233.0,67.11,0.0,,,0.0,
2016-09-17,220.0,81.9,0.0,,,0.0,
2016-09-18,266.0,86.16,0.0,,,0.0,
2016-09-19,192.0,75.02,0.0,,,0.0,
2016-09-20,264.0,94.23,0.0,,,0.0,
2016-09-21,284.0,89.62,0.0,,,0.0,
2016-09-22,150.0,32.73,0.0,,,0.0,
2016-09-23,134.0,55.64,0.0,,,0.0,
2016-09-24,197.0,56.46,0.0,,,0.0,
2016-09-25,175.0,56.64,0.0,,,0.0,
2016-09-26,236.0,89.09,0.0,,,0.0,
2016-09-27,185.0,52.49,0.0,,,0.0,
2016-09-28,103.0,105.43,0.0,,,0.0,
2016-09-29,289.0,101.84,0.0,,,0.0,
2016-09-30,224.0,84.33,0.0,,,0.0,
2016-10-01,312.0,117.28,0.0,,,0.0,
2016-10-02,234.0,81.87,0.0,,,0.0,
2016-10-03,282.0,103.12,0.0,,,0.0,
2016-10-04,351.0,159.8,0.0,,,0.0,
2016-10-05,232.0,81.71,0.0,,,0.0,
2016-10-06,280.0,117.86,0.0,,,0.0,
2016-10-07,311.0,114.06,0.0,,,0.0,
2016-10-08,408.0,132.11,0.0,,,0.0,
2016-10-09,416.0,144.47,0.0,,,0.0,
2016-10-10,387.0,125.8,0.0,,,0.0,
2016-10-11,408.0,134.84,0.0,,,0.0,
2016-10-12,405.0,114.3,0.0,,,0.0,
2016-10-13,371.0,86.93,0.0,,,0.0,
2016-10-14,375.0,94.83,0.0,,,0.0,
2016-10-15,400.0,144.98,0.0,,,0.0,
2016-10-16,430.0,132.01,0.0,,,0.0,
2016-10-17,425.0,149.35,0.0,,,0.0,
2016-10-18,438.0,161.49,0.0,,,0.0,
2016-10-19,428.0,140.57,0.0,,,0.0,
2016-10-20,425.0,135.9,0.0,,,0.0,
2016-10-21,496.0,161.11,0.0,,,0.0,
2016-10-22,472.0,140.92,0.0,,,0.0,
2016-10-23,470.0,182.14,0.0,,,0.0,
2016-10-24,454.0,164.51,0.0,,,0.0,
2016-10-25,396.0,115.76,0.0,,,0.0,
2016-10-26,413.0,209.27,0.0,,,0.0,
2016-10-27,558.0,296.27,0.0,,,0.0,
2016-10-28,570.0,318.57,0.0,,,0.0,
2016-10-29,554.0,350.39,0.0,,,0.0,
2016-10-30,522.0,355.77,0.0,,,0.0,
2016-10-31,520.0,434.92,0.0,,,0.0,
2016-11-01,550.0,394.59,0.0,,,0.0,
2016-11-02,593.0,537.96,0.0,,,0.0,
2016-11-03,625.0,482.4,0.0,,,0.0,
2016-11-04,480.0,342.45,0.0,,,0.0,
2016-11-05,603.0,588.39,0.0,,,0.0,
2016-11-06,676.0,685.36,0.0,,,0.0,
2016-11-07,716.0,488.57,0.0,,,0.0,
2016-11-08,542.0,338.38,0.0,,,0.0,
2016-11-09,455.0,307.08,0.0,,,0.0,
2016-11-10,471.0,291.71,0.0,,,0.0,
2016-11-11,514.0,295.88,0.0,,,0.0,
2016-11-12,491.0,277.67,0.0,,,0.0,
2016-11-13,469.0,228.16,0.0,,,0.0,
2016-11-14,404.0,194.2,0.0,,,0.0,
2016-11-15,379.0,236.09,0.0,,,0.0,
2016-11-16,428.0,291.98,0.0,,,0.0,
2016-11-17,504.0,351.47,0.0,,,0.0,
2016-11-18,512.0,237.21,0.0,,,0.0,
2016-11-19,494.0,285.71,0.0,,,0.0,
2016-11-20,438.0,323.74,0.0,,,0.0,
2016-11-21,474.0,340.61,0.0,,,0.0,
2016-11-22,471.0,281.76,0.0,,,0.0,
2016-11-23,432.0,174.56,0.0,,,0.0,
2016-11-24,397.0,216.1,0.0,,,0.0,
2016-11-25,375.0,136.21,0.0,,,0.0,
2016-11-26,330.0,113.3,0.0,,,0.0,
2016-11-27,347.0,128.7,0.0,,,0.0,
2016-11-28,274.0,127.5,0.0,,,0.0,
2016-11-29,360.0,236.58,0.0,,,0.0,
2016-11-30,441.0,246.25,0.0,,,0.0,
2016-12-01,418.0,263.61,0.0,,,0.0,
2016-12-02,474.0,263.25,0.0,,,0.0,
2016-12-03,419.0,196.6,0.0,,,0.0,
2016-12-04,379.0,223.3,0.0,,,0.0,
2016-12-05,389.0,204.6,0.0,,,0.0,
2016-12-06,402.0,293.91,0.0,,,0.0,
2016-12-07,472.0,283.61,0.0,,,0.0,
2016-12-08,422.0,238.21,0.0,,,0.0,
2016-12-09,443.0,295.62,0.0,,,0.0,
2016-12-10,413.0,189.09,0.0,,,0.0,
2016-12-11,351.0,199.12,0.0,,,0.0,
2016-12-12,418.0,210.28,0.0,,,0.0,
2016-12-13,413.0,209.91,0.0,,,0.0,
2016-12-14,379.0,154.55,0.0,,,0.0,
2016-12-15,359.0,167.64,0.0,,,0.0,
2016-12-16,390.0,200.78,0.0,,,0.0,
2016-12-17,437.0,229.35,0.0,,,0.0,
2016-12-18,411.0,232.33,0.0,,,0.0,
2016-12-19,443.0,236.24,0.0,,,0.0,
2016-12-20,377.0,161.92,0.0,,,0.0,
2016-12-21,317.0,131.95,0.0,,,0.0,
2016-12-22,349.0,187.3,0.0,,,0.0,
2016-12-23,470.0,364.15,0.0,,,0.0,
2016-12-24,576.0,411.8,0.0,,,0.0,
2016-12-25,412.0,232.41,0.0,,,0.0,
2016-12-26,338.0,154.26,0.0,,,0.0,
2016-12-27,319.0,213.2,0.0,,,0.0,
2016-12-28,455.0,273.82,0.0,,,0.0,
2016-12-29,524.0,339.96,0.0,,,0.0,
2016-12-30,381.0,231.1,0.0,,,0.0,
2016-12-31,338.0,211.16,0.0,,,0.0,
2017-01-01,332.0,191.5,0.0,,,0.0,
2017-01-02,384.0,247.79,0.0,,,0.0,
2017-01-03,373.0,255.33,0.0,,,0.0,
2017-01-04,439.0,248.01,0.0,,,0.0,
2017-01-05,318.0,215.42,0.0,,,0.0,
2017-01-06,390.0,194.12,0.0,,,0.0,
2017-01-07,332.0,154.52,0.0,,,0.0,
2017-01-08,283.0,136.98,0.0,,,0.0,
2017-01-09,300.0,141.88,0.0,,,0.0,
2017-01-10,305.0,108.26,0.0,,,0.0,
2017-01-11,337.0,146.04,0.0,,,0.0,
2017-01-12,417.0,216.73,0.0,,,0.0,
2017-01-13,426.0,232.37,0.0,,,0.0,
2017-01-14,439.0,309.28,0.0,,,0.0,
2017-01-15,382.0,222.66,0.0,,,0.0,
2017-01-16,397.0,188.08,0.0,,,0.0,
2017-01-17,330.0,177.67,0.0,,,0.0,
2017-01-18,358.0,218.63,0.0,,,0.0,
2017-01-19,376.0,227.68,0.0,,,0.0,
2017-01-20,334.0,217.55,0.0,,,0.0,
2017-01-21,387.0,349.98,0.0,,,0.0,
2017-01-22,446.0,286.6,0.0,,,0.0,
2017-01-23,379.0,189.45,0.0,,,0.0,
2017-01-24,375.0,230.94,0.0,,,0.0,
2017-01-25,450.0,241.78,0.0,,,0.0,
2017-01-26,340.0,135.87,0.0,,,0.0,
2017-01-27,203.0,74.92,0.0,,,0.0,
2017-01-28,236.0,109.13,0.0,,,0.0,
2017-01-29,252.0,132.35,0.0,,,0.0,
2017-01-30,302.0,166.71,0.0,,,0.0,
2017-01-31,358.0,214.23,0.0,,,0.0,
2017-02-01,317.0,136.02,0.0,,,0.0,
2017-02-02,387.0,198.24,0.0,,,0.0,
2017-02-03,438.0,194.99,0.0,,,0.0,
2017-02-04,407.0,186.65,0.0,,,0.0,
2017-02-05,312.0,146.49,0.0,,,0.0,
2017-02-06,367.0,176.04,0.0,,,0.0,
2017-02-07,263.0,77.85,0.0,,,0.0,
2017-02-08,287.0,129.1,0.0,,,0.0,
2017-02-09,346.0,133.12,0.0,,,0.0,
2017-02-10,314.0,120.43,0.0,,,0.0,
2017-02-11,314.0,129.09,0.0,,,0.0,
2017-02-12,314.0,166.55,0.0,,,0.0,
2017-02-13,298.0,130.62,0.0,,,0.0,
2017-02-14,319.0,168.96,0.0,,,0.0,
2017-02-15,382.0,183.98,0.0,,,0.0,
2017-02-16,352.0,163.86,0.0,,,0.0,
2017-02-17,309.0,112.02,0.0,,,0.0,
2017-02-18,301.0,107.13,0.0,,,0.0,
2017-02-19,274.0,109.38,0.0,,,0.0,
2017-02-20,313.0,126.74,0.0,,,0.0,
2017-02-21,310.0,106.92,0.0,,,0.0,
2017-02-22,258.0,93.03,0.0,,,0.0,
2017-02-23,238.0,182.29,0.0,,,0.0,
2017-02-24,449.0,451.25,0.0,,,0.0,
2017-02-25,516.0,425.22,0.0,,,0.0,
2017-02-26,520.0,328.23,0.0,,,0.0,
2017-02-27,363.0,178.5,0.0,,,0.0,
2017-02-28,362.0,149.73,0.0,,,0.0,
2017-03-01,397.0,127.9,0.0,,,0.0,
2017-03-02,280.0,114.68,0.0,,,0.0,
2017-03-03,206.0,67.83,0.0,,,0.0,
2017-03-04,190.0,82.32,0.0,,,0.0,
2017-03-05,210.0,90.6,0.0,,,0.0,
2017-03-06,201.0,91.6,0.0,,,0.0,
2017-03-07,243.0,112.41,0.0,,,0.0,
2017-03-08,267.0,134.4,0.0,,,0.0,
2017-03-09,245.0,106.45,0.0,,,0.0,
2017-03-10,165.0,68.88,0.0,,,0.0,
2017-03-11,102.0,37.49,0.0,,,0.0,
2017-03-12,159.0,64.42,0.0,,,0.0,
2017-03-13,174.0,74.58,0.0,,,0.0,
2017-03-14,270.0,102.46,0.0,,,0.0,
2017-03-15,397.0,112.71,0.0,,,0.0,
2017-03-16,371.0,125.8,0.0,,,0.0,
2017-03-17,328.0,114.07,0.0,,,0.0,
2017-03-18,254.0,96.39,0.0,,,0.0,
2017-03-19,342.0,120.43,0.0,,,0.0,
2017-03-20,367.0,121.21,0.0,,,0.0,
2017-03-21,400.0,128.51,0.0,,,0.0,
2017-03-22,390.0,120.88,0.0,,,0.0,
2017-03-23,417.0,151.17,0.0,,,0.0,
2017-03-24,359.0,149.42,0.0,,,0.0,
2017-03-25,309.0,168.23,0.0,,,0.0,
2017-03-26,292.0,118.34,0.0,,,0.0,
2017-03-27,278.0,156.38,0.0,,,0.0,
2017-03-28,320.0,152.66,0.0,,,0.0,
2017-03-29,350.0,113.62,0.0,,,0.0,
2017-03-30,234.0,69.44,0.0,,,0.0,
2017-03-31,233.0,91.19,0.0,,,0.0,
2017-04-01,341.0,105.71,0.0,,,0.0,
2017-04-02,259.0,83.36,0.0,,,0.0,
2017-04-03,204.0,70.62,0.0,,,0.0,
2017-04-04,220.0,84.4,0.0,,,0.0,
2017-04-05,255.0,47.67,0.0,,,0.0,
2017-04-06,211.0,62.44,0.0,,,0.0,
2017-04-07,428.0,150.76,0.0,,,0.0,
2017-04-08,497.0,151.25,0.0,,,0.0,
2017-04-09,289.0,68.88,0.0,,,0.0,
2017-04-10,285.0,129.15,0.0,,,0.0,
2017-04-11,368.0,146.59,0.0,,,0.0,
2017-04-12,304.0,107.69,0.0,,,0.0,
2017-04-13,377.0,163.97,0.0,,,0.0,
2017-04-14,418.0,184.69,0.0,,,0.0,
2017-04-15,355.0,176.54,0.0,,,0.0,
2017-04-16,416.0,175.23,0.0,,,0.0,
2017-04-17,403.0,145.22,0.0,,,0.0,
2017-04-18,415.0,152.84,0.0,,,0.0,
2017-04-19,412.0,136.35,0.0,,,0.0,
2017-04-20,394.0,152.99,0.0,,,0.0,
2017-04-21,357.0,130.13,0.0,,,0.0,
2017-04-22,291.0,110.54,0.0,,,0.0,
2017-04-23,244.0,103.42,0.0,,,0.0,
2017-04-24,287.0,99.09,0.0,,,0.0,
2017-04-25,254.0,96.07,0.0,,,0.0,
2017-04-26,242.0,72.31,0.0,,,0.0,
2017-04-27,223.0,93.14,0.0,,,0.0,
2017-04-28,243.0,109.36,0.0,,,0.0,
2017-04-29,237.0,126.74,0.0,,,0.0,
2017-04-30,275.0,80.81,0.0,,,0.0,
2017-05-01,183.0,85.8,0.0,,,0.0,
2017-05-02,370.0,198.2,0.0,,,0.0,
2017-05-03,419.0,145.74,0.0,,,0.0,
2017-05-04,317.0,109.91,0.0,,,0.0,
2017-05-05,455.0,207.4,0.0,,,0.0,
2017-05-06,435.0,204.56,0.0,,,0.0,
2017-05-07,468.0,220.77,0.0,,,0.0,
2017-05-08,442.0,183.82,0.0,,,0.0,
2017-05-09,400.0,109.76,0.0,,,0.0,
2017-05-10,223.0,74.42,0.0,,,0.0,
2017-05-11,220.0,94.28,0.0,,,0.0,
2017-05-12,474.0,216.96,0.0,,,0.0,
2017-05-13,479.0,198.09,0.0,,,0.0,
2017-05-14,373.0,121.76,0.0,,,0.0,
2017-05-15,354.0,135.54,0.0,,,0.0,
2017-05-16,349.0,123.21,0.0,,,0.0,
2017-05-17,264.0,78.18,0.0,,,0.0,
2017-05-18,188.0,126.04,0.0,,,0.0,
2017-05-19,294.0,139.1,0.0,,,0.0,
2017-05-20,334.0,233.82,0.0,,,0.0,
2017-05-21,505.0,178.44,0.0,,,0.0,
2017-05-22,349.0,110.1,0.0,,,0.0,
2017-05-23,421.0,118.43,0.0,,,0.0,
2017-05-24,238.0,107.37,0.0,,,0.0,
2017-05-25,204.0,113.9,0.0,,,0.0,
2017-05-26,289.0,103.75,0.0,,,0.0,
2017-05-27,236.0,69.88,0.0,,,0.0,
2017-05-28,148.0,40.33,0.0,,,0.0,
2017-05-29,94.0,48.95,0.0,,,0.0,
2017-05-30,130.0,63.27,0.0,,,0.0,
2017-05-31,123.0,56.38,0.0,,,0.0,
2017-06-01,192.0,95.23,0.0,,,0.0,
2017-06-02,324.0,123.44,0.0,,,0.0,
2017-06-03,357.0,122.2,0.0,,,0.0,
2017-06-04,393.0,121.1,0.0,,,0.0,
2017-06-05,302.0,71.89,0.0,,,0.0,
2017-06-06,239.0,80.37,0.0,,,0.0,
2017-06-07,210.0,40.87,0.0,,,0.0,
2017-06-08,77.0,41.83,0.0,,,0.0,
2017-06-09,89.0,66.73,0.0,,,0.0,
2017-06-10,143.0,64.63,0.0,,,0.0,
2017-06-11,80.0,43.02,0.0,,,0.0,
2017-06-12,92.0,57.4,0.0,,,0.0,
2017-06-13,112.0,48.6,0.0,,,0.0,
2017-06-14,117.0,62.0,0.0,,,0.0,
2017-06-15,101.0,80.14,0.0,,,0.0,
2017-06-16,106.0,51.6,0.0,,,0.0,
2017-06-17,88.0,41.96,0.0,,,0.0,
2017-06-18,94.0,65.19,0.0,,,0.0,
2017-06-19,150.0,60.9,0.0,,,0.0,
2017-06-20,97.0,35.1,0.0,,,0.0,
2017-06-21,109.0,58.27,0.0,,,0.0,
2017-06-22,124.0,61.93,0.0,,,0.0,
2017-06-24,111.0,63.62,0.0,,,0.0,
2017-06-25,148.0,76.1,0.0,,,0.0,
2017-06-26,108.0,51.52,0.0,,,0.0,
2017-06-27,73.0,36.62,0.0,,,0.0,
2017-06-28,58.0,29.83,0.0,,,0.0,
2017-06-29,58.0,22.98,0.0,,,0.0,
2017-06-30,46.0,25.83,0.0,,,0.0,
2017-07-01,84.0,43.35,0.0,,,0.0,
2017-07-02,54.0,20.52,0.0,,,0.0,
2017-07-03,49.0,46.71,0.0,,,0.0,
2017-07-04,149.0,116.12,0.0,,,0.0,
2017-07-05,212.0,50.81,0.0,,,0.0,
2017-07-06,85.0,47.17,0.0,,,0.0,
2017-07-07,77.0,41.42,0.0,,,0.0,
2017-07-08,65.0,45.31,0.0,,,0.0,
2017-07-09,108.0,58.46,0.0,,,0.0,
2017-07-10,78.0,41.92,0.0,,,0.0,
2017-07-11,59.0,33.04,0.0,,,0.0,
2017-07-12,47.0,22.35,0.0,,,0.0,
2017-07-13,39.0,22.44,0.0,,,0.0,
2017-07-14,40.0,30.35,0.0,,,0.0,
2017-07-15,56.0,32.02,0.0,,,0.0,
2017-07-16,65.0,38.77,0.0,,,0.0,
2017-07-17,71.0,33.56,0.0,,,0.0,
2017-07-18,97.0,37.67,0.0,,,0.0,
2017-07-19,118.0,55.96,0.0,,,0.0,
2017-07-20,116.0,28.88,0.0,,,0.0,
2017-07-21,53.0,23.12,0.0,,,0.0,
2017-07-22,30.0,18.54,0.0,,,0.0,
2017-07-23,37.0,22.65,0.0,,,0.0,
2017-07-24,35.0,17.52,0.0,,,0.0,
2017-07-25,37.0,22.17,0.0,,,0.0,
2017-07-26,32.0,20.17,0.0,,,0.0,
2017-07-27,41.0,24.42,0.0,,,0.0,
2017-07-28,42.0,25.71,0.0,,,0.0,
2017-07-29,47.0,27.25,0.0,,,0.0,
2017-07-30,30.0,10.88,0.0,,,0.0,
2017-07-31,29.0,17.1,0.0,,,0.0,
2017-08-01,44.0,17.24,0.0,,,0.0,
2017-08-02,40.0,27.56,0.0,,,0.0,
2017-08-03,49.0,27.29,0.0,,,0.0,
2017-08-04,50.0,42.65,0.0,,,0.0,
2017-08-05,88.0,53.69,0.0,,,0.0,
2017-08-06,99.0,61.44,0.0,,,0.0,
2017-08-07,110.0,57.42,0.0,,,0.0,
2017-08-08,68.0,36.58,0.0,,,0.0,
2017-08-09,73.0,50.42,0.0,,,0.0,
2017-08-10,95.0,48.6,0.0,,,0.0,
2017-08-11,58.0,21.83,0.0,,,0.0,
2017-08-12,45.0,,0.0,,,0.0,
2017-08-15,59.0,30.12,0.0,,,0.0,
2017-08-16,53.0,35.23,0.0,,,0.0,
2017-08-17,66.0,39.6,0.0,,,0.0,
2017-08-18,70.0,46.25,0.0,,,0.0,
2017-08-19,70.0,35.48,0.0,,,0.0,
2017-08-20,63.0,22.15,0.0,,,0.0,
2017-08-21,42.0,25.5,0.0,,,0.0,
2017-08-24,58.0,47.79,0.0,,,0.0,
2017-08-25,104.0,51.33,0.0,,,0.0,
2017-08-30,73.0,20.5,0.0,,,0.0,
2017-08-31,94.0,41.62,0.0,,,0.0,
2017-09-01,91.0,25.58,0.0,,,0.0,
2017-09-02,88.0,20.06,0.0,,,0.0,
2017-09-03,88.0,38.19,0.0,,,0.0,
2017-09-04,89.0,47.89,0.0,,,0.0,
2017-09-05,88.0,35.61,0.0,,,0.0,
2017-09-06,88.0,39.41,0.0,,,0.0,
2017-09-07,88.0,40.34,0.0,,,0.0,
2017-09-08,106.0,51.7,0.0,,,0.0,
2017-09-09,96.0,54.83,0.0,,,0.0,
2017-09-10,118.0,60.46,0.0,,,0.0,
2017-09-11,119.0,63.97,0.0,,,0.0,
2017-09-12,106.0,46.65,0.0,,,0.0,
2017-09-13,115.0,54.77,0.0,,,0.0,
2017-09-14,142.0,80.47,0.0,,,0.0,
2017-09-15,169.0,64.37,0.0,,,0.0,
2017-09-16,110.0,51.56,0.0,,,0.0,
2017-09-17,106.0,53.05,0.0,,,0.0,
2017-09-18,99.0,60.83,0.0,,,0.0,
2017-09-19,109.0,55.55,0.0,,,0.0,
2017-09-20,137.0,70.81,0.0,,,0.0,
2017-09-21,144.0,55.93,0.0,,,0.0,
2017-09-22,92.0,11.81,0.0,,,0.0,
2017-09-23,83.0,17.76,0.0,,,0.0,
2017-09-24,84.0,35.5,0.0,,,0.0,
2017-09-25,104.0,50.09,0.0,,,0.0,
2017-09-26,131.0,66.12,0.0,,,0.0,
2017-09-27,165.0,80.94,0.0,,,0.0,
2017-09-28,176.0,75.4,0.0,,,0.0,
2017-09-29,172.0,89.38,0.0,,,0.0,
2017-09-30,137.0,74.2,0.0,,,0.0,
2017-10-01,131.0,68.47,0.0,,,0.0,
2017-10-02,132.0,63.41,0.0,,,0.0,
2017-10-03,115.0,69.45,0.0,,,0.0,
2017-10-04,151.0,76.81,0.0,,,0.0,
2017-10-05,180.0,75.73,0.0,,,0.0,
2017-10-06,183.0,79.81,0.0,,,0.0,
2017-10-07,193.0,70.98,0.0,,,0.0,
2017-10-08,224.0,102.2,0.0,,,0.0,
2017-10-09,268.0,107.63,0.0,,,0.0,
2017-10-10,253.0,105.88,0.0,,,0.0,
2017-10-11,208.0,104.45,0.0,,,0.0,
2017-10-12,211.0,106.85,0.0,,,0.0,
2017-10-13,246.0,137.42,0.0,,,0.0,
2017-10-14,319.0,147.07,0.0,,,0.0,
2017-10-15,317.0,147.83,0.0,,,0.0,
2017-10-16,310.0,152.61,0.0,,,0.0,
2017-10-17,313.0,121.7,0.0,,,0.0,
2017-10-18,310.0,152.16,0.0,,,0.0,
2017-10-19,336.0,176.17,0.0,,,0.0,
2017-10-20,497.0,426.52,0.0,,,0.0,
2017-10-21,404.0,213.12,0.0,,,0.0,
2017-10-22,338.0,146.01,0.0,,,0.0,
2017-10-23,327.0,163.35,0.0,,,0.0,
2017-10-24,366.0,188.24,0.0,,,0.0,
2017-10-25,357.0,203.03,0.0,,,0.0,
2017-10-26,328.0,178.91,0.0,,,0.0,
2017-10-27,345.0,167.54,0.0,,,0.0,
2017-10-28,379.0,198.37,0.0,,,0.0,
2017-10-29,362.0,187.82,0.0,,,0.0,
2017-10-30,340.0,196.37,0.0,,,0.0,
2017-10-31,366.0,211.64,0.0,,,0.0,
2017-11-01,344.0,179.17,0.0,,,0.0,
2017-11-02,305.0,160.69,0.0,,,0.0,
2017-11-03,310.0,168.16,0.0,,,0.0,
2017-11-04,345.0,190.33,0.0,,,0.0,
2017-11-05,370.0,209.61,0.0,,,0.0,
2017-11-06,377.0,216.53,0.0,,,0.0,
2017-11-07,532.0,517.93,0.0,,,0.0,
2017-11-08,675.0,639.19,0.0,,,0.0,
2017-11-09,677.0,495.9,0.0,,,0.0,
2017-11-10,597.0,370.73,0.0,,,0.0,
2017-11-11,471.0,363.77,0.0,,,0.0,
2017-11-12,613.0,465.08,0.0,,,0.0,
2017-11-13,561.0,354.56,0.0,,,0.0,
2017-11-14,444.0,254.36,0.0,,,0.0,
2017-11-15,378.0,192.04,0.0,,,0.0,
2017-11-16,357.0,191.57,0.0,,,0.0,
2017-11-17,330.0,150.79,0.0,,,0.0,
2017-11-18,309.0,143.51,0.0,,,0.0,
2017-11-19,297.0,128.65,0.0,,,0.0,
2017-11-20,329.0,171.34,0.0,,,0.0,
2017-11-21,341.0,178.08,0.0,,,0.0,
2017-11-22,348.0,177.41,0.0,,,0.0,
2017-11-23,340.0,175.56,0.0,,,0.0,
2017-11-24,348.0,187.97,0.0,,,0.0,
2017-11-25,347.0,185.31,0.0,,,0.0,
2017-11-26,368.0,224.37,0.0,,,0.0,
2017-11-27,382.0,198.34,0.0,,,0.0,
2017-11-28,360.0,167.74,0.0,,,0.0,
2017-11-29,359.0,215.17,0.0,,,0.0,
2017-11-30,388.0,219.84,0.0,,,0.0,
2017-12-01,377.0,190.45,0.0,,,0.0,
2017-12-02,356.0,208.87,0.0,,,0.0,
2017-12-03,384.0,240.87,0.0,,,0.0,
2017-12-04,415.0,261.82,0.0,,,0.0,
2017-12-05,404.0,230.56,0.0,,,0.0,
2017-12-06,330.0,120.91,0.0,,,0.0,
2017-12-07,215.0,88.95,0.0,,,0.0,
2017-12-08,220.0,115.08,0.0,,,0.0,
2017-12-09,312.0,165.76,0.0,,,0.0,
2017-12-10,389.0,230.34,0.0,,,0.0,
2017-12-11,406.0,218.87,0.0,,,0.0,
2017-12-12,280.0,109.18,0.0,,,0.0,
2017-12-13,263.0,134.99,0.0,,,0.0,
2017-12-14,276.0,126.67,0.0,,,0.0,
2017-12-15,292.0,127.57,0.0,,,0.0,
2017-12-16,228.0,100.72,0.0,,,0.0,
2017-12-17,195.0,95.58,0.0,,,0.0,
2017-12-18,223.0,115.19,0.0,,,0.0,
2017-12-19,291.0,168.33,0.0,,,0.0,
2017-12-20,378.0,283.24,0.0,,,0.0,
2017-12-21,467.0,293.14,0.0,,,0.0,
2017-12-22,370.0,157.72,0.0,,,0.0,
2017-12-23,253.0,117.72,0.0,,,0.0,
2017-12-24,309.0,203.18,0.0,,,0.0,
2017-12-25,398.0,259.0,0.0,,,0.0,
2017-12-26,372.0,224.42,0.0,,,0.0,
2017-12-27,379.0,224.27,0.0,,,0.0,
2017-12-28,398.0,249.17,0.0,,,0.0,
2017-12-29,399.0,227.28,0.0,,,0.0,
2017-12-30,421.0,273.56,0.0,,,0.0,
2017-12-31,451.0,306.17,0.0,,,0.0,
2018-01-01,462.0,303.41,0.0,,,0.0,
2018-01-02,439.0,277.48,0.0,,,0.0,
2018-01-03,405.0,217.01,0.0,,,0.0,
2018-01-04,394.0,248.54,0.0,,,0.0,
2018-01-05,398.0,240.42,0.0,,,0.0,
2018-01-06,403.0,252.57,0.0,,,0.0,
2018-01-07,384.0,191.66,0.0,,,0.0,
2018-01-08,314.0,152.98,0.0,,,0.0,
2018-01-09,373.0,233.1,0.0,,,0.0,
2018-01-10,366.0,186.26,0.0,,,0.0,
2018-01-11,318.0,154.64,0.0,,,0.0,
2018-01-12,306.0,168.87,0.0,,,0.0,
2018-01-13,370.0,230.5,0.0,,,0.0,
2018-01-14,365.0,191.47,0.0,,,0.0,
2018-01-15,352.0,177.71,0.0,,,0.0,
2018-01-16,278.0,133.56,0.0,,,0.0,
2018-01-17,350.0,235.06,0.0,,,0.0,
2018-01-18,411.0,276.25,0.0,,,0.0,
2018-01-19,451.0,253.7,0.0,,,0.0,
2018-01-20,351.0,152.33,0.0,,,0.0,
2018-01-21,310.0,153.61,0.0,,,0.0,
2018-01-22,362.0,202.11,0.0,,,0.0,
2018-01-23,343.0,160.79,0.0,,,0.0,
2018-01-24,286.0,130.16,0.0,,,0.0,
2018-01-25,267.0,111.75,0.0,,,0.0,
2018-01-26,263.0,128.45,0.0,,,0.0,
2018-01-27,284.0,155.2,0.0,,,0.0,
2018-01-28,334.0,150.96,0.0,,,0.0,
2018-01-29,332.0,162.48,0.0,,,0.0,
2018-01-30,300.0,126.84,0.0,,,0.0,
2018-01-31,271.0,123.48,0.0,,,0.0,
2018-02-01,293.0,157.33,0.0,,,0.0,
2018-02-02,318.0,140.35,0.0,,,0.0,
2018-02-03,277.0,115.05,0.0,,,0.0,
2018-02-04,284.0,133.8,0.0,,,0.0,
2018-02-05,313.0,163.6,0.0,,,0.0,
2018-02-06,324.0,143.29,0.0,,,0.0,
2018-02-07,287.0,131.49,0.0,,,0.0,
2018-02-08,334.0,186.19,0.0,,,0.0,
2018-02-09,375.0,203.33,0.0,,,0.0,
2018-02-10,378.0,209.7,0.0,,,0.0,
2018-02-11,350.0,148.13,0.0,,,0.0,
2018-02-12,218.0,72.36,0.0,,,0.0,
2018-02-13,189.0,103.93,0.0,,,0.0,
2018-02-14,217.0,76.92,0.0,,,0.0,
2018-02-15,189.0,94.49,0.0,,,0.0,
2018-02-16,248.0,123.19,0.0,,,0.0,
2018-02-17,277.0,127.8,0.0,,,0.0,
2018-02-18,284.0,127.27,0.0,,,0.0,
2018-02-19,321.0,172.55,0.0,,,0.0,
2018-02-20,335.0,167.16,0.0,,,0.0,
2018-02-21,347.0,172.99,0.0,,,0.0,
2018-02-22,333.0,159.67,0.0,,,0.0,
2018-02-23,331.0,163.75,0.0,,,0.0,
2018-02-24,347.0,164.2,0.0,,,0.0,
2018-02-25,317.0,106.26,0.0,,,0.0,
2018-02-26,170.0,67.27,0.0,,,0.0,
2018-02-27,167.0,85.53,0.0,,,0.0,
2018-02-28,274.0,143.25,0.0,,,0.0,
2018-03-01,293.0,120.71,0.0,,,0.0,
2018-03-02,300.0,139.18,0.0,,,0.0,
2018-03-03,244.0,98.25,0.0,,,0.0,
2018-03-04,205.0,79.83,0.0,,,0.0,
2018-03-05,180.0,76.96,0.0,,,0.0,
2018-03-06,170.0,75.45,0.0,,,0.0,
2018-03-07,192.0,87.62,0.0,,,0.0,
2018-03-08,262.0,139.88,0.0,,,0.0,
2018-03-09,316.0,134.76,0.0,,,0.0,
2018-03-10,207.0,75.67,0.0,,,0.0,
2018-03-11,179.0,88.3,0.0,,,0.0,
2018-03-12,236.0,105.29,0.0,,,0.0,
2018-03-13,241.0,109.22,0.0,,,0.0,
2018-03-14,287.0,116.62,0.0,,,0.0,
2018-03-15,314.0,108.98,0.0,,,0.0,
2018-03-16,269.0,111.67,0.0,,,0.0,
2018-03-17,218.0,81.57,0.0,,,0.0,
2018-03-18,177.0,82.15,0.0,,,0.0,
2018-03-19,177.0,81.93,0.0,,,0.0,
2018-03-20,224.0,109.99,0.0,,,0.0,
2018-03-21,302.0,133.53,0.0,,,0.0,
2018-03-22,226.0,83.4,0.0,,,0.0,
2018-03-23,171.0,64.2,0.0,,,0.0,
2018-03-24,183.0,78.4,0.0,,,0.0,
2018-03-25,202.0,85.34,0.0,,,0.0,
2018-03-26,203.0,85.9,0.0,,,0.0,
2018-03-27,246.0,111.26,0.0,,,0.0,
2018-03-28,293.0,117.78,0.0,,,0.0,
2018-03-29,238.0,95.98,0.0,,,0.0,
2018-03-30,234.0,96.45,0.0,,,0.0,
2018-03-31,269.0,101.59,0.0,,,0.0,
2018-04-01,217.0,75.14,0.0,,,0.0,
2018-04-02,217.0,96.38,0.0,,,0.0,
2018-04-03,239.0,101.18,0.0,,,0.0,
2018-04-04,244.0,111.82,0.0,,,0.0,
2018-04-05,329.0,152.56,0.0,,,0.0,
2018-04-06,271.0,100.5,0.0,,,0.0,
2018-04-07,170.0,48.46,0.0,,,0.0,
2018-04-08,142.0,50.27,0.0,,,0.0,
2018-04-09,133.0,49.56,0.0,,,0.0,
2018-04-10,205.0,93.89,0.0,,,0.0,
2018-04-11,179.0,48.61,0.0,,,0.0,
2018-04-12,135.0,46.21,0.0,,,0.0,
2018-04-13,201.0,83.96,0.0,,,0.0,
2018-04-14,233.0,97.16,0.0,,,0.0,
2018-04-15,240.0,107.36,0.0,,,0.0,
2018-04-16,296.0,119.75,0.0,,,0.0,
2018-04-17,266.0,81.97,0.0,,,0.0,
2018-04-18,216.0,73.44,0.0,,,0.0,
2018-04-19,242.0,89.49,0.0,,,0.0,
2018-04-20,271.0,100.01,0.0,,,0.0,
2018-04-21,444.0,119.24,0.0,,,0.0,
2018-04-22,302.0,62.06,0.0,,,0.0,
2018-04-23,197.0,76.11,0.0,,,0.0,
2018-04-24,242.0,108.64,0.0,,,0.0,
2018-04-25,287.0,117.56,0.0,,,0.0,
2018-04-26,329.0,142.82,0.0,,,0.0,
2018-04-27,351.0,107.47,0.0,,,0.0,
2018-04-28,288.0,84.13,0.0,,,0.0,
2018-04-29,259.0,89.1,0.0,,,0.0,
2018-04-30,221.0,79.3,0.0,,,0.0,
2018-05-01,173.0,54.88,0.0,,,0.0,
2018-05-02,161.0,66.74,0.0,,,0.0,
2018-05-03,167.0,47.25,0.0,,,0.0,
2018-05-04,146.0,49.09,0.0,,,0.0,
2018-05-05,174.0,74.82,0.0,,,0.0,
2018-05-06,280.0,110.48,0.0,,,0.0,
2018-05-07,243.0,111.95,0.0,,,0.0,
2018-05-08,252.0,61.0,0.0,,,0.0,
2018-05-09,168.0,71.99,0.0,,,0.0,
2018-05-10,218.0,93.45,0.0,,,0.0,
2018-05-11,292.0,132.39,0.0,,,0.0,
2018-05-12,330.0,144.33,0.0,,,0.0,
2018-05-13,285.0,80.64,0.0,,,0.0,
2018-05-14,174.0,49.22,0.0,,,0.0,
2018-05-15,173.0,67.23,0.0,,,0.0,
2018-05-16,194.0,78.74,0.0,,,0.0,
2018-05-17,240.0,105.99,0.0,,,0.0,
2018-05-18,254.0,96.96,0.0,,,0.0,
2018-05-19,270.0,103.98,0.0,,,0.0,
2018-05-20,231.0,83.66,0.0,,,0.0,
2018-05-21,208.0,71.25,0.0,,,0.0,
2018-05-22,207.0,91.16,0.0,,,0.0,
2018-05-23,306.0,129.23,0.0,,,0.0,
2018-05-24,303.0,114.13,0.0,,,0.0,
2018-05-25,260.0,83.88,0.0,,,0.0,
2018-05-26,244.0,103.02,0.0,,,0.0,
2018-05-27,268.0,97.37,0.0,,,0.0,
2018-05-28,276.0,117.56,0.0,,,0.0,
2018-05-29,303.0,112.6,0.0,,,0.0,
2018-05-30,272.0,65.76,0.0,,,0.0,
2018-05-31,223.0,71.99,0.0,,,0.0,
2018-06-01,196.0,79.98,0.0,,,0.0,
2018-06-02,183.0,52.6,0.0,,,0.0,
2018-06-03,154.0,59.52,0.0,,,0.0,
2018-06-04,170.0,64.42,0.0,,,0.0,
2018-06-05,160.0,61.72,0.0,,,0.0,
2018-06-06,146.0,57.68,0.0,,,0.0,
2018-06-07,166.0,73.77,0.0,,,0.0,
2018-06-08,180.0,76.78,0.0,,,0.0,
2018-06-09,153.0,52.79,0.0,,,0.0,
2018-06-10,153.0,67.02,0.0,,,0.0,
2018-06-11,186.0,73.22,0.0,,,0.0,
2018-06-12,285.0,141.28,0.0,,,0.0,
2018-06-13,453.0,261.77,0.0,,,0.0,
2018-06-14,522.0,225.49,0.0,,,0.0,
2018-06-15,593.0,153.28,0.0,,,0.0,
2018-06-16,531.0,127.32,0.0,,,0.0,
2018-06-17,384.0,84.47,0.0,,,0.0,
2018-06-18,179.0,61.06,0.0,,,0.0,
2018-06-19,146.0,52.76,0.0,,,0.0,
2018-06-20,175.0,67.55,0.0,,,0.0,
2018-06-21,221.0,76.98,0.0,,,0.0,
2018-06-22,249.0,83.98,0.0,,,0.0,
2018-06-23,228.0,81.33,0.0,,,0.0,
2018-06-24,194.0,54.15,0.0,,,0.0,
2018-06-25,168.0,46.9,0.0,,,0.0,
2018-06-26,128.0,29.98,0.0,,,0.0,
2018-06-27,126.0,52.48,0.0,,,0.0,
2018-06-28,99.0,30.07,0.0,,,0.0,
2018-06-29,90.0,37.11,0.0,,,0.0,
2018-06-30,113.0,41.41,0.0,,,0.0,
2018-07-01,102.0,34.18,0.0,,,0.0,
2018-07-02,111.0,34.24,0.0,,,0.0,
2018-07-03,122.0,44.55,0.0,,,0.0,
2018-07-04,128.0,45.76,0.0,,,0.0,
2018-07-05,130.0,50.41,0.0,,,0.0,
2018-07-06,147.0,57.12,0.0,,,0.0,
2018-07-07,155.0,61.93,0.0,,,0.0,
2018-07-08,176.0,68.2,0.0,,,0.0,
2018-07-09,168.0,70.48,0.0,,,0.0,
2018-07-10,140.0,47.48,0.0,,,0.0,
2018-07-11,111.0,39.78,0.0,,,0.0,
2018-07-12,130.0,46.53,0.0,,,0.0,
2018-07-13,109.0,28.44,0.0,,,0.0,
2018-07-14,96.0,33.82,0.0,,,0.0,
2018-07-15,92.0,37.76,0.0,,,0.0,
2018-07-16,95.0,37.32,0.0,,,0.0,
2018-07-17,105.0,34.26,0.0,,,0.0,
2018-07-18,114.0,37.76,0.0,,,0.0,
2018-07-19,106.0,35.04,0.0,,,0.0,
2018-07-20,90.0,37.26,0.0,,,0.0,
2018-07-21,114.0,50.21,0.0,,,0.0,
2018-07-22,87.0,25.81,0.0,,,0.0,
2018-07-23,80.0,32.39,0.0,,,0.0,
2018-07-24,101.0,39.3,0.0,,,0.0,
2018-07-25,90.0,34.7,0.0,,,0.0,
2018-07-26,90.0,32.22,0.0,,,0.0,
2018-07-27,68.0,21.75,0.0,,,0.0,
2018-07-28,71.0,37.69,0.0,,,0.0,
2018-07-29,100.0,44.03,0.0,,,0.0,
2018-07-30,122.0,39.89,0.0,,,0.0,
2018-07-31,135.0,50.59,0.0,,,0.0,
2018-08-01,155.0,55.77,0.0,,,0.0,
2018-08-02,215.0,71.5,0.0,,,0.0,
2018-08-03,228.0,65.46,0.0,,,0.0,
2018-08-04,215.0,69.75,0.0,,,0.0,
2018-08-05,234.0,63.57,0.0,,,0.0,
2018-08-06,166.0,50.64,0.0,,,0.0,
2018-08-07,123.0,44.54,0.0,,,0.0,
2018-08-08,108.0,36.7,0.0,,,0.0,
2018-08-09,102.0,36.84,0.0,,,0.0,
2018-08-10,111.0,46.24,0.0,,,0.0,
2018-08-11,106.0,32.72,0.0,,,0.0,
2018-08-12,92.0,25.7,0.0,,,0.0,
2018-08-13,102.0,32.75,0.0,,,0.0,
2018-08-14,122.0,46.85,0.0,,,0.0,
2018-08-15,128.0,43.0,0.0,,,0.0,
2018-08-16,109.0,36.49,0.0,,,0.0,
2018-08-17,109.0,32.98,0.0,,,0.0,
2018-08-18,90.0,32.11,0.0,,,0.0,
2018-08-19,100.0,47.01,0.0,,,0.0,
2018-08-20,138.0,61.1,0.0,,,0.0,
2018-08-21,105.0,30.98,0.0,,,0.0,
2018-08-22,91.0,29.75,0.0,,,0.0,
2018-08-23,86.0,31.19,0.0,,,0.0,
2018-08-24,89.0,23.71,0.0,,,0.0,
2018-08-25,100.0,21.96,0.0,,,0.0,
2018-08-26,85.0,23.96,0.0,,,0.0,
2018-08-27,82.0,24.78,0.0,,,0.0,
2018-08-28,81.0,29.26,0.0,,,0.0,
2018-08-29,88.0,36.06,0.0,,,0.0,
2018-08-30,97.0,41.26,0.0,,,0.0,
2018-08-31,127.0,47.53,0.0,,,0.0,
2018-09-01,132.0,45.19,0.0,,,0.0,
2018-09-02,116.0,40.9,0.0,,,0.0,
2018-09-03,89.0,42.06,0.0,,,0.0,
2018-09-04,118.0,55.72,0.0,,,0.0,
2018-09-05,108.0,39.77,0.0,,,0.0,
2018-09-06,137.0,49.44,0.0,,,0.0,
2018-09-07,117.0,42.11,0.0,,,0.0,
2018-09-08,105.0,35.45,0.0,,,0.0,
2018-09-09,86.0,29.1,0.0,,,0.0,
2018-09-10,92.0,36.99,0.0,,,0.0,
2018-09-11,91.0,28.33,0.0,,,0.0,
2018-09-12,96.0,28.55,0.0,,,0.0,
2018-09-13,108.0,27.49,0.0,,,0.0,
2018-09-14,113.0,31.38,0.0,,,0.0,
2018-09-15,126.0,37.48,0.0,,,0.0,
2018-09-16,124.0,43.09,0.0,,,0.0,
2018-09-17,135.0,55.86,0.0,,,0.0,
2018-09-18,154.0,54.94,0.0,,,0.0,
2018-09-19,157.0,58.63,0.0,,,0.0,
2018-09-20,173.0,73.3,0.0,,,0.0,
2018-09-21,155.0,46.73,0.0,,,0.0,
2018-09-22,76.0,24.29,0.0,,,0.0,
2018-09-23,69.0,30.71,0.0,,,0.0,
2018-09-24,63.0,21.46,0.0,,,0.0,
2018-09-25,63.0,21.45,0.0,,,0.0,
2018-09-26,99.0,42.83,0.0,,,0.0,
2018-09-27,151.0,71.44,0.0,,,0.0,
2018-09-28,200.0,83.78,0.0,,,0.0,
2018-09-29,229.0,92.46,0.0,,,0.0,
2018-09-30,176.0,69.49,0.0,,,0.0,
2018-10-01,148.0,65.78,0.0,,,0.0,
2018-10-02,186.0,76.03,0.0,,,0.0,
2018-10-03,160.0,63.37,0.0,,,0.0,
2018-10-04,206.0,97.4,0.0,,,0.0,
2018-10-05,268.0,121.12,0.0,,,0.0,
2018-10-06,237.0,78.87,0.0,,,0.0,
2018-10-07,189.0,81.14,0.0,,,0.0,
2018-10-08,253.0,118.6,0.0,,,0.0,
2018-10-09,269.0,103.26,0.0,,,0.0,
2018-10-10,263.0,93.36,0.0,,,0.0,
2018-10-11,219.0,70.42,0.0,,,0.0,
2018-10-12,163.0,67.93,0.0,,,0.0,
2018-10-13,264.0,132.93,0.0,,,0.0,
2018-10-14,237.0,91.88,0.0,,,0.0,
2018-10-15,253.0,115.96,0.0,,,0.0,
2018-10-16,309.0,139.18,0.0,,,0.0,
2018-10-17,332.0,137.29,0.0,,,0.0,
2018-10-18,330.0,143.2,0.0,,,0.0,
2018-10-19,300.0,137.73,0.0,,,0.0,
2018-10-20,344.0,168.87,0.0,,,0.0,
2018-10-21,325.0,141.15,0.0,,,0.0,
2018-10-22,296.0,121.65,0.0,,,0.0,
2018-10-23,274.0,119.4,0.0,,,0.0,
2018-10-24,354.0,174.04,0.0,,,0.0,
2018-10-25,356.0,168.82,0.0,,,0.0,
2018-10-26,394.0,203.12,0.0,,,0.0,
2018-10-27,396.0,206.05,0.0,,,0.0,
2018-10-28,403.0,205.0,0.0,,,0.0,
2018-10-29,397.0,231.83,0.0,,,0.0,
2018-10-30,456.0,263.39,0.0,,,0.0,
2018-10-31,422.0,225.17,0.0,,,0.0,
2018-11-01,433.0,236.67,0.0,,,0.0,
2018-11-02,391.0,205.44,0.0,,,0.0,
2018-11-03,353.0,159.56,0.0,,,0.0,
2018-11-04,238.0,97.27,0.0,,,0.0,
2018-11-05,424.0,361.98,0.0,,,0.0,
2018-11-06,411.0,177.88,0.0,,,0.0,
2018-11-07,317.0,175.43,0.0,,,0.0,
2018-11-08,452.0,420.3,0.0,,,0.0,
2018-11-09,487.0,300.91,0.0,,,0.0,
2018-11-10,430.0,288.86,0.0,,,0.0,
2018-11-11,454.0,256.68,0.0,,,0.0,
2018-11-12,437.0,271.7,0.0,,,0.0,
2018-11-13,454.0,265.06,0.0,,,0.0,
2018-11-14,361.0,136.2,0.0,,,0.0,
2018-11-15,251.0,98.53,0.0,,,0.0,
2018-11-16,302.0,138.49,0.0,,,0.0,
2018-11-17,292.0,135.21,0.0,,,0.0,
2018-11-18,330.0,166.43,0.0,,,0.0,
2018-11-19,340.0,179.79,0.0,,,0.0,
2018-11-20,367.0,224.1,0.0,,,0.0,
2018-11-21,396.0,209.96,0.0,,,0.0,
2018-11-22,317.0,139.02,0.0,,,0.0,
2018-11-23,356.0,187.85,0.0,,,0.0,
2018-11-24,296.0,107.73,0.0,,,0.0,
2018-11-25,266.0,133.62,0.0,,,0.0,
2018-11-26,349.0,200.69,0.0,,,0.0,
2018-11-27,396.0,205.53,0.0,,,0.0,
2018-11-28,363.0,193.1,0.0,,,0.0,
2018-11-29,384.0,205.17,0.0,,,0.0,
2018-11-30,365.0,190.36,0.0,,,0.0,
2018-12-01,335.0,147.48,0.0,,,0.0,
2018-12-02,329.0,164.63,0.0,,,0.0,
2018-12-03,356.0,178.87,0.0,,,0.0,
2018-12-04,394.0,211.57,0.0,,,0.0,
2018-12-05,374.0,181.62,0.0,,,0.0,
2018-12-06,385.0,218.06,0.0,,,0.0,
2018-12-07,376.0,193.81,0.0,,,0.0,
2018-12-08,366.0,202.83,0.0,,,0.0,
2018-12-09,389.0,226.35,0.0,,,0.0,
2018-12-10,431.0,264.63,0.0,,,0.0,
2018-12-11,464.0,274.97,0.0,,,0.0,
2018-12-12,443.0,209.63,0.0,,,0.0,
2018-12-13,264.0,94.29,0.0,,,0.0,
2018-12-14,248.0,113.42,0.0,,,0.0,
2018-12-15,274.0,122.69,0.0,,,0.0,
2018-12-16,295.0,150.28,0.0,,,0.0,
2018-12-17,338.0,182.78,0.0,,,0.0,
2018-12-18,370.0,204.08,0.0,,,0.0,
2018-12-19,370.0,205.22,0.0,,,0.0,
2018-12-20,423.0,258.1,0.0,,,0.0,
2018-12-21,422.0,252.2,0.0,,,0.0,
2018-12-22,468.0,326.79,0.0,,,0.0,
2018-12-23,557.0,401.58,0.0,,,0.0,
2018-12-24,577.0,378.68,0.0,,,0.0,
2018-12-25,475.0,268.2,0.0,,,0.0,
2018-12-26,405.0,241.0,0.0,,,0.0,
2018-12-27,458.0,290.1,0.0,,,0.0,
2018-12-28,413.0,249.23,0.0,,,0.0,
2018-12-29,420.0,248.12,0.0,,,0.0,
2018-12-30,484.0,336.42,0.0,,,0.0,
2018-12-31,509.0,319.69,0.0,,,0.0,
2019-01-01,475.0,287.34,0.0,,,0.0,
2019-01-02,501.0,331.2,0.0,,,0.0,
2019-01-03,537.0,355.4,0.0,,,0.0,
2019-01-04,432.0,246.46,0.0,,,0.0,
2019-01-05,440.0,262.53,0.0,,,0.0,
2019-01-06,371.0,174.26,0.0,,,0.0,
2019-01-07,331.0,181.74,0.0,,,0.0,
2019-01-08,340.0,156.26,0.0,,,0.0,
2019-01-09,321.0,143.66,0.0,,,0.0,
2019-01-10,317.0,165.95,0.0,,,0.0,
2019-01-11,401.0,278.95,0.0,,,0.0,
2019-01-12,482.0,311.03,0.0,,,0.0,
2019-01-13,464.0,272.45,0.0,,,0.0,
2019-01-14,320.0,94.44,0.0,,,0.0,
2019-01-15,248.0,134.57,0.0,,,0.0,
2019-01-16,383.0,271.96,0.0,,,0.0,
2019-01-17,515.0,358.91,0.0,,,0.0,
2019-01-18,437.0,237.22,0.0,,,0.0,
2019-01-19,411.0,262.68,0.0,,,0.0,
2019-01-20,480.0,314.59,0.0,,,0.0,
2019-01-21,413.0,175.49,0.0,,,0.0,
2019-01-22,174.0,53.25,0.0,,,0.0,
2019-01-23,186.0,135.68,0.0,,,0.0,
2019-01-24,328.0,130.59,0.0,,,0.0,
2019-01-25,188.0,81.2,0.0,,,0.0,
2019-01-26,231.0,101.61,0.0,,,0.0,
2019-01-27,275.0,136.47,0.0,,,0.0,
2019-01-28,301.0,126.48,0.0,,,0.0,
2019-01-29,297.0,142.0,0.0,,,0.0,
2019-01-30,342.0,206.14,0.0,,,0.0,
2019-01-31,397.0,204.25,0.0,,,0.0,
2019-02-01,329.0,178.68,0.0,,,0.0,
2019-02-02,338.0,177.32,0.0,,,0.0,
2019-02-03,323.0,131.1,0.0,,,0.0,
2019-02-04,301.0,144.62,0.0,,,0.0,
2019-02-05,398.0,256.33,0.0,,,0.0,
2019-02-06,380.0,177.25,0.0,,,0.0,
2019-02-07,233.0,65.65,0.0,,,0.0,
2019-02-08,136.0,72.29,0.0,,,0.0,
2019-02-09,169.0,82.5,0.0,,,0.0,
2019-02-10,277.0,143.31,0.0,,,0.0,
2019-02-11,332.0,173.61,0.0,,,0.0,
2019-02-12,357.0,208.64,0.0,,,0.0,
2019-02-13,372.0,198.26,0.0,,,0.0,
2019-02-14,350.0,153.73,0.0,,,0.0,
2019-02-15,275.0,123.46,0.0,,,0.0,
2019-02-16,288.0,112.34,0.0,,,0.0,
2019-02-17,247.0,99.27,0.0,,,0.0,
2019-02-18,278.0,109.11,0.0,,,0.0,
2019-02-19,232.0,126.12,0.0,,,0.0,
2019-02-20,305.0,102.3,0.0,,,0.0,
2019-02-21,158.0,73.33,0.0,,,0.0,
2019-02-22,191.0,73.9,0.0,,,0.0,
2019-02-23,116.0,56.51,0.0,,,0.0,
2019-02-24,169.0,89.34,0.0,,,0.0,
2019-02-25,221.0,92.36,0.0,,,0.0,
2019-02-26,144.0,59.97,0.0,,,0.0,
2019-02-27,112.0,47.18,0.0,,,0.0,
2019-02-28,198.0,96.38,0.0,,,0.0,
2019-03-01,222.0,93.83,0.0,,,0.0,
2019-03-02,227.0,109.6,0.0,,,0.0,
2019-03-03,172.0,62.92,0.0,,,0.0,
2019-03-04,217.0,105.93,0.0,,,0.0,
2019-03-05,173.0,68.86,0.0,,,0.0,
2019-03-06,189.0,83.45,0.0,,,0.0,
2019-03-07,228.0,104.61,0.0,,,0.0,
2019-03-08,220.0,92.07,0.0,,,0.0,
2019-03-09,194.0,73.31,0.0,,,0.0,
2019-03-10,157.0,73.98,0.0,,,0.0,
2019-03-11,190.0,82.17,0.0,,,0.0,
2019-03-12,149.0,57.28,0.0,,,0.0,
2019-03-13,168.0,89.17,0.0,,,0.0,
2019-03-14,281.0,111.2,0.0,,,0.0,
2019-03-15,183.0,74.88,0.0,,,0.0,
2019-03-16,143.0,68.64,0.0,,,0.0,
2019-03-17,198.0,93.61,0.0,,,0.0,
2019-03-18,221.0,100.32,0.0,,,0.0,
2019-03-19,239.0,103.77,0.0,,,0.0,
2019-03-20,234.0,89.82,0.0,,,0.0,
2019-03-21,272.0,112.29,0.0,,,0.0,
2019-03-22,141.0,38.43,0.0,,,0.0,
2019-03-23,131.0,55.62,0.0,,,0.0,
2019-03-24,126.0,53.28,0.0,,,0.0,
2019-03-25,136.0,65.0,0.0,,,0.0,
2019-03-26,162.0,75.82,0.0,,,0.0,
2019-03-27,177.0,78.37,0.0,,,0.0,
2019-03-28,245.0,116.55,0.0,,,0.0,
2019-03-29,273.0,112.67,0.0,,,0.0,
2019-03-30,252.0,102.27,0.0,,,0.0,
2019-03-31,198.0,58.96,0.0,,,0.0,
2019-04-01,153.0,59.08,0.0,,,0.0,
2019-04-02,194.0,90.1,0.0,,,0.0,
2019-04-03,208.0,85.02,0.0,,,0.0,
2019-04-04,260.0,119.71,0.0,,,0.0,
2019-04-05,284.0,125.44,0.0,,,0.0,
2019-04-06,269.0,96.6,0.0,,,0.0,
2019-04-07,315.0,152.91,0.0,,,0.0,
2019-04-08,284.0,81.3,0.0,,,0.0,
2019-04-09,240.0,87.74,0.0,,,0.0,
2019-04-10,263.0,101.94,0.0,,,0.0,
2019-04-11,196.0,70.25,0.0,,,0.0,
2019-04-12,202.0,61.34,0.0,,,0.0,
2019-04-13,175.0,55.93,0.0,,,0.0,
2019-04-14,150.0,51.51,0.0,,,0.0,
2019-04-15,163.0,54.84,0.0,,,0.0,
2019-04-16,206.0,59.08,0.0,,,0.0,
2019-04-17,102.0,22.14,0.0,,,0.0,
2019-04-18,104.0,38.92,0.0,,,0.0,
2019-04-19,151.0,71.62,0.0,,,0.0,
2019-04-20,199.0,90.55,0.0,,,0.0,
2019-04-21,225.0,95.24,0.0,,,0.0,
2019-04-22,246.0,110.16,0.0,,,0.0,
2019-04-23,257.0,104.17,0.0,,,0.0,
2019-04-24,232.0,85.7,0.0,,,0.0,
2019-04-25,251.0,86.41,0.0,,,0.0,
2019-04-26,223.0,82.37,0.0,,,0.0,
2019-04-27,248.0,73.06,0.0,,,0.0,
2019-04-28,269.0,76.44,0.0,,,0.0,
2019-04-29,256.0,84.04,0.0,,,0.0,
2019-04-30,257.0,95.72,0.0,,,0.0,
2019-05-01,285.0,111.57,0.0,,,0.0,
2019-05-02,275.0,77.72,0.0,,,0.0,
2019-05-03,202.0,52.16,0.0,,,0.0,
2019-05-04,182.0,77.96,0.0,,,0.0,
2019-05-05,231.0,101.25,0.0,,,0.0,
2019-05-06,267.0,118.9,0.0,,,0.0,
2019-05-07,310.0,128.78,0.0,,,0.0,
2019-05-08,389.0,143.34,0.0,,,0.0,
2019-05-09,390.0,137.2,0.0,,,0.0,
2019-05-10,333.0,95.07,0.0,,,0.0,
2019-05-11,266.0,101.83,0.0,,,0.0,
2019-05-12,352.0,178.22,0.0,,,0.0,
2019-05-13,376.0,170.81,0.0,,,0.0,
2019-05-14,217.0,58.22,0.0,,,0.0,
2019-05-15,194.0,84.81,0.0,,,0.0,
2019-05-16,192.0,75.45,0.0,,,0.0,
2019-05-17,257.0,92.53,0.0,,,0.0,
2019-05-18,176.0,44.28,0.0,,,0.0,
2019-05-19,168.0,81.99,0.0,,,0.0,
2019-05-20,216.0,93.97,0.0,,,0.0,
2019-05-21,206.0,77.78,0.0,,,0.0,
2019-05-22,167.0,64.24,0.0,,,0.0,
2019-05-23,228.0,92.4,0.0,,,0.0,
2019-05-24,151.0,43.86,0.0,,,0.0,
2019-05-25,125.0,43.66,0.0,,,0.0,
2019-05-26,135.0,55.13,0.0,,,0.0,
2019-05-27,163.0,64.66,0.0,,,0.0,
2019-05-28,175.0,65.82,0.0,,,0.0,
2019-05-29,191.0,74.8,0.0,,,0.0,
2019-05-30,226.0,85.21,0.0,,,0.0,
2019-05-31,266.0,88.57,0.0,,,0.0,
2019-06-01,300.0,95.4,0.0,,,0.0,
2019-06-02,222.0,73.36,0.0,,,0.0,
2019-06-03,232.0,66.94,0.0,,,0.0,
2019-06-04,212.0,54.95,0.0,,,0.0,
2019-06-05,190.0,73.35,0.0,,,0.0,
2019-06-06,209.0,70.61,0.0,,,0.0,
2019-06-07,192.0,54.81,0.0,,,0.0,
2019-06-08,184.0,69.75,0.0,,,0.0,
2019-06-09,237.0,101.05,0.0,,,0.0,
2019-06-10,230.0,74.48,0.0,,,0.0,
2019-06-11,315.0,118.38,0.0,,,0.0,
2019-06-12,280.0,59.86,0.0,,,0.0,
2019-06-13,189.0,52.66,0.0,,,0.0,
2019-06-14,167.0,53.79,0.0,,,0.0,
2019-06-15,217.0,81.86,0.0,,,0.0,
2019-06-16,205.0,42.06,0.0,,,0.0,
2019-06-17,126.0,40.18,0.0,,,0.0,
2019-06-18,119.0,30.39,0.0,,,0.0,
2019-06-19,173.0,79.96,0.0,,,0.0,
2019-06-20,175.0,42.76,0.0,,,0.0,
2019-06-21,178.0,71.15,0.0,,,0.0,
2019-06-22,185.0,68.27,0.0,,,0.0,
2019-06-23,153.0,42.06,0.0,,,0.0,
2019-06-24,118.0,26.29,0.0,,,0.0,
2019-06-25,131.0,53.65,0.0,,,0.0,
2019-06-26,161.0,67.36,0.0,,,0.0,
2019-06-27,169.0,65.3,0.0,,,0.0,
2019-06-28,207.0,61.21,0.0,,,0.0,
2019-06-29,223.0,58.08,0.0,,,0.0,
2019-06-30,234.0,65.24,0.0,,,0.0,
2019-07-01,195.0,57.27,0.0,,,0.0,
2019-07-02,202.0,71.68,0.0,,,0.0,
2019-07-03,162.0,39.99,0.0,,,0.0,
2019-07-04,111.0,36.82,0.0,,,0.0,
2019-07-05,113.0,48.6,0.0,,,0.0,
2019-07-06,99.0,34.25,0.0,,,0.0,
2019-07-07,101.0,38.81,0.0,,,0.0,
2019-07-08,129.0,49.12,0.0,,,0.0,
2019-07-09,131.0,42.56,0.0,,,0.0,
2019-07-10,150.0,69.21,0.0,,,0.0,
2019-07-11,300.0,76.99,0.0,,,0.0,
2019-07-12,294.0,76.35,0.0,,,0.0,
2019-07-13,312.0,63.18,0.0,,,0.0,
2019-07-14,243.0,63.16,0.0,,,0.0,
2019-07-15,180.0,42.04,0.0,,,0.0,
2019-07-16,117.0,31.51,0.0,,,0.0,
2019-07-17,92.0,32.06,0.0,,,0.0,
2019-07-18,98.0,32.92,0.0,,,0.0,
2019-07-19,142.0,63.02,0.0,,,0.0,
2019-07-20,137.0,46.43,0.0,,,0.0,
2019-07-21,123.0,50.57,0.0,,,0.0,
2019-07-22,124.0,60.38,0.0,,,0.0,
2019-07-23,156.0,73.08,0.0,,,0.0,
2019-07-24,165.0,63.26,0.0,,,0.0,
2019-07-25,98.0,22.79,0.0,,,0.0,
2019-07-26,94.0,30.63,0.0,,,0.0,
2019-07-27,85.0,26.16,0.0,,,0.0,
2019-07-28,83.0,21.13,0.0,,,0.0,
2019-07-29,82.0,24.45,0.0,,,0.0,
2019-07-30,90.0,30.1,0.0,,,0.0,
2019-07-31,90.0,30.22,0.0,,,0.0,
2019-08-01,98.0,34.26,0.0,,,0.0,
2019-08-02,95.0,35.06,0.0,,,0.0,
2019-08-03,104.0,38.54,0.0,,,0.0,
2019-08-04,101.0,46.69,0.0,,,0.0,
2019-08-05,108.0,52.2,0.0,,,0.0,
2019-08-06,99.0,30.04,0.0,,,0.0,
2019-08-07,104.0,32.63,0.0,,,0.0,
2019-08-08,99.0,27.69,0.0,,,0.0,
2019-08-09,89.0,14.59,0.0,,,0.0,
2019-08-10,75.0,16.73,0.0,,,0.0,
2019-08-11,83.0,25.53,0.0,,,0.0,
2019-08-12,80.0,20.53,0.0,,,0.0,
2019-08-13,85.0,21.68,0.0,,,0.0,
2019-08-14,93.0,33.21,0.0,,,0.0,
2019-08-15,93.0,28.78,0.0,,,0.0,
2019-08-16,73.0,15.52,0.0,,,0.0,
2019-08-17,67.0,10.24,0.0,,,0.0,
2019-08-18,66.0,15.51,0.0,,,0.0,
2019-08-19,99.0,38.55,0.0,,,0.0,
2019-08-20,103.0,41.74,0.0,,,0.0,
2019-08-21,107.0,46.69,0.0,,,0.0,
2019-08-22,125.0,44.16,0.0,,,0.0,
2019-08-23,130.0,50.49,0.0,,,0.0,
2019-08-24,149.0,60.71,0.0,,,0.0,
2019-08-25,107.0,33.49,0.0,,,0.0,
2019-08-26,77.0,25.06,0.0,,,0.0,
2019-08-27,114.0,40.68,0.0,,,0.0,
2019-08-28,119.0,42.04,0.0,,,0.0,
2019-08-29,103.0,33.92,0.0,,,0.0,
2019-08-30,110.0,43.5,0.0,,,0.0,
2019-08-31,123.0,57.16,0.0,,,0.0,
2019-09-01,123.0,35.13,0.0,,,0.0,
2019-09-02,105.0,46.15,0.0,,,0.0,
2019-09-03,131.0,70.64,0.0,,,0.0,
2019-09-04,165.0,73.33,0.0,,,0.0,
2019-09-05,118.0,33.9,0.0,,,0.0,
2019-09-06,96.0,35.81,0.0,,,0.0,
2019-09-07,95.0,34.98,0.0,,,0.0,
2019-09-08,99.0,32.83,0.0,,,0.0,
2019-09-09,107.0,56.31,0.0,,,0.0,
2019-09-10,139.0,64.48,0.0,,,0.0,
2019-09-11,166.0,79.6,0.0,,,0.0,
2019-09-12,158.0,57.83,0.0,,,0.0,
2019-09-13,103.0,33.59,0.0,,,0.0,
2019-09-14,85.0,26.65,0.0,,,0.0,
2019-09-15,83.0,35.52,0.0,,,0.0,
2019-09-16,111.0,56.6,0.0,,,0.0,
2019-09-17,143.0,59.14,0.0,,,0.0,
2019-09-18,117.0,35.41,0.0,,,0.0,
2019-09-19,80.0,21.74,0.0,,,0.0,
2019-09-20,96.0,40.33,0.0,,,0.0,
2019-09-21,112.0,39.23,0.0,,,0.0,
2019-09-22,86.0,26.51,0.0,,,0.0,
2019-09-23,89.0,34.46,0.0,,,0.0,
2019-09-24,103.0,35.88,0.0,,,0.0,
2019-09-25,100.0,30.52,0.0,,,0.0,
2019-09-26,87.0,22.9,0.0,,,0.0,
2019-09-27,78.0,15.66,0.0,,,0.0,
2019-09-28,78.0,22.52,0.0,,,0.0,
2019-09-29,68.0,16.91,0.0,,,0.0,
2019-09-30,75.0,29.42,0.0,,,0.0,
2019-10-01,98.0,33.92,0.0,,,0.0,
2019-10-02,105.0,40.16,0.0,,,0.0,
2019-10-03,140.0,57.99,0.0,,,0.0,
2019-10-04,113.0,43.07,0.0,,,0.0,
2019-10-05,108.0,39.48,0.0,,,0.0,
2019-10-06,127.0,58.75,0.0,,,0.0,
2019-10-07,133.0,55.88,0.0,,,0.0,
2019-10-08,123.0,44.85,0.0,,,0.0,
2019-10-09,165.0,77.02,0.0,,,0.0,
2019-10-10,208.0,100.82,0.0,,,0.0,
2019-10-11,243.0,98.07,0.0,,,0.0,
2019-10-12,235.0,103.45,0.0,,,0.0,
2019-10-13,282.0,132.57,0.0,,,0.0,
2019-10-14,285.0,116.33,0.0,,,0.0,
2019-10-15,291.0,133.35,0.0,,,0.0,
2019-10-16,320.0,146.37,0.0,,,0.0,
2019-10-17,300.0,121.68,0.0,,,0.0,
2019-10-18,265.0,90.41,0.0,,,0.0,
2019-10-19,170.0,76.77,0.0,,,0.0,
2019-10-20,242.0,98.05,0.0,,,0.0,
2019-10-21,254.0,115.16,0.0,,,0.0,
2019-10-22,243.0,93.51,0.0,,,0.0,
2019-10-23,248.0,122.12,0.0,,,0.0,
2019-10-24,335.0,173.56,0.0,,,0.0,
2019-10-25,331.0,129.9,0.0,,,0.0,
2019-10-26,315.0,148.73,0.0,,,0.0,
2019-10-27,354.0,198.81,0.0,,,0.0,
2019-10-28,417.0,301.39,0.0,,,0.0,
2019-10-29,419.0,287.56,0.0,,,0.0,
2019-10-30,452.0,279.32,0.0,,,0.0,
2019-10-31,460.0,314.32,0.0,,,0.0,
2019-11-01,591.0,388.45,0.0,,,0.0,
2019-11-02,473.0,320.26,0.0,,,0.0,
2019-11-03,659.0,582.28,0.0,,,0.0,
2019-11-04,532.0,272.3,0.0,,,0.0,
2019-11-05,385.0,190.41,0.0,,,0.0,
2019-11-06,265.0,101.09,0.0,,,0.0,
2019-11-07,296.0,182.47,0.0,,,0.0,
2019-11-08,346.0,154.14,0.0,,,0.0,
2019-11-09,321.0,140.8,0.0,,,0.0,
2019-11-10,339.0,192.35,0.0,,,0.0,
2019-11-11,376.0,252.48,0.0,,,0.0,
2019-11-12,475.0,384.34,0.0,,,0.0,
2019-11-13,532.0,383.36,0.0,,,0.0,
2019-11-14,537.0,371.42,0.0,,,0.0,
2019-11-15,595.0,423.52,0.0,,,0.0,
2019-11-16,438.0,174.03,0.0,,,0.0,
2019-11-17,273.0,96.34,0.0,,,0.0,
2019-11-18,245.0,108.4,0.0,,,0.0,
2019-11-19,251.0,126.92,0.0,,,0.0,
2019-11-20,315.0,175.19,0.0,,,0.0,
2019-11-21,375.0,217.7,0.0,,,0.0,
2019-11-22,377.0,201.17,0.0,,,0.0,
2019-11-23,334.0,130.41,0.0,,,0.0,
2019-11-24,264.0,107.86,0.0,,,0.0,
2019-11-25,269.0,122.37,0.0,,,0.0,
2019-11-26,284.0,114.27,0.0,,,0.0,
2019-11-27,166.0,65.7,0.0,,,0.0,
2019-11-28,106.0,31.03,0.0,,,0.0,
2019-11-29,89.0,53.79,0.0,,,0.0,
2019-11-30,175.0,96.96,0.0,,,0.0,
2019-12-01,257.0,123.66,0.0,,,0.0,
2019-12-02,299.0,141.12,0.0,,,0.0,
2019-12-03,302.0,140.07,0.0,,,0.0,
2019-12-04,313.0,163.24,0.0,,,0.0,
2019-12-05,389.0,271.99,0.0,,,0.0,
2019-12-06,423.0,241.69,0.0,,,0.0,
2019-12-07,382.0,233.79,0.0,,,0.0,
2019-12-08,404.0,239.98,0.0,,,0.0,
2019-12-09,371.0,200.33,0.0,,,0.0,
2019-12-10,377.0,236.4,0.0,,,0.0,
2019-12-11,430.0,299.85,0.0,,,0.0,
2019-12-12,471.0,284.18,0.0,,,0.0,
2019-12-13,322.0,94.62,0.0,,,0.0,
2019-12-14,179.0,78.59,0.0,,,0.0,
2019-12-15,205.0,94.67,0.0,,,0.0,
2019-12-16,202.0,88.05,0.0,,,0.0,
2019-12-17,178.0,93.07,0.0,,,0.0,
2019-12-18,273.0,144.0,0.0,,,0.0,
2019-12-19,354.0,261.16,0.0,,,0.0,
2019-12-20,452.0,316.09,0.0,,,0.0,
2019-12-21,441.0,249.87,0.0,,,0.0,
2019-12-22,351.0,146.81,0.0,,,0.0,
2019-12-23,321.0,171.47,0.0,,,0.0,
2019-12-24,376.0,262.69,0.0,,,0.0,
2019-12-25,384.0,166.71,0.0,,,0.0,
2019-12-26,340.0,196.97,0.0,,,0.0,
2019-12-27,372.0,240.07,0.0,,,0.0,
2019-12-28,425.0,275.6,0.0,,,0.0,
2019-12-29,455.0,326.79,0.0,,,0.0,
2019-12-30,506.0,333.43,0.0,,,0.0,
2019-12-31,417.0,245.53,0.0,,,0.0,
2020-01-01,492.0,372.14,0.0,,,0.0,
2020-01-02,485.0,327.04,0.0,,,0.0,
2020-01-03,426.0,228.9,0.0,,,0.0,
2020-01-04,366.0,220.6,0.0,,,0.0,
2020-01-05,354.0,170.21,0.0,,,0.0,
2020-01-06,335.0,159.64,0.0,,,0.0,
2020-01-07,285.0,120.31,0.0,,,0.0,
2020-01-08,281.0,117.98,0.0,,,0.0,
2020-01-09,231.0,89.26,0.0,,,0.0,
2020-01-10,255.0,130.82,0.0,,,0.0,
2020-01-11,309.0,151.1,0.0,,,0.0,
2020-01-12,352.0,207.23,0.0,,,0.0,
2020-01-13,381.0,218.98,0.0,,,0.0,
2020-01-14,314.0,115.62,0.0,,,0.0,
2020-01-15,241.0,111.57,0.0,,,0.0,
2020-01-16,286.0,139.06,0.0,,,0.0,
2020-01-17,287.0,107.65,0.0,,,0.0,
2020-01-18,262.0,125.3,0.0,,,0.0,
2020-01-19,290.0,125.04,0.0,,,0.0,
2020-01-20,282.0,142.18,0.0,,,0.0,
2020-01-21,359.0,222.81,0.0,,,0.0,
2020-01-22,378.0,198.88,0.0,,,0.0,
2020-01-23,273.0,74.45,0.0,,,0.0,
2020-01-24,155.0,79.83,0.0,,,0.0,
2020-01-25,251.0,136.72,0.0,,,0.0,
2020-01-26,349.0,201.2,0.0,,,0.0,
2020-01-27,365.0,209.97,0.0,,,0.0,
2020-01-28,302.0,104.45,0.0,,,0.0,
2020-01-29,218.0,77.95,0.0,,,0.0,
2020-01-30,195.0,91.56,0.0,,,0.0,
2020-01-31,203.0,92.04,0.0,,,0.0,
2020-02-01,244.0,112.13,0.0,,,0.0,
2020-02-02,254.0,120.86,0.0,,,0.0,
2020-02-03,297.0,138.5,0.0,,,0.0,
2020-02-04,336.0,188.42,0.0,,,0.0,
2020-02-05,344.0,150.08,0.0,,,0.0,
2020-02-06,277.0,118.57,0.0,,,0.0,
2020-02-07,307.0,150.15,0.0,,,0.0,
2020-02-08,315.0,149.67,0.0,,,0.0,
2020-02-09,310.0,151.43,0.0,,,0.0,
2020-02-10,328.0,174.4,0.0,,,0.0,
2020-02-11,347.0,176.57,0.0,,,0.0,
2020-02-12,343.0,172.12,0.0,,,0.0,
2020-02-13,279.0,95.72,0.0,,,0.0,
2020-02-14,186.0,73.84,0.0,,,0.0,
2020-02-15,174.0,83.07,0.0,,,0.0,
2020-02-16,254.0,132.63,0.0,,,0.0,
2020-02-17,323.0,158.69,0.0,,,0.0,
2020-02-18,292.0,125.53,0.0,,,0.0,
2020-02-19,300.0,138.46,0.0,,,0.0,
2020-02-20,253.0,98.84,0.0,,,0.0,
2020-02-21,170.0,53.11,0.0,,,0.0,
2020-02-22,104.0,63.62,0.0,,,0.0,
2020-02-23,221.0,105.71,0.0,,,0.0,
2020-02-24,169.0,70.59,0.0,,,0.0,
2020-02-25,244.0,127.75,0.0,,,0.0,
2020-02-26,303.0,141.81,0.0,,,0.0,
2020-02-27,270.0,107.28,0.0,,,0.0,
2020-02-28,214.0,83.48,0.0,,,0.0,
2020-02-29,144.0,60.01,0.0,,,0.0,
2020-03-01,105.0,42.83,0.0,,,0.0,
2020-03-02,192.0,99.34,0.0,,,0.0,
2020-03-03,226.0,86.26,0.0,,,0.0,
2020-03-04,200.0,82.9,0.0,,,0.0,
2020-03-05,112.0,31.43,0.0,,,0.0,
2020-03-06,82.0,21.32,0.0,,,0.0,
2020-03-07,77.0,40.96,0.0,,,0.0,
2020-03-08,156.0,72.1,0.0,,,0.0,
2020-03-09,138.0,58.04,0.0,,,0.0,
2020-03-10,186.0,84.35,0.0,,,0.0,
2020-03-11,128.0,55.19,0.0,,,0.0,
2020-03-12,125.0,56.92,0.0,,,0.0,
2020-03-13,170.0,68.72,0.0,,,0.0,
2020-03-14,131.0,39.41,0.0,,,0.0,
2020-03-15,124.0,60.99,0.0,,,0.0,
2020-03-16,148.0,61.61,0.0,,,0.0,
2020-03-17,164.0,69.7,0.0,,,0.0,
2020-03-18,162.0,68.93,0.0,,,0.0,
2020-03-19,191.0,90.62,0.0,,,0.0,
2020-03-20,209.0,90.31,0.0,,,0.0,
2020-03-21,205.0,82.39,0.0,,,0.0,
2020-03-22,198.0,78.61,0.0,,,0.0,
2020-03-23,127.0,54.26,0.0,,,0.0,
2020-03-24,124.0,55.85,0.0,,,0.0,
2020-03-25,92.0,37.87,0.0,,,0.0,
2020-03-26,93.0,45.69,0.0,,,0.0,
2020-03-27,76.0,26.89,0.0,,,0.0,
2020-03-28,51.0,21.23,0.0,,,0.0,
2020-03-29,64.0,27.59,0.0,,,0.0,
2020-03-30,74.0,35.08,0.0,,,0.0,
2020-03-31,81.0,35.31,0.0,,,0.0,
2020-04-01,80.0,32.88,0.0,,,0.0,
2020-04-02,78.0,28.51,0.0,,,0.0,
2020-04-03,84.0,31.36,0.0,,,0.0,
2020-04-04,90.0,40.79,0.0,,,0.0,
2020-04-05,103.0,51.79,0.0,,,0.0,
2020-04-06,134.0,59.91,0.0,,,0.0,
2020-04-07,100.0,33.12,0.0,,,0.0,
2020-04-08,91.0,29.7,0.0,,,0.0,
2020-04-09,89.0,36.13,0.0,,,0.0,
2020-04-10,111.0,57.67,0.0,,,0.0,
2020-04-11,126.0,53.03,0.0,,,0.0,
2020-04-12,102.0,38.57,0.0,,,0.0,
2020-04-13,119.0,60.6,0.0,,,0.0,
2020-04-14,134.0,58.22,0.0,,,0.0,
2020-04-15,152.0,58.31,0.0,,,0.0,
2020-04-16,172.0,69.8,0.0,,,0.0,
2020-04-17,123.0,26.93,0.0,,,0.0,
2020-04-18,102.0,29.09,0.0,,,0.0,
2020-04-19,95.0,35.49,0.0,,,0.0,
2020-04-20,115.0,52.86,0.0,,,0.0,
2020-04-21,102.0,37.17,0.0,,,0.0,
2020-04-22,122.0,58.25,0.0,,,0.0,
2020-04-23,129.0,54.71,0.0,,,0.0,
2020-04-24,143.0,65.91,0.0,,,0.0,
2020-04-25,121.0,33.09,0.0,,,0.0,
2020-04-26,119.0,40.24,0.0,,,0.0,
2020-04-27,98.0,27.18,0.0,,,0.0,
2020-04-28,105.0,41.75,0.0,,,0.0,
2020-04-29,123.0,55.18,0.0,,,0.0,
2020-04-30,128.0,49.96,0.0,,,0.0,
2020-05-01,140.0,61.04,0.0,,,0.0,
2020-05-02,127.0,34.67,0.0,,,0.0,
2020-05-03,110.0,32.56,0.0,,,0.0,
2020-05-04,92.0,26.63,0.0,,,0.0,
2020-05-05,117.0,56.24,0.0,,,0.0,
2020-05-06,139.0,58.44,0.0,,,0.0,
2020-05-07,140.0,36.02,0.0,,,0.0,
2020-05-08,138.0,51.09,0.0,,,0.0,
2020-05-09,142.0,54.18,0.0,,,0.0,
2020-05-10,127.0,44.3,0.0,,,0.0,
2020-05-11,113.0,43.26,0.0,,,0.0,
2020-05-12,122.0,43.19,0.0,,,0.0,
2020-05-13,132.0,68.8,0.0,,,0.0,
2020-05-14,154.0,56.17,0.0,,,0.0,
2020-05-15,125.0,47.44,0.0,,,0.0,
2020-05-16,175.0,81.87,0.0,,,0.0,
2020-05-17,202.0,98.63,0.0,,,0.0,
2020-05-18,222.0,101.02,0.0,,,0.0,
2020-05-19,238.0,106.63,0.0,,,0.0,
2020-05-20,196.0,67.8,0.0,,,0.0,
2020-05-21,149.0,55.92,0.0,,,0.0,
2020-05-22,199.0,94.37,0.0,,,0.0,
2020-05-23,202.0,74.92,0.0,,,0.0,
2020-05-24,174.0,55.37,0.0,,,0.0,
2020-05-25,157.0,61.46,0.0,,,0.0,
2020-05-26,153.0,55.38,0.0,,,0.0,
2020-05-27,156.0,43.22,0.0,,,0.0,
2020-05-28,174.0,39.07,0.0,,,0.0,
2020-05-29,129.0,24.62,0.0,,,0.0,
2020-05-30,84.0,23.09,0.0,,,0.0,
2020-05-31,80.0,21.51,0.0,,,0.0,
2020-06-01,100.0,41.05,0.0,,,0.0,
2020-06-02,123.0,45.9,0.0,,,0.0,
2020-06-03,123.0,50.62,0.0,,,0.0,
2020-06-04,144.0,68.24,0.0,,,0.0,
2020-06-05,126.0,42.43,0.0,,,0.0,
2020-06-06,102.0,35.14,0.0,,,0.0,
2020-06-07,104.0,39.99,0.0,,,0.0,
2020-06-08,112.0,46.9,0.0,,,0.0,
2020-06-09,138.0,64.77,0.0,,,0.0,
2020-06-10,154.0,58.9,0.0,,,0.0,
2020-06-11,142.0,54.69,0.0,,,0.0,
2020-06-12,152.0,64.0,0.0,,,0.0,
2020-06-13,132.0,52.36,0.0,,,0.0,
2020-06-14,147.0,71.08,0.0,,,0.0,
2020-06-15,130.0,48.69,0.0,,,0.0,
2020-06-16,126.0,39.87,0.0,,,0.0,
2020-06-17,110.0,34.35,0.0,,,0.0,
2020-06-18,107.0,36.84,0.0,,,0.0,
2020-06-19,132.0,57.6,0.0,,,0.0,
2020-06-20,158.0,35.96,0.0,,,0.0,
2020-06-21,105.0,39.7,0.0,,,0.0,
2020-06-22,104.0,39.47,0.0,,,0.0,
2020-06-23,85.0,29.02,0.0,,,0.0,
2020-06-24,71.0,30.91,0.0,,,0.0,
2020-06-25,86.0,38.37,0.0,,,0.0,
2020-06-26,104.0,50.01,0.0,,,0.0,
2020-06-27,112.0,39.8,0.0,,,0.0,
2020-06-28,196.0,59.52,0.0,,,0.0,
2020-06-29,233.0,44.86,0.0,,,0.0,
2020-06-30,114.0,39.8,0.0,,,0.0,
2020-07-01,101.0,54.01,0.0,,,0.0,
2020-01-25,154.0,53.0,0.0,,,0.0,
2020-01-26,153.0,58.31,0.0,,,0.0,
2020-01-27,159.0,53.06,0.0,,,0.0,
2020-01-28,180.0,60.99,0.0,,,0.0,
2020-01-29,127.0,57.41,0.0,,,0.0,
2020-01-30,96.0,43.89,0.0,,,0.0,
2020-01-31,89.0,35.45,0.0,,,0.0,
2020-02-01,86.0,38.01,0.0,,,0.0,
2020-02-02,77.0,38.63,0.0,,,0.0,
2020-02-03,80.0,40.97,0.0,,,0.0,
2020-02-04,92.0,54.34,0.0,,,0.0,
2020-02-05,97.0,52.85,0.0,,,0.0,
2020-02-06,95.0,35.61,0.0,,,0.0,
2020-02-07,98.0,42.18,0.0,,,0.0,
2020-02-08,96.0,36.49,0.0,,,0.0,
2020-02-09,86.0,36.94,0.0,,,0.0,
2020-02-10,91.0,39.27,0.0,,,0.0,
2020-02-11,104.0,38.45,0.0,,,0.0,
2020-02-12,101.0,51.09,0.0,,,0.0,
2020-02-13,92.0,39.8,0.0,,,0.0,
2020-02-14,108.0,49.84,0.0,,,0.0,
2020-02-15,99.0,33.41,0.0,,,0.0,
2020-02-16,106.0,39.71,0.0,,,0.0,
2020-02-17,96.0,50.63,0.0,,,0.0,
2020-02-18,93.0,49.29,0.0,,,0.0,
2020-02-19,133.0,78.27,0.0,,,0.0,
2020-02-20,114.0,55.37,0.0,,,0.0,
2020-02-21,102.0,59.74,0.0,,,0.0,
2020-02-22,96.0,47.75,0.0,,,0.0,
2020-02-23,76.0,37.76,0.0,,,0.0,
2020-02-24,90.0,44.43,0.0,,,0.0,
2020-02-25,94.0,42.85,0.0,,,0.0,
2020-02-26,96.0,52.33,0.0,,,0.0,
2020-02-27,95.0,46.96,0.0,,,0.0,
2020-02-28,102.0,47.25,0.0,,,0.0,
2020-02-29,94.0,35.35,0.0,,,0.0,
2020-03-01,79.0,34.65,0.0,,,0.0,
2020-03-02,89.0,35.76,0.0,,,0.0,
2020-03-03,101.0,27.97,0.0,,,0.0,
2020-03-04,102.0,30.85,0.0,,,0.0,
2020-03-05,104.0,37.26,0.0,,,0.0,
2020-03-06,104.0,30.91,0.0,,,0.0,
2020-03-07,86.0,18.17,0.0,,,0.0,
2020-03-08,88.0,27.59,0.0,,,0.0,
2020-03-09,90.0,24.22,0.0,,,0.0,
2020-03-10,77.0,32.43,0.0,,,0.0,
2020-03-12,88.0,13.87,0.0,,,0.0,
2020-03-14,94.0,27.79,0.0,,,0.0,
2020-03-15,87.0,37.26,0.0,,,0.0,
2020-03-16,93.0,37.0,0.0,,,0.0,
2020-03-17,98.0,45.49,0.0,,,0.0,
2020-03-18,99.0,46.85,0.0,,,0.0,
2020-03-19,100.0,39.62,0.0,,,0.0,
2020-03-20,98.0,33.6,0.0,,,0.0,
2020-03-21,92.0,31.66,0.0,,,0.0,
2020-03-22,69.0,20.49,0.0,,,0.0,
2020-03-23,70.0,17.84,0.0,,,0.0,
2020-03-24,74.0,24.79,0.0,,,0.0,
2020-03-25,61.0,15.93,0.0,,,0.0,
2020-03-26,59.0,20.66,0.0,,,0.0,
2020-03-27,64.0,30.79,0.0,,,0.0,
2020-03-28,63.0,30.1,0.0,,,0.0,
2020-03-29,56.0,,0.0,,,0.0,
2020-03-31,68.0,22.11,0.0,,,0.0,
2020-04-01,66.0,22.8,0.0,,,0.0,
2020-04-02,68.0,29.16,0.0,,,0.0,
2020-04-03,69.0,23.25,0.0,,,0.0,
2020-04-04,67.0,21.57,0.0,,,0.0,
2020-04-05,64.0,16.04,0.0,,,0.0,
2020-04-06,63.0,9.54,0.0,,,0.0,
2020-04-07,67.0,11.39,0.0,,,0.0,
2020-04-08,75.0,18.28,0.0,,,0.0,
2020-04-09,66.0,17.75,0.0,,,0.0,
2020-04-10,61.0,14.42,0.0,,,0.0,
2020-04-11,62.0,17.2,0.0,,,0.0,
2020-04-12,65.0,14.17,0.0,,,0.0,
2020-04-13,77.0,22.86,0.0,,,0.0,
2020-04-14,77.0,24.44,0.0,,,0.0,
2020-04-15,71.0,14.38,0.0,,,0.0,
2020-04-16,69.0,16.74,0.0,,,0.0,
2020-04-17,72.0,17.05,0.0,,,0.0,
2020-04-18,75.0,15.67,0.0,,,0.0,
2020-04-19,78.0,21.2,0.0,,,0.0,
2020-04-20,78.0,16.12,0.0,,,0.0,
2020-04-21,77.0,9.52,0.0,,,0.0,
2020-04-22,68.0,12.31,0.0,,,0.0,
2020-04-23,70.0,23.42,0.0,,,0.0,
2020-04-24,64.0,20.69,0.0,,,0.0,
2020-04-25,55.0,19.38,0.0,,,0.0,
2020-04-26,59.0,18.44,0.0,,,0.0,
2020-04-27,72.0,14.88,0.0,,,0.0,
2020-04-28,80.0,16.31,0.0,,,0.0,
2020-04-29,80.0,14.14,0.0,,,0.0,
2020-04-30,88.0,19.22,0.0,,,0.0,
2020-05-01,86.0,17.29,0.0,,,0.0,
2020-05-02,91.0,19.22,0.0,,,0.0,
2020-05-03,88.0,19.66,0.0,,,0.0,
2020-05-04,94.0,19.04,0.0,,,0.0,
2020-05-05,99.0,24.34,0.0,,,0.0,
2020-05-06,101.0,24.61,0.0,,,0.0,
2020-05-07,83.0,10.07,0.0,,,0.0,
2020-05-08,92.0,9.96,0.0,,,0.0,
2020-05-09,99.0,13.76,0.0,,,0.0,
2020-05-10,94.0,18.07,0.0,,,0.0,
2020-05-11,93.0,11.07,0.0,,,0.0,
2020-05-12,104.0,23.83,0.0,,,0.0,
2020-05-13,102.0,13.66,0.0,,,0.0,
2020-05-14,105.0,18.49,0.0,,,0.0,
2020-05-15,103.0,16.93,0.0,,,0.0,
2020-05-16,96.0,11.0,0.0,,,0.0,
2020-05-17,100.0,14.54,0.0,,,0.0,
2020-05-18,106.0,20.78,0.0,,,0.0,
2020-05-19,113.0,18.82,0.0,,,0.0,
2020-05-20,107.0,9.3,0.0,,,0.0,
2020-05-21,97.0,8.23,0.0,,,0.0,
2020-05-22,92.0,9.15,0.0,,,0.0,
2020-05-23,101.0,16.41,0.0,,,0.0,
2020-05-24,88.0,15.75,0.0,,,0.0,
2020-05-25,96.0,17.83,0.0,,,0.0,
2020-05-26,100.0,12.81,0.0,,,0.0,
2020-05-27,105.0,18.49,0.0,,,0.0,
2020-05-28,103.0,12.41,0.0,,,0.0,
2020-05-29,102.0,12.57,0.0,,,0.0,
2020-05-30,93.0,8.58,0.0,,,0.0,
2020-05-31,81.0,5.54,0.0,,,0.0,
2020-06-01,95.0,8.58,0.0,,,0.0,
2020-06-02,95.0,4.85,0.0,,,0.0,
2020-06-03,96.0,5.91,0.0,,,0.0,
2020-06-04,90.0,3.48,0.0,,,0.0,
2020-06-05,102.0,6.91,0.0,,,0.0,
2020-06-06,103.0,5.95,0.0,,,0.0,
2020-06-07,98.0,10.01,0.0,,,0.0,
2020-06-08,105.0,10.29,0.0,,,0.0,
2020-06-09,110.0,16.7,0.0,,,0.0,
2020-06-10,108.0,15.66,0.0,,,0.0,
2020-06-11,108.0,10.79,0.0,,,0.0,
2020-06-12,115.0,19.09,0.0,,,0.0,
2020-06-13,114.0,16.22,0.0,,,0.0,
2020-06-14,100.0,7.86,0.0,,,0.0,
2020-06-15,81.0,10.34,0.0,,,0.0,
2020-06-16,100.0,6.49,0.0,,,0.0,
2020-06-20,106.0,19.85,0.0,,,0.0,
2020-06-21,103.0,5.71,0.0,,,0.0,
2020-06-22,109.0,13.24,0.0,,,0.0,
2020-06-23,110.0,14.8,0.0,,,0.0,
2020-06-24,113.0,23.73,0.0,,,0.0,
2020-06-25,106.0,10.63,0.0,,,0.0,
2020-06-26,104.0,5.8,0.0,,,0.0,
2020-06-27,108.0,12.14,0.0,,,0.0,
2020-06-28,106.0,8.97,0.0,,,0.0,
2020-06-29,109.0,12.22,0.0,,,0.0,
2020-06-30,109.0,11.87,0.0,,,0.0,
2020-07-01,111.0,5.88,0.0,,,0.0,
2016-01-23,202.0,87.51,0.0,,,0.0,
2016-01-24,209.0,106.22,0.0,,,0.0,
2016-01-26,257.0,124.33,0.0,,,0.0,
2016-02-03,90.0,58.63,0.0,,,0.0,
2016-02-04,95.0,52.91,0.0,,,0.0,
2016-02-05,164.0,103.23,0.0,,,0.0,
2016-02-19,357.0,199.01,0.0,,,0.0,
2016-02-24,336.0,175.8,0.0,,,0.0,
2016-02-25,322.0,137.28,0.0,,,0.0,
2016-02-26,312.0,143.83,0.0,,,0.0,
2016-02-27,343.0,180.83,0.0,,,0.0,
2016-02-28,359.0,201.17,0.0,,,0.0,
2016-02-29,346.0,182.54,0.0,,,0.0,
2016-03-01,364.0,211.21,0.0,,,0.0,
2016-03-02,379.0,247.27,0.0,,,0.0,
2016-03-03,460.0,348.88,0.0,,,0.0,
2016-03-04,445.0,,0.0,,,0.0,
2016-03-08,244.0,97.88,0.0,,,0.0,
2016-03-09,442.0,539.41,0.0,,,0.0,
2016-03-10,676.0,914.94,0.0,,,0.0,
2016-03-27,180.0,79.43,0.0,,,0.0,
2016-03-28,341.0,197.75,0.0,,,0.0,
2016-03-29,208.0,124.42,0.0,,,0.0,
2016-03-30,367.0,264.74,0.0,,,0.0,
2016-03-31,401.0,186.4,0.0,,,0.0,
2016-04-01,325.0,66.52,0.0,,,0.0,
2016-04-09,266.0,99.83,0.0,,,0.0,
2016-04-10,190.0,83.23,0.0,,,0.0,
2016-04-11,186.0,84.45,0.0,,,0.0,
2016-04-12,144.0,70.79,0.0,,,0.0,
2016-04-13,156.0,82.6,0.0,,,0.0,
2016-04-14,202.0,84.9,0.0,,,0.0,
2016-04-15,228.0,109.9,0.0,,,0.0,
2016-04-16,276.0,107.76,0.0,,,0.0,
2016-04-17,192.0,81.36,0.0,,,0.0,
2016-04-18,144.0,77.24,0.0,,,0.0,
2016-04-19,244.0,115.4,0.0,,,0.0,
2016-04-20,300.0,163.99,0.0,,,0.0,
2016-04-21,325.0,128.32,0.0,,,0.0,
2016-04-22,305.0,123.29,0.0,,,0.0,
2016-04-23,250.0,92.07,0.0,,,0.0,
2016-04-24,278.0,128.13,0.0,,,0.0,
2016-04-25,287.0,114.51,0.0,,,0.0,
2016-04-26,278.0,63.16,0.0,,,0.0,
2016-04-29,345.0,173.82,0.0,,,0.0,
2016-04-30,332.0,171.35,0.0,,,0.0,
2016-05-01,346.0,164.46,0.0,,,0.0,
2016-05-02,327.0,146.44,0.0,,,0.0,
2016-05-03,346.0,164.68,0.0,,,0.0,
2016-05-04,299.0,129.44,0.0,,,0.0,
2016-05-05,280.0,100.09,0.0,,,0.0,
2016-05-06,197.0,82.65,0.0,,,0.0,
2016-05-07,224.0,104.17,0.0,,,0.0,
2016-05-08,252.0,100.13,0.0,,,0.0,
2016-05-09,183.0,77.1,0.0,,,0.0,
2016-05-10,155.0,63.89,0.0,,,0.0,
2016-05-11,90.0,53.98,0.0,,,0.0,
2016-05-12,112.0,75.08,0.0,,,0.0,
2016-05-13,187.0,103.68,0.0,,,0.0,
2016-05-14,259.0,98.72,0.0,,,0.0,
2016-05-15,236.0,90.87,0.0,,,0.0,
2016-05-16,182.0,91.92,0.0,,,0.0,
2016-05-17,166.0,67.44,0.0,,,0.0,
2016-05-18,207.0,99.74,0.0,,,0.0,
2016-05-19,193.0,83.2,0.0,,,0.0,
2016-05-20,151.0,75.28,0.0,,,0.0,
2016-05-21,139.0,66.97,0.0,,,0.0,
2016-05-22,124.0,78.33,0.0,,,0.0,
2016-05-23,212.0,100.13,0.0,,,0.0,
2016-05-24,148.0,40.55,0.0,,,0.0,
2016-05-25,116.0,82.76,0.0,,,0.0,
2016-05-26,203.0,113.01,0.0,,,0.0,
2016-05-27,345.0,231.94,0.0,,,0.0,
2016-05-28,358.0,111.43,0.0,,,0.0,
2016-05-29,107.0,3.46,0.0,,,0.0,
2016-05-30,62.0,3.7,0.0,,,0.0,
2016-05-31,48.0,27.61,0.0,,,0.0,
2016-06-01,79.0,58.12,0.0,,,0.0,
2016-06-02,133.0,81.56,0.0,,,0.0,
2016-06-03,238.0,109.37,0.0,,,0.0,
2016-06-04,276.0,118.21,0.0,,,0.0,
2016-06-05,226.0,73.68,0.0,,,0.0,
2016-06-08,161.0,69.08,0.0,,,0.0,
2016-06-09,133.0,139.85,0.0,,,0.0,
2016-06-10,296.0,120.93,0.0,,,0.0,
2016-06-11,245.0,65.59,0.0,,,0.0,
2016-06-12,103.0,70.45,0.0,,,0.0,
2016-06-13,263.0,146.17,0.0,,,0.0,
2016-06-14,195.0,32.15,0.0,,,0.0,
2016-06-16,217.0,67.25,0.0,,,0.0,
2016-06-17,91.0,57.76,0.0,,,0.0,
2016-06-18,106.0,63.23,0.0,,,0.0,
2016-06-19,117.0,74.37,0.0,,,0.0,
2016-06-20,217.0,103.27,0.0,,,0.0,
2016-06-21,197.0,93.59,0.0,,,0.0,
2016-07-14,79.0,44.43,0.0,,,0.0,
2016-07-15,83.0,32.05,0.0,,,0.0,
2016-07-16,82.0,22.12,0.0,,,0.0,
2016-07-17,76.0,23.35,0.0,,,0.0,
2016-07-18,94.0,69.02,0.0,,,0.0,
2016-07-19,124.0,46.96,0.0,,,0.0,
2016-07-20,93.0,63.43,0.0,,,0.0,
2016-07-21,116.0,157.95,0.0,,,0.0,
2016-07-23,131.0,44.71,0.0,,,0.0,
2016-07-27,67.0,33.34,0.0,,,0.0,
2016-07-28,56.0,29.36,0.0,,,0.0,
2016-07-29,60.0,35.8,0.0,,,0.0,
2016-07-30,45.0,19.85,0.0,,,0.0,
2016-07-31,49.0,30.53,0.0,,,0.0,
2016-08-01,54.0,21.79,0.0,,,0.0,
2016-08-02,40.0,,0.0,,,0.0,
2016-08-04,52.0,29.94,0.0,,,0.0,
2016-08-05,46.0,29.33,0.0,,,0.0,
2016-08-06,52.0,32.19,0.0,,,0.0,
2016-08-12,230.0,163.37,0.0,,,0.0,
2016-08-13,264.0,27.09,0.0,,,0.0,
2016-08-14,52.0,31.03,0.0,,,0.0,
2016-08-15,50.0,32.44,0.0,,,0.0,
2016-08-16,60.0,41.23,0.0,,,0.0,
2016-08-17,68.0,42.85,0.0,,,0.0,
2016-08-18,72.0,41.88,0.0,,,0.0,
2016-08-19,74.0,45.32,0.0,,,0.0,
2016-08-20,68.0,35.09,0.0,,,0.0,
2016-08-23,49.0,31.71,0.0,,,0.0,
2016-08-24,54.0,30.65,0.0,,,0.0,
2016-08-25,46.0,27.88,0.0,,,0.0,
2016-08-26,64.0,48.3,0.0,,,0.0,
2016-08-27,70.0,31.66,0.0,,,0.0,
2016-08-28,67.0,41.05,0.0,,,0.0,
2016-08-29,157.0,153.08,0.0,,,0.0,
2016-08-30,318.0,18.73,0.0,,,0.0,
2016-09-02,55.0,26.0,0.0,,,0.0,
2016-09-03,44.0,,0.0,,,0.0,
2016-09-06,83.0,31.34,0.0,,,0.0,
2016-09-07,52.0,,0.0,,,0.0,
2016-09-10,54.0,33.19,0.0,,,0.0,
2016-09-11,55.0,32.64,0.0,,,0.0,
2016-09-12,59.0,35.4,0.0,,,0.0,
2016-09-13,72.0,48.92,0.0,,,0.0,
2016-09-14,71.0,32.01,0.0,,,0.0,
2016-09-15,140.0,73.17,0.0,,,0.0,
2016-09-16,137.0,,0.0,,,0.0,
2016-09-18,129.0,63.22,0.0,,,0.0,
2016-09-19,108.0,62.28,0.0,,,0.0,
2016-09-20,203.0,146.21,0.0,,,0.0,
2016-09-21,288.0,90.13,0.0,,,0.0,
2016-09-22,119.0,43.91,0.0,,,0.0,
2016-09-23,66.0,37.96,0.0,,,0.0,
2016-09-24,79.0,52.02,0.0,,,0.0,
2016-09-25,108.0,59.96,0.0,,,0.0,
2016-09-26,103.0,65.44,0.0,,,0.0,
2016-09-27,92.0,50.94,0.0,,,0.0,
2016-09-28,121.0,74.64,0.0,,,0.0,
2016-09-29,156.0,77.42,0.0,,,0.0,
2016-09-30,123.0,61.99,0.0,,,0.0,
2016-10-01,138.0,66.54,0.0,,,0.0,
2016-10-02,91.0,46.7,0.0,,,0.0,
2016-10-03,112.0,79.11,0.0,,,0.0,
2016-10-04,229.0,112.56,0.0,,,0.0,
2016-10-07,226.0,95.82,0.0,,,0.0,
2016-10-08,236.0,96.77,0.0,,,0.0,
2016-10-09,205.0,88.97,0.0,,,0.0,
2016-10-10,164.0,68.82,0.0,,,0.0,
2016-10-11,182.0,94.24,0.0,,,0.0,
2016-10-12,273.0,240.11,0.0,,,0.0,
2016-10-13,348.0,76.42,0.0,,,0.0,
2016-10-14,80.0,37.99,0.0,,,0.0,
2016-10-15,86.0,49.08,0.0,,,0.0,
2016-10-16,94.0,57.29,0.0,,,0.0,
2016-10-17,102.0,67.06,0.0,,,0.0,
2016-10-18,131.0,63.34,0.0,,,0.0,
2016-10-19,110.0,62.63,0.0,,,0.0,
2016-10-20,210.0,71.62,0.0,,,0.0,
2016-10-21,208.0,59.17,0.0,,,0.0,
2016-10-22,143.0,50.29,0.0,,,0.0,
2016-10-23,91.0,56.33,0.0,,,0.0,
2016-10-24,95.0,56.43,0.0,,,0.0,
2016-10-29,357.0,194.04,0.0,,,0.0,
2016-10-30,345.0,182.17,0.0,,,0.0,
2016-10-31,413.0,290.86,0.0,,,0.0,
2016-11-01,447.0,302.15,0.0,,,0.0,
2016-11-02,490.0,561.42,0.0,,,0.0,
2016-11-03,708.0,522.1,0.0,,,0.0,
2016-11-04,403.0,159.02,0.0,,,0.0,
2016-11-05,468.0,446.49,0.0,,,0.0,
2016-11-06,684.0,616.19,0.0,,,0.0,
2016-11-07,602.0,405.74,0.0,,,0.0,
2016-11-08,304.0,150.09,0.0,,,0.0,
2016-11-09,340.0,291.49,0.0,,,0.0,
2016-11-11,403.0,269.34,0.0,,,0.0,
2016-11-12,335.0,106.74,0.0,,,0.0,
2016-11-13,179.0,72.49,0.0,,,0.0,
2016-11-14,224.0,95.73,0.0,,,0.0,
2016-11-15,226.0,126.71,0.0,,,0.0,
2016-11-16,346.0,189.7,0.0,,,0.0,
2016-11-17,315.0,112.77,0.0,,,0.0,
2016-11-18,201.0,88.8,0.0,,,0.0,
2016-11-19,296.0,131.18,0.0,,,0.0,
2016-11-20,258.0,114.71,0.0,,,0.0,
2016-11-21,305.0,145.24,0.0,,,0.0,
2016-11-22,344.0,147.76,0.0,,,0.0,
2016-11-23,210.0,143.25,0.0,,,0.0,
2016-11-24,381.0,211.47,0.0,,,0.0,
2016-11-25,328.0,144.36,0.0,,,0.0,
2016-11-26,232.0,80.27,0.0,,,0.0,
2016-11-27,212.0,80.99,0.0,,,0.0,
2016-11-28,121.0,77.9,0.0,,,0.0,
2016-11-29,324.0,209.2,0.0,,,0.0,
2016-11-30,387.0,234.89,0.0,,,0.0,
2016-12-01,359.0,199.76,0.0,,,0.0,
2016-12-02,387.0,239.16,0.0,,,0.0,
2016-12-05,421.0,252.46,0.0,,,0.0,
2016-12-06,419.0,304.69,0.0,,,0.0,
2016-12-07,468.0,346.74,0.0,,,0.0,
2016-12-08,411.0,161.45,0.0,,,0.0,
2016-12-09,360.0,228.9,0.0,,,0.0,
2016-12-10,368.0,162.03,0.0,,,0.0,
2016-12-11,313.0,139.54,0.0,,,0.0,
2016-12-12,357.0,199.98,0.0,,,0.0,
2016-12-13,355.0,188.7,0.0,,,0.0,
2016-12-14,319.0,121.62,0.0,,,0.0,
2016-12-15,253.0,116.09,0.0,,,0.0,
2016-12-16,346.0,217.65,0.0,,,0.0,
2016-12-17,390.0,228.15,0.0,,,0.0,
2016-12-18,361.0,197.63,0.0,,,0.0,
2016-12-19,374.0,216.69,0.0,,,0.0,
2016-12-20,331.0,140.04,0.0,,,0.0,
2016-12-21,265.0,91.71,0.0,,,0.0,
2016-12-22,291.0,127.38,0.0,,,0.0,
2016-12-23,421.0,324.42,0.0,,,0.0,
2016-12-24,498.0,348.57,0.0,,,0.0,
2016-12-25,399.0,207.85,0.0,,,0.0,
2016-12-27,379.0,247.81,0.0,,,0.0,
2016-12-28,483.0,393.63,0.0,,,0.0,
2016-12-29,468.0,307.44,0.0,,,0.0,
2016-12-30,421.0,249.77,0.0,,,0.0,
2016-12-31,394.0,203.77,0.0,,,0.0,
2017-01-01,385.0,216.51,0.0,,,0.0,
2017-01-02,459.0,349.97,0.0,,,0.0,
2017-01-03,446.0,276.39,0.0,,,0.0,
2017-01-04,490.0,343.01,0.0,,,0.0,
2017-01-05,409.0,248.09,0.0,,,0.0,
2017-01-06,409.0,229.34,0.0,,,0.0,
2017-01-07,367.0,190.41,0.0,,,0.0,
2017-01-08,357.0,179.39,0.0,,,0.0,
2017-01-09,361.0,177.05,0.0,,,0.0,
2017-01-10,374.0,192.79,0.0,,,0.0,
2017-01-11,365.0,224.34,0.0,,,0.0,
2017-01-12,431.0,287.49,0.0,,,0.0,
2017-01-13,472.0,367.86,0.0,,,0.0,
2017-01-14,531.0,428.88,0.0,,,0.0,
2017-01-15,461.0,256.67,0.0,,,0.0,
2017-01-16,402.0,223.16,0.0,,,0.0,
2017-01-17,345.0,158.05,0.0,,,0.0,
2017-01-18,380.0,251.06,0.0,,,0.0,
2017-01-19,393.0,123.78,0.0,,,0.0,
2017-01-20,302.0,137.01,0.0,,,0.0,
2017-01-23,345.0,148.95,0.0,,,0.0,
2017-01-24,346.0,243.66,0.0,,,0.0,
2017-01-25,404.0,241.97,0.0,,,0.0,
2017-01-28,248.0,104.16,0.0,,,0.0,
2017-01-29,260.0,119.53,0.0,,,0.0,
2017-01-30,335.0,177.67,0.0,,,0.0,
2017-01-31,370.0,232.03,0.0,,,0.0,
2017-02-01,369.0,168.39,0.0,,,0.0,
2017-02-03,443.0,289.36,0.0,,,0.0,
2017-02-04,395.0,197.89,0.0,,,0.0,
2017-02-05,333.0,157.03,0.0,,,0.0,
2017-02-06,325.0,135.66,0.0,,,0.0,
2017-02-07,299.0,118.32,0.0,,,0.0,
2017-02-08,330.0,184.47,0.0,,,0.0,
2017-02-09,354.0,196.09,0.0,,,0.0,
2017-02-10,338.0,151.15,0.0,,,0.0,
2017-02-11,332.0,156.03,0.0,,,0.0,
2017-02-12,359.0,239.49,0.0,,,0.0,
2017-02-13,368.0,182.88,0.0,,,0.0,
2017-02-14,346.0,183.99,0.0,,,0.0,
2017-02-15,336.0,151.33,0.0,,,0.0,
2017-02-16,331.0,159.14,0.0,,,0.0,
2017-02-17,312.0,115.48,0.0,,,0.0,
2017-02-18,217.0,92.14,0.0,,,0.0,
2017-02-19,269.0,120.21,0.0,,,0.0,
2017-02-20,312.0,137.97,0.0,,,0.0,
2017-02-21,230.0,85.41,0.0,,,0.0,
2017-02-22,276.0,121.12,0.0,,,0.0,
2017-02-23,202.0,91.23,0.0,,,0.0,
2017-02-26,215.0,86.48,0.0,,,0.0,
2017-02-27,269.0,127.67,0.0,,,0.0,
2017-02-28,325.0,163.37,0.0,,,0.0,
2017-03-01,310.0,122.11,0.0,,,0.0,
2017-03-02,272.0,120.83,0.0,,,0.0,
2017-03-03,237.0,82.44,0.0,,,0.0,
2017-03-04,226.0,92.77,0.0,,,0.0,
2017-03-05,162.0,73.25,0.0,,,0.0,
2017-03-06,171.0,85.19,0.0,,,0.0,
2017-03-07,247.0,131.31,0.0,,,0.0,
2017-03-08,223.0,68.46,0.0,,,0.0,
2017-03-09,123.0,67.09,0.0,,,0.0,
2017-03-10,73.0,28.78,0.0,,,0.0,
2017-03-11,70.0,50.16,0.0,,,0.0,
2017-03-12,137.0,61.95,0.0,,,0.0,
2017-03-13,129.0,72.08,0.0,,,0.0,
2017-03-14,186.0,104.98,0.0,,,0.0,
2017-03-15,254.0,65.48,0.0,,,0.0,
2017-03-18,234.0,107.61,0.0,,,0.0,
2017-03-19,312.0,139.89,0.0,,,0.0,
2017-03-20,327.0,161.12,0.0,,,0.0,
2017-03-21,307.0,117.85,0.0,,,0.0,
2017-03-22,300.0,135.89,0.0,,,0.0,
2017-03-23,328.0,160.37,0.0,,,0.0,
2017-03-24,292.0,96.27,0.0,,,0.0,
2017-03-25,122.0,23.44,0.0,,,0.0,
2017-03-27,97.0,54.93,0.0,,,0.0,
2017-03-28,226.0,136.89,0.0,,,0.0,
2017-03-29,331.0,151.9,0.0,,,0.0,
2017-03-30,252.0,87.87,0.0,,,0.0,
2017-03-31,186.0,89.33,0.0,,,0.0,
2017-04-01,294.0,128.14,0.0,,,0.0,
2017-04-02,267.0,91.59,0.0,,,0.0,
2017-04-03,240.0,118.71,0.0,,,0.0,
2017-04-04,272.0,107.34,0.0,,,0.0,
2017-04-05,141.0,50.29,0.0,,,0.0,
2017-04-06,102.0,108.87,0.0,,,0.0,
2017-04-07,456.0,389.54,0.0,,,0.0,
2017-04-08,307.0,83.21,0.0,,,0.0,
2017-04-09,304.0,143.02,0.0,,,0.0,
2017-04-10,319.0,177.17,0.0,,,0.0,
2017-04-11,321.0,104.07,0.0,,,0.0,
2017-04-12,222.0,113.49,0.0,,,0.0,
2017-04-13,351.0,226.83,0.0,,,0.0,
2017-04-14,388.0,215.31,0.0,,,0.0,
2017-04-15,353.0,196.49,0.0,,,0.0,
2017-04-16,363.0,179.5,0.0,,,0.0,
2017-04-17,328.0,208.88,0.0,,,0.0,
2017-04-18,405.0,292.02,0.0,,,0.0,
2017-04-19,403.0,180.07,0.0,,,0.0,
2017-04-20,349.0,193.39,0.0,,,0.0,
2017-04-21,354.0,242.41,0.0,,,0.0,
2017-04-22,449.0,368.79,0.0,,,0.0,
2017-04-23,411.0,153.67,0.0,,,0.0,
2017-04-24,335.0,129.93,0.0,,,0.0,
2017-04-25,236.0,98.3,0.0,,,0.0,
2017-04-26,212.0,89.69,0.0,,,0.0,
2017-04-27,360.0,269.29,0.0,,,0.0,
2017-04-28,387.0,174.87,0.0,,,0.0,
2017-04-29,328.0,118.41,0.0,,,0.0,
2017-04-30,210.0,62.45,0.0,,,0.0,
2017-05-01,98.0,64.79,0.0,,,0.0,
2017-05-02,168.0,113.6,0.0,,,0.0,
2017-05-03,299.0,154.13,0.0,,,0.0,
2017-05-04,363.0,217.14,0.0,,,0.0,
2017-05-05,376.0,203.45,0.0,,,0.0,
2017-05-06,357.0,181.36,0.0,,,0.0,
2017-05-07,346.0,183.68,0.0,,,0.0,
2017-05-08,344.0,158.7,0.0,,,0.0,
2017-05-09,333.0,186.31,0.0,,,0.0,
2017-05-10,354.0,192.79,0.0,,,0.0,
2017-05-11,334.0,134.78,0.0,,,0.0,
2017-05-12,409.0,310.69,0.0,,,0.0,
2017-05-13,388.0,187.24,0.0,,,0.0,
2017-05-14,373.0,387.02,0.0,,,0.0,
2017-05-15,460.0,146.02,0.0,,,0.0,
2017-05-16,337.0,237.12,0.0,,,0.0,
2017-05-24,460.0,156.33,0.0,,,0.0,
2017-05-26,550.0,479.2,0.0,,,0.0,
2017-05-27,550.0,128.13,0.0,,,0.0,
2017-05-28,195.0,78.72,0.0,,,0.0,
2017-05-29,271.0,96.26,0.0,,,0.0,
2017-05-30,172.0,188.04,0.0,,,0.0,
2017-05-31,485.0,288.0,0.0,,,0.0,
2017-06-01,282.0,106.44,0.0,,,0.0,
2017-06-02,395.0,308.48,0.0,,,0.0,
2017-06-03,366.0,92.71,0.0,,,0.0,
2017-06-06,408.0,414.62,0.0,,,0.0,
2017-06-07,646.0,454.16,0.0,,,0.0,
2017-06-08,236.0,63.0,0.0,,,0.0,
2017-06-09,340.0,341.49,0.0,,,0.0,
2017-06-10,345.0,107.85,0.0,,,0.0,
2017-06-11,390.0,322.88,0.0,,,0.0,
2017-06-12,357.0,120.38,0.0,,,0.0,
2017-06-13,286.0,98.73,0.0,,,0.0,
2017-06-14,317.0,175.56,0.0,,,0.0,
2017-06-15,486.0,468.59,0.0,,,0.0,
2017-06-16,295.0,100.65,0.0,,,0.0,
2017-06-17,218.0,81.12,0.0,,,0.0,
2017-06-18,359.0,409.71,0.0,,,0.0,
2017-06-19,648.0,454.35,0.0,,,0.0,
2017-06-20,353.0,104.96,0.0,,,0.0,
2017-06-21,316.0,159.35,0.0,,,0.0,
2017-06-22,328.0,141.73,0.0,,,0.0,
2017-06-23,347.0,196.21,0.0,,,0.0,
2017-06-24,293.0,119.27,0.0,,,0.0,
2017-06-25,328.0,167.63,0.0,,,0.0,
2017-06-26,302.0,111.06,0.0,,,0.0,
2017-06-27,326.0,205.23,0.0,,,0.0,
2017-06-28,228.0,62.93,0.0,,,0.0,
2017-06-29,79.0,40.01,0.0,,,0.0,
2017-06-30,91.0,60.53,0.0,,,0.0,
2017-07-01,126.0,76.66,0.0,,,0.0,
2017-07-02,156.0,61.17,0.0,,,0.0,
2017-07-03,88.0,69.17,0.0,,,0.0,
2017-07-04,219.0,110.09,0.0,,,0.0,
2017-07-05,332.0,359.63,0.0,,,0.0,
2017-07-06,402.0,97.11,0.0,,,0.0,
2017-07-07,404.0,455.38,0.0,,,0.0,
2017-07-08,372.0,137.34,0.0,,,0.0,
2017-07-09,529.0,821.42,0.0,,,0.0,
2017-07-11,377.0,382.31,0.0,,,0.0,
2017-07-12,576.0,75.84,0.0,,,0.0,
2017-07-13,210.0,65.39,0.0,,,0.0,
2017-07-14,497.0,723.16,0.0,,,0.0,
2017-07-18,107.0,47.73,0.0,,,0.0,
2017-07-19,114.0,55.35,0.0,,,0.0,
2017-07-20,80.0,33.14,0.0,,,0.0,
2017-07-21,69.0,42.9,0.0,,,0.0,
2017-07-22,288.0,397.25,0.0,,,0.0,
2017-07-23,547.0,22.36,0.0,,,0.0,
2017-07-27,157.0,84.4,0.0,,,0.0,
2017-07-28,326.0,264.95,0.0,,,0.0,
2017-07-29,248.0,124.17,0.0,,,0.0,
2017-07-30,482.0,858.73,0.0,,,0.0,
2017-08-01,72.0,16.12,0.0,,,0.0,
2017-08-02,72.0,28.56,0.0,,,0.0,
2017-08-03,68.0,35.52,0.0,,,0.0,
2017-08-04,68.0,46.25,0.0,,,0.0,
2017-08-05,84.0,46.38,0.0,,,0.0,
2017-08-06,76.0,41.5,0.0,,,0.0,
2017-08-10,92.0,47.05,0.0,,,0.0,
2017-08-11,82.0,38.07,0.0,,,0.0,
2017-08-12,59.0,31.51,0.0,,,0.0,
2017-08-13,79.0,34.22,0.0,,,0.0,
2017-08-14,84.0,40.09,0.0,,,0.0,
2017-08-15,69.0,38.83,0.0,,,0.0,
2017-08-16,65.0,42.61,0.0,,,0.0,
2017-08-17,104.0,68.96,0.0,,,0.0,
2017-08-18,143.0,73.17,0.0,,,0.0,
2017-08-19,130.0,61.04,0.0,,,0.0,
2017-08-20,83.0,41.14,0.0,,,0.0,
2017-08-21,68.0,46.25,0.0,,,0.0,
2017-08-22,95.0,66.42,0.0,,,0.0,
2017-08-23,135.0,64.36,0.0,,,0.0,
2017-08-24,98.0,67.82,0.0,,,0.0,
2017-08-25,176.0,87.97,0.0,,,0.0,
2017-08-26,244.0,111.01,0.0,,,0.0,
2017-08-27,270.0,111.01,0.0,,,0.0,
2017-08-30,891.0,643.71,0.0,,,0.0,
2017-08-31,242.0,33.26,0.0,,,0.0,
2017-09-01,58.0,34.03,0.0,,,0.0,
2017-09-02,57.0,33.97,0.0,,,0.0,
2017-09-03,57.0,33.95,0.0,,,0.0,
2017-09-04,96.0,33.68,0.0,,,0.0,
2017-09-05,88.0,33.98,0.0,,,0.0,
2017-09-06,63.0,34.07,0.0,,,0.0,
2017-09-07,63.0,33.86,0.0,,,0.0,
2017-09-08,78.0,45.31,0.0,,,0.0,
2017-09-09,109.0,67.28,0.0,,,0.0,
2017-09-10,131.0,72.11,0.0,,,0.0,
2017-09-11,142.0,79.97,0.0,,,0.0,
2017-09-12,238.0,95.69,0.0,,,0.0,
2017-09-13,163.0,78.62,0.0,,,0.0,
2017-09-14,199.0,85.17,0.0,,,0.0,
2017-09-15,123.0,61.76,0.0,,,0.0,
2017-09-16,119.0,69.14,0.0,,,0.0,
2017-09-17,123.0,62.94,0.0,,,0.0,
2017-09-18,107.0,56.2,0.0,,,0.0,
2017-09-19,116.0,51.96,0.0,,,0.0,
2017-09-20,148.0,93.97,0.0,,,0.0,
2017-09-21,190.0,76.48,0.0,,,0.0,
2017-09-22,178.0,92.74,0.0,,,0.0,
2017-09-23,226.0,105.73,0.0,,,0.0,
2017-09-24,270.0,100.85,0.0,,,0.0,
2017-09-25,189.0,87.25,0.0,,,0.0,
2017-09-26,229.0,102.27,0.0,,,0.0,
2017-09-27,206.0,83.13,0.0,,,0.0,
2017-09-28,153.0,77.67,0.0,,,0.0,
2017-09-29,191.0,90.11,0.0,,,0.0,
2017-09-30,238.0,112.11,0.0,,,0.0,
2017-10-01,284.0,113.12,0.0,,,0.0,
2017-10-02,247.0,93.61,0.0,,,0.0,
2017-10-03,193.0,90.15,0.0,,,0.0,
2017-10-04,209.0,90.59,0.0,,,0.0,
2017-10-05,196.0,79.04,0.0,,,0.0,
2017-10-07,174.0,91.11,0.0,,,0.0,
2017-10-09,154.0,80.75,0.0,,,0.0,
2017-10-10,182.0,83.99,0.0,,,0.0,
2017-10-11,176.0,83.88,0.0,,,0.0,
2017-10-12,169.0,77.28,0.0,,,0.0,
2017-10-13,166.0,78.47,0.0,,,0.0,
2017-10-14,161.0,78.69,0.0,,,0.0,
2017-10-15,165.0,80.94,0.0,,,0.0,
2017-10-16,191.0,94.86,0.0,,,0.0,
2017-10-17,240.0,107.62,0.0,,,0.0,
2017-10-18,269.0,111.21,0.0,,,0.0,
2017-10-19,294.0,132.57,0.0,,,0.0,
2017-10-20,407.0,306.42,0.0,,,0.0,
2017-10-21,368.0,170.0,0.0,,,0.0,
2017-10-22,307.0,108.93,0.0,,,0.0,
2017-10-23,235.0,113.66,0.0,,,0.0,
2017-10-24,314.0,139.31,0.0,,,0.0,
2017-10-25,315.0,157.36,0.0,,,0.0,
2017-10-26,350.0,188.08,0.0,,,0.0,
2017-10-27,335.0,155.83,0.0,,,0.0,
2017-10-28,328.0,160.09,0.0,,,0.0,
2017-10-29,335.0,163.11,0.0,,,0.0,
2017-10-30,326.0,149.85,0.0,,,0.0,
2017-10-31,337.0,186.54,0.0,,,0.0,
2017-11-01,353.0,174.9,0.0,,,0.0,
2017-11-02,331.0,157.43,0.0,,,0.0,
2017-11-03,335.0,171.54,0.0,,,0.0,
2017-11-04,337.0,171.96,0.0,,,0.0,
2017-11-05,340.0,162.81,0.0,,,0.0,
2017-11-06,332.0,168.65,0.0,,,0.0,
2017-11-07,360.0,236.77,0.0,,,0.0,
2017-11-08,461.0,447.72,0.0,,,0.0,
2017-11-09,590.0,462.29,0.0,,,0.0,
2017-11-10,522.0,373.47,0.0,,,0.0,
2017-11-11,460.0,310.3,0.0,,,0.0,
2017-11-12,472.0,364.24,0.0,,,0.0,
2017-11-13,506.0,356.97,0.0,,,0.0,
2017-11-14,396.0,212.05,0.0,,,0.0,
2017-11-15,363.0,170.67,0.0,,,0.0,
2017-11-16,346.0,194.09,0.0,,,0.0,
2017-11-17,338.0,148.67,0.0,,,0.0,
2017-11-18,330.0,173.23,0.0,,,0.0,
2017-11-19,332.0,152.24,0.0,,,0.0,
2017-11-20,332.0,169.05,0.0,,,0.0,
2017-11-21,328.0,143.54,0.0,,,0.0,
2017-11-22,314.0,137.73,0.0,,,0.0,
2017-11-23,305.0,129.69,0.0,,,0.0,
2017-11-24,329.0,176.81,0.0,,,0.0,
2017-11-25,339.0,153.84,0.0,,,0.0,
2017-11-26,328.0,173.98,0.0,,,0.0,
2017-11-27,365.0,204.11,0.0,,,0.0,
2017-11-28,362.0,205.04,0.0,,,0.0,
2017-11-29,350.0,164.81,0.0,,,0.0,
2017-11-30,328.0,159.09,0.0,,,0.0,
2017-12-01,336.0,173.88,0.0,,,0.0,
2017-12-02,350.0,180.22,0.0,,,0.0,
2017-12-03,338.0,171.86,0.0,,,0.0,
2017-12-04,347.0,198.58,0.0,,,0.0,
2017-12-05,372.0,207.67,0.0,,,0.0,
2017-12-06,325.0,115.57,0.0,,,0.0,
2017-12-07,238.0,93.33,0.0,,,0.0,
2017-12-08,206.0,103.25,0.0,,,0.0,
2017-12-09,305.0,140.45,0.0,,,0.0,
2017-12-10,346.0,193.87,0.0,,,0.0,
2017-12-11,348.0,169.32,0.0,,,0.0,
2017-12-12,236.0,85.9,0.0,,,0.0,
2017-12-13,222.0,96.19,0.0,,,0.0,
2017-12-14,166.0,70.83,0.0,,,0.0,
2017-12-15,202.0,100.22,0.0,,,0.0,
2017-12-16,226.0,93.97,0.0,,,0.0,
2017-12-17,165.0,68.28,0.0,,,0.0,
2017-12-19,222.0,119.93,0.0,,,0.0,
2017-12-20,325.0,169.07,0.0,,,0.0,
2017-12-21,343.0,165.99,0.0,,,0.0,
2017-12-22,314.0,118.41,0.0,,,0.0,
2017-12-23,225.0,93.73,0.0,,,0.0,
2017-12-24,320.0,173.0,0.0,,,0.0,
2017-12-25,368.0,241.52,0.0,,,0.0,
2017-12-26,337.0,132.76,0.0,,,0.0,
2017-12-27,354.0,203.93,0.0,,,0.0,
2017-12-28,374.0,237.11,0.0,,,0.0,
2017-12-29,386.0,226.91,0.0,,,0.0,
2017-12-30,372.0,199.61,0.0,,,0.0,
2017-12-31,365.0,217.74,0.0,,,0.0,
2018-01-01,410.0,329.12,0.0,,,0.0,
2018-01-02,495.0,360.72,0.0,,,0.0,
2018-01-03,444.0,230.85,0.0,,,0.0,
2018-01-04,354.0,179.21,0.0,,,0.0,
2018-01-05,371.0,240.06,0.0,,,0.0,
2018-01-06,422.0,293.84,0.0,,,0.0,
2018-01-07,410.0,181.67,0.0,,,0.0,
2018-01-08,328.0,166.13,0.0,,,0.0,
2018-01-09,371.0,238.69,0.0,,,0.0,
2018-01-10,367.0,159.63,0.0,,,0.0,
2018-01-11,311.0,129.14,0.0,,,0.0,
2018-01-12,312.0,145.9,0.0,,,0.0,
2018-01-13,356.0,191.49,0.0,,,0.0,
2018-01-14,344.0,159.67,0.0,,,0.0,
2018-01-15,335.0,172.6,0.0,,,0.0,
2018-01-16,231.0,84.4,0.0,,,0.0,
2018-01-17,300.0,204.16,0.0,,,0.0,
2018-01-18,382.0,214.5,0.0,,,0.0,
2018-01-19,377.0,229.15,0.0,,,0.0,
2018-01-20,285.0,100.78,0.0,,,0.0,
2018-01-21,264.0,108.46,0.0,,,0.0,
2018-01-22,304.0,166.73,0.0,,,0.0,
2018-01-23,339.0,190.04,0.0,,,0.0,
2018-01-24,343.0,176.41,0.0,,,0.0,
2018-01-25,275.0,123.09,0.0,,,0.0,
2018-01-26,271.0,148.06,0.0,,,0.0,
2018-01-27,322.0,177.59,0.0,,,0.0,
2018-01-28,348.0,166.12,0.0,,,0.0,
2018-01-29,375.0,200.38,0.0,,,0.0,
2018-01-30,309.0,133.82,0.0,,,0.0,
2018-01-31,292.0,138.5,0.0,,,0.0,
2018-02-01,302.0,134.25,0.0,,,0.0,
2018-02-02,328.0,162.5,0.0,,,0.0,
2018-02-03,279.0,116.74,0.0,,,0.0,
2018-02-04,257.0,125.94,0.0,,,0.0,
2018-02-05,288.0,138.97,0.0,,,0.0,
2018-02-06,316.0,145.36,0.0,,,0.0,
2018-02-07,273.0,122.79,0.0,,,0.0,
2018-02-08,324.0,162.47,0.0,,,0.0,
2018-02-09,345.0,186.96,0.0,,,0.0,
2018-02-10,339.0,160.71,0.0,,,0.0,
2018-02-11,324.0,139.72,0.0,,,0.0,
2018-02-12,263.0,91.94,0.0,,,0.0,
2018-02-13,196.0,101.11,0.0,,,0.0,
2018-02-14,272.0,106.08,0.0,,,0.0,
2018-02-15,266.0,3.42,0.0,,,0.0,
2018-02-16,319.0,145.17,0.0,,,0.0,
2018-02-17,324.0,149.51,0.0,,,0.0,
2018-02-18,348.0,187.13,0.0,,,0.0,
2018-02-19,331.0,206.73,0.0,,,0.0,
2018-03-01,287.0,109.26,0.0,,,0.0,
2018-03-02,264.0,102.12,0.0,,,0.0,
2018-03-03,231.0,93.67,0.0,,,0.0,
2018-03-04,219.0,75.85,0.0,,,0.0,
2018-03-05,156.0,73.09,0.0,,,0.0,
2018-03-06,149.0,63.42,0.0,,,0.0,
2018-03-07,165.0,53.53,0.0,,,0.0,
2018-03-08,200.0,65.2,0.0,,,0.0,
2018-03-09,244.0,109.0,0.0,,,0.0,
2018-03-10,190.0,63.36,0.0,,,0.0,
2018-03-11,173.0,61.22,0.0,,,0.0,
2018-03-12,199.0,76.06,0.0,,,0.0,
2018-03-13,201.0,75.25,0.0,,,0.0,
2018-03-14,188.0,62.68,0.0,,,0.0,
2018-03-15,179.0,68.85,0.0,,,0.0,
2018-03-16,200.0,81.59,0.0,,,0.0,
2018-03-17,208.0,78.71,0.0,,,0.0,
2018-03-18,172.0,72.49,0.0,,,0.0,
2018-03-19,122.0,67.09,0.0,,,0.0,
2018-03-20,161.0,90.64,0.0,,,0.0,
2018-03-21,207.0,92.37,0.0,,,0.0,
2018-03-22,189.0,81.66,0.0,,,0.0,
2018-03-23,148.0,63.59,0.0,,,0.0,
2018-03-24,160.0,76.62,0.0,,,0.0,
2018-03-25,151.0,68.55,0.0,,,0.0,
2018-03-26,156.0,87.43,0.0,,,0.0,
2018-03-27,182.0,81.94,0.0,,,0.0,
2018-03-28,191.0,88.11,0.0,,,0.0,
2018-03-29,168.0,85.46,0.0,,,0.0,
2018-03-30,186.0,84.54,0.0,,,0.0,
2018-03-31,210.0,94.97,0.0,,,0.0,
2018-04-01,208.0,100.59,0.0,,,0.0,
2018-04-02,173.0,58.41,0.0,,,0.0,
2018-04-03,148.0,85.98,0.0,,,0.0,
2018-04-04,204.0,97.55,0.0,,,0.0,
2018-04-05,288.0,119.78,0.0,,,0.0,
2018-04-06,220.0,73.01,0.0,,,0.0,
2018-04-07,143.0,87.35,0.0,,,0.0,
2018-04-08,148.0,58.59,0.0,,,0.0,
2018-04-09,145.0,43.74,0.0,,,0.0,
2018-04-10,153.0,83.55,0.0,,,0.0,
2018-04-11,159.0,40.73,0.0,,,0.0,
2018-04-12,141.0,20.24,0.0,,,0.0,
2018-04-13,145.0,10.0,0.0,,,0.0,
2018-04-14,153.0,59.32,0.0,,,0.0,
2018-04-15,261.0,125.49,0.0,,,0.0,
2018-04-16,323.0,198.61,0.0,,,0.0,
2018-04-17,359.0,159.44,0.0,,,0.0,
2018-04-22,173.0,40.76,0.0,,,0.0,
2018-04-23,165.0,60.44,0.0,,,0.0,
2018-04-24,182.0,76.49,0.0,,,0.0,
2018-04-25,179.0,79.18,0.0,,,0.0,
2018-04-26,174.0,59.79,0.0,,,0.0,
2018-05-01,136.0,57.47,0.0,,,0.0,
2018-05-02,126.0,59.63,0.0,,,0.0,
2018-05-03,122.0,42.96,0.0,,,0.0,
2018-05-04,94.0,38.57,0.0,,,0.0,
2018-05-05,105.0,65.96,0.0,,,0.0,
2018-05-06,251.0,110.32,0.0,,,0.0,
2018-05-07,181.0,118.2,0.0,,,0.0,
2018-05-08,208.0,94.7,0.0,,,0.0,
2018-05-09,125.0,81.48,0.0,,,0.0,
2018-05-10,176.0,95.96,0.0,,,0.0,
2018-05-11,290.0,146.92,0.0,,,0.0,
2018-05-12,322.0,173.13,0.0,,,0.0,
2018-05-13,300.0,143.86,0.0,,,0.0,
2018-05-14,148.0,64.77,0.0,,,0.0,
2018-05-16,126.0,139.53,0.0,,,0.0,
2018-05-17,214.0,141.26,0.0,,,0.0,
2018-05-18,231.0,108.65,0.0,,,0.0,
2018-05-19,258.0,125.5,0.0,,,0.0,
2018-05-20,165.0,86.98,0.0,,,0.0,
2018-05-21,167.0,92.98,0.0,,,0.0,
2018-05-22,174.0,106.83,0.0,,,0.0,
2018-05-23,274.0,163.89,0.0,,,0.0,
2018-05-24,320.0,132.65,0.0,,,0.0,
2018-05-25,308.0,127.06,0.0,,,0.0,
2018-05-26,289.0,110.31,0.0,,,0.0,
2018-05-27,253.0,154.28,0.0,,,0.0,
2018-05-28,279.0,130.49,0.0,,,0.0,
2018-05-29,323.0,154.59,0.0,,,0.0,
2018-05-30,296.0,115.04,0.0,,,0.0,
2018-05-31,242.0,98.26,0.0,,,0.0,
2018-06-01,216.0,110.07,0.0,,,0.0,
2018-06-02,236.0,75.9,0.0,,,0.0,
2018-06-03,132.0,65.38,0.0,,,0.0,
2018-06-04,144.0,82.98,0.0,,,0.0,
2018-06-05,162.0,69.94,0.0,,,0.0,
2018-06-06,146.0,75.87,0.0,,,0.0,
2018-06-07,150.0,76.26,0.0,,,0.0,
2018-06-08,165.0,89.34,0.0,,,0.0,
2018-06-09,182.0,93.2,0.0,,,0.0,
2018-06-10,168.0,50.85,0.0,,,0.0,
2018-06-11,130.0,85.68,0.0,,,0.0,
2018-06-12,283.0,252.23,0.0,,,0.0,
2018-06-13,519.0,551.86,0.0,,,0.0,
2018-06-14,670.0,479.75,0.0,,,0.0,
2018-06-15,531.0,376.76,0.0,,,0.0,
2018-06-16,414.0,230.26,0.0,,,0.0,
2018-06-17,385.0,219.43,0.0,,,0.0,
2018-06-18,329.0,141.54,0.0,,,0.0,
2018-06-19,302.0,119.39,0.0,,,0.0,
2018-06-20,325.0,173.6,0.0,,,0.0,
2018-06-21,393.0,251.28,0.0,,,0.0,
2018-06-22,348.0,153.17,0.0,,,0.0,
2018-06-23,324.0,171.14,0.0,,,0.0,
2018-06-24,283.0,84.28,0.0,,,0.0,
2018-06-25,241.0,121.95,0.0,,,0.0,
2018-06-26,254.0,77.99,0.0,,,0.0,
2018-06-27,99.0,44.56,0.0,,,0.0,
2018-06-28,135.0,59.65,0.0,,,0.0,
2018-06-29,106.0,40.69,0.0,,,0.0,
2018-06-30,86.0,37.45,0.0,,,0.0,
2018-07-01,76.0,37.7,0.0,,,0.0,
2018-07-02,103.0,43.68,0.0,,,0.0,
2018-07-03,102.0,47.39,0.0,,,0.0,
2018-07-04,93.0,54.79,0.0,,,0.0,
2018-07-05,95.0,60.75,0.0,,,0.0,
2018-07-06,114.0,70.27,0.0,,,0.0,
2018-07-07,133.0,66.14,0.0,,,0.0,
2018-07-08,162.0,79.13,0.0,,,0.0,
2018-07-09,216.0,113.08,0.0,,,0.0,
2018-07-10,174.0,58.97,0.0,,,0.0,
2018-07-11,96.0,57.75,0.0,,,0.0,
2018-07-12,115.0,70.54,0.0,,,0.0,
2018-07-13,104.0,43.08,0.0,,,0.0,
2018-07-14,68.0,34.01,0.0,,,0.0,
2018-07-15,84.0,30.95,0.0,,,0.0,
2018-07-16,83.0,54.23,0.0,,,0.0,
2018-07-17,103.0,56.42,0.0,,,0.0,
2018-07-18,116.0,61.74,0.0,,,0.0,
2018-07-19,96.0,53.97,0.0,,,0.0,
2018-07-20,92.0,63.78,0.0,,,0.0,
2018-07-21,120.0,61.81,0.0,,,0.0,
2018-07-22,80.0,35.71,0.0,,,0.0,
2018-07-23,84.0,46.01,0.0,,,0.0,
2018-07-24,140.0,70.47,0.0,,,0.0,
2018-07-25,113.0,55.24,0.0,,,0.0,
2018-07-26,87.0,47.38,0.0,,,0.0,
2018-07-27,75.0,24.77,0.0,,,0.0,
2018-07-28,45.0,31.09,0.0,,,0.0,
2018-07-29,68.0,53.09,0.0,,,0.0,
2018-07-30,109.0,63.41,0.0,,,0.0,
2018-07-31,112.0,67.55,0.0,,,0.0,
2018-08-01,138.0,77.4,0.0,,,0.0,
2018-08-02,242.0,126.74,0.0,,,0.0,
2018-08-03,307.0,120.1,0.0,,,0.0,
2018-08-04,303.0,171.29,0.0,,,0.0,
2018-08-05,339.0,155.55,0.0,,,0.0,
2018-08-06,271.0,69.07,0.0,,,0.0,
2018-08-07,114.0,62.79,0.0,,,0.0,
2018-08-08,93.0,47.14,0.0,,,0.0,
2018-08-09,75.0,43.7,0.0,,,0.0,
2018-08-10,86.0,59.37,0.0,,,0.0,
2018-08-11,96.0,56.05,0.0,,,0.0,
2018-08-12,118.0,67.48,0.0,,,0.0,
2018-08-13,111.0,69.78,0.0,,,0.0,
2018-08-14,110.0,71.72,0.0,,,0.0,
2018-08-15,196.0,76.99,0.0,,,0.0,
2018-08-16,96.0,49.45,0.0,,,0.0,
2018-08-17,89.0,43.04,0.0,,,0.0,
2018-08-18,73.0,45.82,0.0,,,0.0,
2018-08-19,86.0,53.09,0.0,,,0.0,
2018-08-20,144.0,90.54,0.0,,,0.0,
2018-08-21,139.0,54.44,0.0,,,0.0,
2018-08-22,105.0,49.61,0.0,,,0.0,
2018-08-23,72.0,44.46,0.0,,,0.0,
2018-08-24,76.0,46.65,0.0,,,0.0,
2018-08-25,84.0,47.6,0.0,,,0.0,
2018-08-26,75.0,43.06,0.0,,,0.0,
2018-08-27,80.0,37.73,0.0,,,0.0,
2018-08-28,69.0,46.43,0.0,,,0.0,
2018-08-29,77.0,31.39,0.0,,,0.0,
2018-08-30,72.0,51.98,0.0,,,0.0,
2018-08-31,133.0,74.94,0.0,,,0.0,
2018-09-01,143.0,48.51,0.0,,,0.0,
2018-09-05,86.0,58.0,0.0,,,0.0,
2018-09-06,123.0,68.13,0.0,,,0.0,
2018-09-07,92.0,28.75,0.0,,,0.0,
2018-09-08,70.0,27.69,0.0,,,0.0,
2018-09-09,56.0,19.99,0.0,,,0.0,
2018-09-10,50.0,29.08,0.0,,,0.0,
2018-09-11,59.0,35.14,0.0,,,0.0,
2018-09-12,62.0,39.06,0.0,,,0.0,
2018-09-13,70.0,42.36,0.0,,,0.0,
2018-09-14,77.0,44.35,0.0,,,0.0,
2018-09-18,301.0,226.56,0.0,,,0.0,
2018-09-19,350.0,108.71,0.0,,,0.0,
2018-09-20,346.0,226.92,0.0,,,0.0,
2018-09-22,76.0,44.86,0.0,,,0.0,
2018-09-23,85.0,60.29,0.0,,,0.0,
2018-09-24,82.0,34.16,0.0,,,0.0,
2018-09-25,58.0,54.14,0.0,,,0.0,
2018-09-26,79.0,46.65,0.0,,,0.0,
2018-09-27,152.0,93.9,0.0,,,0.0,
2018-09-28,263.0,122.28,0.0,,,0.0,
2018-09-29,320.0,138.86,0.0,,,0.0,
2018-09-30,211.0,81.18,0.0,,,0.0,
2018-10-01,183.0,73.69,0.0,,,0.0,
2018-10-02,199.0,94.13,0.0,,,0.0,
2018-10-03,193.0,79.82,0.0,,,0.0,
2018-10-04,240.0,109.59,0.0,,,0.0,
2018-10-05,286.0,157.04,0.0,,,0.0,
2018-10-06,307.0,117.02,0.0,,,0.0,
2018-10-07,254.0,109.68,0.0,,,0.0,
2018-10-08,280.0,139.15,0.0,,,0.0,
2018-10-09,316.0,136.28,0.0,,,0.0,
2018-10-10,284.0,96.1,0.0,,,0.0,
2018-10-11,245.0,110.19,0.0,,,0.0,
2018-10-12,242.0,134.13,0.0,,,0.0,
2018-10-13,295.0,133.97,0.0,,,0.0,
2018-10-14,293.0,134.47,0.0,,,0.0,
2018-10-15,256.0,121.49,0.0,,,0.0,
2018-10-16,295.0,112.43,0.0,,,0.0,
2018-10-17,301.0,147.66,0.0,,,0.0,
2018-10-18,329.0,162.48,0.0,,,0.0,
2018-10-19,317.0,159.55,0.0,,,0.0,
2018-10-20,362.0,192.38,0.0,,,0.0,
2018-10-21,386.0,233.09,0.0,,,0.0,
2018-10-22,315.0,126.27,0.0,,,0.0,
2018-10-23,307.0,147.67,0.0,,,0.0,
2018-10-24,329.0,176.23,0.0,,,0.0,
2018-10-25,347.0,200.56,0.0,,,0.0,
2018-10-26,375.0,227.62,0.0,,,0.0,
2018-10-27,390.0,222.63,0.0,,,0.0,
2018-10-28,393.0,244.57,0.0,,,0.0,
2018-10-29,380.0,231.84,0.0,,,0.0,
2018-10-30,407.0,271.91,0.0,,,0.0,
2018-10-31,400.0,246.16,0.0,,,0.0,
2018-11-01,402.0,236.55,0.0,,,0.0,
2018-11-02,382.0,218.31,0.0,,,0.0,
2018-11-03,360.0,178.76,0.0,,,0.0,
2018-11-04,288.0,112.17,0.0,,,0.0,
2018-11-05,359.0,279.25,0.0,,,0.0,
2018-11-06,379.0,161.84,0.0,,,0.0,
2018-11-07,279.0,122.69,0.0,,,0.0,
2018-11-08,366.0,274.14,0.0,,,0.0,
2018-11-09,420.0,254.56,0.0,,,0.0,
2018-11-10,386.0,234.57,0.0,,,0.0,
2018-11-11,375.0,186.09,0.0,,,0.0,
2018-11-12,321.0,163.74,0.0,,,0.0,
2018-11-13,339.0,198.94,0.0,,,0.0,
2018-11-14,329.0,115.37,0.0,,,0.0,
2018-11-15,227.0,99.24,0.0,,,0.0,
2018-11-16,294.0,134.26,0.0,,,0.0,
2018-11-17,260.0,123.66,0.0,,,0.0,
2018-11-18,295.0,124.15,0.0,,,0.0,
2018-11-19,289.0,147.1,0.0,,,0.0,
2018-11-20,338.0,190.98,0.0,,,0.0,
2018-11-21,375.0,194.91,0.0,,,0.0,
2018-11-22,306.0,121.51,0.0,,,0.0,
2018-11-23,318.0,159.05,0.0,,,0.0,
2018-11-24,284.0,96.86,0.0,,,0.0,
2018-11-25,272.0,125.26,0.0,,,0.0,
2018-11-26,314.0,163.8,0.0,,,0.0,
2018-11-27,337.0,149.7,0.0,,,0.0,
2018-11-28,277.0,133.58,0.0,,,0.0,
2018-11-29,295.0,148.85,0.0,,,0.0,
2018-11-30,275.0,140.45,0.0,,,0.0,
2018-12-01,267.0,119.25,0.0,,,0.0,
2018-12-02,191.0,81.43,0.0,,,0.0,
2018-12-03,222.0,113.31,0.0,,,0.0,
2018-12-04,299.0,147.68,0.0,,,0.0,
2018-12-05,307.0,144.35,0.0,,,0.0,
2018-12-06,339.0,174.45,0.0,,,0.0,
2018-12-07,369.0,191.18,0.0,,,0.0,
2018-12-08,368.0,163.91,0.0,,,0.0,
2018-12-09,280.0,161.45,0.0,,,0.0,
2018-12-10,285.0,178.2,0.0,,,0.0,
2018-12-11,377.0,230.83,0.0,,,0.0,
2018-12-12,389.0,176.72,0.0,,,0.0,
2018-12-13,222.0,87.31,0.0,,,0.0,
2018-12-14,189.0,79.02,0.0,,,0.0,
2018-12-15,176.0,83.98,0.0,,,0.0,
2018-12-16,148.0,67.26,0.0,,,0.0,
2018-12-17,172.0,94.16,0.0,,,0.0,
2018-12-18,230.0,102.5,0.0,,,0.0,
2018-12-19,210.0,105.02,0.0,,,0.0,
2018-12-20,288.0,133.58,0.0,,,0.0,
2018-12-21,276.0,112.7,0.0,,,0.0,
2018-12-22,215.0,101.21,0.0,,,0.0,
2018-12-23,292.0,128.34,0.0,,,0.0,
2018-12-24,305.0,155.15,0.0,,,0.0,
2018-12-25,362.0,177.18,0.0,,,0.0,
2018-12-26,321.0,156.46,0.0,,,0.0,
2018-12-27,327.0,166.81,0.0,,,0.0,
2018-12-28,353.0,194.52,0.0,,,0.0,
2018-12-29,360.0,197.45,0.0,,,0.0,
2018-12-30,423.0,304.47,0.0,,,0.0,
2018-12-31,463.0,309.14,0.0,,,0.0,
2019-01-01,450.0,296.93,0.0,,,0.0,
2019-01-02,433.0,305.58,0.0,,,0.0,
2019-01-03,462.0,314.48,0.0,,,0.0,
2019-01-04,384.0,189.0,0.0,,,0.0,
2019-01-05,392.0,218.77,0.0,,,0.0,
2019-01-06,332.0,127.51,0.0,,,0.0,
2019-01-07,279.0,127.98,0.0,,,0.0,
2019-01-08,308.0,121.68,0.0,,,0.0,
2019-01-09,271.0,100.59,0.0,,,0.0,
2019-01-10,210.0,91.83,0.0,,,0.0,
2019-01-11,313.0,179.83,0.0,,,0.0,
2019-01-12,348.0,182.46,0.0,,,0.0,
2019-01-13,342.0,175.61,0.0,,,0.0,
2019-01-14,275.0,69.18,0.0,,,0.0,
2019-01-15,135.0,83.4,0.0,,,0.0,
2019-01-16,298.0,163.92,0.0,,,0.0,
2019-01-17,367.0,237.94,0.0,,,0.0,
2019-01-18,405.0,176.96,0.0,,,0.0,
2019-01-19,349.0,178.96,0.0,,,0.0,
2019-01-20,328.0,136.27,0.0,,,0.0,
2019-01-21,260.0,101.19,0.0,,,0.0,
2019-01-22,143.0,51.48,0.0,,,0.0,
2019-01-23,153.0,105.71,0.0,,,0.0,
2019-01-24,294.0,114.82,0.0,,,0.0,
2019-01-25,161.0,58.17,0.0,,,0.0,
2019-01-26,170.0,82.66,0.0,,,0.0,
2019-01-27,201.0,97.78,0.0,,,0.0,
2019-01-28,213.0,97.11,0.0,,,0.0,
2019-01-29,194.0,80.94,0.0,,,0.0,
2019-01-30,255.0,125.78,0.0,,,0.0,
2019-01-31,309.0,129.19,0.0,,,0.0,
2019-02-01,258.0,121.31,0.0,,,0.0,
2019-02-02,302.0,117.86,0.0,,,0.0,
2019-02-03,232.0,79.97,0.0,,,0.0,
2019-02-04,205.0,90.9,0.0,,,0.0,
2019-02-05,234.0,112.5,0.0,,,0.0,
2019-02-06,269.0,98.51,0.0,,,0.0,
2019-02-07,144.0,57.85,0.0,,,0.0,
2019-02-08,123.0,55.96,0.0,,,0.0,
2019-02-09,125.0,49.02,0.0,,,0.0,
2019-02-10,113.0,98.01,0.0,,,0.0,
2019-02-11,310.0,132.14,0.0,,,0.0,
2019-02-12,302.0,144.74,0.0,,,0.0,
2019-02-13,330.0,158.5,0.0,,,0.0,
2019-02-14,306.0,112.92,0.0,,,0.0,
2019-02-15,186.0,78.9,0.0,,,0.0,
2019-02-16,183.0,80.01,0.0,,,0.0,
2019-02-17,130.0,58.47,0.0,,,0.0,
2019-02-18,171.0,88.93,0.0,,,0.0,
2019-02-19,149.0,76.86,0.0,,,0.0,
2019-02-20,213.0,73.53,0.0,,,0.0,
2019-02-21,111.0,48.94,0.0,,,0.0,
2019-02-22,120.0,49.22,0.0,,,0.0,
2019-02-23,90.0,36.87,0.0,,,0.0,
2019-02-24,103.0,51.22,0.0,,,0.0,
2019-02-25,157.0,78.68,0.0,,,0.0,
2019-02-26,108.0,41.41,0.0,,,0.0,
2019-02-27,86.0,36.88,0.0,,,0.0,
2019-02-28,103.0,55.34,0.0,,,0.0,
2019-03-01,137.0,66.43,0.0,,,0.0,
2019-03-02,155.0,73.98,0.0,,,0.0,
2019-03-03,104.0,31.97,0.0,,,0.0,
2019-03-04,100.0,63.58,0.0,,,0.0,
2019-03-05,100.0,39.9,0.0,,,0.0,
2019-03-06,90.0,51.93,0.0,,,0.0,
2019-03-07,149.0,74.89,0.0,,,0.0,
2019-03-08,154.0,66.24,0.0,,,0.0,
2019-03-09,153.0,65.44,0.0,,,0.0,
2019-03-10,107.0,45.61,0.0,,,0.0,
2019-03-11,136.0,63.7,0.0,,,0.0,
2019-03-12,126.0,59.86,0.0,,,0.0,
2019-03-13,145.0,75.29,0.0,,,0.0,
2019-03-14,245.0,93.38,0.0,,,0.0,
2019-03-15,138.0,52.58,0.0,,,0.0,
2019-03-16,116.0,59.13,0.0,,,0.0,
2019-03-17,144.0,63.26,0.0,,,0.0,
2019-03-18,161.0,74.62,0.0,,,0.0,
2019-03-19,197.0,90.27,0.0,,,0.0,
2019-03-20,189.0,82.34,0.0,,,0.0,
2019-03-21,243.0,114.87,0.0,,,0.0,
2019-03-22,144.0,43.44,0.0,,,0.0,
2019-03-23,99.0,52.37,0.0,,,0.0,
2019-03-24,103.0,43.6,0.0,,,0.0,
2019-03-25,114.0,49.62,0.0,,,0.0,
2019-03-26,119.0,58.85,0.0,,,0.0,
2019-03-27,127.0,60.18,0.0,,,0.0,
2019-03-28,193.0,86.86,0.0,,,0.0,
2019-03-29,230.0,98.42,0.0,,,0.0,
2019-03-30,254.0,104.25,0.0,,,0.0,
2019-03-31,193.0,62.86,0.0,,,0.0,
2019-04-01,114.0,45.22,0.0,,,0.0,
2019-04-02,161.0,76.87,0.0,,,0.0,
2019-04-03,183.0,78.55,0.0,,,0.0,
2019-04-04,187.0,100.22,0.0,,,0.0,
2019-04-05,260.0,120.41,0.0,,,0.0,
2019-04-06,282.0,106.43,0.0,,,0.0,
2019-04-07,312.0,164.12,0.0,,,0.0,
2019-04-08,320.0,121.22,0.0,,,0.0,
2019-04-09,243.0,92.34,0.0,,,0.0,
2019-04-10,247.0,99.71,0.0,,,0.0,
2019-04-11,194.0,82.16,0.0,,,0.0,
2019-04-12,220.0,79.95,0.0,,,0.0,
2019-04-13,180.0,59.13,0.0,,,0.0,
2019-04-14,140.0,57.02,0.0,,,0.0,
2019-04-15,166.0,65.08,0.0,,,0.0,
2019-04-16,257.0,98.06,0.0,,,0.0,
2019-04-17,76.0,25.61,0.0,,,0.0,
2019-04-18,58.0,31.04,0.0,,,0.0,
2019-04-19,120.0,72.14,0.0,,,0.0,
2019-04-20,136.0,66.43,0.0,,,0.0,
2019-04-21,173.0,78.12,0.0,,,0.0,
2019-04-22,201.0,94.78,0.0,,,0.0,
2019-04-23,234.0,98.54,0.0,,,0.0,
2019-04-24,253.0,104.05,0.0,,,0.0,
2019-04-25,313.0,103.59,0.0,,,0.0,
2019-04-26,275.0,93.68,0.0,,,0.0,
2019-04-27,296.0,95.22,0.0,,,0.0,
2019-04-28,259.0,106.0,0.0,,,0.0,
2019-04-29,261.0,111.49,0.0,,,0.0,
2019-04-30,288.0,120.11,0.0,,,0.0,
2019-05-01,309.0,139.89,0.0,,,0.0,
2019-05-02,318.0,115.75,0.0,,,0.0,
2019-05-03,209.0,62.53,0.0,,,0.0,
2019-05-04,147.0,83.48,0.0,,,0.0,
2019-05-05,235.0,98.84,0.0,,,0.0,
2019-05-06,230.0,111.45,0.0,,,0.0,
2019-05-07,297.0,142.31,0.0,,,0.0,
2019-05-08,323.0,134.8,0.0,,,0.0,
2019-05-09,395.0,147.45,0.0,,,0.0,
2019-05-10,354.0,107.65,0.0,,,0.0,
2019-05-11,249.0,107.3,0.0,,,0.0,
2019-05-12,367.0,228.22,0.0,,,0.0,
2019-05-13,344.0,140.51,0.0,,,0.0,
2019-05-14,164.0,59.71,0.0,,,0.0,
2019-05-15,173.0,79.01,0.0,,,0.0,
2019-05-16,163.0,90.77,0.0,,,0.0,
2019-05-17,227.0,94.42,0.0,,,0.0,
2019-05-18,119.0,45.53,0.0,,,0.0,
2019-05-19,120.0,71.07,0.0,,,0.0,
2019-05-20,209.0,103.4,0.0,,,0.0,
2019-05-21,192.0,85.19,0.0,,,0.0,
2019-05-22,167.0,79.2,0.0,,,0.0,
2019-05-23,195.0,89.14,0.0,,,0.0,
2019-05-24,132.0,49.57,0.0,,,0.0,
2019-05-25,89.0,48.27,0.0,,,0.0,
2019-05-26,96.0,61.49,0.0,,,0.0,
2019-05-27,120.0,70.89,0.0,,,0.0,
2019-05-28,163.0,72.5,0.0,,,0.0,
2019-05-29,157.0,80.45,0.0,,,0.0,
2019-05-30,240.0,123.0,0.0,,,0.0,
2019-05-31,300.0,124.14,0.0,,,0.0,
2019-06-01,304.0,119.06,0.0,,,0.0,
2019-06-02,250.0,92.63,0.0,,,0.0,
2019-06-03,223.0,102.4,0.0,,,0.0,
2019-06-04,234.0,82.26,0.0,,,0.0,
2019-06-05,208.0,97.05,0.0,,,0.0,
2019-06-06,244.0,111.57,0.0,,,0.0,
2019-06-07,253.0,74.03,0.0,,,0.0,
2019-06-08,214.0,77.37,0.0,,,0.0,
2019-06-09,233.0,116.43,0.0,,,0.0,
2019-06-10,289.0,119.32,0.0,,,0.0,
2019-06-11,348.0,224.58,0.0,,,0.0,
2019-06-12,327.0,104.68,0.0,,,0.0,
2019-06-13,186.0,70.6,0.0,,,0.0,
2019-06-14,150.0,65.3,0.0,,,0.0,
2019-06-15,185.0,83.99,0.0,,,0.0,
2019-06-16,206.0,58.55,0.0,,,0.0,
2019-06-17,104.0,44.04,0.0,,,0.0,
2019-06-18,141.0,42.37,0.0,,,0.0,
2019-06-20,177.0,45.75,0.0,,,0.0,
2019-06-21,152.0,79.0,0.0,,,0.0,
2019-06-22,190.0,66.3,0.0,,,0.0,
2019-06-23,137.0,54.89,0.0,,,0.0,
2019-06-24,90.0,30.48,0.0,,,0.0,
2019-06-25,108.0,47.46,0.0,,,0.0,
2019-06-26,123.0,66.91,0.0,,,0.0,
2019-06-27,150.0,81.9,0.0,,,0.0,
2019-06-28,182.0,72.48,0.0,,,0.0,
2019-06-29,191.0,78.64,0.0,,,0.0,
2019-06-30,222.0,85.29,0.0,,,0.0,
2019-07-01,173.0,66.52,0.0,,,0.0,
2019-07-02,196.0,93.12,0.0,,,0.0,
2019-07-03,166.0,48.85,0.0,,,0.0,
2019-07-04,74.0,37.9,0.0,,,0.0,
2019-07-05,68.0,41.09,0.0,,,0.0,
2019-07-06,66.0,39.12,0.0,,,0.0,
2019-07-07,72.0,45.29,0.0,,,0.0,
2019-07-08,92.0,57.24,0.0,,,0.0,
2019-07-09,101.0,60.89,0.0,,,0.0,
2019-07-10,129.0,81.39,0.0,,,0.0,
2019-07-11,258.0,101.83,0.0,,,0.0,
2019-07-12,238.0,92.47,0.0,,,0.0,
2019-07-13,197.0,85.36,0.0,,,0.0,
2019-07-14,199.0,99.31,0.0,,,0.0,
2019-07-15,192.0,63.38,0.0,,,0.0,
2019-07-16,135.0,47.43,0.0,,,0.0,
2019-07-17,73.0,31.41,0.0,,,0.0,
2019-07-18,67.0,30.89,0.0,,,0.0,
2019-07-19,80.0,68.38,0.0,,,0.0,
2019-07-20,130.0,45.04,0.0,,,0.0,
2019-07-21,88.0,44.74,0.0,,,0.0,
2019-07-22,108.0,47.85,0.0,,,0.0,
2019-07-23,109.0,42.36,0.0,,,0.0,
2019-07-24,133.0,54.71,0.0,,,0.0,
2019-07-25,64.0,26.59,0.0,,,0.0,
2019-07-26,61.0,37.1,0.0,,,0.0,
2019-07-27,72.0,26.58,0.0,,,0.0,
2019-07-28,45.0,16.85,0.0,,,0.0,
2019-07-29,43.0,22.51,0.0,,,0.0,
2019-07-30,50.0,24.52,0.0,,,0.0,
2019-07-31,58.0,28.42,0.0,,,0.0,
2019-08-01,61.0,33.71,0.0,,,0.0,
2019-08-02,64.0,32.03,0.0,,,0.0,
2019-08-03,72.0,33.8,0.0,,,0.0,
2019-08-04,72.0,50.36,0.0,,,0.0,
2019-08-05,69.0,46.78,0.0,,,0.0,
2019-08-06,71.0,25.31,0.0,,,0.0,
2019-08-07,46.0,22.4,0.0,,,0.0,
2019-08-08,51.0,20.7,0.0,,,0.0,
2019-08-09,54.0,26.31,0.0,,,0.0,
2019-08-10,52.0,21.99,0.0,,,0.0,
2019-08-11,38.0,16.25,0.0,,,0.0,
2019-08-12,48.0,30.32,0.0,,,0.0,
2019-08-13,60.0,21.54,0.0,,,0.0,
2019-08-14,55.0,24.24,0.0,,,0.0,
2019-08-15,53.0,22.15,0.0,,,0.0,
2019-08-16,41.0,14.18,0.0,,,0.0,
2019-08-17,55.0,39.18,0.0,,,0.0,
2019-08-18,49.0,20.51,0.0,,,0.0,
2019-08-19,51.0,38.02,0.0,,,0.0,
2019-08-20,85.0,46.61,0.0,,,0.0,
2019-08-21,117.0,52.07,0.0,,,0.0,
2019-08-22,107.0,46.94,0.0,,,0.0,
2019-08-23,96.0,62.81,0.0,,,0.0,
2019-08-24,115.0,63.79,0.0,,,0.0,
2019-08-25,87.0,36.17,0.0,,,0.0,
2019-08-26,53.0,26.29,0.0,,,0.0,
2019-08-27,55.0,29.99,0.0,,,0.0,
2019-08-28,69.0,35.45,0.0,,,0.0,
2019-08-29,73.0,37.09,0.0,,,0.0,
2019-08-30,59.0,37.16,0.0,,,0.0,
2019-08-31,74.0,48.42,0.0,,,0.0,
2019-09-01,72.0,28.57,0.0,,,0.0,
2019-09-02,66.0,42.78,0.0,,,0.0,
2019-09-03,122.0,76.15,0.0,,,0.0,
2019-09-04,156.0,76.65,0.0,,,0.0,
2019-09-05,104.0,30.99,0.0,,,0.0,
2019-09-06,67.0,32.93,0.0,,,0.0,
2019-09-07,60.0,29.49,0.0,,,0.0,
2019-09-08,96.0,30.78,0.0,,,0.0,
2019-09-09,76.0,51.34,0.0,,,0.0,
2019-09-10,118.0,75.84,0.0,,,0.0,
2019-09-11,167.0,80.6,0.0,,,0.0,
2019-09-12,165.0,65.41,0.0,,,0.0,
2019-09-13,89.0,34.04,0.0,,,0.0,
2019-09-14,83.0,26.72,0.0,,,0.0,
2019-09-15,85.0,30.04,0.0,,,0.0,
2019-09-16,91.0,47.23,0.0,,,0.0,
2019-09-17,112.0,58.53,0.0,,,0.0,
2019-09-18,95.0,37.12,0.0,,,0.0,
2019-09-19,82.0,22.7,0.0,,,0.0,
2019-09-20,82.0,33.35,0.0,,,0.0,
2019-09-21,85.0,33.01,0.0,,,0.0,
2019-09-22,62.0,14.92,0.0,,,0.0,
2019-09-23,72.0,25.25,0.0,,,0.0,
2019-09-24,82.0,32.94,0.0,,,0.0,
2019-09-25,83.0,32.22,0.0,,,0.0,
2019-09-26,75.0,29.44,0.0,,,0.0,
2019-09-27,54.0,14.65,0.0,,,0.0,
2019-09-28,59.0,16.17,0.0,,,0.0,
2019-09-29,49.0,14.56,0.0,,,0.0,
2019-09-30,48.0,23.99,0.0,,,0.0,
2019-10-01,76.0,33.82,0.0,,,0.0,
2019-10-02,89.0,38.05,0.0,,,0.0,
2019-10-03,98.0,51.55,0.0,,,0.0,
2019-10-04,97.0,37.82,0.0,,,0.0,
2019-10-05,86.0,32.53,0.0,,,0.0,
2019-10-06,96.0,47.85,0.0,,,0.0,
2019-10-07,91.0,50.21,0.0,,,0.0,
2019-10-08,95.0,38.26,0.0,,,0.0,
2019-10-09,108.0,70.44,0.0,,,0.0,
2019-10-10,153.0,83.57,0.0,,,0.0,
2019-10-11,192.0,83.09,0.0,,,0.0,
2019-10-12,172.0,79.53,0.0,,,0.0,
2019-10-13,188.0,98.05,0.0,,,0.0,
2019-10-14,241.0,102.26,0.0,,,0.0,
2019-10-15,254.0,109.04,0.0,,,0.0,
2019-10-16,291.0,137.78,0.0,,,0.0,
2019-10-17,289.0,114.03,0.0,,,0.0,
2019-10-18,295.0,107.55,0.0,,,0.0,
2019-10-19,165.0,72.1,0.0,,,0.0,
2019-10-20,223.0,92.64,0.0,,,0.0,
2019-10-21,225.0,109.34,0.0,,,0.0,
2019-10-22,232.0,92.44,0.0,,,0.0,
2019-10-23,223.0,108.48,0.0,,,0.0,
2019-10-24,292.0,151.69,0.0,,,0.0,
2019-10-25,308.0,117.64,0.0,,,0.0,
2019-10-26,272.0,118.89,0.0,,,0.0,
2019-10-27,311.0,170.87,0.0,,,0.0,
2019-10-28,396.0,258.67,0.0,,,0.0,
2019-10-29,375.0,217.34,0.0,,,0.0,
2019-10-30,369.0,216.4,0.0,,,0.0,
2019-10-31,374.0,231.37,0.0,,,0.0,
2019-11-01,476.0,394.28,0.0,,,0.0,
2019-11-02,431.0,314.82,0.0,,,0.0,
2019-11-03,607.0,473.51,0.0,,,0.0,
2019-11-04,448.0,219.51,0.0,,,0.0,
2019-11-05,360.0,152.59,0.0,,,0.0,
2019-11-06,221.0,93.32,0.0,,,0.0,
2019-11-07,280.0,160.41,0.0,,,0.0,
2019-11-08,335.0,157.05,0.0,,,0.0,
2019-11-09,316.0,128.98,0.0,,,0.0,
2019-11-10,300.0,157.5,0.0,,,0.0,
2019-11-11,340.0,210.54,0.0,,,0.0,
2019-11-12,425.0,350.49,0.0,,,0.0,
2019-11-13,502.0,388.11,0.0,,,0.0,
2019-11-14,488.0,361.14,0.0,,,0.0,
2019-11-15,548.0,435.04,0.0,,,0.0,
2019-11-16,434.0,171.39,0.0,,,0.0,
2019-11-17,244.0,69.43,0.0,,,0.0,
2019-11-18,142.0,70.95,0.0,,,0.0,
2019-11-19,148.0,86.86,0.0,,,0.0,
2019-11-20,223.0,118.97,0.0,,,0.0,
2019-11-21,318.0,155.84,0.0,,,0.0,
2019-11-22,331.0,164.7,0.0,,,0.0,
2019-11-23,305.0,115.05,0.0,,,0.0,
2019-11-24,234.0,105.21,0.0,,,0.0,
2019-11-25,236.0,102.12,0.0,,,0.0,
2019-11-26,244.0,99.75,0.0,,,0.0,
2019-11-27,123.0,61.45,0.0,,,0.0,
2019-11-28,97.0,33.78,0.0,,,0.0,
2019-11-29,73.0,44.89,0.0,,,0.0,
2019-11-30,103.0,60.83,0.0,,,0.0,
2019-12-01,148.0,76.17,0.0,,,0.0,
2019-12-02,187.0,97.16,0.0,,,0.0,
2019-12-03,265.0,112.58,0.0,,,0.0,
2019-12-04,280.0,125.0,0.0,,,0.0,
2019-12-05,331.0,198.13,0.0,,,0.0,
2019-12-06,381.0,222.5,0.0,,,0.0,
2019-12-07,369.0,208.98,0.0,,,0.0,
2019-12-08,373.0,205.7,0.0,,,0.0,
2019-12-09,350.0,173.25,0.0,,,0.0,
2019-12-10,347.0,192.51,0.0,,,0.0,
2019-12-11,369.0,228.57,0.0,,,0.0,
2019-12-12,391.0,223.29,0.0,,,0.0,
2019-12-13,250.0,65.04,0.0,,,0.0,
2019-12-14,97.0,59.76,0.0,,,0.0,
2019-12-15,144.0,76.17,0.0,,,0.0,
2019-12-16,136.0,63.2,0.0,,,0.0,
2019-12-17,111.0,65.24,0.0,,,0.0,
2019-12-18,168.0,93.92,0.0,,,0.0,
2019-12-19,282.0,168.88,0.0,,,0.0,
2019-12-20,342.0,188.91,0.0,,,0.0,
2019-12-21,352.0,164.47,0.0,,,0.0,
2019-12-22,281.0,99.82,0.0,,,0.0,
2019-12-23,228.0,113.74,0.0,,,0.0,
2019-12-24,303.0,186.27,0.0,,,0.0,
2019-12-25,317.0,109.59,0.0,,,0.0,
2019-12-26,272.0,152.56,0.0,,,0.0,
2019-12-27,334.0,161.19,0.0,,,0.0,
2019-12-28,351.0,203.81,0.0,,,0.0,
2019-12-29,389.0,260.02,0.0,,,0.0,
2019-12-30,423.0,201.74,0.0,,,0.0,
2019-12-31,341.0,175.66,0.0,,,0.0,
2020-01-01,429.0,296.06,0.0,,,0.0,
2020-01-02,419.0,271.49,0.0,,,0.0,
2020-01-03,390.0,183.81,0.0,,,0.0,
2020-01-04,308.0,152.96,0.0,,,0.0,
2020-01-05,326.0,144.74,0.0,,,0.0,
2020-01-06,315.0,133.68,0.0,,,0.0,
2020-01-07,234.0,89.97,0.0,,,0.0,
2020-01-08,198.0,88.95,0.0,,,0.0,
2020-01-09,160.0,66.14,0.0,,,0.0,
2020-01-10,160.0,89.87,0.0,,,0.0,
2020-01-11,242.0,108.44,0.0,,,0.0,
2020-01-12,311.0,151.11,0.0,,,0.0,
2020-01-13,328.0,161.63,0.0,,,0.0,
2020-01-14,244.0,75.89,0.0,,,0.0,
2020-01-15,174.0,90.38,0.0,,,0.0,
2020-01-16,247.0,117.82,0.0,,,0.0,
2020-01-17,259.0,79.88,0.0,,,0.0,
2020-01-18,176.0,93.89,0.0,,,0.0,
2020-01-19,214.0,92.62,0.0,,,0.0,
2020-01-20,175.0,85.13,0.0,,,0.0,
2020-01-21,276.0,131.03,0.0,,,0.0,
2020-01-22,313.0,130.93,0.0,,,0.0,
2020-01-23,193.0,56.38,0.0,,,0.0,
2020-01-24,102.0,51.22,0.0,,,0.0,
2020-01-25,138.0,84.59,0.0,,,0.0,
2020-01-26,289.0,132.02,0.0,,,0.0,
2020-01-27,280.0,117.46,0.0,,,0.0,
2020-01-28,245.0,93.01,0.0,,,0.0,
2020-01-29,140.0,47.0,0.0,,,0.0,
2020-01-30,112.0,63.71,0.0,,,0.0,
2020-01-31,112.0,62.07,0.0,,,0.0,
2020-02-01,159.0,79.58,0.0,,,0.0,
2020-02-02,144.0,71.37,0.0,,,0.0,
2020-02-03,174.0,87.41,0.0,,,0.0,
2020-02-04,216.0,100.75,0.0,,,0.0,
2020-02-05,285.0,118.41,0.0,,,0.0,
2020-02-06,198.0,79.42,0.0,,,0.0,
2020-02-07,245.0,120.12,0.0,,,0.0,
2020-02-08,260.0,104.96,0.0,,,0.0,
2020-02-09,254.0,105.04,0.0,,,0.0,
2020-02-10,275.0,130.89,0.0,,,0.0,
2020-02-11,316.0,145.57,0.0,,,0.0,
2020-02-12,302.0,130.82,0.0,,,0.0,
2020-02-13,190.0,63.78,0.0,,,0.0,
2020-02-14,128.0,64.17,0.0,,,0.0,
2020-02-15,130.0,50.24,0.0,,,0.0,
2020-02-16,182.0,93.15,0.0,,,0.0,
2020-02-17,256.0,105.65,0.0,,,0.0,
2020-02-18,165.0,69.82,0.0,,,0.0,
2020-02-19,181.0,83.56,0.0,,,0.0,
2020-02-20,170.0,85.97,0.0,,,0.0,
2020-02-21,145.0,49.47,0.0,,,0.0,
2020-02-22,94.0,59.08,0.0,,,0.0,
2020-02-23,187.0,95.42,0.0,,,0.0,
2020-02-24,144.0,66.85,0.0,,,0.0,
2020-02-25,183.0,92.36,0.0,,,0.0,
2020-02-26,241.0,108.36,0.0,,,0.0,
2020-02-27,206.0,86.84,0.0,,,0.0,
2020-02-28,160.0,71.0,0.0,,,0.0,
2020-02-29,127.0,55.87,0.0,,,0.0,
2020-03-01,115.0,24.29,0.0,,,0.0,
2020-03-02,136.0,73.57,0.0,,,0.0,
2020-03-03,175.0,80.0,0.0,,,0.0,
2020-03-04,154.0,71.23,0.0,,,0.0,
2020-03-05,104.0,32.0,0.0,,,0.0,
2020-03-06,95.0,19.52,0.0,,,0.0,
2020-03-07,79.0,35.82,0.0,,,0.0,
2020-03-08,115.0,56.58,0.0,,,0.0,
2020-03-09,117.0,62.38,0.0,,,0.0,
2020-03-10,160.0,75.88,0.0,,,0.0,
2020-03-11,114.0,52.61,0.0,,,0.0,
2020-03-12,115.0,50.17,0.0,,,0.0,
2020-03-13,134.0,60.57,0.0,,,0.0,
2020-03-14,118.0,43.92,0.0,,,0.0,
2020-03-15,119.0,57.48,0.0,,,0.0,
2020-03-16,155.0,73.26,0.0,,,0.0,
2020-03-17,181.0,76.84,0.0,,,0.0,
2020-03-18,178.0,84.93,0.0,,,0.0,
2020-03-19,175.0,80.27,0.0,,,0.0,
2020-03-20,176.0,85.31,0.0,,,0.0,
2020-03-21,154.0,58.09,0.0,,,0.0,
2020-03-22,168.0,85.87,0.0,,,0.0,
2020-03-23,124.0,51.38,0.0,,,0.0,
2020-03-24,122.0,61.21,0.0,,,0.0,
2020-03-25,86.0,31.83,0.0,,,0.0,
2020-03-26,65.0,31.27,0.0,,,0.0,
2020-03-27,59.0,20.82,0.0,,,0.0,
2020-03-28,62.0,17.59,0.0,,,0.0,
2020-03-29,68.0,23.65,0.0,,,0.0,
2020-03-30,80.0,32.0,0.0,,,0.0,
2020-03-31,80.0,30.71,0.0,,,0.0,
2020-04-01,81.0,27.84,0.0,,,0.0,
2020-04-02,81.0,28.93,0.0,,,0.0,
2020-04-03,95.0,27.11,0.0,,,0.0,
2020-04-04,93.0,34.18,0.0,,,0.0,
2020-04-05,99.0,49.7,0.0,,,0.0,
2020-04-06,106.0,52.7,0.0,,,0.0,
2020-04-07,94.0,31.8,0.0,,,0.0,
2020-04-08,96.0,28.04,0.0,,,0.0,
2020-04-09,101.0,31.68,0.0,,,0.0,
2020-04-10,105.0,49.34,0.0,,,0.0,
2020-04-11,127.0,51.41,0.0,,,0.0,
2020-04-12,107.0,32.16,0.0,,,0.0,
2020-04-13,114.0,53.33,0.0,,,0.0,
2020-04-14,122.0,51.22,0.0,,,0.0,
2020-04-15,138.0,59.01,0.0,,,0.0,
2020-04-16,157.0,62.75,0.0,,,0.0,
2020-04-17,120.0,28.23,0.0,,,0.0,
2020-04-18,107.0,26.84,0.0,,,0.0,
2020-04-19,109.0,30.21,0.0,,,0.0,
2020-04-20,99.0,48.86,0.0,,,0.0,
2020-04-21,105.0,33.79,0.0,,,0.0,
2020-04-22,120.0,49.59,0.0,,,0.0,
2020-04-23,113.0,51.55,0.0,,,0.0,
2020-04-24,124.0,56.54,0.0,,,0.0,
2020-04-25,121.0,26.55,0.0,,,0.0,
2020-04-26,113.0,49.26,0.0,,,0.0,
2020-04-27,103.0,25.94,0.0,,,0.0,
2020-04-28,118.0,34.2,0.0,,,0.0,
2020-04-29,126.0,58.64,0.0,,,0.0,
2020-04-30,141.0,62.21,0.0,,,0.0,
2020-05-01,155.0,62.55,0.0,,,0.0,
2020-05-02,152.0,41.11,0.0,,,0.0,
2020-05-03,126.0,39.62,0.0,,,0.0,
2020-05-04,94.0,23.7,0.0,,,0.0,
2020-05-05,130.0,55.54,0.0,,,0.0,
2020-05-06,143.0,48.01,0.0,,,0.0,
2020-05-07,138.0,40.41,0.0,,,0.0,
2020-05-08,144.0,56.55,0.0,,,0.0,
2020-05-09,166.0,63.16,0.0,,,0.0,
2020-05-10,154.0,51.33,0.0,,,0.0,
2020-05-11,113.0,43.34,0.0,,,0.0,
2020-05-12,133.0,46.22,0.0,,,0.0,
2020-05-13,133.0,63.71,0.0,,,0.0,
2020-05-14,147.0,51.25,0.0,,,0.0,
2020-05-15,155.0,44.84,0.0,,,0.0,
2020-05-16,208.0,69.14,0.0,,,0.0,
2020-05-17,184.0,70.96,0.0,,,0.0,
2020-05-18,160.0,59.29,0.0,,,0.0,
2020-05-19,160.0,74.62,0.0,,,0.0,
2020-05-20,167.0,67.08,0.0,,,0.0,
2020-05-21,141.0,51.41,0.0,,,0.0,
2020-05-22,152.0,62.53,0.0,,,0.0,
2020-05-23,146.0,65.12,0.0,,,0.0,
2020-05-24,150.0,56.3,0.0,,,0.0,
2020-05-25,139.0,60.53,0.0,,,0.0,
2020-05-26,140.0,56.62,0.0,,,0.0,
2020-05-27,162.0,68.78,0.0,,,0.0,
2020-05-28,202.0,75.32,0.0,,,0.0,
2020-05-29,166.0,32.39,0.0,,,0.0,
2020-05-30,86.0,26.35,0.0,,,0.0,
2020-05-31,105.0,27.67,0.0,,,0.0,
2020-06-01,133.0,36.12,0.0,,,0.0,
2020-06-02,156.0,46.04,0.0,,,0.0,
2020-06-03,135.0,46.92,0.0,,,0.0,
2020-06-04,130.0,58.03,0.0,,,0.0,
2020-06-05,121.0,39.79,0.0,,,0.0,
2020-06-06,110.0,43.29,0.0,,,0.0,
2020-06-07,122.0,48.67,0.0,,,0.0,
2020-06-08,133.0,47.11,0.0,,,0.0,
2020-06-09,141.0,65.0,0.0,,,0.0,
2020-06-10,135.0,50.5,0.0,,,0.0,
2020-06-11,122.0,46.61,0.0,,,0.0,
2020-06-12,147.0,72.62,0.0,,,0.0,
2020-06-13,158.0,61.48,0.0,,,0.0,
2020-06-14,157.0,73.88,0.0,,,0.0,
2020-06-15,155.0,54.15,0.0,,,0.0,
2020-06-16,128.0,49.75,0.0,,,0.0,
2020-06-17,128.0,45.21,0.0,,,0.0,
2020-06-18,122.0,46.26,0.0,,,0.0,
2020-06-19,148.0,65.61,0.0,,,0.0,
2020-06-20,172.0,49.08,0.0,,,0.0,
2020-06-21,132.0,49.1,0.0,,,0.0,
2020-06-22,134.0,48.62,0.0,,,0.0,
2020-06-23,108.0,39.63,0.0,,,0.0,
2020-06-24,86.0,43.35,0.0,,,0.0,
2020-06-25,102.0,42.64,0.0,,,0.0,
2020-06-26,122.0,56.56,0.0,,,0.0,
2020-06-27,121.0,47.82,0.0,,,0.0,
2020-06-28,153.0,64.72,0.0,,,0.0,
2020-06-29,140.0,46.89,0.0,,,0.0,
2020-06-30,131.0,47.27,0.0,,,0.0,
2020-07-01,157.0,61.64,0.0,,,0.0,
2019-02-17,92.0,50.82,0.0,,,0.0,
2019-02-18,122.0,58.31,0.0,,,0.0,
2019-02-19,80.0,59.88,0.0,,,0.0,
2019-02-20,105.0,55.61,0.0,,,0.0,
2019-02-21,105.0,83.66,0.0,,,0.0,
2019-02-22,293.0,141.8,0.0,,,0.0,
2019-02-23,321.0,133.26,0.0,,,0.0,
2019-02-24,206.0,69.9,0.0,,,0.0,
2019-02-26,285.0,94.29,0.0,,,0.0,
2019-02-27,152.0,60.89,0.0,,,0.0,
2019-02-28,93.0,62.0,0.0,,,0.0,
2019-03-01,113.0,69.01,0.0,,,0.0,
2019-03-02,183.0,89.55,0.0,,,0.0,
2019-03-03,226.0,106.89,0.0,,,0.0,
2019-03-04,277.0,97.6,0.0,,,0.0,
2019-03-05,126.0,68.21,0.0,,,0.0,
2019-03-06,148.0,63.29,0.0,,,0.0,
2019-03-07,102.0,74.81,0.0,,,0.0,
2019-03-08,236.0,104.14,0.0,,,0.0,
2019-03-09,265.0,116.75,0.0,,,0.0,
2019-03-10,303.0,124.9,0.0,,,0.0,
2019-03-11,267.0,124.94,0.0,,,0.0,
2019-03-12,316.0,123.34,0.0,,,0.0,
2019-03-13,212.0,100.41,0.0,,,0.0,
2019-03-14,303.0,138.45,0.0,,,0.0,
2019-03-15,321.0,138.03,0.0,,,0.0,
2019-03-16,312.0,131.69,0.0,,,0.0,
2019-03-17,231.0,105.33,0.0,,,0.0,
2019-03-18,308.0,153.22,0.0,,,0.0,
2019-03-19,303.0,91.58,0.0,,,0.0,
2019-03-20,118.0,66.5,0.0,,,0.0,
2019-03-21,148.0,73.33,0.0,,,0.0,
2019-03-22,198.0,53.17,0.0,,,0.0,
2019-03-23,150.0,67.46,0.0,,,0.0,
2019-03-24,123.0,70.83,0.0,,,0.0,
2019-03-25,268.0,118.05,0.0,,,0.0,
2019-03-26,306.0,119.32,0.0,,,0.0,
2019-03-27,156.0,62.29,0.0,,,0.0,
2019-03-28,109.0,79.69,0.0,,,0.0,
2019-03-29,258.0,114.47,0.0,,,0.0,
2019-03-30,300.0,140.62,0.0,,,0.0,
2019-03-31,236.0,48.63,0.0,,,0.0,
2019-04-01,74.0,35.72,0.0,,,0.0,
2019-04-02,109.0,58.96,0.0,,,0.0,
2019-04-03,99.0,23.13,0.0,,,0.0,
2019-04-04,120.0,29.99,0.0,,,0.0,
2019-04-05,61.0,25.78,0.0,,,0.0,
2019-04-06,74.0,56.1,0.0,,,0.0,
2019-04-07,103.0,43.93,0.0,,,0.0,
2019-04-08,59.0,28.95,0.0,,,0.0,
2019-04-09,53.0,30.06,0.0,,,0.0,
2019-04-10,74.0,37.76,0.0,,,0.0,
2019-04-11,114.0,66.63,0.0,,,0.0,
2019-04-12,161.0,79.26,0.0,,,0.0,
2019-04-13,179.0,85.8,0.0,,,0.0,
2019-04-14,140.0,51.4,0.0,,,0.0,
2019-04-15,67.0,47.34,0.0,,,0.0,
2019-04-16,90.0,42.85,0.0,,,0.0,
2019-04-17,92.0,87.16,0.0,,,0.0,
2019-04-18,181.0,58.84,0.0,,,0.0,
2019-04-19,107.0,58.98,0.0,,,0.0,
2019-04-20,107.0,52.39,0.0,,,0.0,
2019-04-21,86.0,36.8,0.0,,,0.0,
2019-04-22,84.0,42.87,0.0,,,0.0,
2019-04-23,95.0,56.03,0.0,,,0.0,
2019-04-24,115.0,76.74,0.0,,,0.0,
2019-04-25,202.0,96.66,0.0,,,0.0,
2019-04-26,218.0,88.27,0.0,,,0.0,
2019-04-27,137.0,57.55,0.0,,,0.0,
2019-04-28,71.0,32.5,0.0,,,0.0,
2019-04-29,53.0,24.68,0.0,,,0.0,
2019-04-30,53.0,13.68,0.0,,,0.0,
2019-05-01,54.0,9.62,0.0,,,0.0,
2019-05-02,67.0,28.45,0.0,,,0.0,
2019-05-03,79.0,21.9,0.0,,,0.0,
2019-05-06,80.0,51.38,0.0,,,0.0,
2019-05-07,110.0,40.8,0.0,,,0.0,
2019-05-08,76.0,25.83,0.0,,,0.0,
2019-05-09,77.0,27.82,0.0,,,0.0,
2019-05-10,79.0,20.83,0.0,,,0.0,
2019-05-11,73.0,23.05,0.0,,,0.0,
2019-05-12,62.0,33.35,0.0,,,0.0,
2019-05-13,99.0,65.01,0.0,,,0.0,
2019-05-14,122.0,28.15,0.0,,,0.0,
2019-05-15,86.0,19.79,0.0,,,0.0,
2019-05-16,68.0,24.78,0.0,,,0.0,
2019-05-17,73.0,22.83,0.0,,,0.0,
2019-05-18,70.0,21.29,0.0,,,0.0,
2019-05-19,62.0,43.79,0.0,,,0.0,
2019-05-20,93.0,37.7,0.0,,,0.0,
2019-05-21,68.0,31.53,0.0,,,0.0,
2019-05-22,63.0,26.94,0.0,,,0.0,
2019-05-23,73.0,13.59,0.0,,,0.0,
2019-05-24,71.0,11.79,0.0,,,0.0,
2019-05-25,210.0,18.92,0.0,,,0.0,
2019-05-26,838.0,34.57,0.0,,,0.0,
2019-05-27,149.0,27.48,0.0,,,0.0,
2019-05-28,61.0,21.41,0.0,,,0.0,
2019-05-29,72.0,43.72,0.0,,,0.0,
2019-05-30,102.0,41.37,0.0,,,0.0,
2019-05-31,79.0,26.04,0.0,,,0.0,
2019-06-01,75.0,41.11,0.0,,,0.0,
2019-06-02,106.0,60.98,0.0,,,0.0,
2019-06-03,72.0,25.38,0.0,,,0.0,
2019-06-04,54.0,12.52,0.0,,,0.0,
2019-06-05,48.0,17.31,0.0,,,0.0,
2019-06-06,55.0,30.62,0.0,,,0.0,
2019-06-07,78.0,27.55,0.0,,,0.0,
2019-06-08,48.0,12.76,0.0,,,0.0,
2019-06-09,33.0,19.87,0.0,,,0.0,
2019-06-10,40.0,20.31,0.0,,,0.0,
2019-06-11,41.0,25.53,0.0,,,0.0,
2019-06-12,60.0,36.68,0.0,,,0.0,
2019-06-13,99.0,47.66,0.0,,,0.0,
2019-06-14,45.0,17.68,0.0,,,0.0,
2019-06-15,38.0,24.04,0.0,,,0.0,
2019-06-16,44.0,25.93,0.0,,,0.0,
2019-06-17,49.0,34.51,0.0,,,0.0,
2019-06-18,54.0,33.51,0.0,,,0.0,
2019-06-19,89.0,55.23,0.0,,,0.0,
2019-06-20,93.0,40.38,0.0,,,0.0,
2019-06-21,76.0,33.32,0.0,,,0.0,
2019-06-22,54.0,27.98,0.0,,,0.0,
2019-06-23,44.0,19.01,0.0,,,0.0,
2019-06-24,40.0,23.66,0.0,,,0.0,
2019-06-25,58.0,30.18,0.0,,,0.0,
2019-06-26,41.0,18.59,0.0,,,0.0,
2019-06-27,31.0,18.79,0.0,,,0.0,
2019-06-28,40.0,29.61,0.0,,,0.0,
2019-06-29,47.0,22.27,0.0,,,0.0,
2019-06-30,55.0,32.27,0.0,,,0.0,
2019-07-01,71.0,33.01,0.0,,,0.0,
2019-07-02,39.0,13.73,0.0,,,0.0,
2019-07-03,25.0,12.9,0.0,,,0.0,
2019-07-04,33.0,15.47,0.0,,,0.0,
2019-07-05,46.0,21.1,0.0,,,0.0,
2019-07-06,46.0,7.74,0.0,,,0.0,
2019-07-07,53.0,5.39,0.0,,,0.0,
2019-07-08,42.0,10.63,0.0,,,0.0,
2019-07-11,64.0,25.18,0.0,,,0.0,
2019-07-12,36.0,23.66,0.0,,,0.0,
2019-07-13,47.0,24.52,0.0,,,0.0,
2019-07-14,57.0,21.91,0.0,,,0.0,
2019-07-15,38.0,21.76,0.0,,,0.0,
2019-07-16,118.0,80.31,0.0,,,0.0,
2019-07-17,161.0,68.31,0.0,,,0.0,
2019-07-18,91.0,41.72,0.0,,,0.0,
2019-07-19,88.0,43.43,0.0,,,0.0,
2019-07-20,103.0,26.73,0.0,,,0.0,
2019-07-21,96.0,22.94,0.0,,,0.0,
2019-07-22,66.0,59.28,0.0,,,0.0,
2019-07-23,101.0,17.81,0.0,,,0.0,
2019-07-24,98.0,19.41,0.0,,,0.0,
2019-07-25,74.0,27.99,0.0,,,0.0,
2019-07-26,62.0,59.27,0.0,,,0.0,
2019-07-27,68.0,11.93,0.0,,,0.0,
2019-07-28,54.0,24.95,0.0,,,0.0,
2019-07-29,91.0,89.85,0.0,,,0.0,
2019-07-30,182.0,68.67,0.0,,,0.0,
2019-07-31,150.0,54.9,0.0,,,0.0,
2019-08-01,104.0,40.56,0.0,,,0.0,
2019-08-02,92.0,76.43,0.0,,,0.0,
2019-08-03,164.0,59.08,0.0,,,0.0,
2019-08-04,87.0,18.86,0.0,,,0.0,
2019-08-05,40.0,79.19,0.0,,,0.0,
2019-08-06,104.0,21.24,0.0,,,0.0,
2019-08-07,74.0,11.86,0.0,,,0.0,
2019-08-08,47.0,12.02,0.0,,,0.0,
2019-08-09,246.0,49.04,0.0,,,0.0,
2019-08-10,266.0,16.54,0.0,,,0.0,
2019-08-11,102.0,26.59,0.0,,,0.0,
2019-08-12,488.0,24.16,0.0,,,0.0,
2019-08-13,956.0,14.9,0.0,,,0.0,
2019-08-14,141.0,15.95,0.0,,,0.0,
2019-08-15,36.0,19.03,0.0,,,0.0,
2019-08-16,43.0,22.78,0.0,,,0.0,
2019-08-17,69.0,30.14,0.0,,,0.0,
2019-08-18,49.0,23.21,0.0,,,0.0,
2019-08-19,38.0,19.03,0.0,,,0.0,
2019-08-20,48.0,25.11,0.0,,,0.0,
2019-08-21,41.0,26.75,0.0,,,0.0,
2019-08-22,68.0,33.4,0.0,,,0.0,
2019-08-23,54.0,23.87,0.0,,,0.0,
2019-08-24,30.0,8.55,0.0,,,0.0,
2019-08-25,26.0,11.11,0.0,,,0.0,
2019-08-26,32.0,21.45,0.0,,,0.0,
2019-08-27,52.0,23.45,0.0,,,0.0,
2019-08-28,48.0,26.74,0.0,,,0.0,
2019-08-29,41.0,20.83,0.0,,,0.0,
2019-08-30,52.0,21.66,0.0,,,0.0,
2019-08-31,113.0,14.39,0.0,,,0.0,
2019-09-01,58.0,25.64,0.0,,,0.0,
2019-09-02,62.0,30.97,0.0,,,0.0,
2019-09-03,54.0,14.23,0.0,,,0.0,
2019-09-04,35.0,17.61,0.0,,,0.0,
2019-09-05,46.0,13.85,0.0,,,0.0,
2019-09-06,34.0,12.24,0.0,,,0.0,
2019-09-07,34.0,24.75,0.0,,,0.0,
2019-09-08,53.0,25.82,0.0,,,0.0,
2019-09-09,46.0,23.45,0.0,,,0.0,
2019-09-10,51.0,22.01,0.0,,,0.0,
2019-09-11,55.0,34.11,0.0,,,0.0,
2019-09-12,58.0,24.0,0.0,,,0.0,
2019-09-13,43.0,17.8,0.0,,,0.0,
2019-09-14,41.0,23.58,0.0,,,0.0,
2019-09-15,48.0,19.88,0.0,,,0.0,
2019-09-16,40.0,22.61,0.0,,,0.0,
2019-09-17,46.0,25.35,0.0,,,0.0,
2019-09-18,62.0,23.6,0.0,,,0.0,
2019-09-19,44.0,32.73,0.0,,,0.0,
2019-09-20,80.0,37.23,0.0,,,0.0,
2019-09-21,68.0,31.67,0.0,,,0.0,
2019-09-22,65.0,33.58,0.0,,,0.0,
2019-09-23,35.0,11.65,0.0,,,0.0,
2019-09-24,26.0,11.83,0.0,,,0.0,
2019-09-25,26.0,12.59,0.0,,,0.0,
2019-09-26,58.0,27.75,0.0,,,0.0,
2019-09-27,47.0,21.98,0.0,,,0.0,
2019-09-28,52.0,23.77,0.0,,,0.0,
2019-09-29,39.0,22.12,0.0,,,0.0,
2019-09-30,41.0,20.06,0.0,,,0.0,
2019-10-01,37.0,11.78,0.0,,,0.0,
2019-10-02,30.0,19.97,0.0,,,0.0,
2019-10-03,66.0,29.56,0.0,,,0.0,
2019-10-04,60.0,30.94,0.0,,,0.0,
2019-10-05,70.0,39.61,0.0,,,0.0,
2019-10-06,83.0,57.59,0.0,,,0.0,
2019-10-07,82.0,30.21,0.0,,,0.0,
2019-10-08,38.0,12.8,0.0,,,0.0,
2019-10-09,27.0,18.44,0.0,,,0.0,
2019-10-10,34.0,20.81,0.0,,,0.0,
2019-10-11,78.0,32.15,0.0,,,0.0,
2019-10-12,86.0,41.46,0.0,,,0.0,
2019-10-13,113.0,60.17,0.0,,,0.0,
2019-10-14,111.0,51.01,0.0,,,0.0,
2019-10-15,89.0,45.02,0.0,,,0.0,
2019-10-17,94.0,47.43,0.0,,,0.0,
2019-10-18,101.0,52.61,0.0,,,0.0,
2019-10-19,110.0,49.51,0.0,,,0.0,
2019-10-20,98.0,46.36,0.0,,,0.0,
2019-10-21,88.0,57.99,0.0,,,0.0,
2019-10-22,123.0,84.13,0.0,,,0.0,
2019-10-23,215.0,91.53,0.0,,,0.0,
2019-10-24,174.0,55.9,0.0,,,0.0,
2019-10-25,43.0,10.4,0.0,,,0.0,
2019-10-26,27.0,5.85,0.0,,,0.0,
2019-10-27,45.0,96.59,0.0,,,0.0,
2019-10-28,351.0,199.86,0.0,,,0.0,
2019-10-29,326.0,87.95,0.0,,,0.0,
2019-10-30,86.0,45.98,0.0,,,0.0,
2019-10-31,91.0,52.71,0.0,,,0.0,
2019-11-01,142.0,38.53,0.0,,,0.0,
2019-11-02,112.0,47.68,0.0,,,0.0,
2019-11-03,116.0,50.28,0.0,,,0.0,
2019-11-04,113.0,48.37,0.0,,,0.0,
2019-11-05,123.0,51.29,0.0,,,0.0,
2019-11-06,90.0,41.07,0.0,,,0.0,
2019-11-07,110.0,53.17,0.0,,,0.0,
2019-11-08,114.0,46.78,0.0,,,0.0,
2019-11-09,84.0,46.15,0.0,,,0.0,
2019-11-10,50.0,15.96,0.0,,,0.0,
2019-11-11,36.0,25.98,0.0,,,0.0,
2019-11-12,96.0,66.5,0.0,,,0.0,
2019-11-13,133.0,49.33,0.0,,,0.0,
2019-11-14,105.0,53.17,0.0,,,0.0,
2019-11-15,154.0,64.61,0.0,,,0.0,
2019-11-16,136.0,63.24,0.0,,,0.0,
2019-11-17,165.0,84.99,0.0,,,0.0,
2019-11-18,226.0,105.95,0.0,,,0.0,
2019-11-19,290.0,101.7,0.0,,,0.0,
2019-11-20,129.0,51.3,0.0,,,0.0,
2019-11-21,112.0,69.59,0.0,,,0.0,
2019-11-22,135.0,68.87,0.0,,,0.0,
2019-11-23,148.0,84.51,0.0,,,0.0,
2019-11-24,185.0,83.44,0.0,,,0.0,
2019-11-25,180.0,84.86,0.0,,,0.0,
2019-11-26,197.0,93.22,0.0,,,0.0,
2019-11-27,182.0,73.44,0.0,,,0.0,
2019-11-28,136.0,87.21,0.0,,,0.0,
2019-11-29,183.0,96.93,0.0,,,0.0,
2019-11-30,230.0,98.28,0.0,,,0.0,
2019-12-01,211.0,77.08,0.0,,,0.0,
2019-12-02,102.0,66.64,0.0,,,0.0,
2019-12-03,181.0,86.17,0.0,,,0.0,
2019-12-04,198.0,91.37,0.0,,,0.0,
2019-12-05,184.0,78.66,0.0,,,0.0,
2019-12-06,170.0,89.58,0.0,,,0.0,
2019-12-07,206.0,86.47,0.0,,,0.0,
2019-12-08,206.0,101.34,0.0,,,0.0,
2019-12-09,251.0,112.06,0.0,,,0.0,
2019-12-10,278.0,149.21,0.0,,,0.0,
2019-12-11,328.0,118.52,0.0,,,0.0,
2019-12-12,224.0,124.58,0.0,,,0.0,
2019-12-13,309.0,106.59,0.0,,,0.0,
2019-12-14,228.0,112.56,0.0,,,0.0,
2019-12-15,303.0,121.98,0.0,,,0.0,
2019-12-16,304.0,136.78,0.0,,,0.0,
2019-12-17,299.0,103.64,0.0,,,0.0,
2019-12-18,257.0,122.34,0.0,,,0.0,
2019-12-19,310.0,152.47,0.0,,,0.0,
2019-12-20,327.0,135.44,0.0,,,0.0,
2019-12-21,297.0,107.19,0.0,,,0.0,
2019-12-22,289.0,117.3,0.0,,,0.0,
2019-12-23,276.0,159.75,0.0,,,0.0,
2019-12-24,347.0,176.67,0.0,,,0.0,
2019-12-25,356.0,210.84,0.0,,,0.0,
2019-12-26,329.0,183.04,0.0,,,0.0,
2019-12-27,336.0,113.44,0.0,,,0.0,
2019-12-28,243.0,129.61,0.0,,,0.0,
2019-12-29,319.0,155.36,0.0,,,0.0,
2019-12-30,334.0,162.59,0.0,,,0.0,
2019-12-31,334.0,162.27,0.0,,,0.0,
2020-01-01,346.0,139.24,0.0,,,0.0,
2020-01-02,149.0,58.98,0.0,,,0.0,
2020-01-03,116.0,69.89,0.0,,,0.0,
2020-01-04,114.0,89.1,0.0,,,0.0,
2020-01-05,284.0,104.14,0.0,,,0.0,
2020-01-06,170.0,88.81,0.0,,,0.0,
2020-01-07,301.0,158.21,0.0,,,0.0,
2020-01-08,332.0,151.85,0.0,,,0.0,
2020-01-09,322.0,154.88,0.0,,,0.0,
2020-01-10,331.0,159.1,0.0,,,0.0,
2020-01-11,331.0,165.55,0.0,,,0.0,
2020-01-12,335.0,148.21,0.0,,,0.0,
2020-01-13,321.0,152.57,0.0,,,0.0,
2020-01-14,326.0,186.62,0.0,,,0.0,
2020-01-15,462.0,378.08,0.0,,,0.0,
2020-01-16,402.0,169.6,0.0,,,0.0,
2020-01-17,311.0,124.99,0.0,,,0.0,
2020-01-18,309.0,149.32,0.0,,,0.0,
2020-01-19,325.0,123.96,0.0,,,0.0,
2020-01-20,211.0,79.32,0.0,,,0.0,
2020-01-21,192.0,120.64,0.0,,,0.0,
2020-01-22,314.0,138.17,0.0,,,0.0,
2020-01-23,307.0,129.67,0.0,,,0.0,
2020-01-24,318.0,176.98,0.0,,,0.0,
2020-01-25,363.0,178.56,0.0,,,0.0,
2020-01-26,332.0,157.34,0.0,,,0.0,
2020-01-27,327.0,151.56,0.0,,,0.0,
2020-01-28,264.0,,0.0,,,0.0,
2020-01-29,285.0,192.26,0.0,,,0.0,
2020-01-30,346.0,155.4,0.0,,,0.0,
2020-01-31,195.0,74.2,0.0,,,0.0,
2020-02-01,250.0,123.8,0.0,,,0.0,
2020-02-02,298.0,103.18,0.0,,,0.0,
2020-02-03,238.0,121.97,0.0,,,0.0,
2020-02-04,315.0,140.21,0.0,,,0.0,
2020-02-05,317.0,155.07,0.0,,,0.0,
2020-02-06,326.0,151.99,0.0,,,0.0,
2020-02-07,323.0,139.27,0.0,,,0.0,
2020-02-08,316.0,139.07,0.0,,,0.0,
2020-02-09,302.0,108.07,0.0,,,0.0,
2020-02-10,212.0,101.22,0.0,,,0.0,
2020-02-11,278.0,111.71,0.0,,,0.0,
2020-02-12,267.0,119.47,0.0,,,0.0,
2020-02-13,306.0,133.75,0.0,,,0.0,
2020-02-14,315.0,141.43,0.0,,,0.0,
2020-02-15,321.0,165.06,0.0,,,0.0,
2020-02-16,357.0,208.26,0.0,,,0.0,
2020-02-17,367.0,203.07,0.0,,,0.0,
2020-02-18,361.0,169.36,0.0,,,0.0,
2020-02-19,239.0,90.78,0.0,,,0.0,
2020-02-20,288.0,131.83,0.0,,,0.0,
2020-02-21,282.0,111.05,0.0,,,0.0,
2020-02-22,302.0,125.72,0.0,,,0.0,
2020-02-23,302.0,118.97,0.0,,,0.0,
2020-02-24,269.0,93.14,0.0,,,0.0,
2020-02-25,171.0,72.51,0.0,,,0.0,
2020-02-26,78.0,27.92,0.0,,,0.0,
2020-02-27,58.0,47.51,0.0,,,0.0,
2020-02-28,114.0,66.48,0.0,,,0.0,
2020-02-29,160.0,84.06,0.0,,,0.0,
2020-03-01,224.0,131.31,0.0,,,0.0,
2020-03-02,300.0,95.07,0.0,,,0.0,
2020-03-03,164.0,63.93,0.0,,,0.0,
2020-03-04,71.0,36.86,0.0,,,0.0,
2020-03-05,84.0,44.87,0.0,,,0.0,
2020-03-06,110.0,58.74,0.0,,,0.0,
2020-03-07,128.0,76.67,0.0,,,0.0,
2020-03-08,138.0,62.83,0.0,,,0.0,
2020-03-09,152.0,66.71,0.0,,,0.0,
2020-03-10,168.0,97.15,0.0,,,0.0,
2020-03-11,191.0,80.63,0.0,,,0.0,
2020-03-12,226.0,95.35,0.0,,,0.0,
2020-03-13,148.0,81.83,0.0,,,0.0,
2020-03-14,260.0,96.15,0.0,,,0.0,
2020-03-15,140.0,79.96,0.0,,,0.0,
2020-03-16,204.0,65.69,0.0,,,0.0,
2020-03-17,158.0,90.97,0.0,,,0.0,
2020-03-18,228.0,101.22,0.0,,,0.0,
2020-03-19,257.0,106.89,0.0,,,0.0,
2020-03-20,273.0,104.24,0.0,,,0.0,
2020-03-21,223.0,105.13,0.0,,,0.0,
2020-03-22,225.0,107.87,0.0,,,0.0,
2020-03-23,265.0,79.39,0.0,,,0.0,
2020-03-24,124.0,78.14,0.0,,,0.0,
2020-03-25,195.0,99.05,0.0,,,0.0,
2020-03-26,238.0,101.46,0.0,,,0.0,
2020-03-27,270.0,118.7,0.0,,,0.0,
2020-03-28,298.0,105.32,0.0,,,0.0,
2020-03-29,176.0,31.95,0.0,,,0.0,
2020-03-30,169.0,38.98,0.0,,,0.0,
2020-03-31,201.0,130.68,0.0,,,0.0,
2020-04-01,307.0,133.0,0.0,,,0.0,
2020-04-02,315.0,141.09,0.0,,,0.0,
2020-04-03,275.0,103.88,0.0,,,0.0,
2020-04-04,222.0,81.92,0.0,,,0.0,
2020-04-05,158.0,75.94,0.0,,,0.0,
2020-04-06,162.0,71.62,0.0,,,0.0,
2020-04-07,152.0,83.89,0.0,,,0.0,
2020-04-08,198.0,78.7,0.0,,,0.0,
2020-04-09,154.0,58.36,0.0,,,0.0,
2020-04-10,104.0,26.5,0.0,,,0.0,
2020-04-11,104.0,57.4,0.0,,,0.0,
2020-04-12,169.0,89.24,0.0,,,0.0,
2020-04-13,200.0,101.75,0.0,,,0.0,
2020-04-14,266.0,103.94,0.0,,,0.0,
2020-04-15,254.0,93.12,0.0,,,0.0,
2020-04-16,109.0,38.33,0.0,,,0.0,
2020-04-17,51.0,19.16,0.0,,,0.0,
2020-04-18,45.0,18.06,0.0,,,0.0,
2020-04-19,38.0,35.6,0.0,,,0.0,
2020-04-20,62.0,20.94,0.0,,,0.0,
2020-04-21,45.0,15.84,0.0,,,0.0,
2020-04-22,40.0,23.36,0.0,,,0.0,
2020-04-23,46.0,26.52,0.0,,,0.0,
2020-04-24,55.0,12.87,0.0,,,0.0,
2020-04-25,54.0,13.02,0.0,,,0.0,
2020-04-26,50.0,19.09,0.0,,,0.0,
2020-04-27,50.0,28.02,0.0,,,0.0,
2020-04-28,52.0,25.51,0.0,,,0.0,
2020-04-29,51.0,25.33,0.0,,,0.0,
2020-04-30,47.0,23.83,0.0,,,0.0,
2020-05-01,46.0,23.15,0.0,,,0.0,
2020-05-02,45.0,23.05,0.0,,,0.0,
2020-05-03,55.0,18.78,0.0,,,0.0,
2020-05-04,51.0,25.13,0.0,,,0.0,
2020-05-05,49.0,26.98,0.0,,,0.0,
2020-05-06,44.0,21.27,0.0,,,0.0,
2020-05-07,39.0,23.78,0.0,,,0.0,
2020-05-08,45.0,27.19,0.0,,,0.0,
2020-05-09,68.0,23.76,0.0,,,0.0,
2020-05-10,75.0,40.78,0.0,,,0.0,
2020-05-11,72.0,47.0,0.0,,,0.0,
2020-05-12,90.0,43.02,0.0,,,0.0,
2020-05-13,54.0,25.6,0.0,,,0.0,
2020-05-14,43.0,18.75,0.0,,,0.0,
2020-05-15,43.0,18.7,0.0,,,0.0,
2020-05-16,41.0,19.4,0.0,,,0.0,
2020-05-17,49.0,16.33,0.0,,,0.0,
2020-05-18,50.0,34.04,0.0,,,0.0,
2020-05-19,86.0,49.08,0.0,,,0.0,
2020-05-20,89.0,42.37,0.0,,,0.0,
2020-05-21,47.0,9.98,0.0,,,0.0,
2020-05-22,45.0,8.42,0.0,,,0.0,
2020-05-23,38.0,13.18,0.0,,,0.0,
2020-05-24,33.0,11.73,0.0,,,0.0,
2020-05-25,34.0,17.99,0.0,,,0.0,
2020-05-26,45.0,8.71,0.0,,,0.0,
2020-05-27,53.0,8.77,0.0,,,0.0,
2020-05-28,53.0,15.12,0.0,,,0.0,
2020-05-29,55.0,15.95,0.0,,,0.0,
2020-05-30,51.0,21.8,0.0,,,0.0,
2020-05-31,47.0,28.03,0.0,,,0.0,
2020-06-01,57.0,24.49,0.0,,,0.0,
2020-06-02,50.0,23.06,0.0,,,0.0,
2020-06-03,56.0,17.45,0.0,,,0.0,
2020-06-04,47.0,10.8,0.0,,,0.0,
2020-06-05,42.0,15.57,0.0,,,0.0,
2020-06-06,37.0,12.45,0.0,,,0.0,
2020-06-07,30.0,18.92,0.0,,,0.0,
2020-06-08,39.0,28.74,0.0,,,0.0,
2020-06-09,53.0,31.44,0.0,,,0.0,
2020-06-10,63.0,36.84,0.0,,,0.0,
2020-06-11,85.0,37.17,0.0,,,0.0,
2020-06-12,39.0,15.44,0.0,,,0.0,
2020-06-13,45.0,18.75,0.0,,,0.0,
2020-06-14,31.0,17.75,0.0,,,0.0,
2020-06-15,31.0,15.67,0.0,,,0.0,
2020-06-16,34.0,16.03,0.0,,,0.0,
2020-06-17,35.0,9.88,0.0,,,0.0,
2020-06-18,31.0,5.6,0.0,,,0.0,
2020-06-19,30.0,12.18,0.0,,,0.0,
2020-06-20,35.0,24.36,0.0,,,0.0,
2020-06-21,46.0,20.77,0.0,,,0.0,
2020-06-22,41.0,19.46,0.0,,,0.0,
2020-06-23,46.0,18.53,0.0,,,0.0,
2020-06-24,36.0,21.36,0.0,,,0.0,
2020-06-25,37.0,18.8,0.0,,,0.0,
2020-06-26,35.0,16.6,0.0,,,0.0,
2020-06-27,35.0,17.82,0.0,,,0.0,
2020-06-28,36.0,18.95,0.0,,,0.0,
2020-06-29,48.0,21.38,0.0,,,0.0,
2020-06-30,39.0,20.32,0.0,,,0.0,
2020-07-01,36.0,40.0,0.0,,,0.0,
2015-03-31,120.0,47.03,0.0,,,0.0,
2015-04-01,112.0,40.62,0.0,,,0.0,
2015-04-06,141.0,83.0,0.0,,,0.0,
2015-04-07,197.0,112.21,0.0,,,0.0,
2015-04-08,177.0,38.67,0.0,,,0.0,
2015-04-09,104.0,33.88,0.0,,,0.0,
2015-04-10,106.0,30.88,0.0,,,0.0,
2015-04-11,105.0,42.88,0.0,,,0.0,
2015-04-12,128.0,26.38,0.0,,,0.0,
2015-04-13,133.0,56.39,0.0,,,0.0,
2015-04-14,312.0,158.32,0.0,,,0.0,
2015-04-15,179.0,44.79,0.0,,,0.0,
2015-04-16,112.0,30.21,0.0,,,0.0,
2015-04-17,106.0,39.04,0.0,,,0.0,
2015-04-18,147.0,76.0,0.0,,,0.0,
2015-04-19,139.0,54.25,0.0,,,0.0,
2015-04-20,118.0,41.38,0.0,,,0.0,
2015-04-21,123.0,75.08,0.0,,,0.0,
2015-04-22,157.0,39.71,0.0,,,0.0,
2015-04-23,149.0,87.54,0.0,,,0.0,
2015-04-24,165.0,39.38,0.0,,,0.0,
2015-04-25,119.0,35.61,0.0,,,0.0,
2015-04-26,98.0,,0.0,,,0.0,
2015-04-27,86.0,40.78,0.0,,,0.0,
2015-04-28,124.0,46.62,0.0,,,0.0,
2015-04-29,148.0,94.29,0.0,,,0.0,
2015-04-30,176.0,53.79,0.0,,,0.0,
2015-05-01,206.0,89.62,0.0,,,0.0,
2015-05-02,134.0,49.38,0.0,,,0.0,
2015-05-03,115.0,38.96,0.0,,,0.0,
2015-05-04,113.0,45.0,0.0,,,0.0,
2015-05-05,116.0,42.62,0.0,,,0.0,
2015-05-06,150.0,43.29,0.0,,,0.0,
2015-05-07,157.0,40.12,0.0,,,0.0,
2015-05-08,121.0,56.88,0.0,,,0.0,
2015-05-09,149.0,62.38,0.0,,,0.0,
2015-05-10,125.0,54.08,0.0,,,0.0,
2015-05-11,140.0,67.08,0.0,,,0.0,
2015-05-12,130.0,40.88,0.0,,,0.0,
2015-05-13,125.0,83.21,0.0,,,0.0,
2015-05-14,177.0,40.58,0.0,,,0.0,
2015-05-15,123.0,36.5,0.0,,,0.0,
2015-05-16,120.0,41.67,0.0,,,0.0,
2015-05-17,114.0,32.75,0.0,,,0.0,
2015-05-18,116.0,42.96,0.0,,,0.0,
2015-05-19,143.0,60.79,0.0,,,0.0,
2015-05-20,145.0,53.67,0.0,,,0.0,
2015-05-21,158.0,68.96,0.0,,,0.0,
2015-05-22,171.0,66.38,0.0,,,0.0,
2015-05-23,117.0,43.29,0.0,,,0.0,
2015-05-24,117.0,44.79,0.0,,,0.0,
2015-05-25,132.0,41.21,0.0,,,0.0,
2015-05-26,113.0,54.12,0.0,,,0.0,
2015-05-27,160.0,60.5,0.0,,,0.0,
2015-05-28,83.0,45.38,0.0,,,0.0,
2015-05-29,120.0,49.54,0.0,,,0.0,
2015-05-30,120.0,48.12,0.0,,,0.0,
2015-05-31,125.0,53.42,0.0,,,0.0,
2015-06-01,165.0,237.79,0.0,,,0.0,
2015-06-02,661.0,539.13,0.0,,,0.0,
2015-06-03,294.0,49.54,0.0,,,0.0,
2015-06-04,125.0,50.58,0.0,,,0.0,
2015-06-05,117.0,43.62,0.0,,,0.0,
2015-06-06,127.0,83.88,0.0,,,0.0,
2015-06-07,179.0,43.12,0.0,,,0.0,
2015-06-08,118.0,30.71,0.0,,,0.0,
2015-06-09,98.0,25.79,0.0,,,0.0,
2015-06-10,100.0,25.58,0.0,,,0.0,
2015-06-11,102.0,26.0,0.0,,,0.0,
2015-06-12,95.0,24.88,0.0,,,0.0,
2015-06-13,106.0,29.33,0.0,,,0.0,
2015-06-14,142.0,87.21,0.0,,,0.0,
2015-06-15,163.0,25.07,0.0,,,0.0,
2015-06-16,98.0,31.0,0.0,,,0.0,
2015-06-17,98.0,26.38,0.0,,,0.0,
2015-06-18,94.0,23.83,0.0,,,0.0,
2015-06-19,93.0,26.92,0.0,,,0.0,
2015-06-20,96.0,26.82,0.0,,,0.0,
2015-06-21,94.0,23.67,0.0,,,0.0,
2015-06-22,105.0,66.78,0.0,,,0.0,
2015-06-23,132.0,14.75,0.0,,,0.0,
2015-06-24,348.0,467.67,0.0,,,0.0,
2015-06-25,342.0,22.75,0.0,,,0.0,
2015-06-26,96.0,33.29,0.0,,,0.0,
2015-06-27,104.0,39.62,0.0,,,0.0,
2015-06-28,114.0,35.88,0.0,,,0.0,
2015-06-29,141.0,45.88,0.0,,,0.0,
2015-06-30,119.0,35.54,0.0,,,0.0,
2015-07-01,99.0,26.29,0.0,,,0.0,
2015-07-02,97.0,29.67,0.0,,,0.0,
2015-07-03,108.0,37.0,0.0,,,0.0,
2015-07-04,103.0,34.92,0.0,,,0.0,
2015-07-05,102.0,29.54,0.0,,,0.0,
2015-07-06,97.0,27.42,0.0,,,0.0,
2015-07-07,99.0,31.38,0.0,,,0.0,
2015-07-08,98.0,26.5,0.0,,,0.0,
2015-07-09,91.0,24.42,0.0,,,0.0,
2015-07-10,94.0,24.97,0.0,,,0.0,
2015-07-11,91.0,24.71,0.0,,,0.0,
2015-07-12,98.0,32.54,0.0,,,0.0,
2015-07-13,117.0,32.46,0.0,,,0.0,
2015-07-14,102.0,36.08,0.0,,,0.0,
2015-07-15,113.0,30.78,0.0,,,0.0,
2015-07-16,184.0,31.94,0.0,,,0.0,
2015-07-17,58.0,23.75,0.0,,,0.0,
2015-07-18,38.0,23.04,0.0,,,0.0,
2015-07-19,40.0,24.17,0.0,,,0.0,
2015-07-20,41.0,25.12,0.0,,,0.0,
2015-07-21,43.0,25.77,0.0,,,0.0,
2015-07-22,40.0,24.78,0.0,,,0.0,
2015-07-23,41.0,22.92,0.0,,,0.0,
2015-07-24,49.0,20.52,0.0,,,0.0,
2015-07-25,33.0,20.58,0.0,,,0.0,
2015-07-26,39.0,24.08,0.0,,,0.0,
2015-07-27,91.0,22.61,0.0,,,0.0,
2015-07-28,38.0,24.46,0.0,,,0.0,
2015-07-29,47.0,28.17,0.0,,,0.0,
2015-07-30,38.0,19.83,0.0,,,0.0,
2015-07-31,104.0,19.33,0.0,,,0.0,
2015-08-01,89.0,21.46,0.0,,,0.0,
2015-08-02,100.0,28.96,0.0,,,0.0,
2015-08-03,92.0,23.04,0.0,,,0.0,
2015-08-04,92.0,26.33,0.0,,,0.0,
2015-08-05,92.0,21.56,0.0,,,0.0,
2015-08-06,91.0,24.75,0.0,,,0.0,
2015-08-07,93.0,24.82,0.0,,,0.0,
2015-08-08,95.0,25.79,0.0,,,0.0,
2015-08-09,92.0,25.79,0.0,,,0.0,
2015-08-10,96.0,24.96,0.0,,,0.0,
2015-08-11,90.0,22.0,0.0,,,0.0,
2015-08-12,87.0,17.79,0.0,,,0.0,
2015-08-13,89.0,26.18,0.0,,,0.0,
2015-08-14,96.0,28.33,0.0,,,0.0,
2015-08-15,106.0,29.96,0.0,,,0.0,
2015-08-16,104.0,30.67,0.0,,,0.0,
2015-08-17,112.0,30.79,0.0,,,0.0,
2015-08-18,102.0,34.23,0.0,,,0.0,
2015-08-19,122.0,75.88,0.0,,,0.0,
2015-08-20,214.0,107.98,0.0,,,0.0,
2015-08-21,316.0,299.25,0.0,,,0.0,
2015-08-22,390.0,108.69,0.0,,,0.0,
2015-08-23,221.0,51.0,0.0,,,0.0,
2015-08-24,88.0,65.69,0.0,,,0.0,
2015-08-25,173.0,67.85,0.0,,,0.0,
2015-08-26,114.0,32.6,0.0,,,0.0,
2015-08-27,128.0,96.77,0.0,,,0.0,
2015-08-28,253.0,102.47,0.0,,,0.0,
2015-08-29,186.0,31.12,0.0,,,0.0,
2015-08-30,101.0,30.12,0.0,,,0.0,
2015-08-31,97.0,38.9,0.0,,,0.0,
2015-09-01,124.0,53.65,0.0,,,0.0,
2015-09-02,136.0,90.29,0.0,,,0.0,
2015-09-03,263.0,96.48,0.0,,,0.0,
2015-09-04,237.0,161.72,0.0,,,0.0,
2015-09-05,305.0,114.41,0.0,,,0.0,
2015-09-06,237.0,59.42,0.0,,,0.0,
2015-09-07,114.0,48.83,0.0,,,0.0,
2015-09-08,179.0,91.82,0.0,,,0.0,
2015-09-09,162.0,35.56,0.0,,,0.0,
2015-09-10,76.0,45.64,0.0,,,0.0,
2015-09-11,140.0,60.88,0.0,,,0.0,
2015-09-12,128.0,65.61,0.0,,,0.0,
2015-09-13,164.0,60.02,0.0,,,0.0,
2015-09-14,169.0,73.21,0.0,,,0.0,
2015-09-15,189.0,83.87,0.0,,,0.0,
2015-09-16,142.0,56.53,0.0,,,0.0,
2015-09-17,112.0,33.03,0.0,,,0.0,
2015-09-18,60.0,37.08,0.0,,,0.0,
2015-09-19,114.0,95.29,0.0,,,0.0,
2015-09-20,271.0,105.12,0.0,,,0.0,
2015-09-21,217.0,86.36,0.0,,,0.0,
2015-09-22,160.0,88.0,0.0,,,0.0,
2015-09-23,270.0,110.77,0.0,,,0.0,
2015-09-24,136.0,44.79,0.0,,,0.0,
2015-09-25,81.0,63.99,0.0,,,0.0,
2015-09-26,179.0,107.7,0.0,,,0.0,
2015-09-27,221.0,64.93,0.0,,,0.0,
2015-09-28,138.0,78.9,0.0,,,0.0,
2015-09-29,139.0,69.88,0.0,,,0.0,
2015-09-30,240.0,158.15,0.0,,,0.0,
2015-10-01,340.0,120.75,0.0,,,0.0,
2015-10-02,125.0,29.66,0.0,,,0.0,
2015-10-03,75.0,36.56,0.0,,,0.0,
2015-10-04,85.0,42.69,0.0,,,0.0,
2015-10-05,113.0,75.04,0.0,,,0.0,
2015-10-06,231.0,136.45,0.0,,,0.0,
2015-10-07,246.0,150.93,0.0,,,0.0,
2015-10-08,244.0,116.24,0.0,,,0.0,
2015-10-09,316.0,137.28,0.0,,,0.0,
2015-10-10,219.0,69.24,0.0,,,0.0,
2015-10-11,117.0,45.98,0.0,,,0.0,
2015-10-12,182.0,106.66,0.0,,,0.0,
2015-10-13,125.0,58.05,0.0,,,0.0,
2015-10-14,189.0,124.14,0.0,,,0.0,
2015-10-15,272.0,192.41,0.0,,,0.0,
2015-10-16,266.0,118.66,0.0,,,0.0,
2015-10-17,230.0,155.84,0.0,,,0.0,
2015-10-18,210.0,59.6,0.0,,,0.0,
2015-10-19,118.0,65.35,0.0,,,0.0,
2015-10-20,179.0,116.35,0.0,,,0.0,
2015-10-21,212.0,84.18,0.0,,,0.0,
2015-10-22,156.0,86.98,0.0,,,0.0,
2015-10-23,191.0,73.34,0.0,,,0.0,
2015-10-24,185.0,133.6,0.0,,,0.0,
2015-10-25,235.0,103.01,0.0,,,0.0,
2015-10-26,210.0,95.22,0.0,,,0.0,
2015-10-27,226.0,122.14,0.0,,,0.0,
2015-10-28,227.0,81.18,0.0,,,0.0,
2015-10-29,216.0,252.47,0.0,,,0.0,
2015-10-30,487.0,516.2,0.0,,,0.0,
2015-10-31,502.0,270.21,0.0,,,0.0,
2015-11-01,188.0,31.56,0.0,,,0.0,
2015-11-02,106.0,54.91,0.0,,,0.0,
2015-11-03,120.0,56.93,0.0,,,0.0,
2015-11-04,130.0,40.67,0.0,,,0.0,
2015-11-05,103.0,50.03,0.0,,,0.0,
2015-11-06,179.0,89.59,0.0,,,0.0,
2015-11-07,206.0,86.87,0.0,,,0.0,
2015-11-08,145.0,51.21,0.0,,,0.0,
2015-11-09,114.0,53.87,0.0,,,0.0,
2015-11-10,129.0,67.45,0.0,,,0.0,
2015-11-11,135.0,85.48,0.0,,,0.0,
2015-11-12,275.0,88.14,0.0,,,0.0,
2015-11-13,157.0,72.77,0.0,,,0.0,
2015-11-14,131.0,61.82,0.0,,,0.0,
2015-11-15,144.0,70.51,0.0,,,0.0,
2015-11-16,130.0,69.02,0.0,,,0.0,
2015-11-17,128.0,44.27,0.0,,,0.0,
2015-11-18,102.0,46.31,0.0,,,0.0,
2015-11-19,110.0,37.76,0.0,,,0.0,
2015-11-20,86.0,30.44,0.0,,,0.0,
2015-11-21,92.0,38.88,0.0,,,0.0,
2015-11-22,121.0,70.96,0.0,,,0.0,
2015-11-23,97.0,46.04,0.0,,,0.0,
2015-11-24,102.0,40.59,0.0,,,0.0,
2015-11-25,119.0,69.37,0.0,,,0.0,
2015-11-26,199.0,91.06,0.0,,,0.0,
2015-11-27,172.0,83.12,0.0,,,0.0,
2015-11-28,172.0,81.22,0.0,,,0.0,
2015-11-29,164.0,67.13,0.0,,,0.0,
2015-11-30,119.0,45.49,0.0,,,0.0,
2015-12-01,101.0,38.24,0.0,,,0.0,
2015-12-02,95.0,29.53,0.0,,,0.0,
2015-12-03,99.0,45.97,0.0,,,0.0,
2015-12-04,120.0,57.22,0.0,,,0.0,
2015-12-05,127.0,61.11,0.0,,,0.0,
2015-12-06,133.0,61.38,0.0,,,0.0,
2015-12-07,160.0,79.25,0.0,,,0.0,
2015-12-08,147.0,72.74,0.0,,,0.0,
2015-12-09,137.0,60.2,0.0,,,0.0,
2015-12-10,120.0,49.53,0.0,,,0.0,
2015-12-11,101.0,24.85,0.0,,,0.0,
2015-12-12,111.0,42.92,0.0,,,0.0,
2015-12-13,124.0,57.34,0.0,,,0.0,
2015-12-14,102.0,30.53,0.0,,,0.0,
2015-12-15,100.0,30.54,0.0,,,0.0,
2015-12-16,101.0,33.68,0.0,,,0.0,
2015-12-17,92.0,33.48,0.0,,,0.0,
2015-12-18,98.0,36.17,0.0,,,0.0,
2015-12-19,101.0,38.31,0.0,,,0.0,
2015-12-20,104.0,45.87,0.0,,,0.0,
2015-12-21,93.0,30.24,0.0,,,0.0,
2015-12-22,102.0,59.23,0.0,,,0.0,
2015-12-23,115.0,38.41,0.0,,,0.0,
2015-12-24,113.0,60.86,0.0,,,0.0,
2015-12-25,142.0,74.08,0.0,,,0.0,
2015-12-26,174.0,79.9,0.0,,,0.0,
2015-12-27,176.0,79.52,0.0,,,0.0,
2015-12-28,148.0,65.91,0.0,,,0.0,
2015-12-29,147.0,68.43,0.0,,,0.0,
2015-12-30,171.0,83.76,0.0,,,0.0,
2015-12-31,213.0,177.62,0.0,,,0.0,
2016-01-01,387.0,232.83,0.0,,,0.0,
2016-01-02,211.0,71.44,0.0,,,0.0,
2016-01-03,145.0,66.92,0.0,,,0.0,
2016-01-04,177.0,134.61,0.0,,,0.0,
2016-01-05,218.0,80.83,0.0,,,0.0,
2016-01-06,205.0,109.82,0.0,,,0.0,
2016-01-07,195.0,66.19,0.0,,,0.0,
2016-01-08,145.0,69.27,0.0,,,0.0,
2016-01-09,228.0,97.2,0.0,,,0.0,
2016-01-10,200.0,72.09,0.0,,,0.0,
2016-01-11,159.0,71.44,0.0,,,0.0,
2016-01-12,219.0,129.67,0.0,,,0.0,
2016-01-13,257.0,103.44,0.0,,,0.0,
2016-01-14,216.0,60.76,0.0,,,0.0,
2016-01-15,155.0,56.01,0.0,,,0.0,
2016-01-16,148.0,58.57,0.0,,,0.0,
2016-01-17,161.0,54.12,0.0,,,0.0,
2016-01-18,171.0,43.05,0.0,,,0.0,
2016-01-19,152.0,50.38,0.0,,,0.0,
2016-01-20,128.0,75.11,0.0,,,0.0,
2016-01-21,147.0,62.65,0.0,,,0.0,
2016-01-22,117.0,51.14,0.0,,,0.0,
2016-01-23,118.0,66.16,0.0,,,0.0,
2016-01-24,149.0,73.91,0.0,,,0.0,
2016-01-25,148.0,69.02,0.0,,,0.0,
2016-01-26,120.0,,0.0,,,0.0,
2016-01-27,133.0,58.2,0.0,,,0.0,
2016-01-28,117.0,66.76,0.0,,,0.0,
2016-01-29,112.0,60.79,0.0,,,0.0,
2016-01-30,110.0,61.3,0.0,,,0.0,
2016-01-31,139.0,77.8,0.0,,,0.0,
2016-02-01,136.0,67.17,0.0,,,0.0,
2016-02-02,120.0,58.73,0.0,,,0.0,
2016-02-03,112.0,57.81,0.0,,,0.0,
2016-02-04,108.0,103.27,0.0,,,0.0,
2016-02-05,174.0,68.56,0.0,,,0.0,
2016-02-06,137.0,61.7,0.0,,,0.0,
2016-02-07,121.0,61.74,0.0,,,0.0,
2016-02-08,134.0,69.72,0.0,,,0.0,
2016-02-09,149.0,72.39,0.0,,,0.0,
2016-02-10,137.0,62.0,0.0,,,0.0,
2016-02-11,124.0,66.95,0.0,,,0.0,
2016-02-12,122.0,61.41,0.0,,,0.0,
2016-02-13,120.0,62.77,0.0,,,0.0,
2016-02-14,120.0,58.29,0.0,,,0.0,
2016-02-15,116.0,56.27,0.0,,,0.0,
2016-02-16,123.0,37.03,0.0,,,0.0,
2016-02-17,95.0,47.56,0.0,,,0.0,
2016-02-18,102.0,45.02,0.0,,,0.0,
2016-02-19,100.0,44.95,0.0,,,0.0,
2016-02-20,134.0,173.37,0.0,,,0.0,
2016-02-21,442.0,525.09,0.0,,,0.0,
2016-02-22,510.0,353.58,0.0,,,0.0,
2016-02-23,235.0,65.95,0.0,,,0.0,
2016-02-24,115.0,50.22,0.0,,,0.0,
2016-02-25,113.0,53.47,0.0,,,0.0,
2016-02-26,109.0,48.65,0.0,,,0.0,
2016-02-27,100.0,29.42,0.0,,,0.0,
2016-02-28,99.0,36.27,0.0,,,0.0,
2016-02-29,98.0,33.01,0.0,,,0.0,
2016-03-01,102.0,38.91,0.0,,,0.0,
2016-03-02,106.0,48.34,0.0,,,0.0,
2016-03-03,110.0,50.06,0.0,,,0.0,
2016-03-04,117.0,63.29,0.0,,,0.0,
2016-03-05,129.0,65.76,0.0,,,0.0,
2016-03-06,118.0,43.36,0.0,,,0.0,
2016-03-07,100.0,38.93,0.0,,,0.0,
2016-03-08,98.0,41.44,0.0,,,0.0,
2016-03-09,118.0,50.81,0.0,,,0.0,
2016-03-10,121.0,60.66,0.0,,,0.0,
2016-03-11,117.0,63.93,0.0,,,0.0,
2016-03-12,135.0,63.41,0.0,,,0.0,
2016-03-13,121.0,57.96,0.0,,,0.0,
2016-03-14,126.0,63.41,0.0,,,0.0,
2016-03-15,109.0,48.22,0.0,,,0.0,
2016-03-16,106.0,49.29,0.0,,,0.0,
2016-03-17,111.0,45.8,0.0,,,0.0,
2016-03-18,98.0,54.89,0.0,,,0.0,
2016-03-19,95.0,52.53,0.0,,,0.0,
2016-03-20,111.0,65.12,0.0,,,0.0,
2016-03-21,112.0,56.19,0.0,,,0.0,
2016-03-22,121.0,56.72,0.0,,,0.0,
2016-03-23,123.0,77.4,0.0,,,0.0,
2016-03-24,160.0,73.6,0.0,,,0.0,
2016-03-25,151.0,73.9,0.0,,,0.0,
2016-03-26,134.0,61.09,0.0,,,0.0,
2016-03-27,141.0,69.37,0.0,,,0.0,
2016-03-28,138.0,64.25,0.0,,,0.0,
2016-03-29,123.0,58.28,0.0,,,0.0,
2016-03-30,125.0,55.96,0.0,,,0.0,
2016-03-31,92.0,43.84,0.0,,,0.0,
2016-04-01,103.0,57.97,0.0,,,0.0,
2016-04-02,102.0,56.44,0.0,,,0.0,
2016-04-03,103.0,70.8,0.0,,,0.0,
2016-04-04,146.0,53.75,0.0,,,0.0,
2016-04-05,103.0,52.91,0.0,,,0.0,
2016-04-06,117.0,50.6,0.0,,,0.0,
2016-04-07,120.0,42.22,0.0,,,0.0,
2016-04-08,88.0,31.46,0.0,,,0.0,
2016-04-09,77.0,31.88,0.0,,,0.0,
2016-04-10,79.0,28.04,0.0,,,0.0,
2016-04-11,99.0,46.8,0.0,,,0.0,
2016-04-12,117.0,48.99,0.0,,,0.0,
2016-04-13,116.0,55.96,0.0,,,0.0,
2016-04-14,131.0,66.47,0.0,,,0.0,
2016-04-15,121.0,54.58,0.0,,,0.0,
2016-04-16,125.0,70.92,0.0,,,0.0,
2016-04-17,151.0,63.68,0.0,,,0.0,
2016-04-18,139.0,51.86,0.0,,,0.0,
2016-04-19,107.0,37.66,0.0,,,0.0,
2016-04-20,105.0,45.0,0.0,,,0.0,
2016-04-21,120.0,48.65,0.0,,,0.0,
2016-04-22,100.0,41.99,0.0,,,0.0,
2016-04-23,101.0,26.0,0.0,,,0.0,
2016-04-24,91.0,,0.0,,,0.0,
2016-04-26,102.0,56.86,0.0,,,0.0,
2016-04-27,129.0,52.96,0.0,,,0.0,
2016-04-28,110.0,44.3,0.0,,,0.0,
2016-04-29,99.0,40.1,0.0,,,0.0,
2016-04-30,100.0,33.33,0.0,,,0.0,
2016-05-01,108.0,46.08,0.0,,,0.0,
2016-05-02,104.0,37.28,0.0,,,0.0,
2016-05-03,116.0,40.37,0.0,,,0.0,
2016-05-04,92.0,30.1,0.0,,,0.0,
2016-05-05,67.0,29.22,0.0,,,0.0,
2016-05-06,72.0,60.88,0.0,,,0.0,
2016-05-07,90.0,89.48,0.0,,,0.0,
2016-05-08,156.0,40.12,0.0,,,0.0,
2016-05-09,167.0,50.76,0.0,,,0.0,
2016-05-10,105.0,30.45,0.0,,,0.0,
2016-05-11,105.0,60.7,0.0,,,0.0,
2016-05-12,135.0,51.09,0.0,,,0.0,
2016-05-13,110.0,45.67,0.0,,,0.0,
2016-05-14,110.0,46.24,0.0,,,0.0,
2016-05-15,95.0,31.02,0.0,,,0.0,
2016-05-16,92.0,28.39,0.0,,,0.0,
2016-05-17,83.0,23.03,0.0,,,0.0,
2016-05-18,84.0,29.65,0.0,,,0.0,
2016-05-19,86.0,34.57,0.0,,,0.0,
2016-05-20,92.0,29.56,0.0,,,0.0,
2016-05-21,105.0,32.82,0.0,,,0.0,
2016-05-22,93.0,34.45,0.0,,,0.0,
2016-05-23,95.0,30.51,0.0,,,0.0,
2016-05-24,87.0,31.95,0.0,,,0.0,
2016-05-25,104.0,48.62,0.0,,,0.0,
2016-05-26,147.0,42.25,0.0,,,0.0,
2016-05-27,85.0,26.64,0.0,,,0.0,
2016-05-28,80.0,25.43,0.0,,,0.0,
2016-05-29,85.0,26.04,0.0,,,0.0,
2016-05-30,189.0,29.5,0.0,,,0.0,
2016-05-31,100.0,31.88,0.0,,,0.0,
2016-06-01,111.0,39.88,0.0,,,0.0,
2016-06-02,88.0,35.64,0.0,,,0.0,
2016-06-03,112.0,39.59,0.0,,,0.0,
2016-06-04,112.0,29.21,0.0,,,0.0,
2016-06-05,101.0,36.13,0.0,,,0.0,
2016-06-06,107.0,37.4,0.0,,,0.0,
2016-06-07,131.0,40.65,0.0,,,0.0,
2016-06-08,150.0,35.65,0.0,,,0.0,
2016-06-09,106.0,34.02,0.0,,,0.0,
2016-06-10,108.0,31.34,0.0,,,0.0,
2016-06-11,117.0,29.75,0.0,,,0.0,
2016-06-12,100.0,27.26,0.0,,,0.0,
2016-06-13,109.0,63.07,0.0,,,0.0,
2016-06-14,125.0,27.86,0.0,,,0.0,
2016-06-15,199.0,363.14,0.0,,,0.0,
2016-06-16,737.0,571.02,0.0,,,0.0,
2016-06-17,295.0,41.17,0.0,,,0.0,
2016-06-18,67.0,34.72,0.0,,,0.0,
2016-06-19,115.0,34.07,0.0,,,0.0,
2016-06-20,131.0,29.26,0.0,,,0.0,
2016-06-21,105.0,33.96,0.0,,,0.0,
2016-06-22,146.0,24.56,0.0,,,0.0,
2016-06-23,90.0,22.38,0.0,,,0.0,
2016-06-24,88.0,18.01,0.0,,,0.0,
2016-06-25,88.0,21.54,0.0,,,0.0,
2016-06-26,90.0,24.5,0.0,,,0.0,
2016-06-27,123.0,20.94,0.0,,,0.0,
2016-06-28,106.0,66.04,0.0,,,0.0,
2016-06-29,126.0,20.5,0.0,,,0.0,
2016-06-30,88.0,19.67,0.0,,,0.0,
2016-07-01,88.0,22.42,0.0,,,0.0,
2016-07-02,97.0,34.0,0.0,,,0.0,
2016-07-03,104.0,34.0,0.0,,,0.0,
2016-07-04,163.0,121.18,0.0,,,0.0,
2016-07-05,252.0,21.64,0.0,,,0.0,
2016-07-06,37.0,163.16,0.0,,,0.0,
2016-07-07,205.0,30.92,0.0,,,0.0,
2016-07-08,99.0,26.24,0.0,,,0.0,
2016-07-09,91.0,22.79,0.0,,,0.0,
2016-07-10,107.0,62.03,0.0,,,0.0,
2016-07-11,307.0,357.85,0.0,,,0.0,
2016-07-12,495.0,206.93,0.0,,,0.0,
2016-07-13,194.0,9.92,0.0,,,0.0,
2016-07-14,88.0,16.89,0.0,,,0.0,
2016-07-15,94.0,20.57,0.0,,,0.0,
2016-07-16,120.0,19.97,0.0,,,0.0,
2016-07-17,98.0,22.85,0.0,,,0.0,
2016-07-18,92.0,14.22,0.0,,,0.0,
2016-07-19,36.0,8.95,0.0,,,0.0,
2016-07-20,155.0,10.6,0.0,,,0.0,
2016-07-21,120.0,13.04,0.0,,,0.0,
2016-07-22,138.0,49.97,0.0,,,0.0,
2016-07-23,127.0,11.62,0.0,,,0.0,
2016-07-24,204.0,14.36,0.0,,,0.0,
2016-07-25,131.0,13.15,0.0,,,0.0,
2016-07-26,135.0,15.94,0.0,,,0.0,
2016-07-27,66.0,52.59,0.0,,,0.0,
2016-07-28,248.0,20.6,0.0,,,0.0,
2016-07-29,247.0,16.93,0.0,,,0.0,
2016-07-30,265.0,21.67,0.0,,,0.0,
2016-07-31,240.0,10.64,0.0,,,0.0,
2016-08-01,232.0,10.24,0.0,,,0.0,
2016-08-02,242.0,6.01,0.0,,,0.0,
2016-08-03,234.0,4.83,0.0,,,0.0,
2016-08-04,121.0,6.41,0.0,,,0.0,
2016-08-05,117.0,5.81,0.0,,,0.0,
2016-08-06,22.0,7.29,0.0,,,0.0,
2016-08-07,82.0,6.38,0.0,,,0.0,
2016-08-08,119.0,9.67,0.0,,,0.0,
2016-08-09,86.0,8.86,0.0,,,0.0,
2016-08-10,84.0,9.41,0.0,,,0.0,
2016-08-11,63.0,7.81,0.0,,,0.0,
2016-08-12,120.0,9.77,0.0,,,0.0,
2016-09-02,87.0,6.31,0.0,,,0.0,
2016-09-03,78.0,10.4,0.0,,,0.0,
2016-09-04,49.0,23.0,0.0,,,0.0,
2016-09-06,85.0,28.28,0.0,,,0.0,
2016-09-07,97.0,37.15,0.0,,,0.0,
2016-09-08,93.0,25.0,0.0,,,0.0,
2016-09-10,92.0,37.09,0.0,,,0.0,
2016-09-11,66.0,24.59,0.0,,,0.0,
2016-09-12,65.0,30.49,0.0,,,0.0,
2016-09-13,66.0,23.2,0.0,,,0.0,
2016-09-14,55.0,23.25,0.0,,,0.0,
2016-09-15,70.0,15.79,0.0,,,0.0,
2016-09-16,59.0,10.75,0.0,,,0.0,
2016-09-20,62.0,9.93,0.0,,,0.0,
2016-09-21,52.0,17.82,0.0,,,0.0,
2016-09-22,52.0,13.08,0.0,,,0.0,
2016-09-23,34.0,7.0,0.0,,,0.0,
2016-09-25,66.0,21.28,0.0,,,0.0,
2016-09-26,82.0,31.01,0.0,,,0.0,
2016-09-27,78.0,33.84,0.0,,,0.0,
2016-09-28,86.0,42.99,0.0,,,0.0,
2016-09-29,100.0,39.5,0.0,,,0.0,
2016-09-30,103.0,37.67,0.0,,,0.0,
2016-10-01,70.0,16.68,0.0,,,0.0,
2016-10-02,55.0,13.57,0.0,,,0.0,
2016-10-03,72.0,12.72,0.0,,,0.0,
2016-10-04,47.0,11.98,0.0,,,0.0,
2016-10-05,73.0,9.83,0.0,,,0.0,
2016-10-06,56.0,15.29,0.0,,,0.0,
2016-10-07,63.0,15.45,0.0,,,0.0,
2016-10-08,55.0,16.38,0.0,,,0.0,
2016-10-09,65.0,12.88,0.0,,,0.0,
2016-10-12,106.0,48.55,0.0,,,0.0,
2016-10-13,104.0,50.52,0.0,,,0.0,
2016-10-14,97.0,44.48,0.0,,,0.0,
2016-10-15,97.0,45.06,0.0,,,0.0,
2016-10-16,108.0,56.83,0.0,,,0.0,
2016-10-17,100.0,54.95,0.0,,,0.0,
2016-10-18,97.0,60.17,0.0,,,0.0,
2016-10-19,103.0,58.85,0.0,,,0.0,
2016-10-20,104.0,61.53,0.0,,,0.0,
2016-10-21,102.0,59.04,0.0,,,0.0,
2016-10-22,104.0,54.48,0.0,,,0.0,
2016-10-23,111.0,,0.0,,,0.0,
2016-10-24,107.0,58.23,0.0,,,0.0,
2016-10-25,114.0,64.18,0.0,,,0.0,
2016-10-26,107.0,61.11,0.0,,,0.0,
2016-10-27,117.0,64.35,0.0,,,0.0,
2016-10-28,116.0,62.16,0.0,,,0.0,
2016-10-29,130.0,73.11,0.0,,,0.0,
2016-10-30,129.0,63.6,0.0,,,0.0,
2016-10-31,106.0,58.15,0.0,,,0.0,
2016-11-01,118.0,73.45,0.0,,,0.0,
2016-11-02,134.0,64.93,0.0,,,0.0,
2016-11-03,104.0,61.75,0.0,,,0.0,
2016-11-04,113.0,65.1,0.0,,,0.0,
2016-11-05,151.0,67.23,0.0,,,0.0,
2016-11-06,119.0,65.76,0.0,,,0.0,
2016-11-07,124.0,66.65,0.0,,,0.0,
2016-11-08,112.0,60.51,0.0,,,0.0,
2016-11-09,147.0,65.33,0.0,,,0.0,
2016-11-10,144.0,71.55,0.0,,,0.0,
2016-11-11,129.0,62.24,0.0,,,0.0,
2016-11-12,152.0,61.83,0.0,,,0.0,
2016-11-13,163.0,60.96,0.0,,,0.0,
2016-11-14,122.0,61.46,0.0,,,0.0,
2016-11-15,125.0,67.56,0.0,,,0.0,
2016-11-16,140.0,59.73,0.0,,,0.0,
2016-11-17,104.0,63.35,0.0,,,0.0,
2016-11-18,133.0,61.71,0.0,,,0.0,
2016-11-19,141.0,61.8,0.0,,,0.0,
2016-11-20,122.0,61.0,0.0,,,0.0,
2016-11-21,105.0,55.76,0.0,,,0.0,
2016-11-22,98.0,60.32,0.0,,,0.0,
2016-11-23,124.0,62.65,0.0,,,0.0,
2016-11-24,162.0,64.38,0.0,,,0.0,
2016-11-25,136.0,63.41,0.0,,,0.0,
2016-11-26,109.0,52.96,0.0,,,0.0,
2016-11-27,106.0,59.95,0.0,,,0.0,
2016-11-28,105.0,63.92,0.0,,,0.0,
2016-11-29,113.0,55.4,0.0,,,0.0,
2016-11-30,100.0,58.98,0.0,,,0.0,
2016-12-01,103.0,58.86,0.0,,,0.0,
2016-12-02,96.0,61.32,0.0,,,0.0,
2016-12-03,112.0,57.06,0.0,,,0.0,
2016-12-04,94.0,59.44,0.0,,,0.0,
2016-12-05,112.0,66.0,0.0,,,0.0,
2016-12-06,115.0,65.98,0.0,,,0.0,
2016-12-07,109.0,58.07,0.0,,,0.0,
2016-12-08,110.0,60.69,0.0,,,0.0,
2016-12-09,126.0,63.73,0.0,,,0.0,
2016-12-10,117.0,61.83,0.0,,,0.0,
2016-12-11,104.0,61.79,0.0,,,0.0,
2016-12-12,103.0,48.86,0.0,,,0.0,
2016-12-13,105.0,60.56,0.0,,,0.0,
2016-12-14,82.0,44.66,0.0,,,0.0,
2016-12-15,96.0,57.33,0.0,,,0.0,
2016-12-16,133.0,64.61,0.0,,,0.0,
2016-12-17,117.0,56.65,0.0,,,0.0,
2016-12-18,96.0,54.74,0.0,,,0.0,
2016-12-19,102.0,61.36,0.0,,,0.0,
2016-12-20,117.0,60.03,0.0,,,0.0,
2016-12-21,106.0,54.24,0.0,,,0.0,
2016-12-22,102.0,58.12,0.0,,,0.0,
2016-12-23,101.0,60.2,0.0,,,0.0,
2016-12-24,104.0,60.28,0.0,,,0.0,
2016-12-25,106.0,61.28,0.0,,,0.0,
2016-12-26,106.0,53.5,0.0,,,0.0,
2016-12-27,95.0,54.32,0.0,,,0.0,
2016-12-28,160.0,62.67,0.0,,,0.0,
2016-12-29,124.0,60.05,0.0,,,0.0,
2016-12-30,160.0,61.49,0.0,,,0.0,
2016-12-31,173.0,61.98,0.0,,,0.0,
2017-01-01,110.0,61.25,0.0,,,0.0,
2017-01-02,103.0,47.21,0.0,,,0.0,
2017-01-03,103.0,65.45,0.0,,,0.0,
2017-01-04,215.0,116.03,0.0,,,0.0,
2017-01-05,276.0,96.21,0.0,,,0.0,
2017-01-06,158.0,75.89,0.0,,,0.0,
2017-01-07,137.0,63.83,0.0,,,0.0,
2017-01-08,102.0,62.34,0.0,,,0.0,
2017-01-09,96.0,51.67,0.0,,,0.0,
2017-01-10,98.0,61.42,0.0,,,0.0,
2017-01-11,163.0,82.34,0.0,,,0.0,
2017-01-12,236.0,115.47,0.0,,,0.0,
2017-01-13,281.0,108.41,0.0,,,0.0,
2017-01-14,183.0,73.75,0.0,,,0.0,
2017-01-15,164.0,81.72,0.0,,,0.0,
2017-01-16,184.0,83.39,0.0,,,0.0,
2017-01-17,133.0,64.14,0.0,,,0.0,
2017-01-18,126.0,54.56,0.0,,,0.0,
2017-01-19,104.0,67.09,0.0,,,0.0,
2017-01-20,150.0,76.51,0.0,,,0.0,
2017-01-21,156.0,69.51,0.0,,,0.0,
2017-01-22,113.0,60.61,0.0,,,0.0,
2017-01-23,156.0,83.79,0.0,,,0.0,
2017-01-24,151.0,71.49,0.0,,,0.0,
2017-01-25,149.0,76.94,0.0,,,0.0,
2017-01-26,132.0,64.21,0.0,,,0.0,
2017-01-27,100.0,56.14,0.0,,,0.0,
2017-01-28,115.0,68.79,0.0,,,0.0,
2017-01-29,199.0,85.73,0.0,,,0.0,
2017-01-30,129.0,62.96,0.0,,,0.0,
2017-01-31,110.0,54.98,0.0,,,0.0,
2017-02-01,151.0,44.56,0.0,,,0.0,
2017-02-02,102.0,52.36,0.0,,,0.0,
2017-02-03,113.0,58.81,0.0,,,0.0,
2017-02-04,149.0,68.29,0.0,,,0.0,
2017-02-05,164.0,56.73,0.0,,,0.0,
2017-02-06,118.0,64.14,0.0,,,0.0,
2017-02-07,185.0,93.54,0.0,,,0.0,
2017-02-08,180.0,83.13,0.0,,,0.0,
2017-02-09,161.0,70.3,0.0,,,0.0,
2017-02-10,121.0,64.97,0.0,,,0.0,
2017-02-11,115.0,41.77,0.0,,,0.0,
2017-02-12,78.0,39.67,0.0,,,0.0,
2017-02-14,137.0,62.32,0.0,,,0.0,
2017-02-15,123.0,66.1,0.0,,,0.0,
2017-02-16,158.0,85.12,0.0,,,0.0,
2017-02-17,193.0,82.76,0.0,,,0.0,
2017-02-18,179.0,75.46,0.0,,,0.0,
2017-02-19,141.0,63.58,0.0,,,0.0,
2017-02-20,160.0,57.61,0.0,,,0.0,
2017-02-21,128.0,53.34,0.0,,,0.0,
2017-02-22,161.0,65.52,0.0,,,0.0,
2017-02-23,164.0,72.0,0.0,,,0.0,
2017-02-24,183.0,68.68,0.0,,,0.0,
2017-02-25,165.0,80.73,0.0,,,0.0,
2017-02-26,165.0,64.09,0.0,,,0.0,
2017-02-27,179.0,55.13,0.0,,,0.0,
2017-02-28,197.0,69.06,0.0,,,0.0,
2017-03-01,166.0,63.3,0.0,,,0.0,
2017-03-02,147.0,57.86,0.0,,,0.0,
2017-03-03,142.0,28.95,0.0,,,0.0,
2017-03-04,116.0,32.73,0.0,,,0.0,
2017-03-05,102.0,31.06,0.0,,,0.0,
2017-03-06,106.0,42.16,0.0,,,0.0,
2017-03-07,109.0,35.62,0.0,,,0.0,
2017-03-08,124.0,45.6,0.0,,,0.0,
2017-03-09,181.0,77.14,0.0,,,0.0,
2017-03-10,113.0,30.97,0.0,,,0.0,
2017-03-11,108.0,30.33,0.0,,,0.0,
2017-03-12,117.0,43.8,0.0,,,0.0,
2017-03-13,143.0,63.7,0.0,,,0.0,
2017-03-14,161.0,50.64,0.0,,,0.0,
2017-03-15,95.0,21.27,0.0,,,0.0,
2017-03-16,76.0,27.44,0.0,,,0.0,
2017-03-17,97.0,54.73,0.0,,,0.0,
2017-03-18,146.0,67.57,0.0,,,0.0,
2017-03-19,167.0,63.1,0.0,,,0.0,
2017-03-20,144.0,52.04,0.0,,,0.0,
2017-03-21,145.0,61.33,0.0,,,0.0,
2017-03-22,171.0,60.92,0.0,,,0.0,
2017-03-23,175.0,60.33,0.0,,,0.0,
2017-03-24,148.0,54.59,0.0,,,0.0,
2017-03-25,137.0,60.55,0.0,,,0.0,
2017-03-26,140.0,62.45,0.0,,,0.0,
2017-03-27,164.0,57.61,0.0,,,0.0,
2017-03-28,154.0,51.42,0.0,,,0.0,
2017-03-29,127.0,49.28,0.0,,,0.0,
2017-03-30,114.0,47.02,0.0,,,0.0,
2017-03-31,150.0,45.77,0.0,,,0.0,
2017-04-01,136.0,44.15,0.0,,,0.0,
2017-04-02,123.0,51.9,0.0,,,0.0,
2017-04-03,132.0,50.37,0.0,,,0.0,
2017-04-04,123.0,43.52,0.0,,,0.0,
2017-04-05,103.0,47.15,0.0,,,0.0,
2017-04-06,92.0,44.33,0.0,,,0.0,
2017-04-07,136.0,48.68,0.0,,,0.0,
2017-04-08,128.0,68.34,0.0,,,0.0,
2017-04-09,175.0,77.56,0.0,,,0.0,
2017-04-10,164.0,67.48,0.0,,,0.0,
2017-04-11,192.0,77.94,0.0,,,0.0,
2017-04-12,199.0,158.04,0.0,,,0.0,
2017-04-13,173.0,59.32,0.0,,,0.0,
2017-04-14,165.0,60.92,0.0,,,0.0,
2017-04-15,152.0,57.68,0.0,,,0.0,
2017-04-16,148.0,56.31,0.0,,,0.0,
2017-04-17,173.0,68.97,0.0,,,0.0,
2017-04-18,191.0,70.99,0.0,,,0.0,
2017-04-19,166.0,57.04,0.0,,,0.0,
2017-04-20,131.0,49.73,0.0,,,0.0,
2017-04-21,136.0,45.5,0.0,,,0.0,
2017-04-22,143.0,53.51,0.0,,,0.0,
2017-04-23,156.0,58.3,0.0,,,0.0,
2017-04-24,162.0,57.26,0.0,,,0.0,
2017-04-25,156.0,55.63,0.0,,,0.0,
2017-04-26,151.0,61.48,0.0,,,0.0,
2017-04-27,171.0,63.36,0.0,,,0.0,
2017-04-28,142.0,37.64,0.0,,,0.0,
2017-04-29,127.0,27.39,0.0,,,0.0,
2017-04-30,99.0,24.73,0.0,,,0.0,
2017-05-01,99.0,24.54,0.0,,,0.0,
2017-05-02,110.0,29.34,0.0,,,0.0,
2017-05-03,118.0,37.31,0.0,,,0.0,
2017-05-04,130.0,43.24,0.0,,,0.0,
2017-05-05,138.0,40.48,0.0,,,0.0,
2017-05-06,122.0,38.11,0.0,,,0.0,
2017-05-07,98.0,29.4,0.0,,,0.0,
2017-05-08,131.0,27.81,0.0,,,0.0,
2017-05-09,109.0,32.95,0.0,,,0.0,
2017-05-10,165.0,31.54,0.0,,,0.0,
2017-05-11,123.0,30.22,0.0,,,0.0,
2017-05-12,86.0,34.8,0.0,,,0.0,
2017-05-13,84.0,36.41,0.0,,,0.0,
2017-05-14,107.0,40.68,0.0,,,0.0,
2017-05-15,85.0,35.14,0.0,,,0.0,
2017-05-16,98.0,37.13,0.0,,,0.0,
2017-05-17,102.0,37.23,0.0,,,0.0,
2017-05-18,118.0,48.21,0.0,,,0.0,
2017-05-19,148.0,45.73,0.0,,,0.0,
2017-05-20,126.0,41.91,0.0,,,0.0,
2017-05-21,131.0,35.78,0.0,,,0.0,
2017-05-22,115.0,38.13,0.0,,,0.0,
2017-05-23,130.0,49.56,0.0,,,0.0,
2017-05-24,156.0,57.16,0.0,,,0.0,
2017-05-25,127.0,39.09,0.0,,,0.0,
2017-05-26,119.0,43.73,0.0,,,0.0,
2017-05-27,103.0,26.99,0.0,,,0.0,
2017-05-28,93.0,26.35,0.0,,,0.0,
2017-05-29,76.0,19.02,0.0,,,0.0,
2017-05-30,82.0,17.31,0.0,,,0.0,
2017-05-31,80.0,11.35,0.0,,,0.0,
2017-06-01,79.0,10.04,0.0,,,0.0,
2017-06-02,109.0,13.75,0.0,,,0.0,
2017-06-03,103.0,13.78,0.0,,,0.0,
2017-06-04,84.0,14.36,0.0,,,0.0,
2017-06-05,106.0,16.11,0.0,,,0.0,
2017-06-06,97.0,17.77,0.0,,,0.0,
2017-06-07,74.0,12.3,0.0,,,0.0,
2017-06-08,67.0,11.78,0.0,,,0.0,
2017-06-09,69.0,17.05,0.0,,,0.0,
2017-06-10,68.0,7.84,0.0,,,0.0,
2017-06-11,61.0,7.85,0.0,,,0.0,
2017-06-12,50.0,5.56,0.0,,,0.0,
2017-06-13,63.0,6.92,0.0,,,0.0,
2017-06-14,84.0,19.65,0.0,,,0.0,
2017-06-15,75.0,13.54,0.0,,,0.0,
2017-06-16,72.0,9.71,0.0,,,0.0,
2017-06-17,94.0,13.07,0.0,,,0.0,
2017-06-18,86.0,12.88,0.0,,,0.0,
2017-06-19,82.0,7.61,0.0,,,0.0,
2017-06-20,83.0,7.38,0.0,,,0.0,
2017-06-21,70.0,8.66,0.0,,,0.0,
2017-06-22,59.0,11.4,0.0,,,0.0,
2017-06-23,67.0,11.48,0.0,,,0.0,
2017-06-24,63.0,10.85,0.0,,,0.0,
2017-06-25,60.0,11.81,0.0,,,0.0,
2017-06-26,63.0,11.79,0.0,,,0.0,
2017-06-27,53.0,11.82,0.0,,,0.0,
2017-06-28,60.0,8.84,0.0,,,0.0,
2017-06-29,62.0,10.38,0.0,,,0.0,
2017-06-30,61.0,13.08,0.0,,,0.0,
2017-07-01,63.0,10.98,0.0,,,0.0,
2017-07-02,66.0,9.75,0.0,,,0.0,
2017-07-03,66.0,11.8,0.0,,,0.0,
2017-07-04,57.0,15.53,0.0,,,0.0,
2017-07-05,58.0,10.4,0.0,,,0.0,
2017-07-06,57.0,14.66,0.0,,,0.0,
2017-07-07,63.0,14.77,0.0,,,0.0,
2017-07-08,66.0,18.19,0.0,,,0.0,
2017-07-09,61.0,18.1,0.0,,,0.0,
2017-07-10,60.0,15.0,0.0,,,0.0,
2017-07-11,60.0,19.31,0.0,,,0.0,
2017-07-12,66.0,14.29,0.0,,,0.0,
2017-07-13,58.0,14.49,0.0,,,0.0,
2017-07-14,53.0,13.9,0.0,,,0.0,
2017-07-15,74.0,16.53,0.0,,,0.0,
2017-07-16,86.0,10.24,0.0,,,0.0,
2017-07-17,93.0,10.78,0.0,,,0.0,
2017-07-18,47.0,8.48,0.0,,,0.0,
2017-07-19,46.0,5.72,0.0,,,0.0,
2017-07-20,48.0,6.54,0.0,,,0.0,
2017-07-21,50.0,10.83,0.0,,,0.0,
2017-07-22,55.0,13.37,0.0,,,0.0,
2017-07-23,71.0,15.97,0.0,,,0.0,
2017-07-24,65.0,15.62,0.0,,,0.0,
2017-07-25,55.0,14.04,0.0,,,0.0,
2017-07-26,62.0,16.55,0.0,,,0.0,
2017-07-27,60.0,14.43,0.0,,,0.0,
2017-07-28,56.0,12.62,0.0,,,0.0,
2017-07-29,55.0,15.28,0.0,,,0.0,
2017-07-30,63.0,17.5,0.0,,,0.0,
2017-07-31,69.0,17.42,0.0,,,0.0,
2017-08-01,60.0,16.85,0.0,,,0.0,
2017-08-02,61.0,16.78,0.0,,,0.0,
2017-08-03,51.0,11.79,0.0,,,0.0,
2017-08-04,49.0,13.35,0.0,,,0.0,
2017-08-05,67.0,20.34,0.0,,,0.0,
2017-08-06,75.0,23.03,0.0,,,0.0,
2017-08-07,90.0,26.22,0.0,,,0.0,
2017-08-08,83.0,24.87,0.0,,,0.0,
2017-08-09,80.0,20.47,0.0,,,0.0,
2017-08-10,71.0,14.91,0.0,,,0.0,
2017-08-11,65.0,17.76,0.0,,,0.0,
2017-08-12,67.0,15.1,0.0,,,0.0,
2017-08-13,55.0,17.08,0.0,,,0.0,
2017-08-14,60.0,20.36,0.0,,,0.0,
2017-08-15,58.0,16.4,0.0,,,0.0,
2017-08-16,63.0,20.12,0.0,,,0.0,
2017-08-17,70.0,21.77,0.0,,,0.0,
2017-08-18,85.0,26.6,0.0,,,0.0,
2017-08-19,65.0,17.35,0.0,,,0.0,
2017-08-20,59.0,7.42,0.0,,,0.0,
2017-08-21,62.0,10.89,0.0,,,0.0,
2017-08-22,60.0,12.56,0.0,,,0.0,
2017-08-23,62.0,15.41,0.0,,,0.0,
2017-08-24,72.0,23.63,0.0,,,0.0,
2017-08-25,72.0,13.53,0.0,,,0.0,
2017-08-26,55.0,11.58,0.0,,,0.0,
2017-08-27,52.0,13.1,0.0,,,0.0,
2017-08-28,56.0,8.26,0.0,,,0.0,
2017-08-29,56.0,6.57,0.0,,,0.0,
2017-08-30,56.0,12.26,0.0,,,0.0,
2017-08-31,60.0,14.63,0.0,,,0.0,
2017-09-01,71.0,19.92,0.0,,,0.0,
2017-09-02,87.0,24.42,0.0,,,0.0,
2017-09-03,64.0,12.96,0.0,,,0.0,
2017-09-04,59.0,17.26,0.0,,,0.0,
2017-09-05,79.0,19.86,0.0,,,0.0,
2017-09-06,86.0,29.32,0.0,,,0.0,
2017-09-07,82.0,40.82,0.0,,,0.0,
2017-09-08,74.0,32.63,0.0,,,0.0,
2017-09-09,72.0,32.88,0.0,,,0.0,
2017-09-10,60.0,18.58,0.0,,,0.0,
2017-09-11,51.0,12.34,0.0,,,0.0,
2017-09-12,55.0,10.33,0.0,,,0.0,
2017-09-13,55.0,17.29,0.0,,,0.0,
2017-09-14,60.0,10.44,0.0,,,0.0,
2017-09-15,56.0,12.64,0.0,,,0.0,
2017-09-16,56.0,10.27,0.0,,,0.0,
2017-09-17,39.0,15.67,0.0,,,0.0,
2017-09-18,53.0,9.17,0.0,,,0.0,
2017-09-19,54.0,10.28,0.0,,,0.0,
2017-09-20,57.0,9.76,0.0,,,0.0,
2017-09-21,59.0,14.88,0.0,,,0.0,
2017-09-22,58.0,20.5,0.0,,,0.0,
2017-09-23,54.0,29.61,0.0,,,0.0,
2017-09-24,95.0,42.0,0.0,,,0.0,
2017-09-25,99.0,39.68,0.0,,,0.0,
2017-09-26,80.0,45.69,0.0,,,0.0,
2017-09-27,107.0,50.36,0.0,,,0.0,
2017-09-28,98.0,45.9,0.0,,,0.0,
2017-09-29,74.0,41.57,0.0,,,0.0,
2017-09-30,70.0,41.26,0.0,,,0.0,
2017-10-01,110.0,31.08,0.0,,,0.0,
2017-10-03,53.0,24.16,0.0,,,0.0,
2017-10-04,102.0,49.75,0.0,,,0.0,
2017-10-05,164.0,55.88,0.0,,,0.0,
2017-10-06,102.0,28.48,0.0,,,0.0,
2017-10-07,94.0,22.6,0.0,,,0.0,
2017-10-08,100.0,32.08,0.0,,,0.0,
2017-10-09,111.0,25.79,0.0,,,0.0,
2017-10-10,103.0,28.04,0.0,,,0.0,
2017-10-11,113.0,27.38,0.0,,,0.0,
2017-10-12,102.0,41.74,0.0,,,0.0,
2017-10-13,147.0,20.48,0.0,,,0.0,
2017-10-14,123.0,33.32,0.0,,,0.0,
2017-10-15,97.0,35.59,0.0,,,0.0,
2017-10-17,154.0,72.18,0.0,,,0.0,
2017-10-18,150.0,69.53,0.0,,,0.0,
2017-10-19,151.0,75.46,0.0,,,0.0,
2017-10-20,247.0,78.69,0.0,,,0.0,
2017-10-21,141.0,67.18,0.0,,,0.0,
2017-10-22,121.0,65.39,0.0,,,0.0,
2017-10-23,113.0,53.78,0.0,,,0.0,
2017-10-24,111.0,63.35,0.0,,,0.0,
2017-10-29,145.0,70.46,0.0,,,0.0,
2017-10-30,130.0,,0.0,,,0.0,
2017-10-31,128.0,63.38,0.0,,,0.0,
2017-11-01,150.0,68.21,0.0,,,0.0,
2017-11-02,156.0,69.73,0.0,,,0.0,
2017-11-03,158.0,66.51,0.0,,,0.0,
2017-11-04,114.0,49.62,0.0,,,0.0,
2017-11-05,91.0,32.45,0.0,,,0.0,
2017-11-06,80.0,29.33,0.0,,,0.0,
2017-11-07,94.0,34.96,0.0,,,0.0,
2017-11-08,105.0,38.84,0.0,,,0.0,
2017-11-09,95.0,39.57,0.0,,,0.0,
2017-11-10,100.0,44.44,0.0,,,0.0,
2017-11-11,123.0,61.84,0.0,,,0.0,
2017-11-12,123.0,57.58,0.0,,,0.0,
2017-11-13,111.0,55.36,0.0,,,0.0,
2017-11-14,111.0,58.41,0.0,,,0.0,
2017-11-15,104.0,51.08,0.0,,,0.0,
2017-11-16,92.0,41.31,0.0,,,0.0,
2017-11-17,82.0,37.72,0.0,,,0.0,
2017-11-18,106.0,66.82,0.0,,,0.0,
2017-11-19,112.0,36.53,0.0,,,0.0,
2017-11-20,86.0,43.64,0.0,,,0.0,
2017-11-21,106.0,44.65,0.0,,,0.0,
2017-11-22,102.0,40.48,0.0,,,0.0,
2017-11-23,133.0,96.83,0.0,,,0.0,
2017-11-24,149.0,69.5,0.0,,,0.0,
2017-11-25,140.0,70.91,0.0,,,0.0,
2017-11-26,147.0,84.08,0.0,,,0.0,
2017-11-27,166.0,73.25,0.0,,,0.0,
2017-11-28,171.0,91.39,0.0,,,0.0,
2017-11-29,164.0,66.49,0.0,,,0.0,
2017-11-30,140.0,64.72,0.0,,,0.0,
2017-12-01,139.0,70.03,0.0,,,0.0,
2017-12-02,135.0,69.44,0.0,,,0.0,
2017-12-03,140.0,70.83,0.0,,,0.0,
2017-12-04,144.0,70.47,0.0,,,0.0,
2017-12-05,128.0,58.07,0.0,,,0.0,
2017-12-06,100.0,51.81,0.0,,,0.0,
2017-12-07,122.0,69.33,0.0,,,0.0,
2017-12-08,145.0,74.79,0.0,,,0.0,
2017-12-09,142.0,67.7,0.0,,,0.0,
2017-12-10,120.0,48.99,0.0,,,0.0,
2017-12-11,117.0,55.7,0.0,,,0.0,
2017-12-12,144.0,66.78,0.0,,,0.0,
2017-12-13,143.0,69.33,0.0,,,0.0,
2017-12-14,132.0,66.12,0.0,,,0.0,
2017-12-15,126.0,68.48,0.0,,,0.0,
2017-12-16,133.0,68.87,0.0,,,0.0,
2017-12-17,136.0,71.38,0.0,,,0.0,
2017-12-18,140.0,73.33,0.0,,,0.0,
2017-12-19,138.0,59.35,0.0,,,0.0,
2017-12-20,151.0,88.14,0.0,,,0.0,
2017-12-21,164.0,74.94,0.0,,,0.0,
2017-12-22,195.0,130.23,0.0,,,0.0,
2017-12-23,180.0,82.05,0.0,,,0.0,
2017-12-24,169.0,79.19,0.0,,,0.0,
2017-12-25,163.0,76.47,0.0,,,0.0,
2017-12-26,164.0,76.08,0.0,,,0.0,
2017-12-27,136.0,63.18,0.0,,,0.0,
2017-12-28,132.0,68.65,0.0,,,0.0,
2017-12-29,184.0,112.35,0.0,,,0.0,
2017-12-30,156.0,65.09,0.0,,,0.0,
2017-12-31,138.0,68.45,0.0,,,0.0,
2018-01-01,122.0,57.7,0.0,,,0.0,
2018-01-02,126.0,68.55,0.0,,,0.0,
2018-01-03,163.0,77.77,0.0,,,0.0,
2018-01-04,174.0,79.18,0.0,,,0.0,
2018-01-05,164.0,76.33,0.0,,,0.0,
2018-01-06,158.0,73.15,0.0,,,0.0,
2018-01-07,146.0,72.41,0.0,,,0.0,
2018-01-08,146.0,72.66,0.0,,,0.0,
2018-01-09,160.0,77.65,0.0,,,0.0,
2018-01-10,165.0,74.08,0.0,,,0.0,
2018-01-11,160.0,76.19,0.0,,,0.0,
2018-01-12,155.0,74.76,0.0,,,0.0,
2018-01-13,150.0,70.48,0.0,,,0.0,
2018-01-14,140.0,72.38,0.0,,,0.0,
2018-01-15,143.0,70.98,0.0,,,0.0,
2018-01-16,132.0,65.1,0.0,,,0.0,
2018-01-17,125.0,64.2,0.0,,,0.0,
2018-01-18,129.0,65.86,0.0,,,0.0,
2018-01-19,129.0,61.1,0.0,,,0.0,
2018-01-20,131.0,64.18,0.0,,,0.0,
2018-01-21,133.0,68.52,0.0,,,0.0,
2018-01-22,142.0,72.01,0.0,,,0.0,
2018-01-23,125.0,60.4,0.0,,,0.0,
2018-01-24,121.0,67.07,0.0,,,0.0,
2018-01-25,139.0,68.8,0.0,,,0.0,
2018-01-26,146.0,66.84,0.0,,,0.0,
2018-01-27,167.0,69.43,0.0,,,0.0,
2018-01-28,138.0,68.84,0.0,,,0.0,
2018-01-29,140.0,67.69,0.0,,,0.0,
2018-01-30,137.0,59.46,0.0,,,0.0,
2018-01-31,130.0,53.45,0.0,,,0.0,
2018-02-01,129.0,50.88,0.0,,,0.0,
2018-02-02,125.0,47.46,0.0,,,0.0,
2018-02-03,114.0,43.48,0.0,,,0.0,
2018-02-04,104.0,39.14,0.0,,,0.0,
2018-02-05,111.0,41.79,0.0,,,0.0,
2018-02-06,111.0,48.86,0.0,,,0.0,
2018-02-07,125.0,56.76,0.0,,,0.0,
2018-02-08,114.0,46.18,0.0,,,0.0,
2018-02-09,108.0,50.05,0.0,,,0.0,
2018-02-10,113.0,52.28,0.0,,,0.0,
2018-02-11,100.0,50.55,0.0,,,0.0,
2018-02-12,102.0,54.34,0.0,,,0.0,
2018-02-13,94.0,46.38,0.0,,,0.0,
2018-02-14,100.0,50.52,0.0,,,0.0,
2018-02-15,113.0,52.88,0.0,,,0.0,
2018-02-16,110.0,51.84,0.0,,,0.0,
2018-02-17,108.0,49.86,0.0,,,0.0,
2018-02-18,116.0,55.87,0.0,,,0.0,
2018-02-19,111.0,46.22,0.0,,,0.0,
2018-02-20,103.0,47.64,0.0,,,0.0,
2018-02-21,107.0,54.76,0.0,,,0.0,
2018-02-22,114.0,57.85,0.0,,,0.0,
2018-02-23,123.0,56.99,0.0,,,0.0,
2018-02-24,106.0,43.57,0.0,,,0.0,
2018-02-25,104.0,43.37,0.0,,,0.0,
2018-02-26,118.0,56.87,0.0,,,0.0,
2018-02-27,134.0,57.66,0.0,,,0.0,
2018-02-28,129.0,62.25,0.0,,,0.0,
2018-03-01,124.0,54.84,0.0,,,0.0,
2018-03-02,118.0,52.72,0.0,,,0.0,
2018-03-03,119.0,51.59,0.0,,,0.0,
2018-03-04,122.0,54.72,0.0,,,0.0,
2018-03-05,114.0,47.44,0.0,,,0.0,
2018-03-06,106.0,47.97,0.0,,,0.0,
2018-03-07,108.0,50.78,0.0,,,0.0,
2018-03-08,107.0,53.81,0.0,,,0.0,
2018-03-09,118.0,57.28,0.0,,,0.0,
2018-03-10,122.0,66.37,0.0,,,0.0,
2018-03-11,124.0,53.02,0.0,,,0.0,
2018-03-12,95.0,38.87,0.0,,,0.0,
2018-03-13,88.0,39.69,0.0,,,0.0,
2018-03-14,103.0,47.34,0.0,,,0.0,
2018-03-15,96.0,47.88,0.0,,,0.0,
2018-03-16,115.0,60.25,0.0,,,0.0,
2018-03-17,105.0,51.0,0.0,,,0.0,
2018-03-18,80.0,41.38,0.0,,,0.0,
2018-03-19,93.0,48.07,0.0,,,0.0,
2018-03-20,103.0,54.74,0.0,,,0.0,
2018-03-21,108.0,57.87,0.0,,,0.0,
2018-03-22,126.0,57.07,0.0,,,0.0,
2018-03-23,128.0,56.64,0.0,,,0.0,
2018-03-24,131.0,59.91,0.0,,,0.0,
2018-03-25,135.0,71.4,0.0,,,0.0,
2018-03-26,126.0,61.47,0.0,,,0.0,
2018-03-27,123.0,59.53,0.0,,,0.0,
2018-03-28,116.0,53.11,0.0,,,0.0,
2018-03-29,122.0,62.27,0.0,,,0.0,
2018-03-30,120.0,54.62,0.0,,,0.0,
2018-03-31,110.0,50.15,0.0,,,0.0,
2018-04-01,103.0,43.05,0.0,,,0.0,
2018-04-02,84.0,37.91,0.0,,,0.0,
2018-04-03,99.0,51.35,0.0,,,0.0,
2018-04-04,101.0,44.94,0.0,,,0.0,
2018-04-05,92.0,41.51,0.0,,,0.0,
2018-04-06,98.0,46.87,0.0,,,0.0,
2018-04-07,93.0,35.9,0.0,,,0.0,
2018-04-08,85.0,30.27,0.0,,,0.0,
2018-04-09,95.0,40.26,0.0,,,0.0,
2018-04-10,98.0,35.54,0.0,,,0.0,
2018-04-11,88.0,27.63,0.0,,,0.0,
2018-04-12,83.0,31.58,0.0,,,0.0,
2018-04-13,83.0,25.24,0.0,,,0.0,
2018-04-14,79.0,23.05,0.0,,,0.0,
2018-04-15,73.0,29.71,0.0,,,0.0,
2018-04-16,100.0,45.86,0.0,,,0.0,
2018-04-17,99.0,34.29,0.0,,,0.0,
2018-04-18,93.0,37.19,0.0,,,0.0,
2018-04-19,108.0,43.52,0.0,,,0.0,
2018-04-20,117.0,42.38,0.0,,,0.0,
2018-04-21,122.0,49.14,0.0,,,0.0,
2018-04-22,117.0,42.97,0.0,,,0.0,
2018-04-23,90.0,33.12,0.0,,,0.0,
2018-04-24,90.0,33.09,0.0,,,0.0,
2018-04-25,104.0,35.61,0.0,,,0.0,
2018-04-26,94.0,38.11,0.0,,,0.0,
2018-04-27,101.0,39.78,0.0,,,0.0,
2018-04-28,94.0,39.85,0.0,,,0.0,
2018-04-29,102.0,43.44,0.0,,,0.0,
2018-04-30,103.0,44.84,0.0,,,0.0,
2018-05-01,116.0,43.83,0.0,,,0.0,
2018-05-02,101.0,36.08,0.0,,,0.0,
2018-05-03,98.0,31.39,0.0,,,0.0,
2018-05-04,81.0,19.59,0.0,,,0.0,
2018-05-05,74.0,28.81,0.0,,,0.0,
2018-05-06,83.0,31.91,0.0,,,0.0,
2018-05-07,93.0,33.68,0.0,,,0.0,
2018-05-08,111.0,43.05,0.0,,,0.0,
2018-05-09,112.0,44.32,0.0,,,0.0,
2018-05-10,101.0,33.83,0.0,,,0.0,
2018-05-11,95.0,32.76,0.0,,,0.0,
2018-05-12,96.0,33.05,0.0,,,0.0,
2018-05-13,101.0,31.85,0.0,,,0.0,
2018-05-14,100.0,29.86,0.0,,,0.0,
2018-05-15,87.0,24.49,0.0,,,0.0,
2018-05-16,85.0,41.89,0.0,,,0.0,
2018-05-17,106.0,43.47,0.0,,,0.0,
2018-05-18,89.0,37.31,0.0,,,0.0,
2018-05-19,103.0,47.42,0.0,,,0.0,
2018-05-20,117.0,38.59,0.0,,,0.0,
2018-05-21,132.0,48.33,0.0,,,0.0,
2018-05-22,120.0,42.68,0.0,,,0.0,
2018-05-23,110.0,47.5,0.0,,,0.0,
2018-05-24,104.0,36.41,0.0,,,0.0,
2018-05-25,119.0,42.17,0.0,,,0.0,
2018-05-26,91.0,23.65,0.0,,,0.0,
2018-05-27,83.0,26.11,0.0,,,0.0,
2018-05-28,87.0,31.17,0.0,,,0.0,
2018-05-29,84.0,34.68,0.0,,,0.0,
2018-05-30,89.0,31.7,0.0,,,0.0,
2018-05-31,93.0,32.57,0.0,,,0.0,
2018-06-01,110.0,37.26,0.0,,,0.0,
2018-06-02,82.0,36.7,0.0,,,0.0,
2018-06-03,83.0,34.85,0.0,,,0.0,
2018-06-04,89.0,30.95,0.0,,,0.0,
2018-06-05,83.0,31.51,0.0,,,0.0,
2018-06-06,84.0,31.33,0.0,,,0.0,
2018-06-07,69.0,19.68,0.0,,,0.0,
2018-06-08,68.0,19.43,0.0,,,0.0,
2018-06-09,64.0,20.03,0.0,,,0.0,
2018-06-10,52.0,16.49,0.0,,,0.0,
2018-06-11,53.0,22.31,0.0,,,0.0,
2018-06-12,70.0,29.92,0.0,,,0.0,
2018-06-13,84.0,30.85,0.0,,,0.0,
2018-06-14,86.0,34.44,0.0,,,0.0,
2018-06-15,86.0,27.83,0.0,,,0.0,
2018-06-16,67.0,22.9,0.0,,,0.0,
2018-06-17,67.0,21.99,0.0,,,0.0,
2018-06-18,59.0,17.2,0.0,,,0.0,
2018-06-19,50.0,14.61,0.0,,,0.0,
2018-06-20,58.0,15.27,0.0,,,0.0,
2018-06-21,52.0,10.31,0.0,,,0.0,
2018-06-22,56.0,21.26,0.0,,,0.0,
2018-06-23,56.0,20.07,0.0,,,0.0,
2018-06-24,41.0,16.99,0.0,,,0.0,
2018-06-25,41.0,16.31,0.0,,,0.0,
2018-06-26,41.0,16.23,0.0,,,0.0,
2018-06-27,44.0,17.64,0.0,,,0.0,
2018-06-28,46.0,18.93,0.0,,,0.0,
2018-06-29,65.0,18.18,0.0,,,0.0,
2018-06-30,62.0,20.85,0.0,,,0.0,
2018-07-01,60.0,16.91,0.0,,,0.0,
2018-07-02,53.0,16.48,0.0,,,0.0,
2018-07-03,59.0,16.28,0.0,,,0.0,
2018-07-04,71.0,15.97,0.0,,,0.0,
2018-07-05,68.0,13.22,0.0,,,0.0,
2018-07-06,49.0,20.05,0.0,,,0.0,
2018-07-07,59.0,22.74,0.0,,,0.0,
2018-07-08,62.0,19.92,0.0,,,0.0,
2018-07-09,44.0,16.63,0.0,,,0.0,
2018-07-10,48.0,19.7,0.0,,,0.0,
2018-07-11,54.0,19.05,0.0,,,0.0,
2018-07-12,49.0,11.93,0.0,,,0.0,
2018-07-13,37.0,13.21,0.0,,,0.0,
2018-07-14,42.0,17.97,0.0,,,0.0,
2018-07-15,58.0,16.12,0.0,,,0.0,
2018-07-16,72.0,11.04,0.0,,,0.0,
2018-07-17,38.0,12.14,0.0,,,0.0,
2018-07-18,33.0,14.13,0.0,,,0.0,
2018-07-19,45.0,14.39,0.0,,,0.0,
2018-07-20,37.0,12.58,0.0,,,0.0,
2018-07-21,41.0,19.61,0.0,,,0.0,
2018-07-22,55.0,19.54,0.0,,,0.0,
2018-07-23,49.0,17.69,0.0,,,0.0,
2018-07-24,54.0,15.64,0.0,,,0.0,
2018-07-25,52.0,17.88,0.0,,,0.0,
2018-07-26,54.0,14.41,0.0,,,0.0,
2018-07-27,54.0,14.52,0.0,,,0.0,
2018-07-28,53.0,18.23,0.0,,,0.0,
2018-07-29,72.0,26.09,0.0,,,0.0,
2018-07-30,87.0,26.02,0.0,,,0.0,
2018-07-31,73.0,19.21,0.0,,,0.0,
2018-08-01,72.0,21.88,0.0,,,0.0,
2018-08-02,72.0,25.77,0.0,,,0.0,
2018-08-03,92.0,30.8,0.0,,,0.0,
2018-08-04,90.0,23.43,0.0,,,0.0,
2018-08-05,66.0,20.2,0.0,,,0.0,
2018-08-06,72.0,26.91,0.0,,,0.0,
2018-08-07,54.0,18.92,0.0,,,0.0,
2018-08-08,53.0,16.17,0.0,,,0.0,
2018-08-09,49.0,18.07,0.0,,,0.0,
2018-08-10,48.0,17.09,0.0,,,0.0,
2018-08-11,43.0,16.39,0.0,,,0.0,
2018-08-12,47.0,11.98,0.0,,,0.0,
2018-08-13,42.0,11.66,0.0,,,0.0,
2018-08-14,41.0,16.97,0.0,,,0.0,
2018-08-15,65.0,22.11,0.0,,,0.0,
2018-08-16,40.0,7.78,0.0,,,0.0,
2018-08-17,35.0,18.56,0.0,,,0.0,
2018-08-18,44.0,15.3,0.0,,,0.0,
2018-08-19,48.0,15.28,0.0,,,0.0,
2018-08-20,47.0,13.19,0.0,,,0.0,
2018-08-21,34.0,10.08,0.0,,,0.0,
2018-08-22,39.0,10.33,0.0,,,0.0,
2018-08-23,40.0,12.51,0.0,,,0.0,
2018-08-24,48.0,14.36,0.0,,,0.0,
2018-08-25,52.0,15.34,0.0,,,0.0,
2018-08-26,50.0,14.61,0.0,,,0.0,
2018-08-27,48.0,15.31,0.0,,,0.0,
2018-08-28,48.0,16.51,0.0,,,0.0,
2018-08-29,53.0,20.98,0.0,,,0.0,
2018-08-30,68.0,24.66,0.0,,,0.0,
2018-08-31,77.0,22.43,0.0,,,0.0,
2018-09-01,70.0,23.16,0.0,,,0.0,
2018-09-02,50.0,18.51,0.0,,,0.0,
2018-09-03,48.0,15.84,0.0,,,0.0,
2018-09-04,50.0,20.36,0.0,,,0.0,
2018-09-05,72.0,27.05,0.0,,,0.0,
2018-09-06,76.0,25.36,0.0,,,0.0,
2018-09-07,82.0,25.42,0.0,,,0.0,
2018-09-08,62.0,21.61,0.0,,,0.0,
2018-09-09,79.0,34.85,0.0,,,0.0,
2018-09-10,86.0,38.35,0.0,,,0.0,
2018-09-11,79.0,33.85,0.0,,,0.0,
2018-09-12,71.0,35.06,0.0,,,0.0,
2018-09-13,78.0,41.83,0.0,,,0.0,
2018-09-14,85.0,42.24,0.0,,,0.0,
2018-09-15,92.0,43.69,0.0,,,0.0,
2018-09-16,101.0,48.98,0.0,,,0.0,
2018-09-17,85.0,35.58,0.0,,,0.0,
2018-09-18,68.0,39.68,0.0,,,0.0,
2018-09-19,79.0,38.6,0.0,,,0.0,
2018-09-20,81.0,40.88,0.0,,,0.0,
2018-09-21,91.0,37.91,0.0,,,0.0,
2018-09-22,62.0,27.29,0.0,,,0.0,
2018-09-23,65.0,32.25,0.0,,,0.0,
2018-09-24,62.0,34.94,0.0,,,0.0,
2018-09-25,84.0,41.46,0.0,,,0.0,
2018-09-26,108.0,53.68,0.0,,,0.0,
2018-09-27,95.0,43.09,0.0,,,0.0,
2018-09-28,92.0,45.92,0.0,,,0.0,
2018-09-29,100.0,55.39,0.0,,,0.0,
2018-09-30,118.0,67.69,0.0,,,0.0,
2018-10-01,128.0,63.16,0.0,,,0.0,
2018-10-02,94.0,37.8,0.0,,,0.0,
2018-10-03,72.0,36.5,0.0,,,0.0,
2018-10-04,79.0,39.63,0.0,,,0.0,
2018-10-05,84.0,39.8,0.0,,,0.0,
2018-10-06,109.0,56.36,0.0,,,0.0,
2018-10-07,124.0,65.91,0.0,,,0.0,
2018-10-08,130.0,64.44,0.0,,,0.0,
2018-10-09,124.0,60.07,0.0,,,0.0,
2018-10-10,128.0,56.5,0.0,,,0.0,
2018-10-11,120.0,52.63,0.0,,,0.0,
2018-10-12,121.0,54.39,0.0,,,0.0,
2018-10-13,118.0,58.56,0.0,,,0.0,
2018-10-14,108.0,54.35,0.0,,,0.0,
2018-10-15,100.0,58.24,0.0,,,0.0,
2018-10-16,105.0,53.26,0.0,,,0.0,
2018-10-17,83.0,41.03,0.0,,,0.0,
2018-10-18,73.0,40.35,0.0,,,0.0,
2018-10-19,74.0,43.99,0.0,,,0.0,
2018-10-20,105.0,58.44,0.0,,,0.0,
2018-10-21,119.0,61.34,0.0,,,0.0,
2018-10-22,125.0,66.82,0.0,,,0.0,
2018-10-23,133.0,67.12,0.0,,,0.0,
2018-10-24,142.0,67.52,0.0,,,0.0,
2018-10-25,128.0,60.72,0.0,,,0.0,
2018-10-26,107.0,48.68,0.0,,,0.0,
2018-10-27,117.0,57.44,0.0,,,0.0,
2018-10-28,120.0,56.51,0.0,,,0.0,
2018-10-29,110.0,56.02,0.0,,,0.0,
2018-10-30,115.0,57.32,0.0,,,0.0,
2018-10-31,117.0,56.98,0.0,,,0.0,
2018-11-01,106.0,50.87,0.0,,,0.0,
2018-11-02,86.0,34.07,0.0,,,0.0,
2018-11-03,58.0,25.96,0.0,,,0.0,
2018-11-04,55.0,24.88,0.0,,,0.0,
2018-11-05,64.0,32.8,0.0,,,0.0,
2018-11-06,80.0,44.66,0.0,,,0.0,
2018-11-07,95.0,54.63,0.0,,,0.0,
2018-11-08,107.0,59.82,0.0,,,0.0,
2018-11-09,114.0,64.36,0.0,,,0.0,
2018-11-10,129.0,69.5,0.0,,,0.0,
2018-11-11,131.0,61.15,0.0,,,0.0,
2018-11-12,127.0,62.68,0.0,,,0.0,
2018-11-13,134.0,66.08,0.0,,,0.0,
2018-11-14,139.0,67.28,0.0,,,0.0,
2018-11-15,133.0,58.4,0.0,,,0.0,
2018-11-16,118.0,46.2,0.0,,,0.0,
2018-11-17,76.0,23.09,0.0,,,0.0,
2018-11-18,57.0,19.06,0.0,,,0.0,
2018-11-19,53.0,26.04,0.0,,,0.0,
2018-11-20,86.0,52.12,0.0,,,0.0,
2018-11-21,129.0,63.08,0.0,,,0.0,
2018-11-22,131.0,66.0,0.0,,,0.0,
2018-11-23,133.0,71.81,0.0,,,0.0,
2018-11-24,148.0,72.98,0.0,,,0.0,
2018-11-25,140.0,69.28,0.0,,,0.0,
2018-11-26,135.0,63.01,0.0,,,0.0,
2018-11-27,138.0,69.91,0.0,,,0.0,
2018-11-28,142.0,73.48,0.0,,,0.0,
2018-11-29,146.0,72.26,0.0,,,0.0,
2018-11-30,139.0,67.69,0.0,,,0.0,
2018-12-01,135.0,69.94,0.0,,,0.0,
2018-12-02,137.0,71.17,0.0,,,0.0,
2018-12-03,140.0,74.62,0.0,,,0.0,
2018-12-04,154.0,77.72,0.0,,,0.0,
2018-12-05,146.0,67.3,0.0,,,0.0,
2018-12-06,123.0,62.87,0.0,,,0.0,
2018-12-07,108.0,61.66,0.0,,,0.0,
2018-12-08,132.0,76.14,0.0,,,0.0,
2018-12-09,159.0,78.36,0.0,,,0.0,
2018-12-10,161.0,77.94,0.0,,,0.0,
2018-12-11,158.0,76.22,0.0,,,0.0,
2018-12-12,153.0,74.78,0.0,,,0.0,
2018-12-13,145.0,74.19,0.0,,,0.0,
2018-12-14,144.0,74.48,0.0,,,0.0,
2018-12-15,157.0,75.15,0.0,,,0.0,
2018-12-16,151.0,76.15,0.0,,,0.0,
2018-12-17,141.0,59.61,0.0,,,0.0,
2018-12-18,67.0,22.35,0.0,,,0.0,
2018-12-19,54.0,32.77,0.0,,,0.0,
2018-12-20,76.0,44.72,0.0,,,0.0,
2018-12-21,104.0,55.1,0.0,,,0.0,
2018-12-22,127.0,72.66,0.0,,,0.0,
2018-12-23,151.0,78.01,0.0,,,0.0,
2018-12-24,159.0,76.81,0.0,,,0.0,
2018-12-25,153.0,73.18,0.0,,,0.0,
2018-12-26,136.0,67.91,0.0,,,0.0,
2018-12-27,126.0,68.06,0.0,,,0.0,
2018-12-28,131.0,64.1,0.0,,,0.0,
2018-12-29,132.0,68.76,0.0,,,0.0,
2018-12-30,139.0,71.7,0.0,,,0.0,
2018-12-31,134.0,65.24,0.0,,,0.0,
2019-01-01,132.0,66.79,0.0,,,0.0,
2019-01-02,133.0,71.55,0.0,,,0.0,
2019-01-03,141.0,69.7,0.0,,,0.0,
2019-01-04,142.0,75.25,0.0,,,0.0,
2019-01-05,148.0,73.03,0.0,,,0.0,
2019-01-06,149.0,77.71,0.0,,,0.0,
2019-01-07,155.0,76.5,0.0,,,0.0,
2019-01-08,151.0,73.78,0.0,,,0.0,
2019-01-09,146.0,74.7,0.0,,,0.0,
2019-01-10,146.0,75.43,0.0,,,0.0,
2019-01-11,153.0,75.77,0.0,,,0.0,
2019-01-12,154.0,78.62,0.0,,,0.0,
2019-01-13,154.0,72.03,0.0,,,0.0,
2019-01-14,146.0,74.37,0.0,,,0.0,
2019-01-15,147.0,75.13,0.0,,,0.0,
2019-01-16,152.0,75.55,0.0,,,0.0,
2019-01-17,150.0,73.51,0.0,,,0.0,
2019-01-18,148.0,75.34,0.0,,,0.0,
2019-01-19,153.0,78.12,0.0,,,0.0,
2019-01-20,155.0,70.0,0.0,,,0.0,
2019-01-21,132.0,66.4,0.0,,,0.0,
2019-01-22,105.0,47.29,0.0,,,0.0,
2019-01-23,105.0,60.93,0.0,,,0.0,
2019-01-24,112.0,59.22,0.0,,,0.0,
2019-01-25,96.0,36.51,0.0,,,0.0,
2019-01-26,73.0,36.21,0.0,,,0.0,
2019-01-27,72.0,51.29,0.0,,,0.0,
2019-01-28,124.0,71.62,0.0,,,0.0,
2019-01-29,136.0,64.42,0.0,,,0.0,
2019-01-30,108.0,55.6,0.0,,,0.0,
2019-01-31,114.0,63.8,0.0,,,0.0,
2019-02-01,131.0,66.44,0.0,,,0.0,
2019-02-02,118.0,62.22,0.0,,,0.0,
2019-02-03,120.0,60.26,0.0,,,0.0,
2019-02-04,110.0,63.75,0.0,,,0.0,
2019-02-05,115.0,63.26,0.0,,,0.0,
2019-02-06,130.0,68.06,0.0,,,0.0,
2019-02-07,120.0,58.46,0.0,,,0.0,
2019-02-08,114.0,58.24,0.0,,,0.0,
2019-02-09,128.0,55.67,0.0,,,0.0,
2019-02-10,130.0,58.82,0.0,,,0.0,
2019-02-11,118.0,58.64,0.0,,,0.0,
2019-02-12,122.0,64.14,0.0,,,0.0,
2019-02-13,130.0,64.94,0.0,,,0.0,
2019-02-14,127.0,62.79,0.0,,,0.0,
2019-02-15,102.0,38.84,0.0,,,0.0,
2019-02-16,91.0,48.34,0.0,,,0.0,
2019-02-17,101.0,45.12,0.0,,,0.0,
2019-02-18,109.0,65.14,0.0,,,0.0,
2019-02-19,123.0,55.8,0.0,,,0.0,
2019-02-20,87.0,35.07,0.0,,,0.0,
2019-02-21,82.0,39.32,0.0,,,0.0,
2019-02-22,94.0,44.63,0.0,,,0.0,
2019-02-23,115.0,57.13,0.0,,,0.0,
2019-02-24,114.0,46.64,0.0,,,0.0,
2019-02-25,100.0,49.41,0.0,,,0.0,
2019-02-26,117.0,54.83,0.0,,,0.0,
2019-02-27,111.0,57.06,0.0,,,0.0,
2019-02-28,112.0,50.34,0.0,,,0.0,
2019-03-01,120.0,55.59,0.0,,,0.0,
2019-03-02,85.0,33.05,0.0,,,0.0,
2019-03-03,68.0,35.27,0.0,,,0.0,
2019-03-04,80.0,40.97,0.0,,,0.0,
2019-03-05,117.0,59.27,0.0,,,0.0,
2019-03-06,136.0,62.5,0.0,,,0.0,
2019-03-07,143.0,66.8,0.0,,,0.0,
2019-03-08,143.0,66.34,0.0,,,0.0,
2019-03-09,122.0,49.68,0.0,,,0.0,
2019-03-10,102.0,45.2,0.0,,,0.0,
2019-03-11,92.0,36.59,0.0,,,0.0,
2019-03-12,97.0,40.84,0.0,,,0.0,
2019-03-13,101.0,41.23,0.0,,,0.0,
2019-03-14,101.0,41.63,0.0,,,0.0,
2019-03-15,104.0,48.94,0.0,,,0.0,
2019-03-16,101.0,39.06,0.0,,,0.0,
2019-03-17,97.0,37.73,0.0,,,0.0,
2019-03-18,93.0,39.82,0.0,,,0.0,
2019-03-19,85.0,30.77,0.0,,,0.0,
2019-03-20,86.0,41.63,0.0,,,0.0,
2019-03-21,95.0,41.06,0.0,,,0.0,
2019-03-22,87.0,36.35,0.0,,,0.0,
2019-03-23,101.0,43.36,0.0,,,0.0,
2019-03-24,111.0,50.52,0.0,,,0.0,
2019-03-25,107.0,50.06,0.0,,,0.0,
2019-03-26,113.0,51.5,0.0,,,0.0,
2019-03-27,107.0,48.51,0.0,,,0.0,
2019-03-28,114.0,55.2,0.0,,,0.0,
2019-03-29,127.0,59.8,0.0,,,0.0,
2019-03-30,132.0,59.21,0.0,,,0.0,
2019-03-31,124.0,48.49,0.0,,,0.0,
2019-04-01,106.0,37.8,0.0,,,0.0,
2019-04-02,114.0,43.82,0.0,,,0.0,
2019-04-03,106.0,45.6,0.0,,,0.0,
2019-04-04,102.0,39.01,0.0,,,0.0,
2019-04-05,93.0,31.28,0.0,,,0.0,
2019-04-06,89.0,37.69,0.0,,,0.0,
2019-04-07,78.0,33.48,0.0,,,0.0,
2019-04-08,80.0,33.08,0.0,,,0.0,
2019-04-09,91.0,40.63,0.0,,,0.0,
2019-04-10,100.0,42.14,0.0,,,0.0,
2019-04-11,87.0,31.45,0.0,,,0.0,
2019-04-12,82.0,36.35,0.0,,,0.0,
2019-04-13,91.0,32.69,0.0,,,0.0,
2019-04-14,102.0,41.0,0.0,,,0.0,
2019-04-15,95.0,37.57,0.0,,,0.0,
2019-04-16,104.0,39.47,0.0,,,0.0,
2019-04-17,91.0,33.26,0.0,,,0.0,
2019-04-18,96.0,43.07,0.0,,,0.0,
2019-04-19,94.0,30.74,0.0,,,0.0,
2019-04-20,69.0,25.52,0.0,,,0.0,
2019-04-21,69.0,24.77,0.0,,,0.0,
2019-04-22,70.0,27.5,0.0,,,0.0,
2019-04-23,96.0,34.65,0.0,,,0.0,
2019-04-24,92.0,29.87,0.0,,,0.0,
2019-04-25,102.0,36.16,0.0,,,0.0,
2019-04-26,108.0,43.87,0.0,,,0.0,
2019-04-27,124.0,51.92,0.0,,,0.0,
2019-04-28,112.0,41.82,0.0,,,0.0,
2019-04-29,103.0,39.66,0.0,,,0.0,
2019-04-30,98.0,38.87,0.0,,,0.0,
2019-05-01,96.0,36.43,0.0,,,0.0,
2019-05-02,111.0,38.41,0.0,,,0.0,
2019-05-03,119.0,36.05,0.0,,,0.0,
2019-05-04,110.0,32.12,0.0,,,0.0,
2019-05-05,106.0,36.53,0.0,,,0.0,
2019-05-06,118.0,43.68,0.0,,,0.0,
2019-05-07,130.0,52.95,0.0,,,0.0,
2019-05-08,133.0,47.23,0.0,,,0.0,
2019-05-09,132.0,46.82,0.0,,,0.0,
2019-05-10,125.0,46.39,0.0,,,0.0,
2019-05-11,121.0,48.29,0.0,,,0.0,
2019-05-12,104.0,37.24,0.0,,,0.0,
2019-05-13,109.0,41.34,0.0,,,0.0,
2019-05-14,98.0,38.89,0.0,,,0.0,
2019-05-15,110.0,42.5,0.0,,,0.0,
2019-05-16,93.0,36.62,0.0,,,0.0,
2019-05-17,109.0,43.35,0.0,,,0.0,
2019-05-18,112.0,48.5,0.0,,,0.0,
2019-05-19,134.0,55.84,0.0,,,0.0,
2019-05-20,120.0,48.9,0.0,,,0.0,
2019-05-21,111.0,43.6,0.0,,,0.0,
2019-05-22,109.0,36.78,0.0,,,0.0,
2019-05-23,104.0,44.73,0.0,,,0.0,
2019-05-24,92.0,37.62,0.0,,,0.0,
2019-05-25,112.0,46.56,0.0,,,0.0,
2019-05-26,124.0,49.91,0.0,,,0.0,
2019-05-27,114.0,41.93,0.0,,,0.0,
2019-05-28,112.0,41.88,0.0,,,0.0,
2019-05-29,124.0,52.22,0.0,,,0.0,
2019-05-30,119.0,42.3,0.0,,,0.0,
2019-05-31,105.0,39.47,0.0,,,0.0,
2019-06-01,95.0,34.95,0.0,,,0.0,
2019-06-02,111.0,44.33,0.0,,,0.0,
2019-06-03,91.0,27.67,0.0,,,0.0,
2019-06-04,75.0,24.01,0.0,,,0.0,
2019-06-05,86.0,35.63,0.0,,,0.0,
2019-06-06,103.0,35.67,0.0,,,0.0,
2019-06-07,89.0,28.41,0.0,,,0.0,
2019-06-08,78.0,32.08,0.0,,,0.0,
2019-06-09,88.0,31.14,0.0,,,0.0,
2019-06-10,75.0,23.71,0.0,,,0.0,
2019-06-11,60.0,12.39,0.0,,,0.0,
2019-06-12,48.0,8.7,0.0,,,0.0,
2019-06-13,39.0,11.21,0.0,,,0.0,
2019-06-14,40.0,15.94,0.0,,,0.0,
2019-06-15,55.0,22.29,0.0,,,0.0,
2019-06-16,57.0,19.58,0.0,,,0.0,
2019-06-17,60.0,23.78,0.0,,,0.0,
2019-06-18,60.0,22.29,0.0,,,0.0,
2019-06-19,60.0,21.59,0.0,,,0.0,
2019-06-20,54.0,18.96,0.0,,,0.0,
2019-06-21,65.0,28.11,0.0,,,0.0,
2019-06-22,60.0,24.75,0.0,,,0.0,
2019-06-23,60.0,26.44,0.0,,,0.0,
2019-06-24,62.0,25.45,0.0,,,0.0,
2019-06-25,62.0,27.0,0.0,,,0.0,
2019-06-26,60.0,18.07,0.0,,,0.0,
2019-06-27,38.0,9.85,0.0,,,0.0,
2019-06-28,35.0,9.89,0.0,,,0.0,
2019-06-29,35.0,12.75,0.0,,,0.0,
2019-06-30,39.0,18.55,0.0,,,0.0,
2019-07-01,44.0,18.32,0.0,,,0.0,
2019-07-02,36.0,17.75,0.0,,,0.0,
2019-07-03,46.0,20.08,0.0,,,0.0,
2019-07-04,49.0,17.71,0.0,,,0.0,
2019-07-05,46.0,16.27,0.0,,,0.0,
2019-07-06,42.0,15.95,0.0,,,0.0,
2019-07-07,47.0,15.22,0.0,,,0.0,
2019-07-08,36.0,16.51,0.0,,,0.0,
2019-07-09,43.0,15.35,0.0,,,0.0,
2019-07-10,36.0,12.67,0.0,,,0.0,
2019-07-11,40.0,16.54,0.0,,,0.0,
2019-07-12,45.0,18.41,0.0,,,0.0,
2019-07-13,46.0,12.8,0.0,,,0.0,
2019-07-14,36.0,14.43,0.0,,,0.0,
2019-07-15,44.0,15.96,0.0,,,0.0,
2019-07-16,60.0,24.07,0.0,,,0.0,
2019-07-17,68.0,22.29,0.0,,,0.0,
2019-07-18,70.0,26.43,0.0,,,0.0,
2019-07-19,89.0,31.27,0.0,,,0.0,
2019-07-20,64.0,20.12,0.0,,,0.0,
2019-07-21,54.0,14.08,0.0,,,0.0,
2019-07-22,48.0,12.01,0.0,,,0.0,
2019-07-23,48.0,8.13,0.0,,,0.0,
2019-07-24,47.0,10.24,0.0,,,0.0,
2019-07-25,49.0,12.86,0.0,,,0.0,
2019-07-26,50.0,14.72,0.0,,,0.0,
2019-07-27,47.0,12.96,0.0,,,0.0,
2019-07-28,47.0,13.46,0.0,,,0.0,
2019-07-29,42.0,8.99,0.0,,,0.0,
2019-07-30,35.0,8.48,0.0,,,0.0,
2019-07-31,37.0,10.95,0.0,,,0.0,
2019-08-01,41.0,10.31,0.0,,,0.0,
2019-08-02,37.0,8.01,0.0,,,0.0,
2019-08-03,39.0,6.75,0.0,,,0.0,
2019-08-04,36.0,6.24,0.0,,,0.0,
2019-08-05,37.0,7.95,0.0,,,0.0,
2019-08-06,51.0,10.01,0.0,,,0.0,
2019-08-07,46.0,9.72,0.0,,,0.0,
2019-08-08,47.0,12.45,0.0,,,0.0,
2019-08-09,46.0,12.46,0.0,,,0.0,
2019-08-10,45.0,11.94,0.0,,,0.0,
2019-08-11,50.0,17.37,0.0,,,0.0,
2019-08-12,63.0,24.17,0.0,,,0.0,
2019-08-13,72.0,29.79,0.0,,,0.0,
2019-08-14,75.0,23.12,0.0,,,0.0,
2019-08-15,58.0,19.11,0.0,,,0.0,
2019-08-16,53.0,17.17,0.0,,,0.0,
2019-08-17,69.0,23.03,0.0,,,0.0,
2019-08-18,89.0,29.92,0.0,,,0.0,
2019-08-19,85.0,25.94,0.0,,,0.0,
2019-08-20,82.0,31.38,0.0,,,0.0,
2019-08-21,75.0,27.23,0.0,,,0.0,
2019-08-22,67.0,20.35,0.0,,,0.0,
2019-08-23,65.0,23.71,0.0,,,0.0,
2019-08-24,51.0,14.82,0.0,,,0.0,
2019-08-25,51.0,14.89,0.0,,,0.0,
2019-08-26,52.0,17.16,0.0,,,0.0,
2019-08-27,65.0,18.86,0.0,,,0.0,
2019-08-28,68.0,19.35,0.0,,,0.0,
2019-08-29,65.0,16.92,0.0,,,0.0,
2019-08-30,54.0,16.5,0.0,,,0.0,
2019-08-31,41.0,13.98,0.0,,,0.0,
2019-09-01,44.0,11.85,0.0,,,0.0,
2019-09-02,38.0,15.72,0.0,,,0.0,
2019-09-03,38.0,12.92,0.0,,,0.0,
2019-09-04,35.0,12.2,0.0,,,0.0,
2019-09-05,32.0,11.14,0.0,,,0.0,
2019-09-06,34.0,11.92,0.0,,,0.0,
2019-09-07,32.0,13.65,0.0,,,0.0,
2019-09-08,33.0,10.31,0.0,,,0.0,
2019-09-09,36.0,13.26,0.0,,,0.0,
2019-09-10,39.0,14.98,0.0,,,0.0,
2019-09-11,50.0,18.19,0.0,,,0.0,
2019-09-12,57.0,21.73,0.0,,,0.0,
2019-09-13,49.0,16.32,0.0,,,0.0,
2019-09-14,48.0,18.39,0.0,,,0.0,
2019-09-15,61.0,22.47,0.0,,,0.0,
2019-09-16,65.0,28.23,0.0,,,0.0,
2019-09-17,65.0,28.85,0.0,,,0.0,
2019-09-18,65.0,25.01,0.0,,,0.0,
2019-09-19,56.0,25.6,0.0,,,0.0,
2019-09-20,53.0,20.54,0.0,,,0.0,
2019-09-21,61.0,25.81,0.0,,,0.0,
2019-09-22,61.0,27.01,0.0,,,0.0,
2019-09-23,65.0,32.95,0.0,,,0.0,
2019-09-24,60.0,28.07,0.0,,,0.0,
2019-09-25,49.0,22.37,0.0,,,0.0,
2019-09-26,53.0,20.4,0.0,,,0.0,
2019-09-27,38.0,15.49,0.0,,,0.0,
2019-09-28,44.0,25.85,0.0,,,0.0,
2019-09-29,63.0,33.27,0.0,,,0.0,
2019-09-30,75.0,41.11,0.0,,,0.0,
2019-10-01,87.0,39.12,0.0,,,0.0,
2019-10-02,72.0,31.98,0.0,,,0.0,
2019-10-03,85.0,32.24,0.0,,,0.0,
2019-10-04,81.0,34.73,0.0,,,0.0,
2019-10-05,71.0,40.22,0.0,,,0.0,
2019-10-06,82.0,42.99,0.0,,,0.0,
2019-10-07,86.0,50.79,0.0,,,0.0,
2019-10-08,95.0,56.9,0.0,,,0.0,
2019-10-09,92.0,54.17,0.0,,,0.0,
2019-10-10,80.0,39.07,0.0,,,0.0,
2019-10-11,70.0,34.57,0.0,,,0.0,
2019-10-12,67.0,34.91,0.0,,,0.0,
2019-10-13,70.0,36.35,0.0,,,0.0,
2019-10-14,88.0,53.22,0.0,,,0.0,
2019-10-15,98.0,52.62,0.0,,,0.0,
2019-10-16,98.0,59.41,0.0,,,0.0,
2019-10-17,117.0,48.12,0.0,,,0.0,
2019-10-18,64.0,24.3,0.0,,,0.0,
2019-10-19,54.0,22.92,0.0,,,0.0,
2019-10-20,63.0,28.04,0.0,,,0.0,
2019-10-21,53.0,22.03,0.0,,,0.0,
2019-10-22,71.0,41.03,0.0,,,0.0,
2019-10-23,78.0,37.8,0.0,,,0.0,
2019-10-24,72.0,22.53,0.0,,,0.0,
2019-10-25,51.0,23.54,0.0,,,0.0,
2019-10-26,52.0,18.81,0.0,,,0.0,
2019-10-27,59.0,40.65,0.0,,,0.0,
2019-10-28,126.0,64.09,0.0,,,0.0,
2019-10-29,94.0,42.04,0.0,,,0.0,
2019-10-30,82.0,40.41,0.0,,,0.0,
2019-10-31,76.0,21.39,0.0,,,0.0,
2019-11-01,54.0,22.51,0.0,,,0.0,
2019-11-02,66.0,29.98,0.0,,,0.0,
2019-11-03,84.0,37.22,0.0,,,0.0,
2019-11-04,96.0,57.61,0.0,,,0.0,
2019-11-05,155.0,84.85,0.0,,,0.0,
2019-11-06,177.0,84.0,0.0,,,0.0,
2019-11-07,155.0,70.7,0.0,,,0.0,
2019-11-08,131.0,69.8,0.0,,,0.0,
2019-11-09,156.0,81.35,0.0,,,0.0,
2019-11-10,169.0,72.38,0.0,,,0.0,
2019-11-11,122.0,60.06,0.0,,,0.0,
2019-11-12,104.0,56.27,0.0,,,0.0,
2019-11-13,123.0,62.64,0.0,,,0.0,
2019-11-14,125.0,67.77,0.0,,,0.0,
2019-11-15,127.0,69.15,0.0,,,0.0,
2019-11-16,141.0,66.42,0.0,,,0.0,
2019-11-17,131.0,70.79,0.0,,,0.0,
2019-11-18,145.0,76.03,0.0,,,0.0,
2019-11-19,165.0,82.72,0.0,,,0.0,
2019-11-20,181.0,84.11,0.0,,,0.0,
2019-11-21,161.0,78.63,0.0,,,0.0,
2019-11-22,161.0,76.7,0.0,,,0.0,
2019-11-23,159.0,75.82,0.0,,,0.0,
2019-11-24,156.0,80.31,0.0,,,0.0,
2019-11-25,163.0,86.18,0.0,,,0.0,
2019-11-26,176.0,80.88,0.0,,,0.0,
2019-11-27,154.0,71.3,0.0,,,0.0,
2019-11-28,146.0,74.49,0.0,,,0.0,
2019-11-29,129.0,62.42,0.0,,,0.0,
2019-11-30,127.0,63.81,0.0,,,0.0,
2019-12-01,127.0,61.97,0.0,,,0.0,
2019-12-02,92.0,45.57,0.0,,,0.0,
2019-12-03,75.0,47.66,0.0,,,0.0,
2019-12-04,144.0,79.37,0.0,,,0.0,
2019-12-05,172.0,82.44,0.0,,,0.0,
2019-12-06,178.0,85.82,0.0,,,0.0,
2019-12-07,186.0,83.29,0.0,,,0.0,
2019-12-08,156.0,67.07,0.0,,,0.0,
2019-12-09,119.0,57.77,0.0,,,0.0,
2019-12-10,117.0,58.14,0.0,,,0.0,
2019-12-11,125.0,64.73,0.0,,,0.0,
2019-12-12,125.0,55.77,0.0,,,0.0,
2019-12-13,85.0,31.86,0.0,,,0.0,
2019-12-14,78.0,40.8,0.0,,,0.0,
2019-12-15,87.0,43.43,0.0,,,0.0,
2019-12-16,96.0,50.84,0.0,,,0.0,
2019-12-17,120.0,69.16,0.0,,,0.0,
2019-12-18,150.0,75.72,0.0,,,0.0,
2019-12-19,147.0,75.66,0.0,,,0.0,
2019-12-20,151.0,78.86,0.0,,,0.0,
2019-12-21,172.0,82.1,0.0,,,0.0,
2019-12-22,166.0,77.15,0.0,,,0.0,
2019-12-23,157.0,74.42,0.0,,,0.0,
2019-12-24,130.0,62.38,0.0,,,0.0,
2019-12-25,131.0,72.06,0.0,,,0.0,
2019-12-26,128.0,62.79,0.0,,,0.0,
2019-12-27,119.0,56.3,0.0,,,0.0,
2019-12-28,130.0,73.73,0.0,,,0.0,
2019-12-29,158.0,80.23,0.0,,,0.0,
2019-12-30,143.0,72.02,0.0,,,0.0,
2019-12-31,107.0,47.37,0.0,,,0.0,
2020-01-01,82.0,41.19,0.0,,,0.0,
2020-01-02,64.0,30.8,0.0,,,0.0,
2020-01-03,64.0,33.09,0.0,,,0.0,
2020-01-04,87.0,57.96,0.0,,,0.0,
2020-01-05,112.0,64.52,0.0,,,0.0,
2020-01-06,125.0,56.86,0.0,,,0.0,
2020-01-07,93.0,51.1,0.0,,,0.0,
2020-01-08,82.0,40.04,0.0,,,0.0,
2020-01-09,84.0,46.45,0.0,,,0.0,
2020-01-10,123.0,74.35,0.0,,,0.0,
2020-01-11,149.0,74.55,0.0,,,0.0,
2020-01-12,140.0,67.37,0.0,,,0.0,
2020-01-13,128.0,65.69,0.0,,,0.0,
2020-01-14,134.0,72.24,0.0,,,0.0,
2020-01-15,119.0,50.23,0.0,,,0.0,
2020-01-16,76.0,35.28,0.0,,,0.0,
2020-01-17,66.0,31.16,0.0,,,0.0,
2020-01-18,69.0,35.01,0.0,,,0.0,
2020-01-19,74.0,34.14,0.0,,,0.0,
2020-01-20,77.0,39.98,0.0,,,0.0,
2020-01-21,84.0,37.27,0.0,,,0.0,
2020-01-22,84.0,38.79,0.0,,,0.0,
2020-01-23,106.0,56.38,0.0,,,0.0,
2020-01-24,125.0,63.09,0.0,,,0.0,
2020-01-25,133.0,67.01,0.0,,,0.0,
2020-01-26,131.0,62.52,0.0,,,0.0,
2020-01-27,128.0,57.99,0.0,,,0.0,
2020-01-28,107.0,51.37,0.0,,,0.0,
2020-01-29,128.0,58.15,0.0,,,0.0,
2020-01-30,126.0,68.2,0.0,,,0.0,
2020-01-31,141.0,59.22,0.0,,,0.0,
2020-02-01,99.0,38.88,0.0,,,0.0,
2020-02-02,77.0,40.2,0.0,,,0.0,
2020-02-03,76.0,36.94,0.0,,,0.0,
2020-02-04,71.0,27.77,0.0,,,0.0,
2020-02-05,70.0,32.73,0.0,,,0.0,
2020-02-06,80.0,30.56,0.0,,,0.0,
2020-02-07,80.0,32.21,0.0,,,0.0,
2020-02-08,79.0,38.5,0.0,,,0.0,
2020-02-09,82.0,41.49,0.0,,,0.0,
2020-02-10,68.0,39.28,0.0,,,0.0,
2020-02-11,75.0,42.7,0.0,,,0.0,
2020-02-12,94.0,56.38,0.0,,,0.0,
2020-02-13,122.0,61.85,0.0,,,0.0,
2020-02-14,146.0,74.29,0.0,,,0.0,
2020-02-15,154.0,66.96,0.0,,,0.0,
2020-02-16,140.0,65.61,0.0,,,0.0,
2020-02-17,126.0,59.75,0.0,,,0.0,
2020-02-18,116.0,45.93,0.0,,,0.0,
2020-02-19,112.0,49.6,0.0,,,0.0,
2020-02-20,97.0,45.57,0.0,,,0.0,
2020-02-21,86.0,35.27,0.0,,,0.0,
2020-02-22,72.0,28.81,0.0,,,0.0,
2020-02-23,68.0,25.6,0.0,,,0.0,
2020-02-24,70.0,32.51,0.0,,,0.0,
2020-02-25,86.0,42.14,0.0,,,0.0,
2020-02-26,112.0,55.84,0.0,,,0.0,
2020-02-27,108.0,38.49,0.0,,,0.0,
2020-02-28,97.0,40.35,0.0,,,0.0,
2020-02-29,91.0,42.44,0.0,,,0.0,
2020-03-01,92.0,43.21,0.0,,,0.0,
2020-03-02,95.0,48.6,0.0,,,0.0,
2020-03-03,97.0,49.59,0.0,,,0.0,
2020-03-04,106.0,46.51,0.0,,,0.0,
2020-03-05,113.0,57.23,0.0,,,0.0,
2020-03-06,100.0,33.87,0.0,,,0.0,
2020-03-07,85.0,38.58,0.0,,,0.0,
2020-03-08,77.0,33.94,0.0,,,0.0,
2020-03-09,70.0,32.84,0.0,,,0.0,
2020-03-10,65.0,25.67,0.0,,,0.0,
2020-03-11,62.0,29.93,0.0,,,0.0,
2020-03-12,78.0,31.53,0.0,,,0.0,
2020-03-13,79.0,27.51,0.0,,,0.0,
2020-03-14,75.0,33.45,0.0,,,0.0,
2020-03-15,82.0,32.03,0.0,,,0.0,
2020-03-16,71.0,27.86,0.0,,,0.0,
2020-03-17,67.0,25.08,0.0,,,0.0,
2020-03-18,67.0,26.32,0.0,,,0.0,
2020-03-19,87.0,43.39,0.0,,,0.0,
2020-03-20,79.0,33.71,0.0,,,0.0,
2020-03-21,84.0,39.85,0.0,,,0.0,
2020-03-22,102.0,38.0,0.0,,,0.0,
2020-03-23,73.0,37.97,0.0,,,0.0,
2020-03-24,66.0,28.75,0.0,,,0.0,
2020-03-25,60.0,28.47,0.0,,,0.0,
2020-03-26,59.0,29.0,0.0,,,0.0,
2020-03-27,65.0,34.09,0.0,,,0.0,
2020-03-28,70.0,36.17,0.0,,,0.0,
2020-03-29,75.0,42.07,0.0,,,0.0,
2020-03-30,72.0,34.79,0.0,,,0.0,
2020-03-31,68.0,42.42,0.0,,,0.0,
2020-04-01,87.0,47.96,0.0,,,0.0,
2020-04-02,88.0,48.05,0.0,,,0.0,
2020-04-03,73.0,38.13,0.0,,,0.0,
2020-04-04,67.0,37.34,0.0,,,0.0,
2020-04-05,66.0,30.18,0.0,,,0.0,
2020-04-06,64.0,27.87,0.0,,,0.0,
2020-04-07,77.0,19.76,0.0,,,0.0,
2020-04-08,56.0,19.94,0.0,,,0.0,
2020-04-09,59.0,29.36,0.0,,,0.0,
2020-04-10,62.0,18.95,0.0,,,0.0,
2020-04-11,55.0,23.99,0.0,,,0.0,
2020-04-12,61.0,33.4,0.0,,,0.0,
2020-04-13,68.0,35.21,0.0,,,0.0,
2020-04-14,74.0,38.07,0.0,,,0.0,
2020-04-15,74.0,33.99,0.0,,,0.0,
2020-04-16,70.0,37.13,0.0,,,0.0,
2020-04-17,74.0,38.44,0.0,,,0.0,
2020-04-18,75.0,35.67,0.0,,,0.0,
2020-04-19,67.0,30.21,0.0,,,0.0,
2020-04-20,58.0,26.47,0.0,,,0.0,
2020-04-21,54.0,22.83,0.0,,,0.0,
2020-04-22,50.0,25.12,0.0,,,0.0,
2020-04-23,53.0,27.57,0.0,,,0.0,
2020-04-24,63.0,28.99,0.0,,,0.0,
2020-04-25,62.0,31.76,0.0,,,0.0,
2020-04-26,71.0,29.9,0.0,,,0.0,
2020-04-27,56.0,23.51,0.0,,,0.0,
2020-04-28,56.0,23.36,0.0,,,0.0,
2020-04-29,51.0,16.03,0.0,,,0.0,
2020-04-30,59.0,21.12,0.0,,,0.0,
2020-05-01,67.0,22.69,0.0,,,0.0,
2020-05-02,54.0,24.62,0.0,,,0.0,
2020-05-03,70.0,33.03,0.0,,,0.0,
2020-05-04,77.0,28.18,0.0,,,0.0,
2020-05-05,71.0,31.36,0.0,,,0.0,
2020-05-06,73.0,25.18,0.0,,,0.0,
2020-05-07,59.0,26.84,0.0,,,0.0,
2020-05-08,65.0,27.46,0.0,,,0.0,
2020-05-09,69.0,29.56,0.0,,,0.0,
2020-05-10,65.0,28.15,0.0,,,0.0,
2020-05-11,83.0,38.65,0.0,,,0.0,
2020-05-12,74.0,32.09,0.0,,,0.0,
2020-05-13,64.0,24.1,0.0,,,0.0,
2020-05-14,60.0,25.06,0.0,,,0.0,
2020-05-15,60.0,24.12,0.0,,,0.0,
2020-05-16,67.0,27.65,0.0,,,0.0,
2020-05-17,70.0,32.47,0.0,,,0.0,
2020-05-18,72.0,31.05,0.0,,,0.0,
2020-05-19,93.0,42.41,0.0,,,0.0,
2020-05-20,106.0,36.62,0.0,,,0.0,
2020-05-21,109.0,31.59,0.0,,,0.0,
2020-05-22,114.0,39.91,0.0,,,0.0,
2020-05-23,122.0,44.09,0.0,,,0.0,
2020-05-24,116.0,41.03,0.0,,,0.0,
2020-05-25,102.0,33.07,0.0,,,0.0,
2020-05-26,89.0,32.51,0.0,,,0.0,
2020-05-27,87.0,28.66,0.0,,,0.0,
2020-05-28,86.0,26.7,0.0,,,0.0,
2020-05-29,84.0,21.07,0.0,,,0.0,
2020-05-30,65.0,18.56,0.0,,,0.0,
2020-05-31,67.0,25.17,0.0,,,0.0,
2020-06-01,55.0,30.0,0.0,,,0.0,
2020-06-02,79.0,16.47,0.0,,,0.0,
2020-06-03,38.0,11.74,0.0,,,0.0,
2020-06-04,33.0,13.93,0.0,,,0.0,
2020-06-05,38.0,19.57,0.0,,,0.0,
2020-06-06,58.0,23.02,0.0,,,0.0,
2020-06-07,64.0,19.49,0.0,,,0.0,
2020-06-08,54.0,20.2,0.0,,,0.0,
2020-06-09,57.0,17.96,0.0,,,0.0,
2020-06-10,48.0,20.26,0.0,,,0.0,
2020-06-11,42.0,19.96,0.0,,,0.0,
2020-06-12,42.0,17.19,0.0,,,0.0,
2020-06-13,38.0,9.87,0.0,,,0.0,
2020-06-14,32.0,9.8,0.0,,,0.0,
2020-06-15,33.0,13.53,0.0,,,0.0,
2020-06-16,31.0,10.31,0.0,,,0.0,
2020-06-17,29.0,10.31,0.0,,,0.0,
2020-06-18,30.0,14.04,0.0,,,0.0,
2020-06-19,37.0,20.19,0.0,,,0.0,
2020-06-20,52.0,22.5,0.0,,,0.0,
2020-06-21,56.0,24.0,0.0,,,0.0,
2020-06-22,60.0,22.91,0.0,,,0.0,
2020-06-23,51.0,22.36,0.0,,,0.0,
2020-06-24,51.0,21.25,0.0,,,0.0,
2020-06-25,52.0,22.41,0.0,,,0.0,
2020-06-26,52.0,27.05,0.0,,,0.0,
2020-06-27,58.0,23.29,0.0,,,0.0,
2020-06-28,49.0,15.8,0.0,,,0.0,
2020-06-29,47.0,20.24,0.0,,,0.0,
2020-06-30,46.0,19.38,0.0,,,0.0,
2020-07-01,48.0,26.83,0.0,,,0.0,
2017-06-20,149.0,70.1,0.0,,,0.0,
2017-06-21,126.0,67.5,0.0,,,0.0,
2017-06-22,85.0,24.8,0.0,,,0.0,
2017-06-23,62.0,32.3,0.0,,,0.0,
2017-06-24,77.0,55.36,0.0,,,0.0,
2017-06-25,86.0,47.62,0.0,,,0.0,
2017-06-26,90.0,61.34,0.0,,,0.0,
2017-06-27,85.0,36.51,0.0,,,0.0,
2017-06-28,59.0,19.66,0.0,,,0.0,
2017-06-29,50.0,16.8,0.0,,,0.0,
2017-06-30,43.0,14.37,0.0,,,0.0,
2017-07-01,55.0,25.14,0.0,,,0.0,
2017-07-02,80.0,28.74,0.0,,,0.0,
2017-07-03,58.0,39.4,0.0,,,0.0,
2017-07-04,78.0,52.82,0.0,,,0.0,
2017-07-05,94.0,56.88,0.0,,,0.0,
2017-07-06,107.0,68.1,0.0,,,0.0,
2017-07-07,118.0,60.61,0.0,,,0.0,
2017-07-08,96.0,54.57,0.0,,,0.0,
2017-07-09,85.0,46.43,0.0,,,0.0,
2017-07-10,75.0,44.47,0.0,,,0.0,
2017-07-11,108.0,81.08,0.0,,,0.0,
2017-07-12,134.0,41.86,0.0,,,0.0,
2017-07-13,61.0,33.25,0.0,,,0.0,
2017-07-14,53.0,30.59,0.0,,,0.0,
2017-07-15,67.0,45.02,0.0,,,0.0,
2017-07-16,81.0,44.54,0.0,,,0.0,
2017-07-17,83.0,33.83,0.0,,,0.0,
2017-07-18,75.0,33.98,0.0,,,0.0,
2017-07-20,82.0,30.57,0.0,,,0.0,
2017-07-21,86.0,28.19,0.0,,,0.0,
2017-07-22,66.0,18.78,0.0,,,0.0,
2017-07-26,89.0,28.82,0.0,,,0.0,
2017-07-27,86.0,26.78,0.0,,,0.0,
2017-07-28,88.0,33.62,0.0,,,0.0,
2017-07-29,95.0,,0.0,,,0.0,
2017-08-01,103.0,43.26,0.0,,,0.0,
2017-08-03,106.0,31.91,0.0,,,0.0,
2017-08-04,115.0,63.95,0.0,,,0.0,
2017-08-05,157.0,68.29,0.0,,,0.0,
2017-08-06,173.0,82.07,0.0,,,0.0,
2017-08-07,161.0,72.83,0.0,,,0.0,
2017-08-08,118.0,60.86,0.0,,,0.0,
2017-08-09,116.0,50.6,0.0,,,0.0,
2017-08-10,103.0,44.02,0.0,,,0.0,
2017-08-11,96.0,35.78,0.0,,,0.0,
2017-08-12,83.0,25.56,0.0,,,0.0,
2017-08-13,78.0,28.29,0.0,,,0.0,
2017-08-14,92.0,40.2,0.0,,,0.0,
2017-08-15,116.0,39.21,0.0,,,0.0,
2017-08-16,112.0,43.4,0.0,,,0.0,
2017-08-17,117.0,,0.0,,,0.0,
2017-08-22,95.0,34.1,0.0,,,0.0,
2017-08-23,88.0,34.1,0.0,,,0.0,
2017-08-24,76.0,34.1,0.0,,,0.0,
2017-08-25,88.0,34.1,0.0,,,0.0,
2017-08-26,91.0,34.1,0.0,,,0.0,
2017-08-27,107.0,34.1,0.0,,,0.0,
2017-08-28,118.0,28.79,0.0,,,0.0,
2017-08-30,115.0,25.35,0.0,,,0.0,
2017-08-31,130.0,22.64,0.0,,,0.0,
2017-09-01,184.0,22.13,0.0,,,0.0,
2017-09-02,233.0,25.23,0.0,,,0.0,
2017-09-03,79.0,16.29,0.0,,,0.0,
2017-09-04,92.0,21.38,0.0,,,0.0,
2017-09-05,105.0,20.83,0.0,,,0.0,
2017-09-06,110.0,26.72,0.0,,,0.0,
2017-09-07,118.0,31.5,0.0,,,0.0,
2017-09-08,119.0,27.4,0.0,,,0.0,
2017-09-09,127.0,29.31,0.0,,,0.0,
2017-09-10,127.0,29.82,0.0,,,0.0,
2017-09-11,111.0,27.27,0.0,,,0.0,
2017-09-12,111.0,24.81,0.0,,,0.0,
2017-09-13,91.0,22.04,0.0,,,0.0,
2017-09-14,102.0,32.23,0.0,,,0.0,
2017-09-15,142.0,38.06,0.0,,,0.0,
2017-09-16,135.0,42.42,0.0,,,0.0,
2017-09-17,149.0,36.33,0.0,,,0.0,
2017-09-18,138.0,38.83,0.0,,,0.0,
2017-09-19,146.0,30.51,0.0,,,0.0,
2017-09-20,164.0,37.34,0.0,,,0.0,
2017-09-21,125.0,37.63,0.0,,,0.0,
2017-09-22,88.0,50.0,0.0,,,0.0,
2017-09-23,84.0,54.45,0.0,,,0.0,
2017-09-24,118.0,58.92,0.0,,,0.0,
2017-09-25,96.0,45.26,0.0,,,0.0,
2017-09-27,128.0,66.73,0.0,,,0.0,
2017-09-28,109.0,50.59,0.0,,,0.0,
2017-09-29,139.0,78.87,0.0,,,0.0,
2017-09-30,190.0,92.75,0.0,,,0.0,
2017-10-01,202.0,80.91,0.0,,,0.0,
2017-10-02,114.0,60.15,0.0,,,0.0,
2017-10-03,118.0,72.27,0.0,,,0.0,
2017-10-04,181.0,91.49,0.0,,,0.0,
2017-10-05,168.0,67.43,0.0,,,0.0,
2017-10-07,159.0,82.3,0.0,,,0.0,
2017-10-08,195.0,90.96,0.0,,,0.0,
2017-10-09,235.0,112.8,0.0,,,0.0,
2017-10-10,244.0,89.21,0.0,,,0.0,
2017-10-11,206.0,101.04,0.0,,,0.0,
2017-10-12,232.0,99.52,0.0,,,0.0,
2017-10-13,254.0,108.16,0.0,,,0.0,
2017-10-14,275.0,105.56,0.0,,,0.0,
2017-10-15,238.0,104.08,0.0,,,0.0,
2017-10-16,225.0,79.51,0.0,,,0.0,
2017-10-17,249.0,87.06,0.0,,,0.0,
2017-10-18,250.0,98.97,0.0,,,0.0,
2017-10-19,213.0,75.56,0.0,,,0.0,
2017-10-20,213.0,133.05,0.0,,,0.0,
2017-10-21,276.0,126.59,0.0,,,0.0,
2017-10-22,240.0,71.63,0.0,,,0.0,
2017-10-23,197.0,64.19,0.0,,,0.0,
2017-10-24,142.0,73.93,0.0,,,0.0,
2017-10-25,246.0,121.26,0.0,,,0.0,
2017-10-26,295.0,124.18,0.0,,,0.0,
2017-10-27,226.0,96.68,0.0,,,0.0,
2017-10-28,226.0,88.72,0.0,,,0.0,
2017-10-29,180.0,70.41,0.0,,,0.0,
2017-10-30,195.0,88.45,0.0,,,0.0,
2017-10-31,233.0,110.96,0.0,,,0.0,
2017-11-01,256.0,109.77,0.0,,,0.0,
2017-11-02,210.0,75.66,0.0,,,0.0,
2017-11-03,171.0,77.68,0.0,,,0.0,
2017-11-04,211.0,107.35,0.0,,,0.0,
2017-11-05,252.0,104.86,0.0,,,0.0,
2017-11-06,244.0,102.63,0.0,,,0.0,
2017-11-07,275.0,122.13,0.0,,,0.0,
2017-11-08,251.0,97.73,0.0,,,0.0,
2017-11-09,208.0,95.4,0.0,,,0.0,
2017-11-10,257.0,124.91,0.0,,,0.0,
2017-11-11,275.0,119.13,0.0,,,0.0,
2017-11-12,270.0,173.72,0.0,,,0.0,
2017-11-13,333.0,137.56,0.0,,,0.0,
2017-11-14,193.0,84.21,0.0,,,0.0,
2017-11-15,199.0,90.76,0.0,,,0.0,
2017-11-16,221.0,102.37,0.0,,,0.0,
2017-11-17,276.0,152.82,0.0,,,0.0,
2017-11-18,220.0,90.89,0.0,,,0.0,
2017-11-19,295.0,247.89,0.0,,,0.0,
2017-11-20,280.0,70.12,0.0,,,0.0,
2017-11-21,157.0,63.22,0.0,,,0.0,
2017-11-22,185.0,66.56,0.0,,,0.0,
2017-11-23,153.0,76.04,0.0,,,0.0,
2017-11-24,230.0,112.71,0.0,,,0.0,
2017-11-25,256.0,120.58,0.0,,,0.0,
2017-11-26,305.0,165.57,0.0,,,0.0,
2017-11-27,304.0,109.53,0.0,,,0.0,
2017-11-28,203.0,102.04,0.0,,,0.0,
2017-11-29,249.0,116.2,0.0,,,0.0,
2017-11-30,249.0,106.23,0.0,,,0.0,
2017-12-01,215.0,98.1,0.0,,,0.0,
2017-12-02,336.0,161.94,0.0,,,0.0,
2017-12-03,234.0,101.06,0.0,,,0.0,
2017-12-04,253.0,119.08,0.0,,,0.0,
2017-12-05,265.0,136.16,0.0,,,0.0,
2017-12-06,218.0,89.75,0.0,,,0.0,
2017-12-07,198.0,82.61,0.0,,,0.0,
2017-12-08,187.0,84.81,0.0,,,0.0,
2017-12-09,197.0,89.74,0.0,,,0.0,
2017-12-10,182.0,72.32,0.0,,,0.0,
2017-12-11,121.0,52.64,0.0,,,0.0,
2017-12-12,93.0,58.96,0.0,,,0.0,
2017-12-13,113.0,52.76,0.0,,,0.0,
2017-12-14,93.0,43.67,0.0,,,0.0,
2017-12-15,88.0,54.27,0.0,,,0.0,
2017-12-16,89.0,43.25,0.0,,,0.0,
2017-12-17,103.0,69.9,0.0,,,0.0,
2017-12-18,153.0,50.09,0.0,,,0.0,
2017-12-19,140.0,85.99,0.0,,,0.0,
2017-12-20,174.0,67.74,0.0,,,0.0,
2017-12-21,130.0,48.39,0.0,,,0.0,
2017-12-22,96.0,31.24,0.0,,,0.0,
2017-12-23,103.0,50.68,0.0,,,0.0,
2017-12-24,147.0,70.37,0.0,,,0.0,
2017-12-25,154.0,60.28,0.0,,,0.0,
2017-12-26,242.0,154.11,0.0,,,0.0,
2017-12-27,194.0,75.44,0.0,,,0.0,
2017-12-28,227.0,102.64,0.0,,,0.0,
2017-12-29,148.0,65.88,0.0,,,0.0,
2017-12-30,174.0,68.64,0.0,,,0.0,
2017-12-31,153.0,81.93,0.0,,,0.0,
2018-01-01,221.0,82.33,0.0,,,0.0,
2018-01-02,206.0,89.98,0.0,,,0.0,
2018-01-03,232.0,106.38,0.0,,,0.0,
2018-01-04,225.0,80.07,0.0,,,0.0,
2018-01-05,177.0,87.46,0.0,,,0.0,
2018-01-06,234.0,95.36,0.0,,,0.0,
2018-01-07,183.0,70.3,0.0,,,0.0,
2018-01-08,164.0,78.86,0.0,,,0.0,
2018-01-09,193.0,89.46,0.0,,,0.0,
2018-01-10,239.0,94.76,0.0,,,0.0,
2018-01-11,211.0,88.44,0.0,,,0.0,
2018-01-12,198.0,96.1,0.0,,,0.0,
2018-01-13,260.0,105.77,0.0,,,0.0,
2018-01-14,171.0,83.29,0.0,,,0.0,
2018-01-15,173.0,67.74,0.0,,,0.0,
2018-01-16,141.0,71.2,0.0,,,0.0,
2018-01-17,116.0,52.41,0.0,,,0.0,
2018-01-18,124.0,73.67,0.0,,,0.0,
2018-01-19,190.0,84.48,0.0,,,0.0,
2018-01-20,223.0,94.69,0.0,,,0.0,
2018-01-21,189.0,84.69,0.0,,,0.0,
2018-01-22,171.0,67.67,0.0,,,0.0,
2018-01-23,148.0,67.38,0.0,,,0.0,
2018-01-24,181.0,84.31,0.0,,,0.0,
2018-01-25,163.0,86.57,0.0,,,0.0,
2018-01-26,247.0,95.31,0.0,,,0.0,
2018-01-27,171.0,72.7,0.0,,,0.0,
2018-01-28,167.0,67.97,0.0,,,0.0,
2018-01-29,154.0,59.22,0.0,,,0.0,
2018-01-30,219.0,99.61,0.0,,,0.0,
2018-01-31,208.0,69.6,0.0,,,0.0,
2018-02-01,177.0,71.01,0.0,,,0.0,
2018-02-02,168.0,79.98,0.0,,,0.0,
2018-02-03,140.0,49.84,0.0,,,0.0,
2018-02-04,132.0,56.54,0.0,,,0.0,
2018-02-05,153.0,116.02,0.0,,,0.0,
2018-02-06,305.0,311.35,0.0,,,0.0,
2018-02-07,291.0,130.52,0.0,,,0.0,
2018-02-08,208.0,53.61,0.0,,,0.0,
2018-02-09,140.0,61.1,0.0,,,0.0,
2018-02-10,158.0,68.06,0.0,,,0.0,
2018-02-11,204.0,77.44,0.0,,,0.0,
2018-02-12,140.0,56.46,0.0,,,0.0,
2018-02-13,146.0,61.48,0.0,,,0.0,
2018-02-14,114.0,79.69,0.0,,,0.0,
2018-02-15,156.0,70.2,0.0,,,0.0,
2018-02-16,174.0,73.01,0.0,,,0.0,
2018-02-17,221.0,107.82,0.0,,,0.0,
2018-02-18,275.0,103.08,0.0,,,0.0,
2018-02-19,198.0,65.08,0.0,,,0.0,
2018-02-20,167.0,65.66,0.0,,,0.0,
2018-02-21,223.0,105.11,0.0,,,0.0,
2018-02-22,254.0,116.61,0.0,,,0.0,
2018-02-23,311.0,146.31,0.0,,,0.0,
2018-02-24,180.0,74.56,0.0,,,0.0,
2018-02-25,148.0,49.48,0.0,,,0.0,
2018-02-26,107.0,42.24,0.0,,,0.0,
2018-02-27,130.0,56.23,0.0,,,0.0,
2018-02-28,154.0,55.39,0.0,,,0.0,
2018-03-01,147.0,64.1,0.0,,,0.0,
2018-03-02,118.0,55.62,0.0,,,0.0,
2018-03-03,111.0,51.15,0.0,,,0.0,
2018-03-04,114.0,56.89,0.0,,,0.0,
2018-03-05,105.0,31.08,0.0,,,0.0,
2018-03-06,98.0,33.67,0.0,,,0.0,
2018-03-07,103.0,44.18,0.0,,,0.0,
2018-03-08,100.0,30.45,0.0,,,0.0,
2018-03-09,99.0,32.75,0.0,,,0.0,
2018-03-10,127.0,45.01,0.0,,,0.0,
2018-03-11,113.0,34.41,0.0,,,0.0,
2018-03-12,118.0,42.66,0.0,,,0.0,
2018-03-13,133.0,55.22,0.0,,,0.0,
2018-03-14,126.0,47.13,0.0,,,0.0,
2018-03-15,133.0,43.63,0.0,,,0.0,
2018-03-16,137.0,50.2,0.0,,,0.0,
2018-03-17,124.0,41.0,0.0,,,0.0,
2018-03-18,116.0,33.6,0.0,,,0.0,
2018-03-19,113.0,44.62,0.0,,,0.0,
2018-03-20,115.0,41.72,0.0,,,0.0,
2018-03-21,125.0,56.15,0.0,,,0.0,
2018-03-22,146.0,52.94,0.0,,,0.0,
2018-03-23,113.0,40.63,0.0,,,0.0,
2018-03-24,117.0,48.33,0.0,,,0.0,
2018-03-25,139.0,56.76,0.0,,,0.0,
2018-03-26,121.0,56.16,0.0,,,0.0,
2018-03-27,172.0,76.01,0.0,,,0.0,
2018-03-28,140.0,49.92,0.0,,,0.0,
2018-03-29,131.0,46.52,0.0,,,0.0,
2018-03-30,151.0,60.9,0.0,,,0.0,
2018-03-31,140.0,43.4,0.0,,,0.0,
2018-04-01,134.0,54.63,0.0,,,0.0,
2018-04-02,150.0,60.99,0.0,,,0.0,
2018-04-03,181.0,62.79,0.0,,,0.0,
2018-04-04,142.0,55.95,0.0,,,0.0,
2018-04-05,151.0,62.98,0.0,,,0.0,
2018-04-06,145.0,56.87,0.0,,,0.0,
2018-04-07,157.0,45.6,0.0,,,0.0,
2018-04-08,158.0,49.85,0.0,,,0.0,
2018-04-09,127.0,39.81,0.0,,,0.0,
2018-04-10,129.0,48.96,0.0,,,0.0,
2018-04-11,116.0,42.24,0.0,,,0.0,
2018-04-12,100.0,26.2,0.0,,,0.0,
2018-04-13,97.0,27.64,0.0,,,0.0,
2018-04-14,124.0,33.56,0.0,,,0.0,
2018-04-15,125.0,37.67,0.0,,,0.0,
2018-04-16,130.0,57.56,0.0,,,0.0,
2018-04-17,153.0,51.78,0.0,,,0.0,
2018-04-18,149.0,54.55,0.0,,,0.0,
2018-04-19,140.0,64.1,0.0,,,0.0,
2018-04-20,202.0,79.58,0.0,,,0.0,
2018-04-21,434.0,126.39,0.0,,,0.0,
2018-04-22,185.0,36.29,0.0,,,0.0,
2018-04-23,173.0,96.02,0.0,,,0.0,
2018-04-24,124.0,98.88,0.0,,,0.0,
2018-04-25,157.0,56.46,0.0,,,0.0,
2018-04-26,136.0,55.72,0.0,,,0.0,
2018-04-27,176.0,76.08,0.0,,,0.0,
2018-04-28,179.0,58.94,0.0,,,0.0,
2018-04-29,157.0,56.72,0.0,,,0.0,
2018-04-30,158.0,53.42,0.0,,,0.0,
2018-05-01,147.0,56.81,0.0,,,0.0,
2018-05-02,168.0,65.79,0.0,,,0.0,
2018-05-03,172.0,47.86,0.0,,,0.0,
2018-05-04,150.0,51.16,0.0,,,0.0,
2018-05-05,160.0,60.11,0.0,,,0.0,
2018-05-06,171.0,67.36,0.0,,,0.0,
2018-05-07,176.0,53.19,0.0,,,0.0,
2018-05-08,250.0,96.38,0.0,,,0.0,
2018-05-09,181.0,55.01,0.0,,,0.0,
2018-05-10,153.0,52.1,0.0,,,0.0,
2018-05-11,137.0,60.83,0.0,,,0.0,
2018-05-12,157.0,55.45,0.0,,,0.0,
2018-05-13,152.0,76.41,0.0,,,0.0,
2018-05-14,255.0,83.35,0.0,,,0.0,
2018-05-15,204.0,78.39,0.0,,,0.0,
2018-05-16,194.0,71.69,0.0,,,0.0,
2018-05-17,181.0,70.42,0.0,,,0.0,
2018-05-18,156.0,56.88,0.0,,,0.0,
2018-05-19,161.0,66.11,0.0,,,0.0,
2018-05-20,172.0,54.57,0.0,,,0.0,
2018-05-21,193.0,57.33,0.0,,,0.0,
2018-05-22,160.0,68.99,0.0,,,0.0,
2018-05-23,199.0,75.45,0.0,,,0.0,
2018-05-24,171.0,61.93,0.0,,,0.0,
2018-05-25,169.0,68.44,0.0,,,0.0,
2018-05-26,174.0,56.84,0.0,,,0.0,
2018-05-27,153.0,63.49,0.0,,,0.0,
2018-05-28,169.0,70.45,0.0,,,0.0,
2018-05-29,170.0,64.81,0.0,,,0.0,
2018-05-30,146.0,59.09,0.0,,,0.0,
2018-05-31,138.0,50.38,0.0,,,0.0,
2018-06-01,150.0,71.04,0.0,,,0.0,
2018-06-02,379.0,116.5,0.0,,,0.0,
2018-06-03,265.0,69.06,0.0,,,0.0,
2018-06-04,190.0,79.44,0.0,,,0.0,
2018-06-05,210.0,79.41,0.0,,,0.0,
2018-06-06,189.0,59.58,0.0,,,0.0,
2018-06-07,132.0,69.5,0.0,,,0.0,
2018-06-08,220.0,83.02,0.0,,,0.0,
2018-06-09,160.0,49.28,0.0,,,0.0,
2018-06-10,100.0,45.19,0.0,,,0.0,
2018-06-11,118.0,49.5,0.0,,,0.0,
2018-06-12,169.0,73.33,0.0,,,0.0,
2018-06-13,285.0,84.79,0.0,,,0.0,
2018-06-14,269.0,92.4,0.0,,,0.0,
2018-06-15,264.0,70.52,0.0,,,0.0,
2018-06-16,155.0,62.62,0.0,,,0.0,
2018-06-17,128.0,54.54,0.0,,,0.0,
2018-06-18,161.0,79.91,0.0,,,0.0,
2018-06-19,162.0,58.91,0.0,,,0.0,
2018-06-20,111.0,51.15,0.0,,,0.0,
2018-06-21,160.0,83.77,0.0,,,0.0,
2018-06-22,173.0,71.26,0.0,,,0.0,
2018-06-23,156.0,69.38,0.0,,,0.0,
2018-06-24,132.0,60.2,0.0,,,0.0,
2018-06-25,100.0,52.05,0.0,,,0.0,
2018-06-26,90.0,46.38,0.0,,,0.0,
2018-06-27,94.0,53.68,0.0,,,0.0,
2018-06-28,155.0,54.1,0.0,,,0.0,
2018-06-29,123.0,77.05,0.0,,,0.0,
2018-06-30,135.0,73.53,0.0,,,0.0,
2018-07-01,153.0,92.72,0.0,,,0.0,
2018-07-02,151.0,42.08,0.0,,,0.0,
2018-07-03,94.0,42.91,0.0,,,0.0,
2018-07-04,89.0,45.51,0.0,,,0.0,
2018-07-05,154.0,79.95,0.0,,,0.0,
2018-07-06,155.0,51.39,0.0,,,0.0,
2018-07-07,141.0,62.56,0.0,,,0.0,
2018-07-08,154.0,61.82,0.0,,,0.0,
2018-07-09,157.0,61.97,0.0,,,0.0,
2018-07-10,136.0,53.08,0.0,,,0.0,
2018-07-11,108.0,51.71,0.0,,,0.0,
2018-07-12,142.0,66.31,0.0,,,0.0,
2018-07-13,90.0,27.49,0.0,,,0.0,
2018-07-14,60.0,26.18,0.0,,,0.0,
2018-07-15,62.0,25.63,0.0,,,0.0,
2018-07-16,86.0,39.39,0.0,,,0.0,
2018-07-17,67.0,20.77,0.0,,,0.0,
2018-07-18,134.0,70.35,0.0,,,0.0,
2018-07-19,83.0,25.27,0.0,,,0.0,
2018-07-20,81.0,35.41,0.0,,,0.0,
2018-07-21,130.0,61.42,0.0,,,0.0,
2018-07-22,89.0,22.64,0.0,,,0.0,
2018-07-23,57.0,25.16,0.0,,,0.0,
2018-07-24,73.0,35.17,0.0,,,0.0,
2018-07-25,66.0,31.45,0.0,,,0.0,
2018-07-26,114.0,55.96,0.0,,,0.0,
2018-07-27,132.0,52.41,0.0,,,0.0,
2018-07-28,117.0,48.42,0.0,,,0.0,
2018-07-29,115.0,50.68,0.0,,,0.0,
2018-07-30,107.0,44.09,0.0,,,0.0,
2018-07-31,114.0,53.4,0.0,,,0.0,
2018-08-01,147.0,63.97,0.0,,,0.0,
2018-08-02,158.0,68.84,0.0,,,0.0,
2018-08-03,165.0,68.51,0.0,,,0.0,
2018-08-04,154.0,61.58,0.0,,,0.0,
2018-08-05,153.0,60.62,0.0,,,0.0,
2018-08-06,129.0,50.47,0.0,,,0.0,
2018-08-07,113.0,54.87,0.0,,,0.0,
2018-08-08,118.0,51.27,0.0,,,0.0,
2018-08-09,93.0,28.7,0.0,,,0.0,
2018-08-10,69.0,34.8,0.0,,,0.0,
2018-08-11,79.0,37.53,0.0,,,0.0,
2018-08-12,79.0,26.76,0.0,,,0.0,
2018-08-13,82.0,35.63,0.0,,,0.0,
2018-08-14,100.0,51.3,0.0,,,0.0,
2018-08-15,158.0,73.24,0.0,,,0.0,
2018-08-16,115.0,38.92,0.0,,,0.0,
2018-08-17,61.0,32.28,0.0,,,0.0,
2018-08-18,74.0,33.39,0.0,,,0.0,
2018-08-19,75.0,25.88,0.0,,,0.0,
2018-08-20,74.0,28.61,0.0,,,0.0,
2018-08-21,79.0,29.54,0.0,,,0.0,
2018-08-22,84.0,39.29,0.0,,,0.0,
2018-08-23,69.0,28.67,0.0,,,0.0,
2018-08-24,87.0,29.88,0.0,,,0.0,
2018-08-25,70.0,29.4,0.0,,,0.0,
2018-08-26,75.0,34.97,0.0,,,0.0,
2018-08-27,100.0,42.25,0.0,,,0.0,
2018-08-28,157.0,44.1,0.0,,,0.0,
2018-08-29,100.0,28.57,0.0,,,0.0,
2018-08-30,111.0,44.67,0.0,,,0.0,
2018-08-31,127.0,38.23,0.0,,,0.0,
2018-09-01,79.0,31.62,0.0,,,0.0,
2018-09-02,80.0,28.93,0.0,,,0.0,
2018-09-03,60.0,30.21,0.0,,,0.0,
2018-09-04,68.0,34.05,0.0,,,0.0,
2018-09-05,94.0,45.64,0.0,,,0.0,
2018-09-06,122.0,45.95,0.0,,,0.0,
2018-09-07,90.0,36.89,0.0,,,0.0,
2018-09-08,89.0,29.7,0.0,,,0.0,
2018-09-09,59.0,20.31,0.0,,,0.0,
2018-09-10,68.0,32.94,0.0,,,0.0,
2018-09-11,80.0,33.66,0.0,,,0.0,
2018-09-12,90.0,36.18,0.0,,,0.0,
2018-09-13,96.0,45.9,0.0,,,0.0,
2018-09-14,104.0,47.34,0.0,,,0.0,
2018-09-15,103.0,47.33,0.0,,,0.0,
2018-09-16,99.0,43.96,0.0,,,0.0,
2018-09-17,93.0,44.71,0.0,,,0.0,
2018-09-18,105.0,48.12,0.0,,,0.0,
2018-09-19,108.0,49.52,0.0,,,0.0,
2018-09-20,120.0,48.99,0.0,,,0.0,
2018-09-21,148.0,47.7,0.0,,,0.0,
2018-09-22,81.0,17.46,0.0,,,0.0,
2018-09-23,54.0,15.78,0.0,,,0.0,
2018-09-24,62.0,22.0,0.0,,,0.0,
2018-09-25,91.0,39.67,0.0,,,0.0,
2018-09-26,135.0,52.7,0.0,,,0.0,
2018-09-27,133.0,53.34,0.0,,,0.0,
2018-09-28,134.0,57.85,0.0,,,0.0,
2018-09-29,174.0,55.11,0.0,,,0.0,
2018-09-30,151.0,50.9,0.0,,,0.0,
2018-10-01,128.0,47.8,0.0,,,0.0,
2018-10-02,125.0,52.83,0.0,,,0.0,
2018-10-03,125.0,41.04,0.0,,,0.0,
2018-10-04,101.0,42.35,0.0,,,0.0,
2018-10-05,101.0,46.05,0.0,,,0.0,
2018-10-06,103.0,46.46,0.0,,,0.0,
2018-10-07,118.0,44.93,0.0,,,0.0,
2018-10-08,116.0,44.43,0.0,,,0.0,
2018-10-09,109.0,49.14,0.0,,,0.0,
2018-10-10,121.0,69.46,0.0,,,0.0,
2018-10-11,178.0,71.12,0.0,,,0.0,
2018-10-12,137.0,61.36,0.0,,,0.0,
2018-10-13,130.0,59.86,0.0,,,0.0,
2018-10-14,142.0,65.77,0.0,,,0.0,
2018-10-15,152.0,66.0,0.0,,,0.0,
2018-10-16,195.0,85.38,0.0,,,0.0,
2018-10-17,151.0,58.16,0.0,,,0.0,
2018-10-18,149.0,67.49,0.0,,,0.0,
2018-10-19,151.0,78.42,0.0,,,0.0,
2018-10-20,180.0,72.99,0.0,,,0.0,
2018-10-21,185.0,74.69,0.0,,,0.0,
2018-10-22,163.0,60.43,0.0,,,0.0,
2018-10-23,117.0,51.98,0.0,,,0.0,
2018-10-24,135.0,59.1,0.0,,,0.0,
2018-10-25,139.0,55.75,0.0,,,0.0,
2018-10-26,146.0,62.72,0.0,,,0.0,
2018-10-27,160.0,69.35,0.0,,,0.0,
2018-10-28,186.0,80.31,0.0,,,0.0,
2018-10-29,212.0,92.86,0.0,,,0.0,
2018-10-30,219.0,80.37,0.0,,,0.0,
2018-10-31,218.0,60.99,0.0,,,0.0,
2018-11-01,195.0,71.04,0.0,,,0.0,
2018-11-02,194.0,63.12,0.0,,,0.0,
2018-11-03,142.0,49.51,0.0,,,0.0,
2018-11-04,169.0,79.78,0.0,,,0.0,
2018-11-05,120.0,44.83,0.0,,,0.0,
2018-11-06,145.0,74.94,0.0,,,0.0,
2018-11-07,141.0,74.51,0.0,,,0.0,
2018-11-08,250.0,106.88,0.0,,,0.0,
2018-11-09,243.0,108.86,0.0,,,0.0,
2018-11-10,258.0,99.02,0.0,,,0.0,
2018-11-11,175.0,60.18,0.0,,,0.0,
2018-11-12,164.0,70.21,0.0,,,0.0,
2018-11-13,202.0,73.57,0.0,,,0.0,
2018-11-14,139.0,56.53,0.0,,,0.0,
2018-11-15,158.0,84.76,0.0,,,0.0,
2018-11-16,210.0,87.76,0.0,,,0.0,
2018-11-17,193.0,77.87,0.0,,,0.0,
2018-11-18,184.0,67.8,0.0,,,0.0,
2018-11-19,132.0,59.2,0.0,,,0.0,
2018-11-20,159.0,68.34,0.0,,,0.0,
2018-11-21,161.0,87.81,0.0,,,0.0,
2018-11-22,201.0,72.61,0.0,,,0.0,
2018-11-23,175.0,70.4,0.0,,,0.0,
2018-11-24,157.0,74.86,0.0,,,0.0,
2018-11-25,220.0,92.15,0.0,,,0.0,
2018-11-26,176.0,63.6,0.0,,,0.0,
2018-11-27,149.0,67.29,0.0,,,0.0,
2018-11-28,175.0,82.51,0.0,,,0.0,
2018-11-29,198.0,73.02,0.0,,,0.0,
2018-11-30,159.0,69.45,0.0,,,0.0,
2018-12-01,180.0,73.56,0.0,,,0.0,
2018-12-02,184.0,71.73,0.0,,,0.0,
2018-12-03,184.0,71.78,0.0,,,0.0,
2018-12-04,154.0,59.35,0.0,,,0.0,
2018-12-05,143.0,62.76,0.0,,,0.0,
2018-12-06,173.0,74.1,0.0,,,0.0,
2018-12-07,163.0,55.16,0.0,,,0.0,
2018-12-08,158.0,62.2,0.0,,,0.0,
2018-12-09,168.0,74.88,0.0,,,0.0,
2018-12-10,185.0,74.13,0.0,,,0.0,
2018-12-11,162.0,63.82,0.0,,,0.0,
2018-12-12,127.0,55.57,0.0,,,0.0,
2018-12-13,94.0,42.72,0.0,,,0.0,
2018-12-14,88.0,32.37,0.0,,,0.0,
2018-12-15,80.0,37.28,0.0,,,0.0,
2018-12-16,163.0,37.75,0.0,,,0.0,
2018-12-17,109.0,38.53,0.0,,,0.0,
2018-12-18,108.0,42.37,0.0,,,0.0,
2018-12-19,163.0,64.83,0.0,,,0.0,
2018-12-20,205.0,86.29,0.0,,,0.0,
2018-12-21,244.0,110.36,0.0,,,0.0,
2018-12-22,201.0,65.08,0.0,,,0.0,
2018-12-23,154.0,63.37,0.0,,,0.0,
2018-12-24,144.0,62.08,0.0,,,0.0,
2018-12-25,135.0,54.27,0.0,,,0.0,
2018-12-26,122.0,54.98,0.0,,,0.0,
2018-12-27,214.0,96.51,0.0,,,0.0,
2018-12-28,212.0,87.99,0.0,,,0.0,
2018-12-29,213.0,90.45,0.0,,,0.0,
2018-12-30,238.0,98.76,0.0,,,0.0,
2018-12-31,239.0,135.19,0.0,,,0.0,
2019-01-01,275.0,113.17,0.0,,,0.0,
2019-01-02,173.0,76.03,0.0,,,0.0,
2019-01-03,232.0,98.19,0.0,,,0.0,
2019-01-04,203.0,65.04,0.0,,,0.0,
2019-01-05,134.0,63.41,0.0,,,0.0,
2019-01-06,196.0,98.16,0.0,,,0.0,
2019-01-07,179.0,50.19,0.0,,,0.0,
2019-01-08,123.0,70.88,0.0,,,0.0,
2019-01-09,158.0,65.03,0.0,,,0.0,
2019-01-10,141.0,65.24,0.0,,,0.0,
2019-01-11,126.0,50.08,0.0,,,0.0,
2019-01-12,130.0,70.83,0.0,,,0.0,
2019-01-13,174.0,68.0,0.0,,,0.0,
2019-01-14,144.0,49.54,0.0,,,0.0,
2019-01-15,122.0,58.11,0.0,,,0.0,
2019-01-16,175.0,58.36,0.0,,,0.0,
2019-01-17,131.0,68.19,0.0,,,0.0,
2019-01-18,191.0,76.46,0.0,,,0.0,
2019-01-19,243.0,93.52,0.0,,,0.0,
2019-01-20,176.0,64.56,0.0,,,0.0,
2019-01-21,124.0,60.48,0.0,,,0.0,
2019-01-22,131.0,44.36,0.0,,,0.0,
2019-01-23,99.0,44.62,0.0,,,0.0,
2019-01-24,109.0,52.33,0.0,,,0.0,
2019-01-25,129.0,37.73,0.0,,,0.0,
2019-01-26,89.0,43.55,0.0,,,0.0,
2019-01-27,89.0,46.7,0.0,,,0.0,
2019-01-28,118.0,56.01,0.0,,,0.0,
2019-01-29,130.0,47.51,0.0,,,0.0,
2019-01-30,115.0,42.38,0.0,,,0.0,
2019-01-31,100.0,35.72,0.0,,,0.0,
2019-02-01,102.0,51.65,0.0,,,0.0,
2019-02-02,138.0,60.0,0.0,,,0.0,
2019-02-03,159.0,67.4,0.0,,,0.0,
2019-02-04,182.0,58.23,0.0,,,0.0,
2019-02-05,151.0,59.43,0.0,,,0.0,
2019-02-06,151.0,54.13,0.0,,,0.0,
2019-02-07,130.0,52.17,0.0,,,0.0,
2019-02-08,127.0,50.76,0.0,,,0.0,
2019-02-09,115.0,48.6,0.0,,,0.0,
2019-02-10,128.0,52.06,0.0,,,0.0,
2019-02-11,115.0,45.82,0.0,,,0.0,
2019-02-12,107.0,47.75,0.0,,,0.0,
2019-02-13,108.0,45.85,0.0,,,0.0,
2019-02-14,97.0,42.63,0.0,,,0.0,
2019-02-15,115.0,51.51,0.0,,,0.0,
2019-02-16,98.0,39.78,0.0,,,0.0,
2019-02-17,102.0,48.23,0.0,,,0.0,
2019-02-18,112.0,43.89,0.0,,,0.0,
2019-02-19,130.0,54.38,0.0,,,0.0,
2019-02-20,124.0,54.54,0.0,,,0.0,
2019-02-21,130.0,54.38,0.0,,,0.0,
2019-02-22,100.0,41.39,0.0,,,0.0,
2019-02-23,93.0,35.97,0.0,,,0.0,
2019-02-24,113.0,41.39,0.0,,,0.0,
2019-02-25,105.0,42.61,0.0,,,0.0,
2019-02-26,107.0,39.97,0.0,,,0.0,
2019-02-27,85.0,42.89,0.0,,,0.0,
2019-02-28,100.0,38.31,0.0,,,0.0,
2019-03-01,104.0,42.41,0.0,,,0.0,
2019-03-02,103.0,43.88,0.0,,,0.0,
2019-03-03,100.0,42.81,0.0,,,0.0,
2019-03-04,107.0,47.99,0.0,,,0.0,
2019-03-05,102.0,36.58,0.0,,,0.0,
2019-03-06,89.0,38.07,0.0,,,0.0,
2019-03-07,112.0,40.68,0.0,,,0.0,
2019-03-08,98.0,38.52,0.0,,,0.0,
2019-03-09,102.0,42.31,0.0,,,0.0,
2019-03-10,111.0,36.68,0.0,,,0.0,
2019-03-11,96.0,41.91,0.0,,,0.0,
2019-03-12,111.0,48.61,0.0,,,0.0,
2019-03-13,105.0,46.44,0.0,,,0.0,
2019-03-14,108.0,42.19,0.0,,,0.0,
2019-03-15,90.0,34.03,0.0,,,0.0,
2019-03-16,92.0,32.24,0.0,,,0.0,
2019-03-17,109.0,33.98,0.0,,,0.0,
2019-03-18,109.0,35.79,0.0,,,0.0,
2019-03-19,107.0,36.6,0.0,,,0.0,
2019-03-20,101.0,39.76,0.0,,,0.0,
2019-03-21,121.0,48.81,0.0,,,0.0,
2019-03-22,101.0,35.71,0.0,,,0.0,
2019-03-23,90.0,34.26,0.0,,,0.0,
2019-03-24,101.0,39.05,0.0,,,0.0,
2019-03-25,112.0,39.88,0.0,,,0.0,
2019-03-26,101.0,36.97,0.0,,,0.0,
2019-03-27,110.0,42.6,0.0,,,0.0,
2019-03-28,128.0,46.27,0.0,,,0.0,
2019-03-29,142.0,49.69,0.0,,,0.0,
2019-03-30,132.0,45.29,0.0,,,0.0,
2019-03-31,116.0,46.08,0.0,,,0.0,
2019-04-01,109.0,41.4,0.0,,,0.0,
2019-04-02,109.0,40.71,0.0,,,0.0,
2019-04-03,125.0,44.59,0.0,,,0.0,
2019-04-04,128.0,44.88,0.0,,,0.0,
2019-04-05,144.0,48.68,0.0,,,0.0,
2019-04-06,137.0,38.72,0.0,,,0.0,
2019-04-07,132.0,47.59,0.0,,,0.0,
2019-04-08,457.0,92.68,0.0,,,0.0,
2019-04-09,199.0,55.19,0.0,,,0.0,
2019-04-10,140.0,54.01,0.0,,,0.0,
2019-04-11,138.0,53.6,0.0,,,0.0,
2019-04-12,258.0,72.04,0.0,,,0.0,
2019-04-13,194.0,52.49,0.0,,,0.0,
2019-04-14,121.0,47.63,0.0,,,0.0,
2019-04-15,124.0,55.41,0.0,,,0.0,
2019-04-16,164.0,44.23,0.0,,,0.0,
2019-04-17,82.0,25.64,0.0,,,0.0,
2019-04-18,86.0,28.96,0.0,,,0.0,
2019-04-19,102.0,36.19,0.0,,,0.0,
2019-04-20,122.0,35.66,0.0,,,0.0,
2019-04-21,124.0,41.23,0.0,,,0.0,
2019-04-22,119.0,49.55,0.0,,,0.0,
2019-04-23,154.0,61.69,0.0,,,0.0,
2019-04-24,157.0,56.24,0.0,,,0.0,
2019-04-25,135.0,58.99,0.0,,,0.0,
2019-04-26,181.0,76.51,0.0,,,0.0,
2019-04-27,151.0,53.95,0.0,,,0.0,
2019-04-28,142.0,62.44,0.0,,,0.0,
2019-04-29,143.0,64.2,0.0,,,0.0,
2019-04-30,153.0,59.3,0.0,,,0.0,
2019-05-01,156.0,62.23,0.0,,,0.0,
2019-05-02,166.0,73.33,0.0,,,0.0,
2019-05-03,149.0,58.09,0.0,,,0.0,
2019-05-04,124.0,50.37,0.0,,,0.0,
2019-05-05,117.0,48.16,0.0,,,0.0,
2019-05-06,138.0,52.53,0.0,,,0.0,
2019-05-07,134.0,60.4,0.0,,,0.0,
2019-05-08,183.0,90.69,0.0,,,0.0,
2019-05-09,218.0,92.16,0.0,,,0.0,
2019-05-10,156.0,54.87,0.0,,,0.0,
2019-05-11,138.0,57.35,0.0,,,0.0,
2019-05-12,206.0,72.52,0.0,,,0.0,
2019-05-13,121.0,47.42,0.0,,,0.0,
2019-05-14,100.0,47.02,0.0,,,0.0,
2019-05-15,184.0,108.94,0.0,,,0.0,
2019-05-16,343.0,84.33,0.0,,,0.0,
2019-05-17,199.0,78.42,0.0,,,0.0,
2019-05-18,169.0,41.98,0.0,,,0.0,
2019-05-19,104.0,41.69,0.0,,,0.0,
2019-05-20,107.0,46.85,0.0,,,0.0,
2019-05-21,105.0,44.41,0.0,,,0.0,
2019-05-22,105.0,42.93,0.0,,,0.0,
2019-05-23,96.0,39.78,0.0,,,0.0,
2019-05-24,97.0,48.64,0.0,,,0.0,
2019-05-25,120.0,44.0,0.0,,,0.0,
2019-05-26,98.0,39.45,0.0,,,0.0,
2019-05-27,111.0,47.64,0.0,,,0.0,
2019-05-28,134.0,44.35,0.0,,,0.0,
2019-05-29,109.0,48.91,0.0,,,0.0,
2019-05-30,103.0,49.88,0.0,,,0.0,
2019-05-31,117.0,53.88,0.0,,,0.0,
2019-06-01,116.0,56.82,0.0,,,0.0,
2019-06-02,121.0,50.89,0.0,,,0.0,
2019-06-03,148.0,63.32,0.0,,,0.0,
2019-06-04,166.0,68.86,0.0,,,0.0,
2019-06-05,175.0,65.03,0.0,,,0.0,
2019-06-06,145.0,57.23,0.0,,,0.0,
2019-06-07,158.0,72.96,0.0,,,0.0,
2019-06-08,154.0,58.91,0.0,,,0.0,
2019-06-09,137.0,52.86,0.0,,,0.0,
2019-06-10,135.0,60.95,0.0,,,0.0,
2019-06-11,125.0,47.08,0.0,,,0.0,
2019-06-12,95.0,40.69,0.0,,,0.0,
2019-06-13,85.0,26.57,0.0,,,0.0,
2019-06-14,88.0,38.09,0.0,,,0.0,
2019-06-15,100.0,44.52,0.0,,,0.0,
2019-06-16,85.0,39.03,0.0,,,0.0,
2019-06-17,101.0,44.82,0.0,,,0.0,
2019-06-18,101.0,27.33,0.0,,,0.0,
2019-06-19,88.0,21.31,0.0,,,0.0,
2019-06-20,78.0,28.24,0.0,,,0.0,
2019-06-21,91.0,38.46,0.0,,,0.0,
2019-06-22,123.0,48.53,0.0,,,0.0,
2019-06-23,135.0,42.39,0.0,,,0.0,
2019-06-24,100.0,28.09,0.0,,,0.0,
2019-06-25,100.0,35.62,0.0,,,0.0,
2019-06-26,102.0,40.64,0.0,,,0.0,
2019-06-27,172.0,76.2,0.0,,,0.0,
2019-06-28,168.0,48.84,0.0,,,0.0,
2019-06-29,109.0,37.33,0.0,,,0.0,
2019-06-30,98.0,41.72,0.0,,,0.0,
2019-07-01,102.0,34.07,0.0,,,0.0,
2019-07-02,104.0,41.85,0.0,,,0.0,
2019-07-03,107.0,44.32,0.0,,,0.0,
2019-07-04,87.0,33.27,0.0,,,0.0,
2019-07-05,69.0,30.64,0.0,,,0.0,
2019-07-06,79.0,30.69,0.0,,,0.0,
2019-07-07,66.0,29.18,0.0,,,0.0,
2019-07-08,83.0,38.76,0.0,,,0.0,
2019-07-09,104.0,48.45,0.0,,,0.0,
2019-07-10,109.0,45.66,0.0,,,0.0,
2019-07-11,120.0,46.92,0.0,,,0.0,
2019-07-12,103.0,41.91,0.0,,,0.0,
2019-07-13,95.0,41.74,0.0,,,0.0,
2019-07-14,96.0,41.8,0.0,,,0.0,
2019-07-15,96.0,47.34,0.0,,,0.0,
2019-07-16,119.0,52.69,0.0,,,0.0,
2019-07-17,103.0,46.04,0.0,,,0.0,
2019-07-18,98.0,40.92,0.0,,,0.0,
2019-07-19,68.0,34.56,0.0,,,0.0,
2019-07-20,81.0,39.77,0.0,,,0.0,
2019-07-21,81.0,37.12,0.0,,,0.0,
2019-07-22,80.0,32.6,0.0,,,0.0,
2019-07-23,71.0,33.02,0.0,,,0.0,
2019-07-24,67.0,28.53,0.0,,,0.0,
2019-07-25,61.0,21.37,0.0,,,0.0,
2019-07-26,62.0,23.7,0.0,,,0.0,
2019-07-27,73.0,28.4,0.0,,,0.0,
2019-07-28,58.0,21.79,0.0,,,0.0,
2019-07-29,59.0,16.61,0.0,,,0.0,
2019-07-30,56.0,18.98,0.0,,,0.0,
2019-07-31,72.0,24.33,0.0,,,0.0,
2019-08-01,66.0,27.44,0.0,,,0.0,
2019-08-02,56.0,20.99,0.0,,,0.0,
2019-08-03,62.0,26.51,0.0,,,0.0,
2019-08-04,54.0,23.6,0.0,,,0.0,
2019-08-05,74.0,34.83,0.0,,,0.0,
2019-08-06,66.0,23.5,0.0,,,0.0,
2019-08-07,71.0,25.15,0.0,,,0.0,
2019-08-08,67.0,24.36,0.0,,,0.0,
2019-08-09,54.0,21.1,0.0,,,0.0,
2019-08-10,48.0,16.14,0.0,,,0.0,
2019-08-11,51.0,14.15,0.0,,,0.0,
2019-08-12,62.0,24.43,0.0,,,0.0,
2019-08-13,74.0,38.82,0.0,,,0.0,
2019-08-14,79.0,30.54,0.0,,,0.0,
2019-08-15,71.0,27.07,0.0,,,0.0,
2019-08-16,49.0,18.96,0.0,,,0.0,
2019-08-17,55.0,16.54,0.0,,,0.0,
2019-08-18,55.0,22.73,0.0,,,0.0,
2019-08-19,70.0,30.21,0.0,,,0.0,
2019-08-20,81.0,32.54,0.0,,,0.0,
2019-08-21,83.0,29.51,0.0,,,0.0,
2019-08-22,71.0,33.85,0.0,,,0.0,
2019-08-23,76.0,32.74,0.0,,,0.0,
2019-08-24,66.0,34.66,0.0,,,0.0,
2019-08-25,71.0,36.69,0.0,,,0.0,
2019-08-26,61.0,19.12,0.0,,,0.0,
2019-08-27,65.0,27.19,0.0,,,0.0,
2019-08-28,73.0,26.9,0.0,,,0.0,
2019-08-29,68.0,27.03,0.0,,,0.0,
2019-08-30,73.0,25.61,0.0,,,0.0,
2019-08-31,69.0,27.44,0.0,,,0.0,
2019-09-01,75.0,29.95,0.0,,,0.0,
2019-09-02,64.0,31.39,0.0,,,0.0,
2019-09-03,86.0,44.03,0.0,,,0.0,
2019-09-04,83.0,34.58,0.0,,,0.0,
2019-09-05,76.0,36.95,0.0,,,0.0,
2019-09-06,75.0,33.45,0.0,,,0.0,
2019-09-07,74.0,27.09,0.0,,,0.0,
2019-09-08,72.0,26.14,0.0,,,0.0,
2019-09-09,75.0,34.8,0.0,,,0.0,
2019-09-10,108.0,56.74,0.0,,,0.0,
2019-09-11,103.0,47.43,0.0,,,0.0,
2019-09-12,91.0,33.88,0.0,,,0.0,
2019-09-13,83.0,37.92,0.0,,,0.0,
2019-09-14,71.0,27.82,0.0,,,0.0,
2019-09-15,67.0,28.04,0.0,,,0.0,
2019-09-16,80.0,36.65,0.0,,,0.0,
2019-09-17,88.0,44.2,0.0,,,0.0,
2019-09-18,89.0,34.48,0.0,,,0.0,
2019-09-19,81.0,31.61,0.0,,,0.0,
2019-09-20,64.0,23.04,0.0,,,0.0,
2019-09-21,59.0,26.26,0.0,,,0.0,
2019-09-22,54.0,16.72,0.0,,,0.0,
2019-09-23,57.0,21.94,0.0,,,0.0,
2019-09-24,126.0,24.8,0.0,,,0.0,
2019-09-25,78.0,27.05,0.0,,,0.0,
2019-09-26,55.0,23.12,0.0,,,0.0,
2019-09-27,53.0,18.11,0.0,,,0.0,
2019-09-28,54.0,17.51,0.0,,,0.0,
2019-09-29,66.0,25.74,0.0,,,0.0,
2019-09-30,83.0,31.01,0.0,,,0.0,
2019-10-01,80.0,29.93,0.0,,,0.0,
2019-10-02,81.0,30.87,0.0,,,0.0,
2019-10-03,95.0,39.35,0.0,,,0.0,
2019-10-04,95.0,35.31,0.0,,,0.0,
2019-10-05,78.0,38.07,0.0,,,0.0,
2019-10-06,88.0,43.01,0.0,,,0.0,
2019-10-07,106.0,51.77,0.0,,,0.0,
2019-10-08,105.0,43.48,0.0,,,0.0,
2019-10-09,108.0,42.7,0.0,,,0.0,
2019-10-10,104.0,39.96,0.0,,,0.0,
2019-10-11,104.0,48.35,0.0,,,0.0,
2019-10-12,106.0,49.71,0.0,,,0.0,
2019-10-13,125.0,53.72,0.0,,,0.0,
2019-10-14,128.0,57.76,0.0,,,0.0,
2019-10-15,136.0,64.81,0.0,,,0.0,
2019-10-16,136.0,54.17,0.0,,,0.0,
2019-10-17,127.0,56.0,0.0,,,0.0,
2019-10-18,123.0,54.41,0.0,,,0.0,
2019-10-19,109.0,46.17,0.0,,,0.0,
2019-10-20,120.0,54.76,0.0,,,0.0,
2019-10-21,143.0,58.89,0.0,,,0.0,
2019-10-22,149.0,67.33,0.0,,,0.0,
2019-10-23,193.0,73.4,0.0,,,0.0,
2019-10-24,145.0,59.09,0.0,,,0.0,
2019-10-25,163.0,77.5,0.0,,,0.0,
2019-10-26,170.0,64.51,0.0,,,0.0,
2019-10-27,144.0,87.77,0.0,,,0.0,
2019-10-28,355.0,219.73,0.0,,,0.0,
2019-10-29,310.0,141.99,0.0,,,0.0,
2019-10-30,203.0,67.16,0.0,,,0.0,
2019-10-31,143.0,61.65,0.0,,,0.0,
2019-11-01,132.0,48.1,0.0,,,0.0,
2019-11-02,171.0,104.62,0.0,,,0.0,
2019-11-03,247.0,90.16,0.0,,,0.0,
2019-11-04,191.0,60.87,0.0,,,0.0,
2019-11-05,154.0,73.22,0.0,,,0.0,
2019-11-06,139.0,49.36,0.0,,,0.0,
2019-11-07,101.0,43.43,0.0,,,0.0,
2019-11-08,162.0,88.44,0.0,,,0.0,
2019-11-09,220.0,83.04,0.0,,,0.0,
2019-11-10,188.0,76.91,0.0,,,0.0,
2019-11-11,192.0,82.58,0.0,,,0.0,
2019-11-12,209.0,92.89,0.0,,,0.0,
2019-11-13,250.0,127.34,0.0,,,0.0,
2019-11-14,277.0,131.2,0.0,,,0.0,
2019-11-15,248.0,72.25,0.0,,,0.0,
2019-11-16,167.0,78.29,0.0,,,0.0,
2019-11-17,123.0,38.6,0.0,,,0.0,
2019-11-18,104.0,47.08,0.0,,,0.0,
2019-11-19,96.0,36.25,0.0,,,0.0,
2019-11-20,115.0,43.07,0.0,,,0.0,
2019-11-21,120.0,51.49,0.0,,,0.0,
2019-11-22,130.0,68.84,0.0,,,0.0,
2019-11-23,176.0,73.61,0.0,,,0.0,
2019-11-24,145.0,67.26,0.0,,,0.0,
2019-11-25,165.0,68.62,0.0,,,0.0,
2019-11-26,124.0,47.55,0.0,,,0.0,
2019-11-27,109.0,52.64,0.0,,,0.0,
2019-11-28,175.0,91.33,0.0,,,0.0,
2019-11-29,148.0,54.61,0.0,,,0.0,
2019-11-30,118.0,51.18,0.0,,,0.0,
2019-12-01,119.0,52.02,0.0,,,0.0,
2019-12-02,120.0,42.73,0.0,,,0.0,
2019-12-03,120.0,50.78,0.0,,,0.0,
2019-12-04,134.0,52.85,0.0,,,0.0,
2019-12-05,123.0,52.63,0.0,,,0.0,
2019-12-06,138.0,73.44,0.0,,,0.0,
2019-12-07,189.0,73.42,0.0,,,0.0,
2019-12-08,140.0,53.69,0.0,,,0.0,
2019-12-09,127.0,56.61,0.0,,,0.0,
2019-12-10,164.0,70.48,0.0,,,0.0,
2019-12-11,172.0,73.27,0.0,,,0.0,
2019-12-12,162.0,67.04,0.0,,,0.0,
2019-12-13,141.0,53.64,0.0,,,0.0,
2019-12-14,86.0,33.21,0.0,,,0.0,
2019-12-15,86.0,42.15,0.0,,,0.0,
2019-12-16,85.0,41.92,0.0,,,0.0,
2019-12-17,89.0,47.55,0.0,,,0.0,
2019-12-18,136.0,67.99,0.0,,,0.0,
2019-12-19,118.0,47.92,0.0,,,0.0,
2019-12-20,118.0,59.26,0.0,,,0.0,
2019-12-21,129.0,52.95,0.0,,,0.0,
2019-12-22,100.0,29.05,0.0,,,0.0,
2019-12-23,101.0,37.53,0.0,,,0.0,
2019-12-24,108.0,43.69,0.0,,,0.0,
2019-12-25,110.0,43.58,0.0,,,0.0,
2019-12-26,124.0,54.28,0.0,,,0.0,
2019-12-27,145.0,55.55,0.0,,,0.0,
2019-12-28,144.0,64.59,0.0,,,0.0,
2019-12-29,146.0,71.03,0.0,,,0.0,
2019-12-30,182.0,80.04,0.0,,,0.0,
2019-12-31,174.0,69.91,0.0,,,0.0,
2020-01-01,154.0,68.61,0.0,,,0.0,
2020-01-02,153.0,48.02,0.0,,,0.0,
2020-01-03,108.0,47.44,0.0,,,0.0,
2020-01-04,111.0,52.46,0.0,,,0.0,
2020-01-05,138.0,66.18,0.0,,,0.0,
2020-01-06,129.0,55.07,0.0,,,0.0,
2020-01-07,106.0,46.61,0.0,,,0.0,
2020-01-08,113.0,54.75,0.0,,,0.0,
2020-01-09,92.0,31.13,0.0,,,0.0,
2020-01-10,90.0,39.21,0.0,,,0.0,
2020-01-11,112.0,46.14,0.0,,,0.0,
2020-01-12,121.0,49.42,0.0,,,0.0,
2020-01-13,126.0,48.46,0.0,,,0.0,
2020-01-14,108.0,34.99,0.0,,,0.0,
2020-01-15,100.0,43.5,0.0,,,0.0,
2020-01-16,92.0,43.27,0.0,,,0.0,
2020-01-17,99.0,49.19,0.0,,,0.0,
2020-01-18,116.0,47.61,0.0,,,0.0,
2020-01-19,114.0,58.77,0.0,,,0.0,
2020-01-20,136.0,60.37,0.0,,,0.0,
2020-01-21,108.0,47.88,0.0,,,0.0,
2020-01-22,106.0,52.59,0.0,,,0.0,
2020-01-23,97.0,35.76,0.0,,,0.0,
2020-01-24,106.0,42.58,0.0,,,0.0,
2020-01-25,114.0,51.8,0.0,,,0.0,
2020-01-26,159.0,62.6,0.0,,,0.0,
2020-01-27,115.0,31.85,0.0,,,0.0,
2020-01-28,94.0,41.35,0.0,,,0.0,
2020-01-29,91.0,28.2,0.0,,,0.0,
2020-01-30,88.0,34.78,0.0,,,0.0,
2020-01-31,90.0,39.16,0.0,,,0.0,
2020-02-01,104.0,48.24,0.0,,,0.0,
2020-02-02,109.0,51.08,0.0,,,0.0,
2020-02-03,116.0,47.03,0.0,,,0.0,
2020-02-04,108.0,50.51,0.0,,,0.0,
2020-02-05,106.0,50.79,0.0,,,0.0,
2020-02-06,117.0,55.6,0.0,,,0.0,
2020-02-07,114.0,50.77,0.0,,,0.0,
2020-02-08,110.0,46.02,0.0,,,0.0,
2020-02-09,111.0,59.48,0.0,,,0.0,
2020-02-10,150.0,65.67,0.0,,,0.0,
2020-02-11,132.0,60.95,0.0,,,0.0,
2020-02-12,150.0,64.04,0.0,,,0.0,
2020-02-13,163.0,72.87,0.0,,,0.0,
2020-02-14,147.0,59.62,0.0,,,0.0,
2020-02-15,134.0,50.97,0.0,,,0.0,
2020-02-16,133.0,49.83,0.0,,,0.0,
2020-02-17,159.0,65.69,0.0,,,0.0,
2020-02-18,160.0,61.27,0.0,,,0.0,
2020-02-19,179.0,66.08,0.0,,,0.0,
2020-02-20,104.0,46.11,0.0,,,0.0,
2020-02-21,132.0,66.72,0.0,,,0.0,
2020-02-22,106.0,49.79,0.0,,,0.0,
2020-02-23,107.0,51.39,0.0,,,0.0,
2020-02-24,102.0,50.4,0.0,,,0.0,
2020-02-25,127.0,60.53,0.0,,,0.0,
2020-02-26,115.0,48.24,0.0,,,0.0,
2020-02-27,111.0,50.09,0.0,,,0.0,
2020-02-28,116.0,53.32,0.0,,,0.0,
2020-02-29,110.0,48.52,0.0,,,0.0,
2020-03-01,113.0,29.03,0.0,,,0.0,
2020-03-02,95.0,35.93,0.0,,,0.0,
2020-03-03,115.0,49.42,0.0,,,0.0,
2020-03-04,117.0,44.52,0.0,,,0.0,
2020-03-05,88.0,29.46,0.0,,,0.0,
2020-03-06,83.0,28.6,0.0,,,0.0,
2020-03-07,88.0,31.86,0.0,,,0.0,
2020-03-08,92.0,27.29,0.0,,,0.0,
2020-03-09,100.0,30.17,0.0,,,0.0,
2020-03-10,96.0,30.88,0.0,,,0.0,
2020-03-11,90.0,30.18,0.0,,,0.0,
2020-03-12,104.0,43.86,0.0,,,0.0,
2020-03-13,144.0,78.24,0.0,,,0.0,
2020-03-14,199.0,60.0,0.0,,,0.0,
2020-03-15,132.0,44.49,0.0,,,0.0,
2020-03-16,127.0,45.38,0.0,,,0.0,
2020-03-17,133.0,43.23,0.0,,,0.0,
2020-03-18,123.0,43.92,0.0,,,0.0,
2020-03-19,122.0,46.94,0.0,,,0.0,
2020-03-20,116.0,47.44,0.0,,,0.0,
2020-03-21,108.0,31.9,0.0,,,0.0,
2020-03-22,100.0,32.69,0.0,,,0.0,
2020-03-23,90.0,36.05,0.0,,,0.0,
2020-03-24,92.0,34.35,0.0,,,0.0,
2020-03-25,73.0,26.0,0.0,,,0.0,
2020-03-26,57.0,14.28,0.0,,,0.0,
2020-03-27,52.0,9.12,0.0,,,0.0,
2020-03-28,67.0,10.59,0.0,,,0.0,
2020-03-29,71.0,12.92,0.0,,,0.0,
2020-03-30,72.0,13.71,0.0,,,0.0,
2020-03-31,70.0,21.58,0.0,,,0.0,
2020-04-01,79.0,27.53,0.0,,,0.0,
2020-04-02,71.0,21.65,0.0,,,0.0,
2020-04-03,74.0,18.43,0.0,,,0.0,
2020-04-04,76.0,19.85,0.0,,,0.0,
2020-04-05,79.0,24.93,0.0,,,0.0,
2020-04-06,79.0,31.2,0.0,,,0.0,
2020-04-07,80.0,26.38,0.0,,,0.0,
2020-04-08,78.0,20.07,0.0,,,0.0,
2020-04-09,78.0,22.06,0.0,,,0.0,
2020-04-10,76.0,24.47,0.0,,,0.0,
2020-04-11,79.0,30.99,0.0,,,0.0,
2020-04-12,86.0,28.61,0.0,,,0.0,
2020-04-13,83.0,33.95,0.0,,,0.0,
2020-04-14,113.0,42.11,0.0,,,0.0,
2020-04-15,100.0,32.07,0.0,,,0.0,
2020-04-16,93.0,26.89,0.0,,,0.0,
2020-04-17,120.0,47.5,0.0,,,0.0,
2020-04-18,125.0,49.37,0.0,,,0.0,
2020-04-19,110.0,33.63,0.0,,,0.0,
2020-04-20,76.0,26.15,0.0,,,0.0,
2020-04-21,77.0,16.38,0.0,,,0.0,
2020-04-22,85.0,20.81,0.0,,,0.0,
2020-04-23,78.0,23.28,0.0,,,0.0,
2020-04-24,68.0,23.18,0.0,,,0.0,
2020-04-25,69.0,26.18,0.0,,,0.0,
2020-04-26,85.0,30.22,0.0,,,0.0,
2020-04-27,74.0,22.23,0.0,,,0.0,
2020-04-28,79.0,25.22,0.0,,,0.0,
2020-04-29,84.0,32.26,0.0,,,0.0,
2020-04-30,132.0,51.34,0.0,,,0.0,
2020-05-01,119.0,36.28,0.0,,,0.0,
2020-05-02,100.0,37.27,0.0,,,0.0,
2020-05-03,107.0,42.37,0.0,,,0.0,
2020-05-04,85.0,21.56,0.0,,,0.0,
2020-05-05,82.0,22.36,0.0,,,0.0,
2020-05-06,75.0,25.89,0.0,,,0.0,
2020-05-07,81.0,24.88,0.0,,,0.0,
2020-05-08,89.0,32.87,0.0,,,0.0,
2020-05-09,112.0,45.16,0.0,,,0.0,
2020-05-10,110.0,47.55,0.0,,,0.0,
2020-05-11,125.0,31.29,0.0,,,0.0,
2020-05-12,91.0,23.63,0.0,,,0.0,
2020-05-13,132.0,66.4,0.0,,,0.0,
2020-05-14,124.0,35.15,0.0,,,0.0,
2020-05-15,100.0,44.78,0.0,,,0.0,
2020-05-16,116.0,35.33,0.0,,,0.0,
2020-05-17,106.0,36.12,0.0,,,0.0,
2020-05-18,121.0,47.73,0.0,,,0.0,
2020-05-19,136.0,50.93,0.0,,,0.0,
2020-05-20,127.0,45.31,0.0,,,0.0,
2020-05-21,110.0,43.03,0.0,,,0.0,
2020-05-22,119.0,51.18,0.0,,,0.0,
2020-05-23,143.0,54.27,0.0,,,0.0,
2020-05-24,140.0,55.99,0.0,,,0.0,
2020-05-25,124.0,46.96,0.0,,,0.0,
2020-05-26,119.0,48.1,0.0,,,0.0,
2020-05-27,126.0,48.33,0.0,,,0.0,
2020-05-28,145.0,61.57,0.0,,,0.0,
2020-05-29,150.0,49.62,0.0,,,0.0,
2020-05-30,115.0,33.9,0.0,,,0.0,
2020-05-31,82.0,28.51,0.0,,,0.0,
2020-06-01,93.0,22.58,0.0,,,0.0,
2020-06-02,106.0,29.66,0.0,,,0.0,
2020-06-03,94.0,31.13,0.0,,,0.0,
2020-06-04,84.0,29.78,0.0,,,0.0,
2020-06-05,89.0,21.7,0.0,,,0.0,
2020-06-06,84.0,28.32,0.0,,,0.0,
2020-06-07,80.0,29.8,0.0,,,0.0,
2020-06-08,79.0,31.64,0.0,,,0.0,
2020-06-09,90.0,35.26,0.0,,,0.0,
2020-06-10,85.0,36.6,0.0,,,0.0,
2020-06-11,92.0,33.19,0.0,,,0.0,
2020-06-12,103.0,37.85,0.0,,,0.0,
2020-06-13,108.0,43.7,0.0,,,0.0,
2020-06-14,96.0,37.85,0.0,,,0.0,
2020-06-15,97.0,32.72,0.0,,,0.0,
2020-06-16,108.0,44.22,0.0,,,0.0,
2020-06-17,108.0,44.53,0.0,,,0.0,
2020-06-18,110.0,51.98,0.0,,,0.0,
2020-06-19,108.0,44.05,0.0,,,0.0,
2020-06-20,121.0,49.29,0.0,,,0.0,
2020-06-21,96.0,44.14,0.0,,,0.0,
2020-06-22,80.0,34.32,0.0,,,0.0,
2020-06-23,80.0,28.29,0.0,,,0.0,
2020-06-24,72.0,24.06,0.0,,,0.0,
2020-06-25,76.0,64.47,0.0,,,0.0,
2020-06-26,172.0,35.81,0.0,,,0.0,
2020-06-27,89.0,28.33,0.0,,,0.0,
2020-06-28,75.0,23.76,0.0,,,0.0,
2020-06-29,69.0,30.58,0.0,,,0.0,
2020-06-30,79.0,30.03,0.0,,,0.0,
2020-07-01,70.0,58.79,0.0,,,0.0,
2017-04-21,148.0,,0.0,,,0.0,
2017-04-22,135.0,,0.0,,,0.0,
2017-04-23,107.0,,0.0,,,0.0,
2017-04-24,124.0,,0.0,,,0.0,
2017-04-25,156.0,,0.0,,,0.0,
2017-04-26,211.0,,0.0,,,0.0,
2017-04-27,247.0,,0.0,,,0.0,
2017-04-28,161.0,,0.0,,,0.0,
2017-04-29,157.0,,0.0,,,0.0,
2017-04-30,120.0,,0.0,,,0.0,
2017-05-01,101.0,,0.0,,,0.0,
2017-05-03,91.0,,0.0,,,0.0,
2017-05-04,96.0,,0.0,,,0.0,
2017-05-05,121.0,,0.0,,,0.0,
2017-05-06,137.0,,0.0,,,0.0,
2017-05-07,120.0,,0.0,,,0.0,
2017-05-08,103.0,,0.0,,,0.0,
2017-05-09,113.0,,0.0,,,0.0,
2017-05-10,130.0,,0.0,,,0.0,
2017-05-11,136.0,,0.0,,,0.0,
2017-05-12,100.0,,0.0,,,0.0,
2017-05-13,139.0,,0.0,,,0.0,
2017-05-14,176.0,,0.0,,,0.0,
2017-05-15,152.0,,0.0,,,0.0,
2017-05-16,114.0,,0.0,,,0.0,
2017-05-17,110.0,,0.0,,,0.0,
2017-05-18,112.0,,0.0,,,0.0,
2017-05-19,106.0,,0.0,,,0.0,
2017-05-20,100.0,,0.0,,,0.0,
2017-05-21,105.0,,0.0,,,0.0,
2017-05-22,130.0,,0.0,,,0.0,
2017-05-23,131.0,,0.0,,,0.0,
2017-05-24,149.0,,0.0,,,0.0,
2017-05-25,146.0,,0.0,,,0.0,
2017-05-26,117.0,,0.0,,,0.0,
2017-05-27,93.0,,0.0,,,0.0,
2017-05-28,94.0,,0.0,,,0.0,
2017-05-29,84.0,,0.0,,,0.0,
2017-05-30,110.0,,0.0,,,0.0,
2017-05-31,116.0,,0.0,,,0.0,
2017-06-01,109.0,,0.0,,,0.0,
2017-06-02,119.0,,0.0,,,0.0,
2017-06-03,155.0,,0.0,,,0.0,
2017-06-04,160.0,,0.0,,,0.0,
2017-06-05,133.0,,0.0,,,0.0,
2017-06-06,126.0,,0.0,,,0.0,
2017-06-07,123.0,,0.0,,,0.0,
2017-06-08,147.0,,0.0,,,0.0,
2017-06-09,125.0,,0.0,,,0.0,
2017-06-10,100.0,,0.0,,,0.0,
2017-06-11,104.0,,0.0,,,0.0,
2017-06-12,98.0,,0.0,,,0.0,
2017-06-13,100.0,,0.0,,,0.0,
2017-06-14,149.0,,0.0,,,0.0,
2017-06-15,124.0,,0.0,,,0.0,
2017-06-16,101.0,,0.0,,,0.0,
2017-06-17,104.0,,0.0,,,0.0,
2017-06-18,153.0,,0.0,,,0.0,
2017-06-19,124.0,,0.0,,,0.0,
2017-06-20,82.0,,0.0,,,0.0,
2017-06-21,53.0,,0.0,,,0.0,
2017-06-22,71.0,,0.0,,,0.0,
2017-06-23,135.0,,0.0,,,0.0,
2017-06-24,119.0,,0.0,,,0.0,
2017-07-20,50.0,,0.0,,,0.0,
2017-07-21,54.0,,0.0,,,0.0,
2017-07-24,31.0,,0.0,,,0.0,
2017-07-25,34.0,,0.0,,,0.0,
2017-07-26,35.0,,0.0,,,0.0,
2017-08-02,71.0,,0.0,,,0.0,
2017-08-17,78.0,,0.0,,,0.0,
2017-08-18,85.0,,0.0,,,0.0,
2017-12-21,158.0,,0.0,,,0.0,
2017-12-22,118.0,,0.0,,,0.0,
2017-12-23,142.0,,0.0,,,0.0,
2017-12-24,165.0,,0.0,,,0.0,
2017-12-27,132.0,,0.0,,,0.0,
2017-12-28,128.0,,0.0,,,0.0,
2017-12-29,194.0,,0.0,,,0.0,
2017-12-30,237.0,,0.0,,,0.0,
2017-12-31,192.0,,0.0,,,0.0,
2018-01-03,102.0,,0.0,,,0.0,
2018-01-04,119.0,,0.0,,,0.0,
2018-01-05,176.0,,0.0,,,0.0,
2018-01-11,128.0,,0.0,,,0.0,
2018-01-12,229.0,,0.0,,,0.0,
2018-01-13,156.0,,0.0,,,0.0,
2018-01-14,163.0,,0.0,,,0.0,
2018-01-15,136.0,,0.0,,,0.0,
2018-01-16,152.0,,0.0,,,0.0,
2018-01-17,184.0,,0.0,,,0.0,
2018-01-18,159.0,,0.0,,,0.0,
2018-01-19,160.0,,0.0,,,0.0,
2018-01-20,153.0,,0.0,,,0.0,
2018-01-21,119.0,,0.0,,,0.0,
2018-01-22,176.0,,0.0,,,0.0,
2018-01-23,146.0,,0.0,,,0.0,
2018-01-24,209.0,,0.0,,,0.0,
2018-01-25,114.0,,0.0,,,0.0,
2018-01-26,113.0,,0.0,,,0.0,
2018-01-27,114.0,,0.0,,,0.0,
2018-01-28,109.0,,0.0,,,0.0,
2018-01-29,154.0,,0.0,,,0.0,
2018-01-30,122.0,,0.0,,,0.0,
2018-01-31,134.0,,0.0,,,0.0,
2018-02-01,125.0,,0.0,,,0.0,
2018-02-02,139.0,,0.0,,,0.0,
2018-02-03,178.0,,0.0,,,0.0,
2018-02-04,205.0,,0.0,,,0.0,
2018-02-05,221.0,,0.0,,,0.0,
2018-02-06,229.0,,0.0,,,0.0,
2018-02-07,161.0,,0.0,,,0.0,
2018-02-08,180.0,,0.0,,,0.0,
2018-02-09,145.0,,0.0,,,0.0,
2018-02-10,294.0,,0.0,,,0.0,
2018-02-11,167.0,,0.0,,,0.0,
2018-02-13,135.0,,0.0,,,0.0,
2018-02-14,90.0,,0.0,,,0.0,
2018-02-15,71.0,,0.0,,,0.0,
2018-02-16,119.0,,0.0,,,0.0,
2018-02-17,225.0,,0.0,,,0.0,
2018-02-20,170.0,,0.0,,,0.0,
2018-02-21,140.0,,0.0,,,0.0,
2018-02-22,129.0,,0.0,,,0.0,
2018-02-23,144.0,,0.0,,,0.0,
2018-02-24,137.0,,0.0,,,0.0,
2018-02-25,184.0,,0.0,,,0.0,
2018-02-26,172.0,,0.0,,,0.0,
2018-02-27,131.0,,0.0,,,0.0,
2018-02-28,110.0,,0.0,,,0.0,
2018-03-01,143.0,,0.0,,,0.0,
2018-03-02,174.0,,0.0,,,0.0,
2018-03-03,106.0,,0.0,,,0.0,
2018-03-04,144.0,,0.0,,,0.0,
2018-03-05,180.0,,0.0,,,0.0,
2018-03-06,142.0,,0.0,,,0.0,
2018-03-07,130.0,,0.0,,,0.0,
2018-03-08,177.0,,0.0,,,0.0,
2018-03-09,167.0,,0.0,,,0.0,
2018-03-10,119.0,,0.0,,,0.0,
2018-03-11,124.0,,0.0,,,0.0,
2018-03-12,151.0,,0.0,,,0.0,
2018-03-13,159.0,,0.0,,,0.0,
2018-03-14,126.0,,0.0,,,0.0,
2018-03-15,134.0,,0.0,,,0.0,
2018-03-16,152.0,,0.0,,,0.0,
2018-03-17,151.0,,0.0,,,0.0,
2018-03-18,114.0,,0.0,,,0.0,
2018-03-19,136.0,,0.0,,,0.0,
2018-03-20,161.0,,0.0,,,0.0,
2018-03-21,214.0,,0.0,,,0.0,
2018-03-22,264.0,,0.0,,,0.0,
2018-03-23,265.0,,0.0,,,0.0,
2018-03-24,197.0,,0.0,,,0.0,
2018-03-25,148.0,,0.0,,,0.0,
2018-04-13,88.0,,0.0,,,0.0,
2018-04-20,124.0,,0.0,,,0.0,
2018-04-21,90.0,,0.0,,,0.0,
2018-04-24,120.0,,0.0,,,0.0,
2018-04-25,128.0,,0.0,,,0.0,
2018-06-03,94.0,,0.0,,,0.0,
2018-06-04,116.0,,0.0,,,0.0,
2018-06-05,143.0,,0.0,,,0.0,
2018-06-06,134.0,,0.0,,,0.0,
2018-06-07,161.0,,0.0,,,0.0,
2018-06-08,134.0,,0.0,,,0.0,
2018-06-09,98.0,,0.0,,,0.0,
2018-07-04,71.0,,0.0,,,0.0,
2018-07-05,53.0,,0.0,,,0.0,
2018-07-06,111.0,,0.0,,,0.0,
2018-07-07,123.0,,0.0,,,0.0,
2018-07-08,104.0,,0.0,,,0.0,
2018-07-09,89.0,,0.0,,,0.0,
2018-07-10,85.0,,0.0,,,0.0,
2018-07-11,92.0,,0.0,,,0.0,
2018-07-12,102.0,,0.0,,,0.0,
2018-07-13,94.0,,0.0,,,0.0,
2018-07-14,77.0,,0.0,,,0.0,
2018-07-15,70.0,,0.0,,,0.0,
2018-07-16,65.0,,0.0,,,0.0,
2018-07-17,66.0,,0.0,,,0.0,
2018-07-18,82.0,,0.0,,,0.0,
2018-07-19,95.0,,0.0,,,0.0,
2018-07-20,117.0,,0.0,,,0.0,
2018-07-21,89.0,,0.0,,,0.0,
2018-07-22,55.0,,0.0,,,0.0,
2018-07-23,65.0,,0.0,,,0.0,
2018-07-24,72.0,,0.0,,,0.0,
2018-07-25,80.0,,0.0,,,0.0,
2018-07-26,106.0,,0.0,,,0.0,
2018-07-27,81.0,,0.0,,,0.0,
2018-07-28,76.0,,0.0,,,0.0,
2018-07-29,100.0,,0.0,,,0.0,
2018-07-31,112.0,,0.0,,,0.0,
2018-08-01,83.0,,0.0,,,0.0,
2018-08-02,86.0,,0.0,,,0.0,
2018-08-03,70.0,,0.0,,,0.0,
2018-08-04,108.0,,0.0,,,0.0,
2018-08-05,132.0,,0.0,,,0.0,
2018-08-06,151.0,,0.0,,,0.0,
2018-08-07,113.0,,0.0,,,0.0,
2018-08-08,118.0,,0.0,,,0.0,
2018-08-09,107.0,,0.0,,,0.0,
2018-08-10,111.0,,0.0,,,0.0,
2018-08-11,110.0,,0.0,,,0.0,
2018-08-12,110.0,,0.0,,,0.0,
2018-08-13,114.0,,0.0,,,0.0,
2018-08-14,126.0,,0.0,,,0.0,
2018-08-15,120.0,,0.0,,,0.0,
2018-08-16,93.0,,0.0,,,0.0,
2018-08-17,102.0,,0.0,,,0.0,
2018-08-18,134.0,,0.0,,,0.0,
2018-08-19,159.0,,0.0,,,0.0,
2018-08-20,140.0,,0.0,,,0.0,
2018-08-21,204.0,,0.0,,,0.0,
2018-08-22,103.0,,0.0,,,0.0,
2018-08-23,112.0,,0.0,,,0.0,
2018-08-24,121.0,,0.0,,,0.0,
2018-08-25,134.0,,0.0,,,0.0,
2018-08-26,146.0,,0.0,,,0.0,
2018-08-27,105.0,,0.0,,,0.0,
2018-08-28,125.0,,0.0,,,0.0,
2018-08-29,106.0,,0.0,,,0.0,
2018-08-30,110.0,,0.0,,,0.0,
2018-08-31,132.0,,0.0,,,0.0,
2018-09-01,148.0,,0.0,,,0.0,
2018-09-02,117.0,,0.0,,,0.0,
2018-09-03,74.0,,0.0,,,0.0,
2018-09-04,82.0,,0.0,,,0.0,
2018-09-05,105.0,,0.0,,,0.0,
2018-09-06,83.0,,0.0,,,0.0,
2018-09-07,69.0,,0.0,,,0.0,
2018-09-08,78.0,,0.0,,,0.0,
2018-10-04,221.0,,0.0,,,0.0,
2018-10-05,277.0,,0.0,,,0.0,
2018-10-06,292.0,,0.0,,,0.0,
2018-10-07,244.0,,0.0,,,0.0,
2018-10-09,307.0,,0.0,,,0.0,
2018-10-10,352.0,,0.0,,,0.0,
2018-10-11,173.0,,0.0,,,0.0,
2018-10-12,107.0,,0.0,,,0.0,
2018-10-13,122.0,,0.0,,,0.0,
2018-10-14,124.0,,0.0,,,0.0,
2018-10-15,117.0,,0.0,,,0.0,
2018-10-17,244.0,,0.0,,,0.0,
2018-10-18,245.0,,0.0,,,0.0,
2018-10-19,225.0,,0.0,,,0.0,
2018-10-20,223.0,,0.0,,,0.0,
2018-10-21,204.0,,0.0,,,0.0,
2018-10-22,321.0,,0.0,,,0.0,
2018-10-23,334.0,,0.0,,,0.0,
2018-10-24,264.0,,0.0,,,0.0,
2018-10-25,219.0,,0.0,,,0.0,
2018-10-26,215.0,,0.0,,,0.0,
2018-10-27,248.0,,0.0,,,0.0,
2018-10-28,208.0,,0.0,,,0.0,
2018-10-29,237.0,,0.0,,,0.0,
2018-10-30,179.0,,0.0,,,0.0,
2018-10-31,179.0,,0.0,,,0.0,
2018-11-01,193.0,,0.0,,,0.0,
2018-11-02,232.0,,0.0,,,0.0,
2018-11-03,252.0,,0.0,,,0.0,
2018-11-04,259.0,,0.0,,,0.0,
2018-11-05,311.0,,0.0,,,0.0,
2018-11-06,229.0,,0.0,,,0.0,
2018-11-07,340.0,,0.0,,,0.0,
2018-11-08,445.0,,0.0,,,0.0,
2018-11-09,370.0,,0.0,,,0.0,
2018-11-10,279.0,,0.0,,,0.0,
2018-11-11,310.0,,0.0,,,0.0,
2018-11-12,308.0,,0.0,,,0.0,
2018-11-13,382.0,,0.0,,,0.0,
2018-11-14,377.0,,0.0,,,0.0,
2018-11-15,501.0,,0.0,,,0.0,
2018-11-16,414.0,,0.0,,,0.0,
2018-11-21,538.0,,0.0,,,0.0,
2018-11-22,351.0,,0.0,,,0.0,
2018-11-23,276.0,,0.0,,,0.0,
2018-11-24,292.0,,0.0,,,0.0,
2018-11-25,285.0,,0.0,,,0.0,
2018-11-26,400.0,,0.0,,,0.0,
2018-11-27,447.0,,0.0,,,0.0,
2018-11-28,379.0,,0.0,,,0.0,
2018-11-29,340.0,,0.0,,,0.0,
2018-11-30,313.0,,0.0,,,0.0,
2018-12-01,300.0,,0.0,,,0.0,
2018-12-02,396.0,,0.0,,,0.0,
2018-12-03,324.0,,0.0,,,0.0,
2018-12-04,292.0,,0.0,,,0.0,
2018-12-11,569.0,,0.0,,,0.0,
2018-12-12,460.0,,0.0,,,0.0,
2018-12-13,470.0,,0.0,,,0.0,
2018-12-14,560.0,,0.0,,,0.0,
2018-12-15,325.0,,0.0,,,0.0,
2018-12-16,250.0,,0.0,,,0.0,
2018-12-17,285.0,,0.0,,,0.0,
2018-12-18,196.0,,0.0,,,0.0,
2018-12-19,118.0,,0.0,,,0.0,
2018-12-20,420.0,,0.0,,,0.0,
2018-12-21,398.0,,0.0,,,0.0,
2018-12-22,345.0,,0.0,,,0.0,
2018-12-27,406.0,,0.0,,,0.0,
2018-12-28,271.0,,0.0,,,0.0,
2018-12-29,239.0,,0.0,,,0.0,
2018-12-30,295.0,,0.0,,,0.0,
2018-12-31,341.0,,0.0,,,0.0,
2019-01-01,440.0,,0.0,,,0.0,
2019-01-02,442.0,,0.0,,,0.0,
2019-01-03,463.0,,0.0,,,0.0,
2019-01-04,483.0,,0.0,,,0.0,
2019-01-05,604.0,,0.0,,,0.0,
2019-01-06,575.0,,0.0,,,0.0,
2019-01-07,569.0,,0.0,,,0.0,
2019-01-08,342.0,,0.0,,,0.0,
2019-01-09,277.0,217.13,0.0,,,0.0,
2019-01-10,280.0,140.03,0.0,,,0.0,
2019-01-11,335.0,155.38,0.0,,,0.0,
2019-01-12,324.0,166.85,0.0,,,0.0,
2019-01-13,345.0,179.51,0.0,,,0.0,
2019-01-14,352.0,161.22,0.0,,,0.0,
2019-01-15,273.0,97.48,0.0,,,0.0,
2019-01-16,220.0,105.12,0.0,,,0.0,
2019-01-17,288.0,120.37,0.0,,,0.0,
2019-01-18,301.0,116.5,0.0,,,0.0,
2019-01-19,272.0,115.44,0.0,,,0.0,
2019-01-20,300.0,126.81,0.0,,,0.0,
2019-01-21,296.0,113.6,0.0,,,0.0,
2019-01-22,317.0,159.44,0.0,,,0.0,
2019-01-23,316.0,129.29,0.0,,,0.0,
2019-01-24,297.0,121.03,0.0,,,0.0,
2019-01-25,277.0,101.74,0.0,,,0.0,
2019-01-26,238.0,104.28,0.0,,,0.0,
2019-01-27,202.0,74.06,0.0,,,0.0,
2019-01-28,135.0,72.47,0.0,,,0.0,
2019-01-29,128.0,58.89,0.0,,,0.0,
2019-01-30,110.0,73.78,0.0,,,0.0,
2019-01-31,262.0,128.32,0.0,,,0.0,
2019-02-01,302.0,118.18,0.0,,,0.0,
2019-02-02,247.0,91.4,0.0,,,0.0,
2019-02-03,219.0,100.41,0.0,,,0.0,
2019-02-04,233.0,96.46,0.0,,,0.0,
2019-02-05,215.0,99.72,0.0,,,0.0,
2019-02-06,215.0,96.14,0.0,,,0.0,
2019-02-07,280.0,120.88,0.0,,,0.0,
2019-02-08,289.0,120.88,0.0,,,0.0,
2019-02-09,203.0,64.5,0.0,,,0.0,
2019-02-10,127.0,69.83,0.0,,,0.0,
2019-02-11,170.0,86.47,0.0,,,0.0,
2019-02-12,178.0,88.14,0.0,,,0.0,
2019-02-13,241.0,108.85,0.0,,,0.0,
2019-02-14,257.0,101.31,0.0,,,0.0,
2019-02-15,238.0,90.96,0.0,,,0.0,
2019-02-16,93.0,24.75,0.0,,,0.0,
2019-02-17,57.0,41.96,0.0,,,0.0,
2019-02-18,93.0,60.04,0.0,,,0.0,
2019-02-19,171.0,99.32,0.0,,,0.0,
2019-02-20,251.0,91.77,0.0,,,0.0,
2019-02-21,184.0,90.46,0.0,,,0.0,
2019-02-22,250.0,117.15,0.0,,,0.0,
2019-02-23,230.0,74.2,0.0,,,0.0,
2019-02-24,111.0,57.84,0.0,,,0.0,
2019-02-25,100.0,43.2,0.0,,,0.0,
2019-02-26,84.0,58.96,0.0,,,0.0,
2019-02-27,89.0,42.86,0.0,,,0.0,
2019-02-28,115.0,25.2,0.0,,,0.0,
2019-03-01,209.0,48.98,0.0,,,0.0,
2019-03-02,135.0,80.78,0.0,,,0.0,
2019-03-03,183.0,85.67,0.0,,,0.0,
2019-03-04,150.0,72.84,0.0,,,0.0,
2019-03-05,167.0,81.29,0.0,,,0.0,
2019-03-06,177.0,84.66,0.0,,,0.0,
2019-03-07,123.0,46.5,0.0,,,0.0,
2019-03-08,96.0,58.39,0.0,,,0.0,
2019-03-09,110.0,67.94,0.0,,,0.0,
2019-03-10,199.0,106.54,0.0,,,0.0,
2019-03-11,226.0,85.43,0.0,,,0.0,
2019-03-12,176.0,87.37,0.0,,,0.0,
2019-03-13,254.0,113.48,0.0,,,0.0,
2019-03-14,272.0,69.31,0.0,,,0.0,
2019-03-15,106.0,50.04,0.0,,,0.0,
2019-03-16,80.0,40.09,0.0,,,0.0,
2019-03-17,129.0,60.26,0.0,,,0.0,
2019-03-18,77.0,38.16,0.0,,,0.0,
2019-03-19,95.0,59.07,0.0,,,0.0,
2019-03-20,128.0,68.47,0.0,,,0.0,
2019-03-21,155.0,72.12,0.0,,,0.0,
2019-03-22,107.0,38.02,0.0,,,0.0,
2019-03-23,97.0,45.24,0.0,,,0.0,
2019-03-24,115.0,61.9,0.0,,,0.0,
2019-03-25,139.0,69.58,0.0,,,0.0,
2019-03-26,170.0,85.68,0.0,,,0.0,
2019-03-27,126.0,53.93,0.0,,,0.0,
2019-03-28,128.0,69.81,0.0,,,0.0,
2019-03-29,175.0,102.41,0.0,,,0.0,
2019-04-02,100.0,52.97,0.0,,,0.0,
2019-04-03,137.0,79.81,0.0,,,0.0,
2019-04-04,126.0,60.03,0.0,,,0.0,
2019-04-05,114.0,57.54,0.0,,,0.0,
2019-04-06,112.0,57.57,0.0,,,0.0,
2019-04-07,78.0,38.85,0.0,,,0.0,
2019-04-08,80.0,41.67,0.0,,,0.0,
2019-04-09,87.0,54.19,0.0,,,0.0,
2019-04-10,92.0,48.46,0.0,,,0.0,
2019-04-11,105.0,70.14,0.0,,,0.0,
2019-04-12,124.0,61.71,0.0,,,0.0,
2019-04-13,113.0,55.67,0.0,,,0.0,
2019-04-14,104.0,49.75,0.0,,,0.0,
2019-04-15,111.0,60.83,0.0,,,0.0,
2019-04-16,139.0,71.94,0.0,,,0.0,
2019-04-17,234.0,79.9,0.0,,,0.0,
2019-04-18,137.0,43.59,0.0,,,0.0,
2019-04-19,86.0,34.08,0.0,,,0.0,
2019-04-20,98.0,34.25,0.0,,,0.0,
2019-04-21,99.0,48.17,0.0,,,0.0,
2019-04-22,87.0,46.56,0.0,,,0.0,
2019-04-23,84.0,45.01,0.0,,,0.0,
2019-04-24,90.0,,0.0,,,0.0,
2019-04-25,101.0,,0.0,,,0.0,
2019-04-26,118.0,,0.0,,,0.0,
2019-04-27,190.0,,0.0,,,0.0,
2019-04-28,148.0,,0.0,,,0.0,
2019-04-29,175.0,,0.0,,,0.0,
2019-04-30,146.0,,0.0,,,0.0,
2019-05-01,101.0,,0.0,,,0.0,
2019-05-02,109.0,,0.0,,,0.0,
2019-05-03,100.0,,0.0,,,0.0,
2019-05-04,88.0,,0.0,,,0.0,
2019-05-05,102.0,,0.0,,,0.0,
2019-05-06,115.0,,0.0,,,0.0,
2019-05-07,184.0,,0.0,,,0.0,
2019-05-08,161.0,,0.0,,,0.0,
2019-05-09,173.0,,0.0,,,0.0,
2019-05-10,166.0,,0.0,,,0.0,
2019-05-11,160.0,,0.0,,,0.0,
2019-05-12,187.0,,0.0,,,0.0,
2019-05-13,134.0,,0.0,,,0.0,
2019-05-14,131.0,,0.0,,,0.0,
2019-05-16,90.0,,0.0,,,0.0,
2019-05-18,102.0,,0.0,,,0.0,
2019-05-19,130.0,,0.0,,,0.0,
2019-05-20,154.0,,0.0,,,0.0,
2019-05-21,235.0,,0.0,,,0.0,
2019-05-22,148.0,,0.0,,,0.0,
2019-05-23,104.0,,0.0,,,0.0,
2019-05-24,112.0,,0.0,,,0.0,
2019-05-25,114.0,,0.0,,,0.0,
2019-05-28,105.0,,0.0,,,0.0,
2019-05-29,106.0,,0.0,,,0.0,
2019-05-30,96.0,,0.0,,,0.0,
2019-05-31,118.0,,0.0,,,0.0,
2019-07-13,82.0,,0.0,,,0.0,
2019-07-14,93.0,,0.0,,,0.0,
2019-07-15,85.0,,0.0,,,0.0,
2019-07-16,101.0,,0.0,,,0.0,
2019-07-17,107.0,,0.0,,,0.0,
2019-07-18,110.0,,0.0,,,0.0,
2019-07-19,87.0,,0.0,,,0.0,
2019-07-20,92.0,,0.0,,,0.0,
2019-07-21,80.0,,0.0,,,0.0,
2019-07-22,89.0,,0.0,,,0.0,
2019-07-23,98.0,,0.0,,,0.0,
2019-07-24,111.0,,0.0,,,0.0,
2019-07-25,134.0,,0.0,,,0.0,
2019-07-26,126.0,,0.0,,,0.0,
2019-07-27,136.0,,0.0,,,0.0,
2019-07-28,81.0,,0.0,,,0.0,
2019-07-29,168.0,,0.0,,,0.0,
2019-07-30,91.0,,0.0,,,0.0,
2019-07-31,82.0,,0.0,,,0.0,
2019-08-01,85.0,,0.0,,,0.0,
2019-08-02,97.0,,0.0,,,0.0,
2019-08-03,103.0,,0.0,,,0.0,
2019-08-04,102.0,,0.0,,,0.0,
2019-08-05,105.0,,0.0,,,0.0,
2019-08-06,123.0,,0.0,,,0.0,
2019-08-07,100.0,,0.0,,,0.0,
2019-08-08,109.0,,0.0,,,0.0,
2019-08-09,112.0,,0.0,,,0.0,
2019-08-10,130.0,,0.0,,,0.0,
2019-08-11,120.0,,0.0,,,0.0,
2019-08-12,88.0,,0.0,,,0.0,
2019-08-13,96.0,,0.0,,,0.0,
2019-08-14,103.0,,0.0,,,0.0,
2019-08-15,94.0,,0.0,,,0.0,
2019-08-16,111.0,,0.0,,,0.0,
2019-08-17,117.0,,0.0,,,0.0,
2019-08-18,119.0,,0.0,,,0.0,
2019-08-19,108.0,14.18,0.0,,,0.0,
2019-08-20,110.0,14.0,0.0,,,0.0,
2019-08-21,116.0,18.63,0.0,,,0.0,
2019-08-22,115.0,18.0,0.0,,,0.0,
2019-08-23,115.0,11.4,0.0,,,0.0,
2019-08-24,112.0,11.0,0.0,,,0.0,
2019-08-25,155.0,11.0,0.0,,,0.0,
2019-08-26,107.0,11.0,0.0,,,0.0,
2019-08-27,112.0,11.0,0.0,,,0.0,
2019-08-28,110.0,11.0,0.0,,,0.0,
2019-08-29,113.0,11.0,0.0,,,0.0,
2019-08-30,100.0,11.0,0.0,,,0.0,
2019-08-31,111.0,11.0,0.0,,,0.0,
2019-09-01,117.0,11.0,0.0,,,0.0,
2019-09-02,122.0,11.0,0.0,,,0.0,
2019-09-03,117.0,11.0,0.0,,,0.0,
2019-09-04,111.0,11.0,0.0,,,0.0,
2019-09-05,106.0,11.0,0.0,,,0.0,
2019-09-06,110.0,11.0,0.0,,,0.0,
2019-09-07,99.0,11.0,0.0,,,0.0,
2019-09-08,103.0,11.0,0.0,,,0.0,
2019-09-09,92.0,12.17,0.0,,,0.0,
2019-09-10,27.0,15.0,0.0,,,0.0,
2019-09-11,110.0,15.0,0.0,,,0.0,
2019-09-12,168.0,15.0,0.0,,,0.0,
2019-09-13,38.0,15.0,0.0,,,0.0,
2019-09-14,30.0,15.0,0.0,,,0.0,
2019-09-15,30.0,15.0,0.0,,,0.0,
2019-09-16,48.0,15.0,0.0,,,0.0,
2019-09-17,110.0,16.56,0.0,,,0.0,
2019-09-18,32.0,45.2,0.0,,,0.0,
2019-09-24,83.0,45.2,0.0,,,0.0,
2019-09-25,74.0,41.67,0.0,,,0.0,
2019-09-26,64.0,36.02,0.0,,,0.0,
2019-09-27,60.0,34.95,0.0,,,0.0,
2019-09-28,62.0,38.95,0.0,,,0.0,
2019-09-29,66.0,40.68,0.0,,,0.0,
2019-09-30,59.0,27.67,0.0,,,0.0,
2019-10-01,55.0,,0.0,,,0.0,
2019-10-04,70.0,42.99,0.0,,,0.0,
2019-10-05,95.0,57.89,0.0,,,0.0,
2019-10-06,102.0,56.7,0.0,,,0.0,
2019-10-07,212.0,50.2,0.0,,,0.0,
2019-10-08,92.0,41.38,0.0,,,0.0,
2019-10-09,67.0,41.9,0.0,,,0.0,
2019-10-10,71.0,42.01,0.0,,,0.0,
2019-10-11,73.0,52.04,0.0,,,0.0,
2019-10-12,93.0,59.98,0.0,,,0.0,
2019-10-13,76.0,44.37,0.0,,,0.0,
2019-10-18,84.0,50.11,0.0,,,0.0,
2019-10-19,191.0,63.06,0.0,,,0.0,
2019-10-20,144.0,43.39,0.0,,,0.0,
2019-10-21,101.0,38.41,0.0,,,0.0,
2019-10-22,92.0,51.9,0.0,,,0.0,
2019-10-23,113.0,66.99,0.0,,,0.0,
2019-10-24,103.0,33.44,0.0,,,0.0,
2019-10-25,97.0,28.03,0.0,,,0.0,
2019-10-26,90.0,24.21,0.0,,,0.0,
2019-10-27,97.0,48.94,0.0,,,0.0,
2019-10-28,98.0,54.86,0.0,,,0.0,
2019-10-29,100.0,60.84,0.0,,,0.0,
2019-10-30,126.0,54.31,0.0,,,0.0,
2019-10-31,129.0,69.65,0.0,,,0.0,
2019-11-01,136.0,69.63,0.0,,,0.0,
2019-11-02,125.0,64.19,0.0,,,0.0,
2019-11-03,140.0,84.44,0.0,,,0.0,
2019-11-04,189.0,81.96,0.0,,,0.0,
2019-11-05,155.0,78.73,0.0,,,0.0,
2019-11-06,159.0,73.1,0.0,,,0.0,
2019-11-07,173.0,87.87,0.0,,,0.0,
2019-11-08,211.0,82.13,0.0,,,0.0,
2019-11-09,117.0,45.74,0.0,,,0.0,
2019-11-10,97.0,42.71,0.0,,,0.0,
2019-11-11,104.0,55.88,0.0,,,0.0,
2019-11-12,118.0,62.87,0.0,,,0.0,
2019-11-13,134.0,80.47,0.0,,,0.0,
2019-11-14,216.0,90.81,0.0,,,0.0,
2019-11-15,170.0,82.54,0.0,,,0.0,
2019-11-16,178.0,81.0,0.0,,,0.0,
2019-11-17,156.0,74.97,0.0,,,0.0,
2019-11-18,210.0,95.43,0.0,,,0.0,
2019-11-19,170.0,82.1,0.0,,,0.0,
2019-11-20,217.0,100.62,0.0,,,0.0,
2019-11-21,251.0,150.71,0.0,,,0.0,
2019-11-24,165.0,126.72,0.0,,,0.0,
2019-11-25,260.0,141.93,0.0,,,0.0,
2019-11-26,311.0,123.22,0.0,,,0.0,
2019-11-27,306.0,136.04,0.0,,,0.0,
2019-11-28,305.0,110.73,0.0,,,0.0,
2019-11-29,238.0,101.64,0.0,,,0.0,
2019-11-30,221.0,86.49,0.0,,,0.0,
2019-12-01,167.0,75.02,0.0,,,0.0,
2019-12-02,153.0,78.88,0.0,,,0.0,
2019-12-03,185.0,88.18,0.0,,,0.0,
2019-12-04,202.0,91.95,0.0,,,0.0,
2019-12-05,187.0,86.48,0.0,,,0.0,
2019-12-06,209.0,97.29,0.0,,,0.0,
2019-12-07,234.0,97.86,0.0,,,0.0,
2019-12-08,235.0,104.32,0.0,,,0.0,
2019-12-09,206.0,91.18,0.0,,,0.0,
2019-12-10,229.0,96.83,0.0,,,0.0,
2019-12-11,230.0,105.64,0.0,,,0.0,
2019-12-12,280.0,114.61,0.0,,,0.0,
2019-12-13,300.0,140.04,0.0,,,0.0,
2019-12-14,274.0,96.73,0.0,,,0.0,
2019-12-15,211.0,79.29,0.0,,,0.0,
2019-12-16,120.0,56.64,0.0,,,0.0,
2019-12-17,106.0,60.75,0.0,,,0.0,
2019-12-18,98.0,139.78,0.0,,,0.0,
2019-12-19,196.0,63.54,0.0,,,0.0,
2019-12-20,136.0,74.1,0.0,,,0.0,
2019-12-21,168.0,69.56,0.0,,,0.0,
2019-12-22,194.0,79.04,0.0,,,0.0,
2019-12-23,235.0,93.46,0.0,,,0.0,
2019-12-24,225.0,84.61,0.0,,,0.0,
2019-12-25,216.0,74.47,0.0,,,0.0,
2019-12-26,191.0,92.56,0.0,,,0.0,
2019-12-27,203.0,79.43,0.0,,,0.0,
2019-12-28,158.0,74.85,0.0,,,0.0,
2019-12-29,151.0,63.67,0.0,,,0.0,
2019-12-30,143.0,70.97,0.0,,,0.0,
2019-12-31,166.0,79.71,0.0,,,0.0,
2020-01-01,178.0,64.59,0.0,,,0.0,
2020-01-02,137.0,61.48,0.0,,,0.0,
2020-01-03,117.0,43.86,0.0,,,0.0,
2020-01-04,109.0,53.06,0.0,,,0.0,
2020-01-05,118.0,39.78,0.0,,,0.0,
2020-01-06,116.0,53.52,0.0,,,0.0,
2020-01-07,162.0,70.22,0.0,,,0.0,
2020-01-08,204.0,84.12,0.0,,,0.0,
2020-01-09,239.0,66.1,0.0,,,0.0,
2020-01-10,210.0,47.62,0.0,,,0.0,
2020-01-11,125.0,53.03,0.0,,,0.0,
2020-01-12,127.0,50.35,0.0,,,0.0,
2020-01-13,130.0,69.44,0.0,,,0.0,
2020-01-14,173.0,80.32,0.0,,,0.0,
2020-01-15,240.0,72.55,0.0,,,0.0,
2020-01-16,242.0,75.36,0.0,,,0.0,
2020-01-17,180.0,62.11,0.0,,,0.0,
2020-01-18,177.0,59.65,0.0,,,0.0,
2020-01-19,161.0,49.58,0.0,,,0.0,
2020-01-20,110.0,46.85,0.0,,,0.0,
2020-01-21,117.0,63.67,0.0,,,0.0,
2020-01-22,192.0,80.76,0.0,,,0.0,
2020-01-23,194.0,75.46,0.0,,,0.0,
2020-01-24,133.0,49.17,0.0,,,0.0,
2020-01-25,132.0,57.58,0.0,,,0.0,
2020-01-26,142.0,48.99,0.0,,,0.0,
2020-01-27,127.0,53.16,0.0,,,0.0,
2020-01-28,189.0,75.91,0.0,,,0.0,
2020-01-29,225.0,77.89,0.0,,,0.0,
2020-01-30,183.0,73.8,0.0,,,0.0,
2020-01-31,162.0,63.95,0.0,,,0.0,
2020-02-01,139.0,65.93,0.0,,,0.0,
2020-02-02,122.0,49.91,0.0,,,0.0,
2020-02-03,117.0,52.27,0.0,,,0.0,
2020-02-04,161.0,66.67,0.0,,,0.0,
2020-02-05,174.0,62.9,0.0,,,0.0,
2020-02-06,148.0,47.42,0.0,,,0.0,
2020-02-07,141.0,74.59,0.0,,,0.0,
2020-02-08,171.0,83.58,0.0,,,0.0,
2020-02-11,188.0,87.29,0.0,,,0.0,
2020-02-12,204.0,82.96,0.0,,,0.0,
2020-02-13,155.0,94.45,0.0,,,0.0,
2020-02-14,235.0,86.25,0.0,,,0.0,
2020-02-15,140.0,55.96,0.0,,,0.0,
2020-02-16,120.0,56.39,0.0,,,0.0,
2020-02-17,139.0,77.24,0.0,,,0.0,
2020-02-18,209.0,85.23,0.0,,,0.0,
2020-02-19,230.0,99.05,0.0,,,0.0,
2020-02-20,256.0,117.17,0.0,,,0.0,
2020-02-21,269.0,94.88,0.0,,,0.0,
2020-02-22,219.0,101.24,0.0,,,0.0,
2020-02-23,184.0,75.34,0.0,,,0.0,
2020-02-24,144.0,62.61,0.0,,,0.0,
2020-02-25,116.0,58.77,0.0,,,0.0,
2020-02-26,103.0,63.81,0.0,,,0.0,
2020-02-27,124.0,59.71,0.0,,,0.0,
2020-02-28,121.0,73.75,0.0,,,0.0,
2020-02-29,180.0,91.52,0.0,,,0.0,
2020-03-01,220.0,97.24,0.0,,,0.0,
2020-03-02,217.0,96.88,0.0,,,0.0,
2020-03-03,243.0,97.87,0.0,,,0.0,
2020-03-04,155.0,54.15,0.0,,,0.0,
2020-03-05,101.0,38.98,0.0,,,0.0,
2020-03-06,84.0,52.5,0.0,,,0.0,
2020-03-17,146.0,43.53,0.0,,,0.0,
2020-03-18,176.0,29.31,0.0,,,0.0,
2020-03-19,164.0,34.74,0.0,,,0.0,
2020-03-20,143.0,56.29,0.0,,,0.0,
2020-03-21,184.0,95.19,0.0,,,0.0,
2020-03-31,125.0,57.22,0.0,,,0.0,
2020-04-01,135.0,70.65,0.0,,,0.0,
2020-04-02,193.0,81.31,0.0,,,0.0,
2020-04-03,123.0,54.69,0.0,,,0.0,
2020-04-04,148.0,71.96,0.0,,,0.0,
2020-04-05,175.0,55.22,0.0,,,0.0,
2020-04-06,115.0,60.45,0.0,,,0.0,
2020-04-07,144.0,79.89,0.0,,,0.0,
2020-04-08,133.0,57.34,0.0,,,0.0,
2020-04-09,105.0,44.65,0.0,,,0.0,
2020-04-10,124.0,77.66,0.0,,,0.0,
2020-04-11,166.0,71.54,0.0,,,0.0,
2020-04-12,124.0,59.27,0.0,,,0.0,
2020-04-13,119.0,52.56,0.0,,,0.0,
2020-04-14,118.0,50.88,0.0,,,0.0,
2020-04-15,113.0,46.85,0.0,,,0.0,
2020-04-16,124.0,27.64,0.0,,,0.0,
2020-04-17,157.0,40.6,0.0,,,0.0,
2020-04-18,117.0,43.36,0.0,,,0.0,
2020-04-19,110.0,28.27,0.0,,,0.0,
2020-04-20,106.0,24.83,0.0,,,0.0,
2020-04-21,103.0,19.18,0.0,,,0.0,
2020-04-22,92.0,14.36,0.0,,,0.0,
2020-04-23,120.0,28.23,0.0,,,0.0,
2020-04-24,101.0,16.54,0.0,,,0.0,
2020-04-25,95.0,13.14,0.0,,,0.0,
2020-04-26,100.0,20.29,0.0,,,0.0,
2020-04-27,94.0,20.39,0.0,,,0.0,
2020-04-28,92.0,11.75,0.0,,,0.0,
2020-04-29,92.0,18.84,0.0,,,0.0,
2020-04-30,104.0,40.24,0.0,,,0.0,
2020-05-01,107.0,38.03,0.0,,,0.0,
2020-05-02,98.0,27.08,0.0,,,0.0,
2020-05-03,102.0,32.4,0.0,,,0.0,
2020-05-04,112.0,34.5,0.0,,,0.0,
2020-05-05,172.0,27.08,0.0,,,0.0,
2020-05-06,121.0,10.04,0.0,,,0.0,
2020-05-07,121.0,18.7,0.0,,,0.0,
2020-05-08,123.0,31.7,0.0,,,0.0,
2020-05-09,116.0,63.25,0.0,,,0.0,
2020-05-10,220.0,49.33,0.0,,,0.0,
2020-05-11,140.0,37.77,0.0,,,0.0,
2020-05-12,127.0,60.69,0.0,,,0.0,
2020-05-13,110.0,53.4,0.0,,,0.0,
2020-05-14,117.0,58.71,0.0,,,0.0,
2020-05-15,98.0,61.12,0.0,,,0.0,
2020-05-16,149.0,74.26,0.0,,,0.0,
2020-05-17,136.0,76.23,0.0,,,0.0,
2020-05-18,187.0,85.15,0.0,,,0.0,
2020-05-19,146.0,45.71,0.0,,,0.0,
2020-05-20,138.0,45.54,0.0,,,0.0,
2020-05-21,128.0,16.54,0.0,,,0.0,
2020-05-22,129.0,36.21,0.0,,,0.0,
2020-05-23,139.0,70.46,0.0,,,0.0,
2020-05-24,142.0,68.23,0.0,,,0.0,
2020-05-25,144.0,53.62,0.0,,,0.0,
2020-05-26,141.0,55.68,0.0,,,0.0,
2020-05-27,144.0,56.15,0.0,,,0.0,
2020-05-28,142.0,48.21,0.0,,,0.0,
2020-05-29,170.0,43.84,0.0,,,0.0,
2020-05-30,145.0,46.69,0.0,,,0.0,
2020-05-31,139.0,32.79,0.0,,,0.0,
2020-06-01,145.0,30.4,0.0,,,0.0,
2020-06-02,236.0,23.9,0.0,,,0.0,
2020-06-03,168.0,,0.0,,,0.0,
2020-06-04,141.0,,0.0,,,0.0,
2020-06-05,138.0,,0.0,,,0.0,
2020-06-06,132.0,,0.0,,,0.0,
2020-06-07,146.0,,0.0,,,0.0,
2020-06-08,142.0,,0.0,,,0.0,
2020-06-09,148.0,,0.0,,,0.0,
2020-06-10,143.0,,0.0,,,0.0,
2020-06-11,140.0,,0.0,,,0.0,
2020-06-12,129.0,,0.0,,,0.0,
2020-06-13,105.0,,0.0,,,0.0,
2020-06-14,106.0,,0.0,,,0.0,
2020-06-15,107.0,,0.0,,,0.0,
2020-06-16,99.0,,0.0,,,0.0,
2020-06-17,99.0,,0.0,,,0.0,
2020-06-18,94.0,,0.0,,,0.0,
2020-06-19,98.0,,0.0,,,0.0,
2020-06-20,110.0,,0.0,,,0.0,
2020-06-21,114.0,,0.0,,,0.0,
2020-06-22,120.0,,0.0,,,0.0,
2020-06-23,180.0,,0.0,,,0.0,
2020-06-24,103.0,,0.0,,,0.0,
2020-06-25,110.0,,0.0,,,0.0,
2020-06-26,242.0,,0.0,,,0.0,
2020-06-27,203.0,,0.0,,,0.0,
2020-06-28,156.0,,0.0,,,0.0,
2020-06-29,135.0,,0.0,,,0.0,
2020-06-30,107.0,,0.0,,,0.0,
2020-07-01,86.0,,0.0,,,0.0,
2020-01-23,110.0,62.48,0.0,,,0.0,
2020-01-24,111.0,62.87,0.0,,,0.0,
2020-01-25,144.0,61.76,0.0,,,0.0,
2020-01-26,197.0,66.76,0.0,,,0.0,
2020-01-27,179.0,67.99,0.0,,,0.0,
2020-01-28,167.0,68.04,0.0,,,0.0,
2020-01-29,159.0,71.79,0.0,,,0.0,
2020-01-30,153.0,52.43,0.0,,,0.0,
2020-01-31,185.0,46.71,0.0,,,0.0,
2020-02-01,151.0,43.87,0.0,,,0.0,
2020-02-02,104.0,43.18,0.0,,,0.0,
2020-02-03,91.0,53.08,0.0,,,0.0,
2020-02-04,106.0,61.09,0.0,,,0.0,
2020-02-05,108.0,63.96,0.0,,,0.0,
2020-02-06,95.0,45.35,0.0,,,0.0,
2020-02-07,104.0,53.29,0.0,,,0.0,
2020-02-08,118.0,49.9,0.0,,,0.0,
2020-02-09,119.0,43.48,0.0,,,0.0,
2020-02-10,109.0,46.11,0.0,,,0.0,
2020-02-11,114.0,46.9,0.0,,,0.0,
2020-02-12,127.0,56.29,0.0,,,0.0,
2020-02-13,122.0,60.32,0.0,,,0.0,
2020-02-14,123.0,59.82,0.0,,,0.0,
2020-02-15,130.0,64.43,0.0,,,0.0,
2020-02-16,117.0,51.19,0.0,,,0.0,
2020-02-17,115.0,62.65,0.0,,,0.0,
2020-02-18,129.0,67.72,0.0,,,0.0,
2020-02-19,277.0,143.85,0.0,,,0.0,
2020-02-20,191.0,66.64,0.0,,,0.0,
2020-02-21,135.0,69.07,0.0,,,0.0,
2020-02-22,108.0,49.41,0.0,,,0.0,
2020-02-23,90.0,48.39,0.0,,,0.0,
2020-02-24,96.0,58.24,0.0,,,0.0,
2020-02-25,101.0,50.07,0.0,,,0.0,
2020-02-26,113.0,71.43,0.0,,,0.0,
2020-02-27,110.0,56.51,0.0,,,0.0,
2020-02-28,102.0,54.02,0.0,,,0.0,
2020-02-29,106.0,47.0,0.0,,,0.0,
2020-03-01,136.0,47.81,0.0,,,0.0,
2020-03-02,110.0,41.58,0.0,,,0.0,
2020-03-03,98.0,38.21,0.0,,,0.0,
2020-03-04,97.0,35.82,0.0,,,0.0,
2020-03-05,107.0,52.44,0.0,,,0.0,
2020-03-07,162.0,33.79,0.0,,,0.0,
2020-03-08,172.0,35.83,0.0,,,0.0,
2020-03-09,138.0,30.75,0.0,,,0.0,
2020-03-10,125.0,42.87,0.0,,,0.0,
2020-03-11,123.0,31.4,0.0,,,0.0,
2020-03-12,122.0,23.38,0.0,,,0.0,
2020-03-13,122.0,33.99,0.0,,,0.0,
2020-03-14,118.0,38.1,0.0,,,0.0,
2020-03-15,113.0,45.83,0.0,,,0.0,
2020-03-16,117.0,45.59,0.0,,,0.0,
2020-03-17,138.0,57.2,0.0,,,0.0,
2020-03-18,137.0,64.91,0.0,,,0.0,
2020-03-19,122.0,51.74,0.0,,,0.0,
2020-03-20,113.0,37.73,0.0,,,0.0,
2020-03-21,116.0,44.52,0.0,,,0.0,
2020-03-22,102.0,18.12,0.0,,,0.0,
2020-03-23,100.0,29.44,0.0,,,0.0,
2020-03-24,122.0,28.84,0.0,,,0.0,
2020-03-25,252.0,21.07,0.0,,,0.0,
2020-03-26,178.0,21.94,0.0,,,0.0,
2020-03-27,130.0,34.79,0.0,,,0.0,
2020-03-28,121.0,38.79,0.0,,,0.0,
2020-03-29,122.0,19.53,0.0,,,0.0,
2020-03-30,129.0,27.73,0.0,,,0.0,
2020-03-31,133.0,22.34,0.0,,,0.0,
2020-04-01,132.0,30.75,0.0,,,0.0,
2020-04-02,87.0,34.89,0.0,,,0.0,
2020-04-03,68.0,24.16,0.0,,,0.0,
2020-04-04,65.0,24.83,0.0,,,0.0,
2020-04-05,65.0,18.62,0.0,,,0.0,
2020-04-06,73.0,10.46,0.0,,,0.0,
2020-04-07,78.0,14.02,0.0,,,0.0,
2020-04-08,79.0,22.53,0.0,,,0.0,
2020-04-09,78.0,15.99,0.0,,,0.0,
2020-04-10,77.0,13.58,0.0,,,0.0,
2020-04-11,80.0,15.42,0.0,,,0.0,
2020-04-12,82.0,16.76,0.0,,,0.0,
2020-04-13,85.0,29.88,0.0,,,0.0,
2020-04-14,87.0,27.88,0.0,,,0.0,
2020-04-15,88.0,17.69,0.0,,,0.0,
2020-04-16,95.0,19.24,0.0,,,0.0,
2020-04-17,97.0,20.29,0.0,,,0.0,
2020-04-18,94.0,17.57,0.0,,,0.0,
2020-04-19,94.0,25.49,0.0,,,0.0,
2020-04-20,95.0,18.74,0.0,,,0.0,
2020-04-21,91.0,13.76,0.0,,,0.0,
2020-04-22,78.0,11.74,0.0,,,0.0,
2020-04-23,57.0,15.58,0.0,,,0.0,
2020-04-24,55.0,13.05,0.0,,,0.0,
2020-04-25,55.0,18.36,0.0,,,0.0,
2020-04-26,57.0,27.82,0.0,,,0.0,
2020-04-27,57.0,17.1,0.0,,,0.0,
2020-04-28,55.0,16.06,0.0,,,0.0,
2020-04-29,51.0,12.18,0.0,,,0.0,
2020-04-30,56.0,25.37,0.0,,,0.0,
2020-05-01,54.0,15.63,0.0,,,0.0,
2020-05-02,54.0,17.28,0.0,,,0.0,
2020-05-03,57.0,25.3,0.0,,,0.0,
2020-05-04,56.0,20.54,0.0,,,0.0,
2020-05-05,64.0,26.15,0.0,,,0.0,
2020-05-08,106.0,11.06,0.0,,,0.0,
2020-05-09,82.0,13.96,0.0,,,0.0,
2020-05-10,69.0,20.77,0.0,,,0.0,
2020-05-11,66.0,11.22,0.0,,,0.0,
2020-05-12,73.0,23.25,0.0,,,0.0,
2020-05-13,72.0,14.03,0.0,,,0.0,
2020-05-14,72.0,20.94,0.0,,,0.0,
2020-05-15,78.0,17.87,0.0,,,0.0,
2020-05-16,79.0,11.95,0.0,,,0.0,
2020-05-17,83.0,20.07,0.0,,,0.0,
2020-05-18,84.0,21.02,0.0,,,0.0,
2020-05-19,90.0,23.76,0.0,,,0.0,
2020-05-20,88.0,13.62,0.0,,,0.0,
2020-05-21,93.0,8.57,0.0,,,0.0,
2020-05-22,97.0,12.14,0.0,,,0.0,
2020-05-23,98.0,22.63,0.0,,,0.0,
2020-05-24,98.0,16.35,0.0,,,0.0,
2020-05-25,100.0,16.61,0.0,,,0.0,
2020-05-26,103.0,20.02,0.0,,,0.0,
2020-05-27,104.0,16.07,0.0,,,0.0,
2020-05-28,110.0,6.82,0.0,,,0.0,
2020-05-29,114.0,19.36,0.0,,,0.0,
2020-05-30,109.0,14.26,0.0,,,0.0,
2020-05-31,104.0,8.84,0.0,,,0.0,
2020-06-01,96.0,10.84,0.0,,,0.0,
2020-06-02,94.0,9.18,0.0,,,0.0,
2020-06-03,100.0,9.81,0.0,,,0.0,
2020-06-04,105.0,10.08,0.0,,,0.0,
2020-06-05,115.0,8.13,0.0,,,0.0,
2020-06-06,115.0,8.72,0.0,,,0.0,
2020-06-07,128.0,11.87,0.0,,,0.0,
2020-06-08,125.0,21.24,0.0,,,0.0,
2020-06-09,98.0,32.95,0.0,,,0.0,
2020-06-10,93.0,27.31,0.0,,,0.0,
2020-06-11,96.0,15.88,0.0,,,0.0,
2020-06-12,93.0,21.57,0.0,,,0.0,
2020-06-13,91.0,24.26,0.0,,,0.0,
2020-06-14,75.0,11.84,0.0,,,0.0,
2020-06-15,67.0,26.22,0.0,,,0.0,
2020-06-16,89.0,17.36,0.0,,,0.0,
2020-06-17,92.0,29.39,0.0,,,0.0,
2020-06-18,91.0,24.31,0.0,,,0.0,
2020-06-19,87.0,21.73,0.0,,,0.0,
2020-06-20,86.0,22.44,0.0,,,0.0,
2020-06-21,81.0,6.59,0.0,,,0.0,
2020-06-22,77.0,15.96,0.0,,,0.0,
2020-06-23,94.0,27.62,0.0,,,0.0,
2020-06-24,104.0,37.61,0.0,,,0.0,
2020-06-25,91.0,17.16,0.0,,,0.0,
2020-06-26,88.0,14.27,0.0,,,0.0,
2020-06-27,89.0,16.29,0.0,,,0.0,
2020-06-28,82.0,13.42,0.0,,,0.0,
2020-06-29,84.0,19.95,0.0,,,0.0,
2020-06-30,90.0,19.36,0.0,,,0.0,
2020-07-01,102.0,5.97,0.0,,,0.0,
2018-04-11,73.0,29.0,0.0,,,0.0,
2018-04-12,60.0,21.7,0.0,,,0.0,
2018-04-13,74.0,23.09,0.0,,,0.0,
2018-04-14,83.0,21.56,0.0,,,0.0,
2018-04-15,95.0,30.28,0.0,,,0.0,
2018-04-16,88.0,26.72,0.0,,,0.0,
2018-04-17,69.0,24.37,0.0,,,0.0,
2018-06-16,119.0,47.55,0.0,,,0.0,
2018-06-17,113.0,45.04,0.0,,,0.0,
2018-06-18,107.0,50.1,0.0,,,0.0,
2018-06-19,148.0,39.25,0.0,,,0.0,
2018-06-20,94.0,24.44,0.0,,,0.0,
2018-06-21,100.0,31.68,0.0,,,0.0,
2018-06-22,60.0,25.22,0.0,,,0.0,
2018-06-23,47.0,22.95,0.0,,,0.0,
2018-06-24,48.0,24.61,0.0,,,0.0,
2018-06-25,50.0,28.6,0.0,,,0.0,
2018-06-26,61.0,30.5,0.0,,,0.0,
2018-06-27,53.0,22.66,0.0,,,0.0,
2018-06-28,34.0,24.4,0.0,,,0.0,
2018-06-29,46.0,16.11,0.0,,,0.0,
2018-06-30,50.0,28.7,0.0,,,0.0,
2018-07-01,58.0,27.7,0.0,,,0.0,
2018-07-02,62.0,29.26,0.0,,,0.0,
2018-07-03,50.0,27.81,0.0,,,0.0,
2018-07-04,58.0,33.61,0.0,,,0.0,
2018-07-05,57.0,42.66,0.0,,,0.0,
2018-07-06,77.0,40.26,0.0,,,0.0,
2018-07-07,65.0,18.54,0.0,,,0.0,
2018-07-08,36.0,9.84,0.0,,,0.0,
2018-07-09,36.0,15.7,0.0,,,0.0,
2018-07-10,56.0,18.81,0.0,,,0.0,
2018-07-11,49.0,18.01,0.0,,,0.0,
2018-07-12,42.0,18.38,0.0,,,0.0,
2018-07-13,39.0,13.55,0.0,,,0.0,
2018-07-14,41.0,12.25,0.0,,,0.0,
2018-07-15,28.0,7.72,0.0,,,0.0,
2018-07-16,26.0,7.64,0.0,,,0.0,
2018-07-17,42.0,12.9,0.0,,,0.0,
2018-07-18,46.0,14.91,0.0,,,0.0,
2018-07-19,46.0,16.16,0.0,,,0.0,
2018-07-20,56.0,17.75,0.0,,,0.0,
2018-07-21,36.0,6.06,0.0,,,0.0,
2018-07-22,34.0,6.68,0.0,,,0.0,
2018-07-23,38.0,22.03,0.0,,,0.0,
2018-07-24,56.0,23.92,0.0,,,0.0,
2018-07-25,59.0,32.59,0.0,,,0.0,
2018-07-26,57.0,23.63,0.0,,,0.0,
2018-07-27,55.0,28.19,0.0,,,0.0,
2018-07-28,68.0,40.4,0.0,,,0.0,
2018-07-29,79.0,44.14,0.0,,,0.0,
2018-07-30,76.0,33.26,0.0,,,0.0,
2018-07-31,72.0,37.07,0.0,,,0.0,
2018-08-01,75.0,29.1,0.0,,,0.0,
2018-08-02,71.0,33.29,0.0,,,0.0,
2018-08-03,78.0,41.84,0.0,,,0.0,
2018-08-04,82.0,42.38,0.0,,,0.0,
2018-08-05,81.0,33.39,0.0,,,0.0,
2018-08-06,85.0,33.48,0.0,,,0.0,
2018-08-07,77.0,15.58,0.0,,,0.0,
2018-08-08,66.0,18.05,0.0,,,0.0,
2018-08-09,70.0,17.7,0.0,,,0.0,
2018-08-10,73.0,22.57,0.0,,,0.0,
2018-08-11,68.0,19.17,0.0,,,0.0,
2018-08-12,68.0,16.08,0.0,,,0.0,
2018-08-13,68.0,14.69,0.0,,,0.0,
2018-08-14,68.0,11.39,0.0,,,0.0,
2018-08-15,63.0,6.93,0.0,,,0.0,
2018-08-16,67.0,12.13,0.0,,,0.0,
2018-08-17,72.0,16.13,0.0,,,0.0,
2018-08-18,66.0,17.0,0.0,,,0.0,
2018-08-19,76.0,27.16,0.0,,,0.0,
2018-08-20,63.0,12.88,0.0,,,0.0,
2018-08-21,65.0,8.15,0.0,,,0.0,
2018-08-22,76.0,23.34,0.0,,,0.0,
2018-08-23,69.0,30.55,0.0,,,0.0,
2018-08-24,70.0,30.26,0.0,,,0.0,
2018-08-25,71.0,20.94,0.0,,,0.0,
2018-08-26,59.0,7.93,0.0,,,0.0,
2018-08-27,57.0,7.05,0.0,,,0.0,
2018-08-28,61.0,12.35,0.0,,,0.0,
2018-08-29,63.0,14.53,0.0,,,0.0,
2018-08-30,74.0,29.25,0.0,,,0.0,
2018-08-31,78.0,33.6,0.0,,,0.0,
2018-09-01,65.0,12.81,0.0,,,0.0,
2018-09-02,66.0,17.66,0.0,,,0.0,
2018-09-03,71.0,33.71,0.0,,,0.0,
2018-09-04,81.0,49.03,0.0,,,0.0,
2018-09-05,86.0,29.75,0.0,,,0.0,
2018-09-06,59.0,11.17,0.0,,,0.0,
2018-09-07,58.0,14.2,0.0,,,0.0,
2018-09-08,67.0,20.14,0.0,,,0.0,
2018-09-09,63.0,19.4,0.0,,,0.0,
2018-09-10,66.0,29.06,0.0,,,0.0,
2018-09-11,74.0,35.32,0.0,,,0.0,
2018-09-12,83.0,46.23,0.0,,,0.0,
2018-09-13,89.0,56.84,0.0,,,0.0,
2018-09-14,98.0,55.87,0.0,,,0.0,
2018-09-15,106.0,56.61,0.0,,,0.0,
2018-09-16,114.0,61.52,0.0,,,0.0,
2018-09-17,105.0,66.04,0.0,,,0.0,
2018-09-18,113.0,61.13,0.0,,,0.0,
2018-09-19,110.0,63.91,0.0,,,0.0,
2018-09-20,80.0,19.06,0.0,,,0.0,
2018-09-21,57.0,7.63,0.0,,,0.0,
2018-09-22,63.0,15.65,0.0,,,0.0,
2018-09-23,67.0,19.86,0.0,,,0.0,
2018-09-24,60.0,21.67,0.0,,,0.0,
2018-09-25,75.0,35.85,0.0,,,0.0,
2018-09-26,91.0,46.55,0.0,,,0.0,
2018-09-27,99.0,57.59,0.0,,,0.0,
2018-09-28,102.0,63.57,0.0,,,0.0,
2018-09-29,103.0,60.23,0.0,,,0.0,
2018-09-30,121.0,66.41,0.0,,,0.0,
2018-10-01,143.0,70.58,0.0,,,0.0,
2018-10-02,118.0,62.53,0.0,,,0.0,
2018-10-03,105.0,61.41,0.0,,,0.0,
2018-10-04,145.0,79.58,0.0,,,0.0,
2018-10-05,188.0,91.06,0.0,,,0.0,
2018-10-06,220.0,99.65,0.0,,,0.0,
2018-10-07,250.0,101.69,0.0,,,0.0,
2018-10-08,237.0,102.72,0.0,,,0.0,
2018-10-09,149.0,49.4,0.0,,,0.0,
2018-10-10,83.0,9.55,0.0,,,0.0,
2018-10-11,107.0,8.51,0.0,,,0.0,
2018-10-12,122.0,17.35,0.0,,,0.0,
2018-10-13,64.0,22.46,0.0,,,0.0,
2018-10-14,70.0,34.8,0.0,,,0.0,
2018-10-15,93.0,48.46,0.0,,,0.0,
2018-10-16,95.0,59.26,0.0,,,0.0,
2018-10-17,167.0,86.87,0.0,,,0.0,
2018-10-18,156.0,79.18,0.0,,,0.0,
2018-10-19,184.0,83.31,0.0,,,0.0,
2018-10-20,222.0,100.26,0.0,,,0.0,
2018-10-21,230.0,97.88,0.0,,,0.0,
2018-10-22,219.0,101.08,0.0,,,0.0,
2018-10-23,255.0,107.64,0.0,,,0.0,
2018-10-24,248.0,100.85,0.0,,,0.0,
2018-10-25,217.0,91.93,0.0,,,0.0,
2018-10-26,276.0,123.38,0.0,,,0.0,
2018-10-27,281.0,106.58,0.0,,,0.0,
2018-10-28,209.0,83.47,0.0,,,0.0,
2018-10-29,90.0,28.53,0.0,,,0.0,
2018-10-30,59.0,17.27,0.0,,,0.0,
2018-10-31,53.0,9.37,0.0,,,0.0,
2018-11-01,94.0,23.18,0.0,,,0.0,
2018-11-02,114.0,30.72,0.0,,,0.0,
2018-11-03,125.0,41.75,0.0,,,0.0,
2018-11-04,92.0,30.55,0.0,,,0.0,
2018-11-05,63.0,32.08,0.0,,,0.0,
2018-11-06,82.0,102.66,0.0,,,0.0,
2018-11-07,375.0,233.1,0.0,,,0.0,
2018-11-08,431.0,276.33,0.0,,,0.0,
2018-11-09,350.0,183.88,0.0,,,0.0,
2018-11-10,352.0,171.76,0.0,,,0.0,
2018-11-11,316.0,132.37,0.0,,,0.0,
2018-11-12,297.0,143.84,0.0,,,0.0,
2018-11-13,331.0,183.64,0.0,,,0.0,
2018-11-14,350.0,190.03,0.0,,,0.0,
2018-11-15,346.0,172.8,0.0,,,0.0,
2018-11-16,325.0,142.65,0.0,,,0.0,
2018-11-17,282.0,131.5,0.0,,,0.0,
2018-11-18,322.0,156.47,0.0,,,0.0,
2018-11-19,293.0,130.82,0.0,,,0.0,
2018-11-20,320.0,160.56,0.0,,,0.0,
2018-11-21,335.0,154.97,0.0,,,0.0,
2018-11-22,339.0,199.32,0.0,,,0.0,
2018-11-23,358.0,187.21,0.0,,,0.0,
2018-11-24,357.0,206.07,0.0,,,0.0,
2018-11-25,389.0,243.93,0.0,,,0.0,
2018-11-26,365.0,164.48,0.0,,,0.0,
2018-11-27,291.0,99.56,0.0,,,0.0,
2018-11-28,260.0,98.39,0.0,,,0.0,
2018-11-29,282.0,105.53,0.0,,,0.0,
2018-11-30,274.0,116.97,0.0,,,0.0,
2018-12-01,308.0,153.41,0.0,,,0.0,
2018-12-02,322.0,153.39,0.0,,,0.0,
2018-12-03,332.0,168.37,0.0,,,0.0,
2018-12-04,343.0,183.93,0.0,,,0.0,
2018-12-05,388.0,239.87,0.0,,,0.0,
2018-12-06,384.0,220.71,0.0,,,0.0,
2018-12-07,425.0,267.93,0.0,,,0.0,
2018-12-08,399.0,253.8,0.0,,,0.0,
2018-12-09,418.0,227.13,0.0,,,0.0,
2018-12-10,407.0,199.91,0.0,,,0.0,
2018-12-11,381.0,211.39,0.0,,,0.0,
2018-12-12,351.0,183.49,0.0,,,0.0,
2018-12-13,325.0,130.86,0.0,,,0.0,
2018-12-14,294.0,130.09,0.0,,,0.0,
2018-12-15,291.0,133.61,0.0,,,0.0,
2018-12-16,267.0,121.38,0.0,,,0.0,
2018-12-17,276.0,116.95,0.0,,,0.0,
2018-12-18,183.0,64.86,0.0,,,0.0,
2018-12-19,133.0,74.22,0.0,,,0.0,
2018-12-20,224.0,122.11,0.0,,,0.0,
2018-12-21,340.0,204.44,0.0,,,0.0,
2018-12-22,382.0,231.21,0.0,,,0.0,
2018-12-23,371.0,204.65,0.0,,,0.0,
2018-12-24,347.0,177.51,0.0,,,0.0,
2018-12-25,356.0,209.44,0.0,,,0.0,
2018-12-26,372.0,197.41,0.0,,,0.0,
2018-12-27,390.0,258.54,0.0,,,0.0,
2018-12-28,387.0,222.12,0.0,,,0.0,
2018-12-29,379.0,237.11,0.0,,,0.0,
2018-12-30,370.0,187.3,0.0,,,0.0,
2018-12-31,341.0,177.21,0.0,,,0.0,
2019-01-01,370.0,209.31,0.0,,,0.0,
2019-01-02,351.0,172.39,0.0,,,0.0,
2019-01-03,363.0,244.09,0.0,,,0.0,
2019-01-04,431.0,264.84,0.0,,,0.0,
2019-01-05,391.0,219.26,0.0,,,0.0,
2019-01-06,346.0,159.43,0.0,,,0.0,
2019-01-07,335.0,158.89,0.0,,,0.0,
2019-01-08,335.0,175.47,0.0,,,0.0,
2019-01-09,346.0,189.25,0.0,,,0.0,
2019-01-10,369.0,227.08,0.0,,,0.0,
2019-01-11,369.0,211.01,0.0,,,0.0,
2019-01-12,405.0,264.75,0.0,,,0.0,
2019-01-13,387.0,219.44,0.0,,,0.0,
2019-01-14,408.0,282.9,0.0,,,0.0,
2019-01-15,406.0,217.59,0.0,,,0.0,
2019-01-16,338.0,157.3,0.0,,,0.0,
2019-01-17,349.0,208.75,0.0,,,0.0,
2019-01-18,381.0,230.95,0.0,,,0.0,
2019-01-19,421.0,269.06,0.0,,,0.0,
2019-01-20,407.0,252.42,0.0,,,0.0,
2019-01-21,425.0,266.1,0.0,,,0.0,
2019-01-22,463.0,304.74,0.0,,,0.0,
2019-01-23,475.0,282.8,0.0,,,0.0,
2019-01-24,391.0,214.45,0.0,,,0.0,
2019-01-25,346.0,157.14,0.0,,,0.0,
2019-01-26,299.0,126.08,0.0,,,0.0,
2019-01-27,255.0,112.94,0.0,,,0.0,
2019-01-28,258.0,112.49,0.0,,,0.0,
2019-01-29,233.0,97.05,0.0,,,0.0,
2019-01-30,242.0,103.58,0.0,,,0.0,
2019-01-31,291.0,153.89,0.0,,,0.0,
2019-02-01,331.0,163.65,0.0,,,0.0,
2019-02-02,361.0,207.09,0.0,,,0.0,
2019-02-03,356.0,183.64,0.0,,,0.0,
2019-02-04,335.0,164.48,0.0,,,0.0,
2019-02-05,337.0,169.86,0.0,,,0.0,
2019-02-06,349.0,194.51,0.0,,,0.0,
2019-02-07,350.0,180.67,0.0,,,0.0,
2019-02-08,321.0,153.28,0.0,,,0.0,
2019-02-09,275.0,113.11,0.0,,,0.0,
2019-02-10,178.0,57.85,0.0,,,0.0,
2019-02-11,167.0,90.05,0.0,,,0.0,
2019-02-12,264.0,125.98,0.0,,,0.0,
2019-02-13,288.0,130.91,0.0,,,0.0,
2019-02-14,345.0,195.34,0.0,,,0.0,
2019-02-15,360.0,206.83,0.0,,,0.0,
2019-02-16,307.0,115.8,0.0,,,0.0,
2019-02-17,229.0,96.52,0.0,,,0.0,
2019-02-18,240.0,113.34,0.0,,,0.0,
2019-02-19,295.0,152.16,0.0,,,0.0,
2019-02-20,236.0,95.73,0.0,,,0.0,
2019-02-21,278.0,157.09,0.0,,,0.0,
2019-02-22,247.0,94.94,0.0,,,0.0,
2019-02-23,224.0,106.79,0.0,,,0.0,
2019-02-24,286.0,114.95,0.0,,,0.0,
2019-02-25,205.0,81.45,0.0,,,0.0,
2019-02-26,135.0,49.4,0.0,,,0.0,
2019-02-27,76.0,28.96,0.0,,,0.0,
2019-02-28,75.0,36.08,0.0,,,0.0,
2019-03-01,141.0,60.77,0.0,,,0.0,
2019-03-02,199.0,85.85,0.0,,,0.0,
2019-03-03,256.0,114.86,0.0,,,0.0,
2019-03-04,242.0,97.47,0.0,,,0.0,
2019-03-05,129.0,56.44,0.0,,,0.0,
2019-03-06,144.0,73.88,0.0,,,0.0,
2019-03-07,212.0,89.06,0.0,,,0.0,
2019-03-08,184.0,82.36,0.0,,,0.0,
2019-03-09,200.0,85.52,0.0,,,0.0,
2019-03-10,162.0,66.32,0.0,,,0.0,
2019-03-11,101.0,64.17,0.0,,,0.0,
2019-03-12,189.0,90.0,0.0,,,0.0,
2019-03-13,150.0,68.87,0.0,,,0.0,
2019-03-14,178.0,89.98,0.0,,,0.0,
2019-03-15,207.0,88.46,0.0,,,0.0,
2019-03-16,130.0,52.9,0.0,,,0.0,
2019-03-17,131.0,75.4,0.0,,,0.0,
2019-03-18,119.0,48.07,0.0,,,0.0,
2019-03-19,122.0,60.48,0.0,,,0.0,
2019-03-20,115.0,67.03,0.0,,,0.0,
2019-03-21,144.0,60.11,0.0,,,0.0,
2019-03-22,98.0,50.03,0.0,,,0.0,
2019-03-23,114.0,67.63,0.0,,,0.0,
2019-03-24,192.0,81.82,0.0,,,0.0,
2019-03-25,226.0,100.22,0.0,,,0.0,
2019-03-26,214.0,82.49,0.0,,,0.0,
2019-03-27,141.0,62.36,0.0,,,0.0,
2019-03-28,133.0,61.16,0.0,,,0.0,
2019-03-29,116.0,53.72,0.0,,,0.0,
2019-03-30,96.0,54.17,0.0,,,0.0,
2019-03-31,106.0,50.23,0.0,,,0.0,
2019-04-01,74.0,27.98,0.0,,,0.0,
2019-04-02,69.0,47.53,0.0,,,0.0,
2019-04-03,88.0,43.55,0.0,,,0.0,
2019-04-04,83.0,41.47,0.0,,,0.0,
2019-04-05,79.0,43.05,0.0,,,0.0,
2019-04-06,86.0,41.82,0.0,,,0.0,
2019-04-07,79.0,33.47,0.0,,,0.0,
2019-04-08,77.0,34.9,0.0,,,0.0,
2019-04-09,68.0,36.38,0.0,,,0.0,
2019-04-10,66.0,30.36,0.0,,,0.0,
2019-04-11,60.0,36.29,0.0,,,0.0,
2019-04-12,63.0,34.96,0.0,,,0.0,
2019-04-13,73.0,38.4,0.0,,,0.0,
2019-04-14,67.0,37.68,0.0,,,0.0,
2019-04-15,68.0,37.91,0.0,,,0.0,
2019-04-16,79.0,52.47,0.0,,,0.0,
2019-04-17,119.0,64.22,0.0,,,0.0,
2019-04-18,169.0,76.6,0.0,,,0.0,
2019-04-19,166.0,77.82,0.0,,,0.0,
2019-04-20,135.0,55.14,0.0,,,0.0,
2019-04-21,86.0,41.44,0.0,,,0.0,
2019-04-22,87.0,47.76,0.0,,,0.0,
2019-04-23,87.0,38.95,0.0,,,0.0,
2019-04-24,80.0,36.62,0.0,,,0.0,
2019-04-25,65.0,32.45,0.0,,,0.0,
2019-04-26,66.0,40.39,0.0,,,0.0,
2019-04-27,85.0,46.78,0.0,,,0.0,
2019-04-28,82.0,37.93,0.0,,,0.0,
2019-04-29,78.0,27.48,0.0,,,0.0,
2019-04-30,120.0,24.32,0.0,,,0.0,
2019-05-01,73.0,19.24,0.0,,,0.0,
2019-05-02,36.0,17.81,0.0,,,0.0,
2019-05-03,38.0,16.59,0.0,,,0.0,
2019-05-04,49.0,22.34,0.0,,,0.0,
2019-05-05,86.0,55.45,0.0,,,0.0,
2019-05-06,108.0,55.4,0.0,,,0.0,
2019-05-07,116.0,61.78,0.0,,,0.0,
2019-05-08,122.0,67.4,0.0,,,0.0,
2019-05-09,124.0,66.57,0.0,,,0.0,
2019-05-10,126.0,65.47,0.0,,,0.0,
2019-05-11,117.0,55.4,0.0,,,0.0,
2019-05-12,107.0,53.61,0.0,,,0.0,
2019-05-13,100.0,47.28,0.0,,,0.0,
2019-05-14,84.0,37.4,0.0,,,0.0,
2019-05-15,98.0,42.19,0.0,,,0.0,
2019-05-16,90.0,44.95,0.0,,,0.0,
2019-05-17,93.0,52.68,0.0,,,0.0,
2019-05-18,96.0,50.03,0.0,,,0.0,
2019-05-19,96.0,51.42,0.0,,,0.0,
2019-05-20,92.0,43.74,0.0,,,0.0,
2019-05-21,90.0,38.55,0.0,,,0.0,
2019-05-22,86.0,40.31,0.0,,,0.0,
2019-05-23,82.0,32.48,0.0,,,0.0,
2019-05-24,74.0,33.18,0.0,,,0.0,
2019-05-25,75.0,30.37,0.0,,,0.0,
2019-05-26,66.0,36.76,0.0,,,0.0,
2019-05-27,87.0,47.25,0.0,,,0.0,
2019-05-28,89.0,43.54,0.0,,,0.0,
2019-05-29,86.0,44.23,0.0,,,0.0,
2019-05-30,83.0,37.55,0.0,,,0.0,
2019-05-31,76.0,31.79,0.0,,,0.0,
2019-06-01,76.0,36.25,0.0,,,0.0,
2019-06-02,69.0,28.84,0.0,,,0.0,
2019-06-03,71.0,31.32,0.0,,,0.0,
2019-06-04,72.0,31.93,0.0,,,0.0,
2019-06-05,61.0,27.66,0.0,,,0.0,
2019-06-06,48.0,20.3,0.0,,,0.0,
2019-06-07,49.0,19.04,0.0,,,0.0,
2019-06-08,47.0,15.87,0.0,,,0.0,
2019-06-09,64.0,31.08,0.0,,,0.0,
2019-06-10,80.0,34.28,0.0,,,0.0,
2019-06-11,70.0,31.04,0.0,,,0.0,
2019-06-12,67.0,32.61,0.0,,,0.0,
2019-06-13,94.0,43.52,0.0,,,0.0,
2019-06-14,101.0,52.05,0.0,,,0.0,
2019-06-15,88.0,37.14,0.0,,,0.0,
2019-06-16,79.0,31.52,0.0,,,0.0,
2019-06-17,82.0,50.58,0.0,,,0.0,
2019-06-18,105.0,48.86,0.0,,,0.0,
2019-06-19,95.0,50.99,0.0,,,0.0,
2019-06-20,92.0,41.77,0.0,,,0.0,
2019-06-21,54.0,19.24,0.0,,,0.0,
2019-06-22,46.0,19.23,0.0,,,0.0,
2019-06-23,57.0,17.54,0.0,,,0.0,
2019-06-24,56.0,26.09,0.0,,,0.0,
2019-06-25,61.0,21.93,0.0,,,0.0,
2019-06-26,54.0,19.68,0.0,,,0.0,
2019-06-27,62.0,22.86,0.0,,,0.0,
2019-06-28,73.0,31.59,0.0,,,0.0,
2019-06-29,78.0,44.03,0.0,,,0.0,
2019-06-30,98.0,47.54,0.0,,,0.0,
2019-07-01,71.0,23.16,0.0,,,0.0,
2019-07-02,45.0,17.6,0.0,,,0.0,
2019-07-03,58.0,20.48,0.0,,,0.0,
2019-07-04,68.0,32.09,0.0,,,0.0,
2019-07-05,67.0,27.6,0.0,,,0.0,
2019-07-06,58.0,28.76,0.0,,,0.0,
2019-07-07,52.0,19.65,0.0,,,0.0,
2019-07-08,56.0,27.94,0.0,,,0.0,
2019-07-09,64.0,26.94,0.0,,,0.0,
2019-07-10,60.0,26.2,0.0,,,0.0,
2019-07-11,64.0,28.7,0.0,,,0.0,
2019-07-12,66.0,29.63,0.0,,,0.0,
2019-07-13,69.0,35.3,0.0,,,0.0,
2019-07-14,83.0,41.91,0.0,,,0.0,
2019-07-15,97.0,45.48,0.0,,,0.0,
2019-07-16,97.0,43.74,0.0,,,0.0,
2019-07-17,106.0,57.6,0.0,,,0.0,
2019-07-18,91.0,44.18,0.0,,,0.0,
2019-07-19,53.0,15.02,0.0,,,0.0,
2019-07-20,44.0,22.92,0.0,,,0.0,
2019-07-21,54.0,25.98,0.0,,,0.0,
2019-07-22,50.0,19.9,0.0,,,0.0,
2019-07-23,47.0,16.06,0.0,,,0.0,
2019-07-24,44.0,14.63,0.0,,,0.0,
2019-07-25,60.0,36.9,0.0,,,0.0,
2019-07-26,66.0,32.16,0.0,,,0.0,
2019-07-27,56.0,25.09,0.0,,,0.0,
2019-07-28,43.0,12.07,0.0,,,0.0,
2019-07-29,33.0,10.12,0.0,,,0.0,
2019-07-30,44.0,21.44,0.0,,,0.0,
2019-07-31,54.0,23.4,0.0,,,0.0,
2019-08-01,59.0,23.61,0.0,,,0.0,
2019-08-02,46.0,17.93,0.0,,,0.0,
2019-08-03,64.0,25.22,0.0,,,0.0,
2019-08-04,64.0,39.37,0.0,,,0.0,
2019-08-05,73.0,33.97,0.0,,,0.0,
2019-08-06,65.0,25.88,0.0,,,0.0,
2019-08-07,38.0,9.07,0.0,,,0.0,
2019-08-08,34.0,11.36,0.0,,,0.0,
2019-08-09,43.0,21.7,0.0,,,0.0,
2019-08-10,61.0,32.78,0.0,,,0.0,
2019-08-11,105.0,45.57,0.0,,,0.0,
2019-08-12,68.0,29.86,0.0,,,0.0,
2019-08-13,48.0,13.17,0.0,,,0.0,
2019-08-14,45.0,29.6,0.0,,,0.0,
2019-08-15,56.0,25.81,0.0,,,0.0,
2019-08-16,51.0,27.99,0.0,,,0.0,
2019-08-17,48.0,20.92,0.0,,,0.0,
2019-08-18,46.0,18.3,0.0,,,0.0,
2019-08-19,39.0,13.95,0.0,,,0.0,
2019-08-20,50.0,27.41,0.0,,,0.0,
2019-08-21,58.0,30.31,0.0,,,0.0,
2019-08-22,64.0,31.91,0.0,,,0.0,
2019-08-23,62.0,18.15,0.0,,,0.0,
2019-08-24,55.0,18.41,0.0,,,0.0,
2019-08-25,50.0,13.74,0.0,,,0.0,
2019-08-26,49.0,12.82,0.0,,,0.0,
2019-08-27,43.0,16.68,0.0,,,0.0,
2019-08-28,51.0,24.71,0.0,,,0.0,
2019-08-29,54.0,14.31,0.0,,,0.0,
2019-08-30,47.0,18.83,0.0,,,0.0,
2019-08-31,40.0,16.54,0.0,,,0.0,
2019-09-01,50.0,26.16,0.0,,,0.0,
2019-09-02,53.0,15.99,0.0,,,0.0,
2019-09-03,48.0,10.64,0.0,,,0.0,
2019-09-04,39.0,10.37,0.0,,,0.0,
2019-09-05,34.0,10.02,0.0,,,0.0,
2019-09-06,34.0,8.77,0.0,,,0.0,
2019-09-07,34.0,11.06,0.0,,,0.0,
2019-09-08,36.0,12.63,0.0,,,0.0,
2019-09-09,49.0,18.89,0.0,,,0.0,
2019-09-10,49.0,20.96,0.0,,,0.0,
2019-09-11,50.0,15.06,0.0,,,0.0,
2019-09-12,43.0,18.3,0.0,,,0.0,
2019-09-13,44.0,13.73,0.0,,,0.0,
2019-09-14,59.0,18.34,0.0,,,0.0,
2019-09-15,74.0,22.12,0.0,,,0.0,
2019-09-16,53.0,20.66,0.0,,,0.0,
2019-09-17,45.0,19.19,0.0,,,0.0,
2019-09-18,37.0,12.38,0.0,,,0.0,
2019-09-19,33.0,9.88,0.0,,,0.0,
2019-09-20,54.0,20.57,0.0,,,0.0,
2019-09-21,74.0,26.92,0.0,,,0.0,
2019-09-22,61.0,22.27,0.0,,,0.0,
2019-09-23,44.0,13.46,0.0,,,0.0,
2019-09-24,31.0,7.86,0.0,,,0.0,
2019-09-25,36.0,11.71,0.0,,,0.0,
2019-09-26,46.0,18.45,0.0,,,0.0,
2019-09-27,48.0,19.27,0.0,,,0.0,
2019-09-28,47.0,19.66,0.0,,,0.0,
2019-09-29,44.0,14.96,0.0,,,0.0,
2019-09-30,42.0,14.36,0.0,,,0.0,
2019-10-01,56.0,32.51,0.0,,,0.0,
2019-10-02,86.0,53.48,0.0,,,0.0,
2019-10-03,78.0,38.11,0.0,,,0.0,
2019-10-04,70.0,32.16,0.0,,,0.0,
2019-10-05,72.0,36.38,0.0,,,0.0,
2019-10-06,90.0,41.4,0.0,,,0.0,
2019-10-07,77.0,33.22,0.0,,,0.0,
2019-10-08,78.0,25.16,0.0,,,0.0,
2019-10-09,51.0,11.61,0.0,,,0.0,
2019-10-10,51.0,14.75,0.0,,,0.0,
2019-10-11,95.0,37.23,0.0,,,0.0,
2019-10-12,110.0,50.35,0.0,,,0.0,
2019-10-13,116.0,69.61,0.0,,,0.0,
2019-10-14,148.0,69.89,0.0,,,0.0,
2019-10-15,135.0,64.09,0.0,,,0.0,
2019-10-16,129.0,56.62,0.0,,,0.0,
2019-10-17,94.0,50.03,0.0,,,0.0,
2019-10-18,149.0,62.88,0.0,,,0.0,
2019-10-19,145.0,61.12,0.0,,,0.0,
2019-10-20,118.0,63.0,0.0,,,0.0,
2019-10-21,184.0,87.18,0.0,,,0.0,
2019-10-22,174.0,68.66,0.0,,,0.0,
2019-10-23,181.0,83.63,0.0,,,0.0,
2019-10-24,121.0,34.47,0.0,,,0.0,
2019-10-25,55.0,17.39,0.0,,,0.0,
2019-10-26,54.0,33.33,0.0,,,0.0,
2019-10-27,114.0,97.83,0.0,,,0.0,
2019-10-28,289.0,129.59,0.0,,,0.0,
2019-10-29,265.0,120.12,0.0,,,0.0,
2019-10-30,251.0,102.54,0.0,,,0.0,
2019-10-31,255.0,106.31,0.0,,,0.0,
2019-11-01,249.0,101.59,0.0,,,0.0,
2019-11-02,195.0,75.18,0.0,,,0.0,
2019-11-03,140.0,67.16,0.0,,,0.0,
2019-11-04,133.0,71.91,0.0,,,0.0,
2019-11-05,208.0,118.34,0.0,,,0.0,
2019-11-06,296.0,141.21,0.0,,,0.0,
2019-11-07,236.0,88.07,0.0,,,0.0,
2019-11-08,159.0,50.55,0.0,,,0.0,
2019-11-09,64.0,11.92,0.0,,,0.0,
2019-11-10,53.0,19.4,0.0,,,0.0,
2019-11-11,70.0,31.74,0.0,,,0.0,
2019-11-12,173.0,83.3,0.0,,,0.0,
2019-11-13,240.0,93.94,0.0,,,0.0,
2019-11-14,199.0,78.47,0.0,,,0.0,
2019-11-15,186.0,73.73,0.0,,,0.0,
2019-11-16,187.0,86.92,0.0,,,0.0,
2019-11-17,207.0,91.89,0.0,,,0.0,
2019-11-18,235.0,106.34,0.0,,,0.0,
2019-11-19,246.0,94.08,0.0,,,0.0,
2019-11-20,237.0,93.97,0.0,,,0.0,
2019-11-21,216.0,90.03,0.0,,,0.0,
2019-11-22,197.0,89.43,0.0,,,0.0,
2019-11-23,234.0,110.7,0.0,,,0.0,
2019-11-24,295.0,132.43,0.0,,,0.0,
2019-11-25,278.0,117.23,0.0,,,0.0,
2019-11-26,279.0,117.32,0.0,,,0.0,
2019-11-27,276.0,114.92,0.0,,,0.0,
2019-11-28,211.0,74.28,0.0,,,0.0,
2019-11-29,207.0,83.26,0.0,,,0.0,
2019-11-30,242.0,107.68,0.0,,,0.0,
2019-12-01,247.0,92.93,0.0,,,0.0,
2019-12-02,191.0,82.72,0.0,,,0.0,
2019-12-03,205.0,95.06,0.0,,,0.0,
2019-12-04,241.0,101.36,0.0,,,0.0,
2019-12-05,202.0,85.69,0.0,,,0.0,
2019-12-06,183.0,71.72,0.0,,,0.0,
2019-12-07,163.0,68.23,0.0,,,0.0,
2019-12-08,201.0,76.4,0.0,,,0.0,
2019-12-09,129.0,61.42,0.0,,,0.0,
2019-12-10,151.0,57.4,0.0,,,0.0,
2019-12-11,146.0,74.26,0.0,,,0.0,
2019-12-12,139.0,67.18,0.0,,,0.0,
2019-12-13,193.0,101.93,0.0,,,0.0,
2019-12-14,257.0,121.48,0.0,,,0.0,
2019-12-15,269.0,96.64,0.0,,,0.0,
2019-12-16,159.0,60.88,0.0,,,0.0,
2019-12-17,129.0,65.04,0.0,,,0.0,
2019-12-18,143.0,69.51,0.0,,,0.0,
2019-12-19,145.0,68.66,0.0,,,0.0,
2019-12-20,165.0,83.06,0.0,,,0.0,
2019-12-21,258.0,121.14,0.0,,,0.0,
2019-12-22,253.0,109.38,0.0,,,0.0,
2019-12-23,274.0,120.65,0.0,,,0.0,
2019-12-24,295.0,123.92,0.0,,,0.0,
2019-12-25,274.0,104.65,0.0,,,0.0,
2019-12-26,269.0,107.72,0.0,,,0.0,
2019-12-27,179.0,79.44,0.0,,,0.0,
2019-12-28,251.0,118.6,0.0,,,0.0,
2019-12-29,241.0,95.05,0.0,,,0.0,
2019-12-30,235.0,114.01,0.0,,,0.0,
2019-12-31,289.0,128.67,0.0,,,0.0,
2020-01-01,298.0,128.62,0.0,,,0.0,
2020-01-02,267.0,114.73,0.0,,,0.0,
2020-01-03,201.0,54.29,0.0,,,0.0,
2020-01-04,91.0,47.11,0.0,,,0.0,
2020-01-05,182.0,91.78,0.0,,,0.0,
2020-01-06,217.0,94.41,0.0,,,0.0,
2020-01-07,203.0,101.15,0.0,,,0.0,
2020-01-08,264.0,107.83,0.0,,,0.0,
2020-01-09,200.0,84.88,0.0,,,0.0,
2020-01-10,179.0,84.49,0.0,,,0.0,
2020-01-11,162.0,78.54,0.0,,,0.0,
2020-01-12,194.0,83.17,0.0,,,0.0,
2020-01-13,184.0,89.03,0.0,,,0.0,
2020-01-14,286.0,146.7,0.0,,,0.0,
2020-01-15,338.0,176.49,0.0,,,0.0,
2020-01-16,347.0,145.88,0.0,,,0.0,
2020-01-17,277.0,111.02,0.0,,,0.0,
2020-01-18,219.0,82.65,0.0,,,0.0,
2020-01-19,196.0,83.41,0.0,,,0.0,
2020-01-20,148.0,62.35,0.0,,,0.0,
2020-01-21,172.0,75.02,0.0,,,0.0,
2020-01-22,229.0,102.79,0.0,,,0.0,
2020-01-23,260.0,118.1,0.0,,,0.0,
2020-01-24,248.0,84.27,0.0,,,0.0,
2020-01-25,157.0,62.5,0.0,,,0.0,
2020-01-26,234.0,106.39,0.0,,,0.0,
2020-01-27,254.0,107.8,0.0,,,0.0,
2020-01-28,278.0,115.41,0.0,,,0.0,
2020-01-29,175.0,51.86,0.0,,,0.0,
2020-01-30,102.0,56.91,0.0,,,0.0,
2020-01-31,163.0,73.09,0.0,,,0.0,
2020-02-01,159.0,61.11,0.0,,,0.0,
2020-02-02,174.0,67.01,0.0,,,0.0,
2020-02-03,156.0,66.42,0.0,,,0.0,
2020-02-04,184.0,79.24,0.0,,,0.0,
2020-02-05,222.0,101.36,0.0,,,0.0,
2020-02-06,192.0,78.36,0.0,,,0.0,
2020-02-07,189.0,80.67,0.0,,,0.0,
2020-02-08,217.0,110.11,0.0,,,0.0,
2020-02-09,246.0,89.17,0.0,,,0.0,
2020-02-10,196.0,80.91,0.0,,,0.0,
2020-02-11,241.0,106.37,0.0,,,0.0,
2020-02-12,247.0,101.11,0.0,,,0.0,
2020-02-13,240.0,99.03,0.0,,,0.0,
2020-02-14,254.0,106.87,0.0,,,0.0,
2020-02-15,185.0,71.25,0.0,,,0.0,
2020-02-16,219.0,100.15,0.0,,,0.0,
2020-02-17,228.0,101.37,0.0,,,0.0,
2020-02-18,226.0,92.52,0.0,,,0.0,
2020-02-19,203.0,84.06,0.0,,,0.0,
2020-02-20,157.0,58.63,0.0,,,0.0,
2020-02-21,162.0,81.15,0.0,,,0.0,
2020-02-22,242.0,107.24,0.0,,,0.0,
2020-02-23,233.0,94.78,0.0,,,0.0,
2020-02-24,209.0,106.36,0.0,,,0.0,
2020-02-25,237.0,82.03,0.0,,,0.0,
2020-02-26,116.0,40.94,0.0,,,0.0,
2020-02-27,91.0,45.0,0.0,,,0.0,
2020-02-28,142.0,73.23,0.0,,,0.0,
2020-02-29,167.0,73.68,0.0,,,0.0,
2020-03-01,196.0,92.08,0.0,,,0.0,
2020-03-02,222.0,97.45,0.0,,,0.0,
2020-03-03,194.0,82.48,0.0,,,0.0,
2020-03-04,127.0,50.13,0.0,,,0.0,
2020-03-05,89.0,34.26,0.0,,,0.0,
2020-03-06,90.0,36.1,0.0,,,0.0,
2020-03-07,69.0,32.81,0.0,,,0.0,
2020-03-08,82.0,37.96,0.0,,,0.0,
2020-03-09,128.0,57.01,0.0,,,0.0,
2020-03-10,149.0,65.59,0.0,,,0.0,
2020-03-11,143.0,56.77,0.0,,,0.0,
2020-03-12,120.0,57.54,0.0,,,0.0,
2020-03-13,126.0,57.2,0.0,,,0.0,
2020-03-14,132.0,52.17,0.0,,,0.0,
2020-03-15,92.0,23.34,0.0,,,0.0,
2020-03-16,107.0,56.05,0.0,,,0.0,
2020-03-17,138.0,61.94,0.0,,,0.0,
2020-03-18,156.0,77.16,0.0,,,0.0,
2020-03-19,207.0,86.38,0.0,,,0.0,
2020-03-20,139.0,42.09,0.0,,,0.0,
2020-03-21,117.0,47.22,0.0,,,0.0,
2020-03-22,83.0,16.18,0.0,,,0.0,
2020-03-23,99.0,29.31,0.0,,,0.0,
2020-03-24,88.0,33.21,0.0,,,0.0,
2020-03-25,96.0,53.01,0.0,,,0.0,
2020-03-26,95.0,37.02,0.0,,,0.0,
2020-03-27,106.0,48.1,0.0,,,0.0,
2020-03-28,100.0,46.57,0.0,,,0.0,
2020-03-29,101.0,40.85,0.0,,,0.0,
2020-03-30,107.0,43.56,0.0,,,0.0,
2020-03-31,110.0,44.67,0.0,,,0.0,
2020-04-01,117.0,50.19,0.0,,,0.0,
2020-04-02,100.0,42.51,0.0,,,0.0,
2020-04-03,100.0,43.08,0.0,,,0.0,
2020-04-04,129.0,60.85,0.0,,,0.0,
2020-04-05,112.0,47.78,0.0,,,0.0,
2020-04-06,96.0,38.78,0.0,,,0.0,
2020-04-07,95.0,39.33,0.0,,,0.0,
2020-04-08,82.0,23.45,0.0,,,0.0,
2020-04-09,100.0,20.26,0.0,,,0.0,
2020-04-10,79.0,19.11,0.0,,,0.0,
2020-04-11,62.0,18.03,0.0,,,0.0,
2020-04-12,60.0,23.56,0.0,,,0.0,
2020-04-13,65.0,24.5,0.0,,,0.0,
2020-04-14,56.0,26.65,0.0,,,0.0,
2020-04-15,59.0,24.33,0.0,,,0.0,
2020-04-16,68.0,30.15,0.0,,,0.0,
2020-04-17,62.0,21.85,0.0,,,0.0,
2020-04-18,48.0,18.37,0.0,,,0.0,
2020-04-19,67.0,13.35,0.0,,,0.0,
2020-04-20,45.0,14.57,0.0,,,0.0,
2020-04-21,56.0,11.81,0.0,,,0.0,
2020-04-22,56.0,16.18,0.0,,,0.0,
2020-04-23,41.0,13.48,0.0,,,0.0,
2020-04-24,44.0,10.49,0.0,,,0.0,
2020-04-25,59.0,15.3,0.0,,,0.0,
2020-04-26,59.0,15.74,0.0,,,0.0,
2020-04-27,44.0,10.67,0.0,,,0.0,
2020-04-28,45.0,7.71,0.0,,,0.0,
2020-04-29,51.0,16.66,0.0,,,0.0,
2020-04-30,54.0,13.88,0.0,,,0.0,
2020-05-01,51.0,10.46,0.0,,,0.0,
2020-05-02,49.0,16.81,0.0,,,0.0,
2020-05-03,57.0,18.04,0.0,,,0.0,
2020-05-04,50.0,22.15,0.0,,,0.0,
2020-05-05,50.0,17.49,0.0,,,0.0,
2020-05-06,61.0,12.66,0.0,,,0.0,
2020-05-07,59.0,16.77,0.0,,,0.0,
2020-05-08,64.0,16.16,0.0,,,0.0,
2020-05-09,73.0,21.76,0.0,,,0.0,
2020-05-10,63.0,19.3,0.0,,,0.0,
2020-05-11,75.0,19.21,0.0,,,0.0,
2020-05-12,97.0,29.09,0.0,,,0.0,
2020-05-13,71.0,24.23,0.0,,,0.0,
2020-05-14,52.0,16.61,0.0,,,0.0,
2020-05-15,44.0,12.3,0.0,,,0.0,
2020-05-16,44.0,11.23,0.0,,,0.0,
2020-05-17,50.0,10.61,0.0,,,0.0,
2020-05-18,38.0,12.93,0.0,,,0.0,
2020-05-19,32.0,8.32,0.0,,,0.0,
2020-05-20,39.0,10.3,0.0,,,0.0,
2020-05-21,37.0,7.3,0.0,,,0.0,
2020-05-22,47.0,17.4,0.0,,,0.0,
2020-05-23,50.0,21.78,0.0,,,0.0,
2020-05-24,49.0,18.89,0.0,,,0.0,
2020-05-25,48.0,16.54,0.0,,,0.0,
2020-05-26,46.0,15.14,0.0,,,0.0,
2020-05-27,43.0,13.81,0.0,,,0.0,
2020-05-28,47.0,15.07,0.0,,,0.0,
2020-05-29,55.0,17.5,0.0,,,0.0,
2020-05-30,52.0,15.02,0.0,,,0.0,
2020-05-31,55.0,14.29,0.0,,,0.0,
2020-06-01,45.0,12.65,0.0,,,0.0,
2020-06-02,51.0,12.76,0.0,,,0.0,
2020-06-03,63.0,14.58,0.0,,,0.0,
2020-06-04,52.0,16.0,0.0,,,0.0,
2020-06-05,46.0,11.25,0.0,,,0.0,
2020-06-06,59.0,16.85,0.0,,,0.0,
2020-06-07,67.0,24.22,0.0,,,0.0,
2020-06-08,59.0,23.13,0.0,,,0.0,
2020-06-09,54.0,19.63,0.0,,,0.0,
2020-06-10,40.0,14.39,0.0,,,0.0,
2020-06-11,32.0,6.99,0.0,,,0.0,
2020-06-12,38.0,8.7,0.0,,,0.0,
2020-06-13,38.0,8.96,0.0,,,0.0,
2020-06-14,32.0,9.93,0.0,,,0.0,
2020-06-15,34.0,11.99,0.0,,,0.0,
2020-06-16,47.0,9.9,0.0,,,0.0,
2020-06-17,50.0,14.57,0.0,,,0.0,
2020-06-18,47.0,15.18,0.0,,,0.0,
2020-06-19,50.0,18.5,0.0,,,0.0,
2020-06-20,45.0,11.11,0.0,,,0.0,
2020-06-21,37.0,9.3,0.0,,,0.0,
2020-06-22,42.0,13.7,0.0,,,0.0,
2020-06-23,45.0,15.9,0.0,,,0.0,
2020-06-24,52.0,16.98,0.0,,,0.0,
2020-06-25,52.0,15.53,0.0,,,0.0,
2020-06-26,42.0,9.59,0.0,,,0.0,
2020-06-27,37.0,7.89,0.0,,,0.0,
2020-06-28,43.0,10.58,0.0,,,0.0,
2020-06-29,48.0,14.53,0.0,,,0.0,
2020-06-30,47.0,14.0,0.0,,,0.0,
2020-07-01,45.0,10.53,0.0,,,0.0,
2015-03-21,607.0,518.1,0.0,,,0.0,
2015-03-22,707.0,674.43,0.0,,,0.0,
2015-03-23,699.0,41.71,0.0,,,0.0,
2015-03-24,108.0,63.06,0.0,,,0.0,
2015-03-25,111.0,50.6,0.0,,,0.0,
2015-03-26,116.0,55.31,0.0,,,0.0,
2015-03-27,104.0,60.99,0.0,,,0.0,
2015-03-28,114.0,58.69,0.0,,,0.0,
2015-03-29,124.0,56.07,0.0,,,0.0,
2015-03-30,113.0,53.07,0.0,,,0.0,
2015-03-31,104.0,40.51,0.0,,,0.0,
2015-04-01,124.0,60.06,0.0,,,0.0,
2015-04-02,157.0,59.78,0.0,,,0.0,
2015-04-03,122.0,75.52,0.0,,,0.0,
2015-04-04,144.0,41.71,0.0,,,0.0,
2015-04-05,123.0,50.51,0.0,,,0.0,
2015-04-06,114.0,37.74,0.0,,,0.0,
2015-04-07,120.0,49.06,0.0,,,0.0,
2015-04-08,117.0,36.35,0.0,,,0.0,
2015-04-09,104.0,37.09,0.0,,,0.0,
2015-04-10,108.0,48.37,0.0,,,0.0,
2015-04-11,114.0,63.86,0.0,,,0.0,
2015-04-12,134.0,54.17,0.0,,,0.0,
2015-04-13,103.0,44.54,0.0,,,0.0,
2015-04-14,103.0,45.94,0.0,,,0.0,
2015-04-15,104.0,44.87,0.0,,,0.0,
2015-04-16,104.0,47.12,0.0,,,0.0,
2015-04-17,103.0,43.82,0.0,,,0.0,
2015-04-19,105.0,43.04,0.0,,,0.0,
2015-04-20,167.0,36.72,0.0,,,0.0,
2015-04-21,122.0,44.07,0.0,,,0.0,
2015-04-22,133.0,32.86,0.0,,,0.0,
2015-04-23,102.0,50.1,0.0,,,0.0,
2015-04-24,113.0,44.39,0.0,,,0.0,
2015-04-25,160.0,39.98,0.0,,,0.0,
2015-04-26,105.0,44.83,0.0,,,0.0,
2015-04-27,104.0,46.26,0.0,,,0.0,
2015-04-28,111.0,42.06,0.0,,,0.0,
2015-04-29,110.0,34.93,0.0,,,0.0,
2015-04-30,109.0,46.02,0.0,,,0.0,
2015-05-01,162.0,105.39,0.0,,,0.0,
2015-05-02,175.0,49.21,0.0,,,0.0,
2015-05-03,133.0,42.74,0.0,,,0.0,
2015-05-04,118.0,44.41,0.0,,,0.0,
2015-05-05,119.0,33.52,0.0,,,0.0,
2015-05-06,114.0,29.95,0.0,,,0.0,
2015-05-07,115.0,29.69,0.0,,,0.0,
2015-05-08,148.0,28.56,0.0,,,0.0,
2015-05-09,176.0,28.45,0.0,,,0.0,
2015-05-10,150.0,32.08,0.0,,,0.0,
2015-05-11,163.0,36.26,0.0,,,0.0,
2015-05-12,138.0,29.07,0.0,,,0.0,
2015-05-13,119.0,32.94,0.0,,,0.0,
2015-05-14,112.0,33.4,0.0,,,0.0,
2015-05-15,119.0,28.85,0.0,,,0.0,
2015-05-16,118.0,36.88,0.0,,,0.0,
2015-05-17,127.0,36.01,0.0,,,0.0,
2015-05-18,169.0,34.55,0.0,,,0.0,
2015-05-19,118.0,34.76,0.0,,,0.0,
2015-05-20,106.0,32.51,0.0,,,0.0,
2015-05-21,115.0,42.98,0.0,,,0.0,
2015-05-22,187.0,34.6,0.0,,,0.0,
2015-05-23,135.0,46.62,0.0,,,0.0,
2015-05-24,125.0,39.74,0.0,,,0.0,
2015-05-25,128.0,45.86,0.0,,,0.0,
2015-05-26,136.0,39.79,0.0,,,0.0,
2015-05-27,163.0,39.79,0.0,,,0.0,
2015-05-28,127.0,40.78,0.0,,,0.0,
2015-05-29,127.0,56.01,0.0,,,0.0,
2015-05-30,198.0,41.14,0.0,,,0.0,
2015-05-31,107.0,25.56,0.0,,,0.0,
2015-06-01,112.0,23.1,0.0,,,0.0,
2015-06-02,116.0,44.99,0.0,,,0.0,
2015-06-03,189.0,71.26,0.0,,,0.0,
2015-06-04,198.0,61.85,0.0,,,0.0,
2015-06-05,203.0,77.49,0.0,,,0.0,
2015-06-06,193.0,76.8,0.0,,,0.0,
2015-06-07,191.0,70.64,0.0,,,0.0,
2015-06-08,211.0,78.15,0.0,,,0.0,
2015-06-09,161.0,53.52,0.0,,,0.0,
2015-06-10,217.0,52.4,0.0,,,0.0,
2015-06-11,119.0,53.19,0.0,,,0.0,
2015-06-12,139.0,47.72,0.0,,,0.0,
2015-06-13,106.0,52.73,0.0,,,0.0,
2015-06-14,101.0,42.28,0.0,,,0.0,
2015-06-15,229.0,97.19,0.0,,,0.0,
2015-06-16,270.0,95.8,0.0,,,0.0,
2015-06-17,103.0,32.33,0.0,,,0.0,
2015-06-18,94.0,34.61,0.0,,,0.0,
2015-06-19,102.0,37.29,0.0,,,0.0,
2015-06-20,104.0,123.5,0.0,,,0.0,
2015-06-21,218.0,38.13,0.0,,,0.0,
2015-06-22,159.0,64.33,0.0,,,0.0,
2015-06-23,157.0,71.33,0.0,,,0.0,
2015-06-24,132.0,35.56,0.0,,,0.0,
2015-06-25,70.0,37.82,0.0,,,0.0,
2015-06-26,188.0,35.19,0.0,,,0.0,
2015-06-27,167.0,19.15,0.0,,,0.0,
2015-06-28,59.0,18.09,0.0,,,0.0,
2015-06-29,51.0,17.86,0.0,,,0.0,
2015-06-30,131.0,17.81,0.0,,,0.0,
2015-07-01,95.0,19.69,0.0,,,0.0,
2015-07-02,80.0,23.32,0.0,,,0.0,
2015-07-03,75.0,18.64,0.0,,,0.0,
2015-07-04,115.0,19.77,0.0,,,0.0,
2015-07-05,152.0,21.85,0.0,,,0.0,
2015-07-06,153.0,27.82,0.0,,,0.0,
2015-07-07,210.0,18.85,0.0,,,0.0,
2015-07-08,112.0,18.47,0.0,,,0.0,
2015-07-09,65.0,20.98,0.0,,,0.0,
2015-07-10,80.0,21.6,0.0,,,0.0,
2015-07-11,112.0,29.6,0.0,,,0.0,
2015-07-12,47.0,,0.0,,,0.0,
2015-07-14,205.0,37.85,0.0,,,0.0,
2015-07-15,149.0,34.86,0.0,,,0.0,
2015-07-16,136.0,24.42,0.0,,,0.0,
2015-07-17,133.0,23.99,0.0,,,0.0,
2015-07-18,123.0,24.5,0.0,,,0.0,
2015-07-19,120.0,25.45,0.0,,,0.0,
2015-07-20,165.0,25.49,0.0,,,0.0,
2015-07-21,136.0,24.02,0.0,,,0.0,
2015-07-22,97.0,30.2,0.0,,,0.0,
2015-07-23,141.0,62.19,0.0,,,0.0,
2015-07-24,156.0,52.39,0.0,,,0.0,
2015-07-25,139.0,49.34,0.0,,,0.0,
2015-07-26,127.0,35.5,0.0,,,0.0,
2015-07-27,116.0,44.01,0.0,,,0.0,
2015-07-28,139.0,51.09,0.0,,,0.0,
2015-07-29,139.0,43.47,0.0,,,0.0,
2015-07-30,136.0,41.28,0.0,,,0.0,
2015-07-31,104.0,48.46,0.0,,,0.0,
2015-08-01,194.0,48.58,0.0,,,0.0,
2015-08-02,105.0,49.0,0.0,,,0.0,
2015-08-03,86.0,43.58,0.0,,,0.0,
2015-08-04,99.0,51.67,0.0,,,0.0,
2015-08-05,118.0,46.36,0.0,,,0.0,
2015-08-06,107.0,55.45,0.0,,,0.0,
2015-08-07,110.0,43.3,0.0,,,0.0,
2015-08-08,142.0,44.99,0.0,,,0.0,
2015-08-09,101.0,68.06,0.0,,,0.0,
2015-08-10,150.0,63.08,0.0,,,0.0,
2015-08-11,175.0,50.4,0.0,,,0.0,
2015-08-12,78.0,34.61,0.0,,,0.0,
2015-08-13,119.0,57.71,0.0,,,0.0,
2015-08-14,83.0,30.81,0.0,,,0.0,
2015-08-15,82.0,32.36,0.0,,,0.0,
2015-08-16,94.0,32.23,0.0,,,0.0,
2015-08-17,84.0,31.72,0.0,,,0.0,
2015-08-18,140.0,31.98,0.0,,,0.0,
2015-08-19,103.0,33.01,0.0,,,0.0,
2015-08-20,80.0,34.33,0.0,,,0.0,
2015-08-21,75.0,21.08,0.0,,,0.0,
2015-08-22,78.0,40.93,0.0,,,0.0,
2015-08-23,77.0,43.9,0.0,,,0.0,
2015-08-24,82.0,56.57,0.0,,,0.0,
2015-08-25,158.0,46.62,0.0,,,0.0,
2015-08-26,75.0,45.44,0.0,,,0.0,
2015-08-27,106.0,40.47,0.0,,,0.0,
2015-08-28,105.0,44.58,0.0,,,0.0,
2015-08-29,82.0,42.75,0.0,,,0.0,
2015-08-30,89.0,46.2,0.0,,,0.0,
2015-08-31,94.0,45.17,0.0,,,0.0,
2015-09-01,80.0,46.76,0.0,,,0.0,
2015-09-02,86.0,47.64,0.0,,,0.0,
2015-09-03,107.0,52.43,0.0,,,0.0,
2015-09-04,113.0,57.1,0.0,,,0.0,
2015-09-05,108.0,51.36,0.0,,,0.0,
2015-09-06,117.0,62.46,0.0,,,0.0,
2015-09-07,114.0,57.19,0.0,,,0.0,
2015-09-08,143.0,66.99,0.0,,,0.0,
2015-09-09,151.0,66.88,0.0,,,0.0,
2015-09-10,132.0,62.73,0.0,,,0.0,
2015-09-11,148.0,65.64,0.0,,,0.0,
2015-09-12,149.0,72.15,0.0,,,0.0,
2015-09-13,232.0,68.23,0.0,,,0.0,
2015-09-14,154.0,66.15,0.0,,,0.0,
2015-09-15,171.0,71.73,0.0,,,0.0,
2015-09-16,152.0,64.24,0.0,,,0.0,
2015-09-17,145.0,66.17,0.0,,,0.0,
2015-09-18,160.0,64.64,0.0,,,0.0,
2015-09-19,154.0,70.56,0.0,,,0.0,
2015-09-20,196.0,74.68,0.0,,,0.0,
2015-09-21,130.0,28.82,0.0,,,0.0,
2015-09-22,90.0,28.26,0.0,,,0.0,
2015-09-23,91.0,39.66,0.0,,,0.0,
2015-09-24,85.0,48.54,0.0,,,0.0,
2015-09-25,91.0,49.65,0.0,,,0.0,
2015-09-26,86.0,42.27,0.0,,,0.0,
2015-09-27,89.0,49.92,0.0,,,0.0,
2015-09-28,101.0,63.28,0.0,,,0.0,
2015-09-29,116.0,51.42,0.0,,,0.0,
2015-09-30,223.0,47.21,0.0,,,0.0,
2015-10-01,244.0,47.78,0.0,,,0.0,
2015-10-02,143.0,54.13,0.0,,,0.0,
2015-10-03,220.0,60.88,0.0,,,0.0,
2015-10-04,154.0,65.59,0.0,,,0.0,
2015-10-05,118.0,59.33,0.0,,,0.0,
2015-10-06,148.0,34.68,0.0,,,0.0,
2015-10-07,100.0,53.63,0.0,,,0.0,
2015-10-08,183.0,68.67,0.0,,,0.0,
2015-10-09,228.0,57.76,0.0,,,0.0,
2015-10-10,171.0,44.58,0.0,,,0.0,
2015-10-11,191.0,28.45,0.0,,,0.0,
2015-10-12,156.0,70.75,0.0,,,0.0,
2015-10-13,146.0,72.43,0.0,,,0.0,
2015-10-14,164.0,73.52,0.0,,,0.0,
2015-10-15,240.0,82.39,0.0,,,0.0,
2015-10-16,188.0,95.47,0.0,,,0.0,
2015-10-17,230.0,112.56,0.0,,,0.0,
2015-10-18,267.0,133.81,0.0,,,0.0,
2015-10-19,231.0,133.94,0.0,,,0.0,
2015-10-20,323.0,188.69,0.0,,,0.0,
2015-10-21,334.0,185.78,0.0,,,0.0,
2015-10-22,324.0,166.1,0.0,,,0.0,
2015-10-23,253.0,120.87,0.0,,,0.0,
2015-10-24,331.0,155.09,0.0,,,0.0,
2015-10-25,345.0,162.6,0.0,,,0.0,
2015-10-26,340.0,190.97,0.0,,,0.0,
2015-10-27,365.0,192.37,0.0,,,0.0,
2015-10-28,345.0,156.6,0.0,,,0.0,
2015-10-29,341.0,123.29,0.0,,,0.0,
2015-10-30,319.0,123.44,0.0,,,0.0,
2015-10-31,305.0,140.75,0.0,,,0.0,
2015-11-01,329.0,154.01,0.0,,,0.0,
2015-11-02,328.0,162.51,0.0,,,0.0,
2015-11-03,329.0,147.9,0.0,,,0.0,
2015-11-04,356.0,205.62,0.0,,,0.0,
2015-11-05,389.0,187.6,0.0,,,0.0,
2015-11-06,321.0,127.49,0.0,,,0.0,
2015-11-07,333.0,192.7,0.0,,,0.0,
2015-11-08,361.0,186.9,0.0,,,0.0,
2015-11-09,264.0,143.47,0.0,,,0.0,
2015-11-10,288.0,247.11,0.0,,,0.0,
2015-11-11,427.0,325.72,0.0,,,0.0,
2015-11-12,472.0,344.93,0.0,,,0.0,
2015-11-13,482.0,333.82,0.0,,,0.0,
2015-11-14,486.0,384.4,0.0,,,0.0,
2015-11-15,478.0,306.59,0.0,,,0.0,
2015-11-16,409.0,258.7,0.0,,,0.0,
2015-11-17,402.0,226.73,0.0,,,0.0,
2015-11-18,365.0,217.75,0.0,,,0.0,
2015-11-19,395.0,264.18,0.0,,,0.0,
2015-11-20,450.0,305.64,0.0,,,0.0,
2015-11-21,422.0,268.78,0.0,,,0.0,
2015-11-22,443.0,302.85,0.0,,,0.0,
2015-11-23,427.0,281.45,0.0,,,0.0,
2015-11-24,420.0,287.55,0.0,,,0.0,
2015-11-25,427.0,243.68,0.0,,,0.0,
2015-11-26,410.0,234.54,0.0,,,0.0,
2015-11-27,443.0,320.88,0.0,,,0.0,
2015-11-28,466.0,327.45,0.0,,,0.0,
2015-11-29,424.0,226.18,0.0,,,0.0,
2015-11-30,387.0,246.37,0.0,,,0.0,
2015-12-01,417.0,213.96,0.0,,,0.0,
2015-12-02,239.0,60.54,0.0,,,0.0,
2015-12-03,259.0,196.55,0.0,,,0.0,
2015-12-04,381.0,245.14,0.0,,,0.0,
2015-12-05,452.0,358.43,0.0,,,0.0,
2015-12-06,508.0,371.89,0.0,,,0.0,
2015-12-07,508.0,506.04,0.0,,,0.0,
2015-12-08,584.0,467.37,0.0,,,0.0,
2015-12-09,532.0,385.13,0.0,,,0.0,
2015-12-10,510.0,384.13,0.0,,,0.0,
2015-12-11,426.0,240.85,0.0,,,0.0,
2015-12-12,455.0,343.82,0.0,,,0.0,
2015-12-13,418.0,245.71,0.0,,,0.0,
2015-12-14,421.0,269.97,0.0,,,0.0,
2015-12-15,372.0,206.35,0.0,,,0.0,
2015-12-16,377.0,207.43,0.0,,,0.0,
2015-12-17,344.0,174.5,0.0,,,0.0,
2015-12-18,339.0,171.81,0.0,,,0.0,
2015-12-19,270.0,130.02,0.0,,,0.0,
2015-12-20,376.0,216.6,0.0,,,0.0,
2015-12-21,362.0,209.5,0.0,,,0.0,
2015-12-22,381.0,263.23,0.0,,,0.0,
2015-12-23,442.0,277.97,0.0,,,0.0,
2015-12-24,366.0,176.88,0.0,,,0.0,
2015-12-25,325.0,119.88,0.0,,,0.0,
2015-12-26,291.0,143.01,0.0,,,0.0,
2015-12-27,332.0,145.11,0.0,,,0.0,
2015-12-28,314.0,157.54,0.0,,,0.0,
2015-12-29,346.0,152.87,0.0,,,0.0,
2015-12-30,324.0,162.39,0.0,,,0.0,
2015-12-31,359.0,207.99,0.0,,,0.0,
2016-01-01,375.0,203.43,0.0,,,0.0,
2016-01-02,366.0,188.05,0.0,,,0.0,
2016-01-03,315.0,135.82,0.0,,,0.0,
2016-01-04,304.0,137.98,0.0,,,0.0,
2016-01-05,313.0,137.01,0.0,,,0.0,
2016-01-06,327.0,173.33,0.0,,,0.0,
2016-01-07,336.0,149.68,0.0,,,0.0,
2016-01-08,318.0,155.57,0.0,,,0.0,
2016-01-09,322.0,119.03,0.0,,,0.0,
2016-01-10,245.0,120.45,0.0,,,0.0,
2016-01-11,337.0,192.61,0.0,,,0.0,
2016-01-12,376.0,237.84,0.0,,,0.0,
2016-01-13,403.0,250.73,0.0,,,0.0,
2016-01-14,402.0,250.67,0.0,,,0.0,
2016-01-15,362.0,169.86,0.0,,,0.0,
2016-01-16,349.0,174.76,0.0,,,0.0,
2016-01-17,338.0,168.21,0.0,,,0.0,
2016-01-18,369.0,232.46,0.0,,,0.0,
2016-01-19,404.0,273.85,0.0,,,0.0,
2016-01-20,375.0,139.7,0.0,,,0.0,
2016-01-21,330.0,166.38,0.0,,,0.0,
2016-01-22,372.0,255.63,0.0,,,0.0,
2016-01-23,415.0,253.71,0.0,,,0.0,
2016-01-24,404.0,241.9,0.0,,,0.0,
2016-01-25,388.0,238.8,0.0,,,0.0,
2016-01-26,404.0,248.76,0.0,,,0.0,
2016-01-27,372.0,212.94,0.0,,,0.0,
2016-01-28,393.0,255.85,0.0,,,0.0,
2016-01-29,407.0,259.11,0.0,,,0.0,
2016-01-30,418.0,277.66,0.0,,,0.0,
2016-01-31,399.0,210.94,0.0,,,0.0,
2016-02-01,337.0,151.38,0.0,,,0.0,
2016-02-02,339.0,153.42,0.0,,,0.0,
2016-02-03,316.0,130.88,0.0,,,0.0,
2016-02-04,252.0,115.55,0.0,,,0.0,
2016-02-05,315.0,178.06,0.0,,,0.0,
2016-02-06,384.0,253.19,0.0,,,0.0,
2016-02-07,394.0,255.81,0.0,,,0.0,
2016-02-08,420.0,290.47,0.0,,,0.0,
2016-02-09,394.0,206.49,0.0,,,0.0,
2016-02-10,366.0,206.95,0.0,,,0.0,
2016-02-11,392.0,209.99,0.0,,,0.0,
2016-02-12,377.0,168.23,0.0,,,0.0,
2016-02-13,319.0,147.08,0.0,,,0.0,
2016-02-14,335.0,162.7,0.0,,,0.0,
2016-02-15,330.0,171.76,0.0,,,0.0,
2016-02-16,344.0,186.0,0.0,,,0.0,
2016-02-17,358.0,195.12,0.0,,,0.0,
2016-02-18,320.0,112.33,0.0,,,0.0,
2016-02-19,252.0,105.53,0.0,,,0.0,
2016-02-20,245.0,109.4,0.0,,,0.0,
2016-02-21,238.0,86.47,0.0,,,0.0,
2016-02-22,172.0,72.62,0.0,,,0.0,
2016-02-23,190.0,94.93,0.0,,,0.0,
2016-02-24,303.0,147.59,0.0,,,0.0,
2016-02-25,322.0,151.15,0.0,,,0.0,
2016-02-26,327.0,161.14,0.0,,,0.0,
2016-02-27,335.0,152.14,0.0,,,0.0,
2016-02-28,323.0,155.6,0.0,,,0.0,
2016-02-29,349.0,203.51,0.0,,,0.0,
2016-03-01,326.0,132.24,0.0,,,0.0,
2016-03-02,314.0,166.73,0.0,,,0.0,
2016-03-03,347.0,180.27,0.0,,,0.0,
2016-03-04,332.0,164.73,0.0,,,0.0,
2016-03-05,337.0,182.82,0.0,,,0.0,
2016-03-06,305.0,122.08,0.0,,,0.0,
2016-03-07,335.0,141.32,0.0,,,0.0,
2016-03-08,228.0,79.23,0.0,,,0.0,
2016-03-09,229.0,106.54,0.0,,,0.0,
2016-03-10,220.0,87.27,0.0,,,0.0,
2016-03-11,243.0,110.24,0.0,,,0.0,
2016-03-12,229.0,85.74,0.0,,,0.0,
2016-03-13,140.0,59.85,0.0,,,0.0,
2016-03-14,100.0,58.33,0.0,,,0.0,
2016-03-15,173.0,79.82,0.0,,,0.0,
2016-03-16,134.0,76.06,0.0,,,0.0,
2016-03-17,194.0,67.43,0.0,,,0.0,
2016-03-18,120.0,65.14,0.0,,,0.0,
2016-03-19,215.0,89.05,0.0,,,0.0,
2016-03-20,178.0,86.68,0.0,,,0.0,
2016-03-21,194.0,91.67,0.0,,,0.0,
2016-03-22,173.0,79.28,0.0,,,0.0,
2016-03-23,201.0,84.62,0.0,,,0.0,
2016-03-24,232.0,97.75,0.0,,,0.0,
2016-03-25,219.0,73.09,0.0,,,0.0,
2016-03-26,194.0,85.56,0.0,,,0.0,
2016-03-27,188.0,64.82,0.0,,,0.0,
2016-03-28,137.0,75.89,0.0,,,0.0,
2016-03-29,149.0,67.0,0.0,,,0.0,
2016-03-30,186.0,76.98,0.0,,,0.0,
2016-03-31,171.0,72.23,0.0,,,0.0,
2016-04-01,185.0,83.71,0.0,,,0.0,
2016-04-02,165.0,79.49,0.0,,,0.0,
2016-04-03,165.0,75.75,0.0,,,0.0,
2016-04-04,199.0,99.67,0.0,,,0.0,
2016-04-05,253.0,117.04,0.0,,,0.0,
2016-04-06,248.0,99.19,0.0,,,0.0,
2016-04-07,218.0,82.81,0.0,,,0.0,
2016-04-08,191.0,101.32,0.0,,,0.0,
2016-04-09,221.0,103.59,0.0,,,0.0,
2016-04-10,274.0,111.2,0.0,,,0.0,
2016-04-11,254.0,119.16,0.0,,,0.0,
2016-04-12,322.0,112.53,0.0,,,0.0,
2016-04-13,258.0,110.04,0.0,,,0.0,
2016-04-14,302.0,119.51,0.0,,,0.0,
2016-04-15,256.0,109.97,0.0,,,0.0,
2016-04-16,297.0,139.58,0.0,,,0.0,
2016-04-17,321.0,145.96,0.0,,,0.0,
2016-04-18,308.0,138.17,0.0,,,0.0,
2016-04-19,293.0,105.97,0.0,,,0.0,
2016-04-20,239.0,90.36,0.0,,,0.0,
2016-04-21,175.0,86.79,0.0,,,0.0,
2016-04-22,225.0,98.82,0.0,,,0.0,
2016-04-23,258.0,108.68,0.0,,,0.0,
2016-04-24,219.0,73.52,0.0,,,0.0,
2016-04-25,152.0,78.87,0.0,,,0.0,
2016-04-26,240.0,99.92,0.0,,,0.0,
2016-04-27,221.0,86.41,0.0,,,0.0,
2016-04-28,211.0,98.31,0.0,,,0.0,
2016-04-29,232.0,95.0,0.0,,,0.0,
2016-04-30,257.0,126.96,0.0,,,0.0,
2016-05-01,261.0,101.39,0.0,,,0.0,
2016-05-02,224.0,99.74,0.0,,,0.0,
2016-05-03,232.0,94.7,0.0,,,0.0,
2016-05-04,196.0,86.62,0.0,,,0.0,
2016-05-05,175.0,70.07,0.0,,,0.0,
2016-05-06,143.0,77.91,0.0,,,0.0,
2016-05-07,161.0,102.44,0.0,,,0.0,
2016-05-08,234.0,81.73,0.0,,,0.0,
2016-05-09,170.0,77.87,0.0,,,0.0,
2016-05-27,240.0,118.85,0.0,,,0.0,
2016-05-28,192.0,163.59,0.0,,,0.0,
2016-05-29,329.0,46.87,0.0,,,0.0,
2016-05-30,106.0,55.2,0.0,,,0.0,
2016-05-31,207.0,77.29,0.0,,,0.0,
2016-06-01,207.0,138.37,0.0,,,0.0,
2016-06-02,330.0,143.4,0.0,,,0.0,
2016-06-03,442.0,42.82,0.0,,,0.0,
2016-06-05,106.0,45.28,0.0,,,0.0,
2016-06-06,106.0,65.55,0.0,,,0.0,
2016-06-07,124.0,45.09,0.0,,,0.0,
2016-06-10,116.0,56.17,0.0,,,0.0,
2016-06-11,113.0,70.14,0.0,,,0.0,
2016-06-12,185.0,94.7,0.0,,,0.0,
2016-06-13,151.0,64.0,0.0,,,0.0,
2016-06-14,179.0,84.02,0.0,,,0.0,
2016-06-15,144.0,64.23,0.0,,,0.0,
2016-06-16,105.0,59.3,0.0,,,0.0,
2016-06-17,172.0,63.49,0.0,,,0.0,
2016-06-18,121.0,94.36,0.0,,,0.0,
2016-06-19,308.0,246.56,0.0,,,0.0,
2016-06-20,203.0,59.89,0.0,,,0.0,
2016-06-21,244.0,151.3,0.0,,,0.0,
2016-06-22,141.0,35.58,0.0,,,0.0,
2016-06-23,49.0,33.78,0.0,,,0.0,
2016-06-24,46.0,25.9,0.0,,,0.0,
2016-06-25,43.0,,0.0,,,0.0,
2016-06-28,75.0,180.93,0.0,,,0.0,
2016-06-29,47.0,45.45,0.0,,,0.0,
2016-06-30,59.0,89.0,0.0,,,0.0,
2016-07-01,181.0,53.51,0.0,,,0.0,
2016-07-02,99.0,49.41,0.0,,,0.0,
2016-07-03,122.0,69.19,0.0,,,0.0,
2016-07-04,147.0,65.4,0.0,,,0.0,
2016-07-06,151.0,76.9,0.0,,,0.0,
2016-07-07,179.0,61.42,0.0,,,0.0,
2016-07-08,136.0,71.74,0.0,,,0.0,
2016-07-09,160.0,54.5,0.0,,,0.0,
2016-07-10,133.0,66.78,0.0,,,0.0,
2016-07-11,192.0,71.22,0.0,,,0.0,
2016-07-12,177.0,87.96,0.0,,,0.0,
2016-07-13,186.0,76.73,0.0,,,0.0,
2016-07-14,175.0,82.95,0.0,,,0.0,
2016-07-15,164.0,67.3,0.0,,,0.0,
2016-07-16,157.0,80.77,0.0,,,0.0,
2016-07-17,168.0,53.21,0.0,,,0.0,
2016-07-18,67.0,28.6,0.0,,,0.0,
2016-07-19,62.0,31.64,0.0,,,0.0,
2016-07-20,72.0,35.35,0.0,,,0.0,
2016-07-21,52.0,27.85,0.0,,,0.0,
2016-07-23,68.0,21.57,0.0,,,0.0,
2016-07-25,63.0,37.68,0.0,,,0.0,
2016-07-26,56.0,28.88,0.0,,,0.0,
2016-07-28,47.0,17.17,0.0,,,0.0,
2016-07-29,46.0,41.88,0.0,,,0.0,
2016-07-30,64.0,17.7,0.0,,,0.0,
2016-07-31,39.0,41.89,0.0,,,0.0,
2016-08-02,191.0,99.97,0.0,,,0.0,
2016-08-03,129.0,18.79,0.0,,,0.0,
2016-08-04,58.0,23.47,0.0,,,0.0,
2016-08-05,67.0,38.89,0.0,,,0.0,
2016-08-06,72.0,31.9,0.0,,,0.0,
2016-08-12,69.0,42.06,0.0,,,0.0,
2016-08-13,155.0,37.8,0.0,,,0.0,
2016-08-14,109.0,44.97,0.0,,,0.0,
2016-08-15,126.0,30.92,0.0,,,0.0,
2016-08-16,223.0,119.04,0.0,,,0.0,
2016-08-17,125.0,16.79,0.0,,,0.0,
2016-08-18,72.0,16.3,0.0,,,0.0,
2016-08-19,53.0,18.26,0.0,,,0.0,
2016-08-20,51.0,21.68,0.0,,,0.0,
2016-08-21,125.0,21.64,0.0,,,0.0,
2016-08-22,69.0,22.27,0.0,,,0.0,
2016-08-23,52.0,20.59,0.0,,,0.0,
2016-08-24,49.0,29.38,0.0,,,0.0,
2016-08-25,78.0,60.75,0.0,,,0.0,
2016-08-26,91.0,43.91,0.0,,,0.0,
2016-08-27,96.0,32.56,0.0,,,0.0,
2016-08-28,85.0,40.9,0.0,,,0.0,
2016-08-29,110.0,59.7,0.0,,,0.0,
2016-08-30,97.0,46.78,0.0,,,0.0,
2016-08-31,59.0,22.25,0.0,,,0.0,
2016-09-01,92.0,30.06,0.0,,,0.0,
2016-09-02,71.0,39.09,0.0,,,0.0,
2016-09-03,89.0,52.59,0.0,,,0.0,
2016-09-04,93.0,41.44,0.0,,,0.0,
2016-09-05,85.0,35.94,0.0,,,0.0,
2016-09-06,87.0,38.71,0.0,,,0.0,
2016-09-07,76.0,45.48,0.0,,,0.0,
2016-09-08,136.0,63.59,0.0,,,0.0,
2016-09-09,129.0,67.75,0.0,,,0.0,
2016-09-10,109.0,54.84,0.0,,,0.0,
2016-09-11,115.0,50.96,0.0,,,0.0,
2016-09-12,123.0,51.27,0.0,,,0.0,
2016-09-13,102.0,28.89,0.0,,,0.0,
2016-09-14,91.0,21.04,0.0,,,0.0,
2016-09-15,125.0,25.22,0.0,,,0.0,
2016-09-16,135.0,45.14,0.0,,,0.0,
2016-09-17,138.0,23.79,0.0,,,0.0,
2016-09-18,62.0,36.25,0.0,,,0.0,
2016-09-19,89.0,55.18,0.0,,,0.0,
2016-09-20,284.0,192.52,0.0,,,0.0,
2016-09-21,191.0,36.62,0.0,,,0.0,
2016-09-22,44.0,17.39,0.0,,,0.0,
2016-09-23,100.0,28.4,0.0,,,0.0,
2016-09-24,73.0,17.35,0.0,,,0.0,
2016-09-25,154.0,11.39,0.0,,,0.0,
2016-09-26,48.0,16.44,0.0,,,0.0,
2016-09-27,85.0,29.35,0.0,,,0.0,
2016-09-28,96.0,36.11,0.0,,,0.0,
2016-09-29,75.0,26.86,0.0,,,0.0,
2016-09-30,74.0,37.28,0.0,,,0.0,
2016-10-01,90.0,60.08,0.0,,,0.0,
2016-10-02,110.0,59.63,0.0,,,0.0,
2016-10-03,104.0,55.53,0.0,,,0.0,
2016-10-04,94.0,54.69,0.0,,,0.0,
2016-10-05,127.0,63.44,0.0,,,0.0,
2016-10-06,97.0,32.21,0.0,,,0.0,
2016-10-07,95.0,60.85,0.0,,,0.0,
2016-10-08,178.0,81.43,0.0,,,0.0,
2016-10-09,98.0,47.15,0.0,,,0.0,
2016-10-10,142.0,89.92,0.0,,,0.0,
2016-10-11,223.0,111.37,0.0,,,0.0,
2016-10-12,301.0,125.86,0.0,,,0.0,
2016-10-13,265.0,108.06,0.0,,,0.0,
2016-10-14,244.0,113.77,0.0,,,0.0,
2016-10-15,312.0,141.57,0.0,,,0.0,
2016-10-16,333.0,172.85,0.0,,,0.0,
2016-10-17,349.0,175.18,0.0,,,0.0,
2016-10-18,326.0,147.37,0.0,,,0.0,
2016-10-19,322.0,134.61,0.0,,,0.0,
2016-10-20,310.0,142.65,0.0,,,0.0,
2016-10-21,317.0,126.14,0.0,,,0.0,
2016-10-22,222.0,85.04,0.0,,,0.0,
2016-10-23,200.0,123.78,0.0,,,0.0,
2016-10-24,323.0,141.16,0.0,,,0.0,
2016-10-25,292.0,130.7,0.0,,,0.0,
2016-10-26,302.0,120.82,0.0,,,0.0,
2016-10-27,305.0,139.8,0.0,,,0.0,
2016-10-28,308.0,141.16,0.0,,,0.0,
2016-10-29,341.0,189.77,0.0,,,0.0,
2016-10-30,357.0,238.17,0.0,,,0.0,
2016-10-31,509.0,431.69,0.0,,,0.0,
2016-11-01,448.0,243.78,0.0,,,0.0,
2016-11-02,359.0,153.13,0.0,,,0.0,
2016-11-03,299.0,152.95,0.0,,,0.0,
2016-11-04,301.0,139.46,0.0,,,0.0,
2016-11-05,280.0,159.87,0.0,,,0.0,
2016-11-06,450.0,411.23,0.0,,,0.0,
2016-11-07,526.0,495.65,0.0,,,0.0,
2016-11-08,604.0,499.06,0.0,,,0.0,
2016-11-09,568.0,345.54,0.0,,,0.0,
2016-11-10,398.0,290.26,0.0,,,0.0,
2016-11-11,450.0,305.4,0.0,,,0.0,
2016-11-12,390.0,214.41,0.0,,,0.0,
2016-11-13,311.0,133.9,0.0,,,0.0,
2016-11-14,272.0,116.66,0.0,,,0.0,
2016-11-15,236.0,128.79,0.0,,,0.0,
2016-11-16,312.0,149.73,0.0,,,0.0,
2016-11-17,346.0,206.45,0.0,,,0.0,
2016-11-18,394.0,251.32,0.0,,,0.0,
2016-11-19,423.0,331.04,0.0,,,0.0,
2016-11-20,487.0,314.46,0.0,,,0.0,
2016-11-21,416.0,244.33,0.0,,,0.0,
2016-11-22,369.0,179.82,0.0,,,0.0,
2016-11-23,329.0,152.49,0.0,,,0.0,
2016-11-24,343.0,193.96,0.0,,,0.0,
2016-11-25,359.0,183.51,0.0,,,0.0,
2016-11-26,337.0,188.38,0.0,,,0.0,
2016-11-27,382.0,232.64,0.0,,,0.0,
2016-11-28,358.0,181.25,0.0,,,0.0,
2016-11-29,401.0,309.53,0.0,,,0.0,
2016-11-30,421.0,221.57,0.0,,,0.0,
2016-12-01,370.0,238.99,0.0,,,0.0,
2016-12-02,396.0,213.29,0.0,,,0.0,
2016-12-03,354.0,192.84,0.0,,,0.0,
2016-12-04,347.0,171.01,0.0,,,0.0,
2016-12-05,339.0,171.8,0.0,,,0.0,
2016-12-06,359.0,231.07,0.0,,,0.0,
2016-12-07,360.0,145.09,0.0,,,0.0,
2016-12-08,309.0,147.56,0.0,,,0.0,
2016-12-09,328.0,184.44,0.0,,,0.0,
2016-12-10,423.0,345.98,0.0,,,0.0,
2016-12-11,431.0,235.85,0.0,,,0.0,
2016-12-12,391.0,236.24,0.0,,,0.0,
2016-12-13,395.0,237.81,0.0,,,0.0,
2016-12-14,430.0,271.83,0.0,,,0.0,
2016-12-15,364.0,188.21,0.0,,,0.0,
2016-12-16,386.0,256.7,0.0,,,0.0,
2016-12-17,408.0,273.9,0.0,,,0.0,
2016-12-18,432.0,274.78,0.0,,,0.0,
2016-12-19,394.0,221.75,0.0,,,0.0,
2016-12-20,370.0,212.41,0.0,,,0.0,
2016-12-21,358.0,203.62,0.0,,,0.0,
2016-12-22,436.0,373.48,0.0,,,0.0,
2016-12-23,478.0,266.72,0.0,,,0.0,
2016-12-24,410.0,276.9,0.0,,,0.0,
2016-12-25,441.0,329.55,0.0,,,0.0,
2016-12-26,444.0,294.09,0.0,,,0.0,
2016-12-27,389.0,208.2,0.0,,,0.0,
2016-12-28,425.0,292.53,0.0,,,0.0,
2016-12-29,389.0,225.89,0.0,,,0.0,
2016-12-30,371.0,184.15,0.0,,,0.0,
2016-12-31,342.0,171.27,0.0,,,0.0,
2017-01-01,350.0,166.35,0.0,,,0.0,
2017-01-02,324.0,183.84,0.0,,,0.0,
2017-01-03,360.0,159.29,0.0,,,0.0,
2017-01-04,296.0,154.3,0.0,,,0.0,
2017-01-05,357.0,197.95,0.0,,,0.0,
2017-01-06,365.0,189.36,0.0,,,0.0,
2017-01-07,346.0,181.88,0.0,,,0.0,
2017-01-08,366.0,215.86,0.0,,,0.0,
2017-01-09,366.0,171.95,0.0,,,0.0,
2017-01-10,318.0,115.7,0.0,,,0.0,
2017-01-11,251.0,109.72,0.0,,,0.0,
2017-01-12,306.0,145.41,0.0,,,0.0,
2017-01-13,350.0,222.28,0.0,,,0.0,
2017-01-14,404.0,256.58,0.0,,,0.0,
2017-01-15,407.0,272.01,0.0,,,0.0,
2017-01-16,455.0,336.07,0.0,,,0.0,
2017-01-17,419.0,240.42,0.0,,,0.0,
2017-01-18,373.0,222.17,0.0,,,0.0,
2017-01-19,394.0,245.59,0.0,,,0.0,
2017-01-20,362.0,132.55,0.0,,,0.0,
2017-01-21,282.0,143.2,0.0,,,0.0,
2017-01-22,352.0,211.77,0.0,,,0.0,
2017-01-23,342.0,153.33,0.0,,,0.0,
2017-01-24,324.0,158.46,0.0,,,0.0,
2017-01-25,368.0,222.64,0.0,,,0.0,
2017-01-26,373.0,198.86,0.0,,,0.0,
2017-01-27,258.0,70.65,0.0,,,0.0,
2017-01-28,138.0,61.96,0.0,,,0.0,
2017-01-29,111.0,81.64,0.0,,,0.0,
2017-01-30,203.0,116.04,0.0,,,0.0,
2017-01-31,328.0,179.6,0.0,,,0.0,
2017-02-01,345.0,175.53,0.0,,,0.0,
2017-02-02,383.0,207.97,0.0,,,0.0,
2017-02-03,360.0,172.73,0.0,,,0.0,
2017-02-04,337.0,161.52,0.0,,,0.0,
2017-02-05,263.0,89.37,0.0,,,0.0,
2017-02-06,238.0,108.07,0.0,,,0.0,
2017-02-07,243.0,88.79,0.0,,,0.0,
2017-02-08,178.0,95.98,0.0,,,0.0,
2017-02-09,286.0,118.4,0.0,,,0.0,
2017-02-10,264.0,112.25,0.0,,,0.0,
2017-02-11,300.0,153.45,0.0,,,0.0,
2017-02-12,358.0,202.86,0.0,,,0.0,
2017-02-13,351.0,175.3,0.0,,,0.0,
2017-02-14,327.0,145.02,0.0,,,0.0,
2017-02-15,321.0,154.22,0.0,,,0.0,
2017-02-16,341.0,197.39,0.0,,,0.0,
2017-02-17,378.0,237.51,0.0,,,0.0,
2017-02-18,388.0,226.67,0.0,,,0.0,
2017-02-19,371.0,184.29,0.0,,,0.0,
2017-02-20,309.0,115.03,0.0,,,0.0,
2017-02-21,356.0,143.07,0.0,,,0.0,
2017-02-22,273.0,102.52,0.0,,,0.0,
2017-02-23,223.0,93.39,0.0,,,0.0,
2017-02-24,216.0,81.25,0.0,,,0.0,
2017-02-25,204.0,88.87,0.0,,,0.0,
2017-02-26,224.0,94.81,0.0,,,0.0,
2017-02-27,205.0,96.22,0.0,,,0.0,
2017-02-28,257.0,116.96,0.0,,,0.0,
2017-03-01,339.0,148.25,0.0,,,0.0,
2017-03-02,342.0,147.23,0.0,,,0.0,
2017-03-03,218.0,96.8,0.0,,,0.0,
2017-03-04,214.0,89.16,0.0,,,0.0,
2017-03-05,190.0,89.04,0.0,,,0.0,
2017-03-06,197.0,84.15,0.0,,,0.0,
2017-03-07,211.0,108.32,0.0,,,0.0,
2017-03-08,321.0,163.19,0.0,,,0.0,
2017-03-09,321.0,140.39,0.0,,,0.0,
2017-03-10,202.0,51.28,0.0,,,0.0,
2017-03-11,97.0,58.33,0.0,,,0.0,
2017-03-12,88.0,48.32,0.0,,,0.0,
2017-03-13,144.0,79.11,0.0,,,0.0,
2017-03-14,148.0,75.43,0.0,,,0.0,
2017-03-15,138.0,75.27,0.0,,,0.0,
2017-03-16,173.0,92.96,0.0,,,0.0,
2017-03-17,262.0,105.21,0.0,,,0.0,
2017-03-18,227.0,79.46,0.0,,,0.0,
2017-03-19,226.0,113.28,0.0,,,0.0,
2017-03-20,285.0,106.88,0.0,,,0.0,
2017-03-21,232.0,110.31,0.0,,,0.0,
2017-03-22,303.0,142.68,0.0,,,0.0,
2017-03-23,325.0,172.13,0.0,,,0.0,
2017-03-24,349.0,187.46,0.0,,,0.0,
2017-03-25,329.0,118.0,0.0,,,0.0,
2017-03-26,230.0,96.39,0.0,,,0.0,
2017-03-27,254.0,122.3,0.0,,,0.0,
2017-03-28,335.0,168.85,0.0,,,0.0,
2017-03-29,335.0,161.81,0.0,,,0.0,
2017-03-30,325.0,120.82,0.0,,,0.0,
2017-03-31,299.0,133.84,0.0,,,0.0,
2017-04-01,318.0,128.32,0.0,,,0.0,
2017-04-02,240.0,92.48,0.0,,,0.0,
2017-04-03,212.0,88.72,0.0,,,0.0,
2017-04-04,252.0,103.43,0.0,,,0.0,
2017-04-05,196.0,81.51,0.0,,,0.0,
2017-04-06,174.0,82.94,0.0,,,0.0,
2017-04-07,215.0,107.18,0.0,,,0.0,
2017-04-08,230.0,119.46,0.0,,,0.0,
2017-04-09,298.0,102.6,0.0,,,0.0,
2017-04-10,202.0,77.6,0.0,,,0.0,
2017-04-11,208.0,70.96,0.0,,,0.0,
2017-04-12,186.0,93.58,0.0,,,0.0,
2017-04-13,246.0,123.91,0.0,,,0.0,
2017-04-14,287.0,80.27,0.0,,,0.0,
2017-04-15,194.0,72.42,0.0,,,0.0,
2017-04-16,180.0,72.64,0.0,,,0.0,
2017-04-17,198.0,87.25,0.0,,,0.0,
2017-04-18,254.0,122.86,0.0,,,0.0,
2017-04-19,317.0,151.83,0.0,,,0.0,
2017-04-20,321.0,130.52,0.0,,,0.0,
2017-04-21,239.0,79.89,0.0,,,0.0,
2017-04-22,235.0,112.19,0.0,,,0.0,
2017-04-23,278.0,122.7,0.0,,,0.0,
2017-04-24,290.0,122.53,0.0,,,0.0,
2017-04-25,272.0,143.97,0.0,,,0.0,
2017-04-26,313.0,130.82,0.0,,,0.0,
2017-04-27,304.0,119.93,0.0,,,0.0,
2017-04-28,260.0,100.51,0.0,,,0.0,
2017-04-29,264.0,124.07,0.0,,,0.0,
2017-04-30,302.0,83.5,0.0,,,0.0,
2017-05-01,226.0,95.31,0.0,,,0.0,
2017-05-02,234.0,113.81,0.0,,,0.0,
2017-05-03,309.0,138.46,0.0,,,0.0,
2017-05-04,312.0,100.95,0.0,,,0.0,
2017-05-05,302.0,140.85,0.0,,,0.0,
2017-05-06,346.0,208.65,0.0,,,0.0,
2017-05-07,422.0,301.46,0.0,,,0.0,
2017-05-08,350.0,140.01,0.0,,,0.0,
2017-05-09,237.0,71.84,0.0,,,0.0,
2017-05-10,137.0,56.41,0.0,,,0.0,
2017-05-11,125.0,71.62,0.0,,,0.0,
2017-05-12,205.0,99.51,0.0,,,0.0,
2017-05-13,227.0,98.49,0.0,,,0.0,
2017-05-14,279.0,117.21,0.0,,,0.0,
2017-05-15,319.0,137.79,0.0,,,0.0,
2017-05-16,314.0,157.17,0.0,,,0.0,
2017-05-17,263.0,79.81,0.0,,,0.0,
2017-05-18,146.0,102.13,0.0,,,0.0,
2017-05-19,289.0,143.66,0.0,,,0.0,
2017-05-20,326.0,122.47,0.0,,,0.0,
2017-05-21,288.0,139.19,0.0,,,0.0,
2017-05-22,317.0,163.59,0.0,,,0.0,
2017-05-23,314.0,125.66,0.0,,,0.0,
2017-05-24,312.0,152.46,0.0,,,0.0,
2017-05-25,346.0,151.47,0.0,,,0.0,
2017-05-26,339.0,131.7,0.0,,,0.0,
2017-05-27,210.0,65.4,0.0,,,0.0,
2017-05-28,81.0,57.72,0.0,,,0.0,
2017-05-29,100.0,60.92,0.0,,,0.0,
2017-05-30,74.0,40.0,0.0,,,0.0,
2017-05-31,70.0,39.74,0.0,,,0.0,
2017-06-01,101.0,85.74,0.0,,,0.0,
2017-06-02,182.0,77.99,0.0,,,0.0,
2017-06-03,179.0,115.52,0.0,,,0.0,
2017-06-04,304.0,150.57,0.0,,,0.0,
2017-06-05,321.0,147.38,0.0,,,0.0,
2017-06-06,221.0,54.14,0.0,,,0.0,
2017-06-07,73.0,45.04,0.0,,,0.0,
2017-06-08,106.0,74.54,0.0,,,0.0,
2017-06-09,150.0,70.03,0.0,,,0.0,
2017-06-10,253.0,99.83,0.0,,,0.0,
2017-06-11,190.0,95.04,0.0,,,0.0,
2017-06-12,231.0,111.82,0.0,,,0.0,
2017-06-13,256.0,144.61,0.0,,,0.0,
2017-06-17,458.0,402.47,0.0,,,0.0,
2017-06-18,323.0,54.0,0.0,,,0.0,
2017-06-19,93.0,71.85,0.0,,,0.0,
2017-06-20,328.0,55.41,0.0,,,0.0,
2017-06-21,183.0,67.89,0.0,,,0.0,
2017-06-22,97.0,51.28,0.0,,,0.0,
2017-06-23,111.0,66.93,0.0,,,0.0,
2017-06-24,152.0,72.07,0.0,,,0.0,
2017-06-25,128.0,54.58,0.0,,,0.0,
2017-06-26,78.0,39.02,0.0,,,0.0,
2017-06-27,66.0,38.85,0.0,,,0.0,
2017-06-28,70.0,44.5,0.0,,,0.0,
2017-06-29,80.0,47.07,0.0,,,0.0,
2017-06-30,79.0,39.21,0.0,,,0.0,
2017-07-01,89.0,38.16,0.0,,,0.0,
2017-07-02,106.0,34.75,0.0,,,0.0,
2017-07-03,78.0,28.98,0.0,,,0.0,
2017-07-04,61.0,28.2,0.0,,,0.0,
2017-07-05,61.0,30.74,0.0,,,0.0,
2017-07-06,53.0,24.48,0.0,,,0.0,
2017-07-07,58.0,29.46,0.0,,,0.0,
2017-07-08,69.0,25.21,0.0,,,0.0,
2017-07-09,64.0,18.4,0.0,,,0.0,
2017-07-10,75.0,30.2,0.0,,,0.0,
2017-07-11,58.0,16.02,0.0,,,0.0,
2017-07-12,43.0,21.53,0.0,,,0.0,
2017-07-13,55.0,28.37,0.0,,,0.0,
2017-07-14,82.0,55.44,0.0,,,0.0,
2017-07-15,96.0,57.07,0.0,,,0.0,
2017-07-16,87.0,47.24,0.0,,,0.0,
2017-07-17,73.0,40.79,0.0,,,0.0,
2017-07-18,78.0,46.12,0.0,,,0.0,
2017-07-19,83.0,41.46,0.0,,,0.0,
2017-07-20,69.0,41.48,0.0,,,0.0,
2017-07-21,83.0,56.67,0.0,,,0.0,
2017-07-22,122.0,47.17,0.0,,,0.0,
2017-07-23,79.0,47.46,0.0,,,0.0,
2017-07-24,80.0,45.11,0.0,,,0.0,
2017-07-25,68.0,37.14,0.0,,,0.0,
2017-07-26,66.0,46.49,0.0,,,0.0,
2017-07-27,149.0,47.36,0.0,,,0.0,
2017-07-28,84.0,49.58,0.0,,,0.0,
2017-07-29,85.0,38.49,0.0,,,0.0,
2017-07-30,78.0,40.43,0.0,,,0.0,
2017-07-31,64.0,28.38,0.0,,,0.0,
2017-08-01,57.0,32.39,0.0,,,0.0,
2017-08-02,76.0,37.85,0.0,,,0.0,
2017-08-03,78.0,42.88,0.0,,,0.0,
2017-08-04,125.0,57.19,0.0,,,0.0,
2017-08-05,156.0,66.28,0.0,,,0.0,
2017-08-06,158.0,35.62,0.0,,,0.0,
2017-08-07,126.0,46.27,0.0,,,0.0,
2017-08-08,80.0,26.24,0.0,,,0.0,
2017-08-09,70.0,42.18,0.0,,,0.0,
2017-08-10,146.0,88.74,0.0,,,0.0,
2017-08-11,126.0,39.71,0.0,,,0.0,
2017-08-12,84.0,38.97,0.0,,,0.0,
2017-08-13,81.0,46.39,0.0,,,0.0,
2017-08-14,175.0,119.08,0.0,,,0.0,
2017-08-15,134.0,50.79,0.0,,,0.0,
2017-08-16,97.0,67.23,0.0,,,0.0,
2017-08-17,172.0,76.76,0.0,,,0.0,
2017-08-18,129.0,39.01,0.0,,,0.0,
2017-08-19,66.0,44.23,0.0,,,0.0,
2017-08-20,110.0,45.75,0.0,,,0.0,
2017-08-21,72.0,47.44,0.0,,,0.0,
2017-08-22,75.0,43.99,0.0,,,0.0,
2017-08-23,75.0,43.33,0.0,,,0.0,
2017-08-24,73.0,49.51,0.0,,,0.0,
2017-08-25,76.0,34.82,0.0,,,0.0,
2017-08-26,63.0,36.6,0.0,,,0.0,
2017-08-27,56.0,21.59,0.0,,,0.0,
2017-08-28,50.0,11.61,0.0,,,0.0,
2017-08-29,41.0,22.21,0.0,,,0.0,
2017-08-30,55.0,33.11,0.0,,,0.0,
2017-08-31,108.0,31.44,0.0,,,0.0,
2017-09-01,70.0,20.76,0.0,,,0.0,
2017-09-02,72.0,21.69,0.0,,,0.0,
2017-09-03,66.0,25.72,0.0,,,0.0,
2017-09-04,83.0,32.27,0.0,,,0.0,
2017-09-05,73.0,41.31,0.0,,,0.0,
2017-09-06,84.0,47.98,0.0,,,0.0,
2017-09-07,77.0,48.66,0.0,,,0.0,
2017-09-08,96.0,57.46,0.0,,,0.0,
2017-09-09,95.0,59.67,0.0,,,0.0,
2017-09-10,116.0,72.6,0.0,,,0.0,
2017-09-11,171.0,86.0,0.0,,,0.0,
2017-09-12,163.0,74.71,0.0,,,0.0,
2017-09-13,153.0,81.77,0.0,,,0.0,
2017-09-14,173.0,76.58,0.0,,,0.0,
2017-09-15,120.0,53.51,0.0,,,0.0,
2017-09-16,79.0,43.46,0.0,,,0.0,
2017-09-17,76.0,44.81,0.0,,,0.0,
2017-09-18,75.0,40.76,0.0,,,0.0,
2017-09-19,141.0,22.15,0.0,,,0.0,
2017-09-20,61.0,41.19,0.0,,,0.0,
2017-09-21,67.0,21.08,0.0,,,0.0,
2017-09-22,176.0,23.0,0.0,,,0.0,
2017-09-23,59.0,30.87,0.0,,,0.0,
2017-09-24,79.0,40.25,0.0,,,0.0,
2017-09-25,76.0,33.76,0.0,,,0.0,
2017-09-26,89.0,68.45,0.0,,,0.0,
2017-09-27,151.0,80.19,0.0,,,0.0,
2017-09-28,160.0,75.01,0.0,,,0.0,
2017-09-29,140.0,65.98,0.0,,,0.0,
2017-09-30,135.0,77.33,0.0,,,0.0,
2017-10-01,140.0,61.56,0.0,,,0.0,
2017-10-02,115.0,68.78,0.0,,,0.0,
2017-10-03,122.0,58.8,0.0,,,0.0,
2017-10-04,100.0,42.05,0.0,,,0.0,
2017-10-05,95.0,59.02,0.0,,,0.0,
2017-10-06,103.0,60.54,0.0,,,0.0,
2017-10-07,138.0,83.04,0.0,,,0.0,
2017-10-08,188.0,82.36,0.0,,,0.0,
2017-10-09,165.0,81.08,0.0,,,0.0,
2017-10-10,207.0,100.7,0.0,,,0.0,
2017-10-11,200.0,73.41,0.0,,,0.0,
2017-10-12,182.0,95.02,0.0,,,0.0,
2017-10-13,259.0,140.41,0.0,,,0.0,
2017-10-14,311.0,138.31,0.0,,,0.0,
2017-10-15,308.0,128.71,0.0,,,0.0,
2017-10-16,319.0,169.38,0.0,,,0.0,
2017-10-17,348.0,176.38,0.0,,,0.0,
2017-10-18,354.0,194.31,0.0,,,0.0,
2017-10-19,330.0,173.5,0.0,,,0.0,
2017-10-20,362.0,172.87,0.0,,,0.0,
2017-10-21,265.0,130.42,0.0,,,0.0,
2017-10-22,339.0,229.03,0.0,,,0.0,
2017-10-23,391.0,196.91,0.0,,,0.0,
2017-10-24,353.0,199.31,0.0,,,0.0,
2017-10-25,363.0,209.09,0.0,,,0.0,
2017-10-26,379.0,204.12,0.0,,,0.0,
2017-10-27,343.0,161.98,0.0,,,0.0,
2017-10-28,338.0,171.39,0.0,,,0.0,
2017-10-29,333.0,184.47,0.0,,,0.0,
2017-10-30,344.0,155.1,0.0,,,0.0,
2017-10-31,237.0,136.84,0.0,,,0.0,
2017-11-01,312.0,151.16,0.0,,,0.0,
2017-11-02,323.0,172.33,0.0,,,0.0,
2017-11-03,354.0,195.75,0.0,,,0.0,
2017-11-04,369.0,198.64,0.0,,,0.0,
2017-11-05,388.0,195.99,0.0,,,0.0,
2017-11-06,339.0,200.8,0.0,,,0.0,
2017-11-07,362.0,230.94,0.0,,,0.0,
2017-11-08,425.0,334.9,0.0,,,0.0,
2017-11-09,495.0,387.84,0.0,,,0.0,
2017-11-10,503.0,378.39,0.0,,,0.0,
2017-11-11,463.0,258.15,0.0,,,0.0,
2017-11-12,386.0,239.63,0.0,,,0.0,
2017-11-13,454.0,446.68,0.0,,,0.0,
2017-11-14,581.0,425.31,0.0,,,0.0,
2017-11-15,444.0,237.11,0.0,,,0.0,
2017-11-16,360.0,191.15,0.0,,,0.0,
2017-11-17,361.0,181.72,0.0,,,0.0,
2017-11-18,341.0,190.16,0.0,,,0.0,
2017-11-19,360.0,192.63,0.0,,,0.0,
2017-11-20,324.0,139.29,0.0,,,0.0,
2017-11-21,316.0,171.74,0.0,,,0.0,
2017-11-22,350.0,187.09,0.0,,,0.0,
2017-11-23,344.0,167.77,0.0,,,0.0,
2017-11-24,336.0,171.75,0.0,,,0.0,
2017-11-25,342.0,194.67,0.0,,,0.0,
2017-11-26,360.0,181.66,0.0,,,0.0,
2017-11-27,342.0,230.28,0.0,,,0.0,
2017-11-28,385.0,178.03,0.0,,,0.0,
2017-11-29,364.0,236.79,0.0,,,0.0,
2017-11-30,411.0,274.25,0.0,,,0.0,
2017-12-01,434.0,286.15,0.0,,,0.0,
2017-12-02,387.0,220.65,0.0,,,0.0,
2017-12-03,389.0,226.91,0.0,,,0.0,
2017-12-04,366.0,210.11,0.0,,,0.0,
2017-12-05,366.0,194.41,0.0,,,0.0,
2017-12-06,369.0,237.17,0.0,,,0.0,
2017-12-07,351.0,119.24,0.0,,,0.0,
2017-12-08,240.0,119.57,0.0,,,0.0,
2017-12-09,310.0,178.06,0.0,,,0.0,
2017-12-10,389.0,235.17,0.0,,,0.0,
2017-12-11,354.0,164.75,0.0,,,0.0,
2017-12-12,339.0,193.96,0.0,,,0.0,
2017-12-13,352.0,173.02,0.0,,,0.0,
2017-12-14,328.0,169.94,0.0,,,0.0,
2017-12-15,328.0,155.69,0.0,,,0.0,
2017-12-16,325.0,130.22,0.0,,,0.0,
2017-12-17,293.0,150.31,0.0,,,0.0,
2017-12-18,341.0,206.45,0.0,,,0.0,
2017-12-19,417.0,347.73,0.0,,,0.0,
2017-12-20,543.0,433.0,0.0,,,0.0,
2017-12-21,486.0,288.47,0.0,,,0.0,
2017-12-22,383.0,207.16,0.0,,,0.0,
2017-12-23,337.0,158.89,0.0,,,0.0,
2017-12-24,339.0,218.33,0.0,,,0.0,
2017-12-25,395.0,233.41,0.0,,,0.0,
2017-12-26,371.0,227.18,0.0,,,0.0,
2017-12-27,425.0,290.8,0.0,,,0.0,
2017-12-28,460.0,369.35,0.0,,,0.0,
2017-12-29,443.0,243.94,0.0,,,0.0,
2017-12-30,362.0,196.62,0.0,,,0.0,
2017-12-31,387.0,235.15,0.0,,,0.0,
2018-01-01,356.0,170.51,0.0,,,0.0,
2018-01-02,320.0,199.89,0.0,,,0.0,
2018-01-03,406.0,239.01,0.0,,,0.0,
2018-01-04,389.0,250.36,0.0,,,0.0,
2018-01-05,398.0,241.25,0.0,,,0.0,
2018-01-06,359.0,192.99,0.0,,,0.0,
2018-01-07,387.0,252.98,0.0,,,0.0,
2018-01-08,431.0,300.46,0.0,,,0.0,
2018-01-09,408.0,245.76,0.0,,,0.0,
2018-01-10,398.0,235.73,0.0,,,0.0,
2018-01-11,393.0,260.93,0.0,,,0.0,
2018-01-12,427.0,301.74,0.0,,,0.0,
2018-01-13,432.0,284.77,0.0,,,0.0,
2018-01-14,420.0,231.89,0.0,,,0.0,
2018-01-15,398.0,238.68,0.0,,,0.0,
2018-01-16,359.0,198.9,0.0,,,0.0,
2018-01-17,363.0,211.58,0.0,,,0.0,
2018-01-18,368.0,210.07,0.0,,,0.0,
2018-01-19,433.0,290.41,0.0,,,0.0,
2018-01-20,391.0,183.73,0.0,,,0.0,
2018-01-21,355.0,197.86,0.0,,,0.0,
2018-01-22,384.0,242.99,0.0,,,0.0,
2018-01-23,426.0,275.53,0.0,,,0.0,
2018-01-24,346.0,162.78,0.0,,,0.0,
2018-01-25,324.0,157.0,0.0,,,0.0,
2018-01-26,333.0,178.63,0.0,,,0.0,
2018-01-27,344.0,179.67,0.0,,,0.0,
2018-01-28,357.0,202.52,0.0,,,0.0,
2018-01-29,373.0,201.04,0.0,,,0.0,
2018-01-30,344.0,155.06,0.0,,,0.0,
2018-01-31,295.0,151.75,0.0,,,0.0,
2018-02-01,324.0,162.83,0.0,,,0.0,
2018-02-02,321.0,164.95,0.0,,,0.0,
2018-02-03,370.0,235.22,0.0,,,0.0,
2018-02-04,370.0,163.84,0.0,,,0.0,
2018-02-05,312.0,158.45,0.0,,,0.0,
2018-02-06,323.0,161.37,0.0,,,0.0,
2018-02-07,322.0,125.72,0.0,,,0.0,
2018-02-08,299.0,169.06,0.0,,,0.0,
2018-02-09,290.0,137.16,0.0,,,0.0,
2018-02-10,286.0,123.17,0.0,,,0.0,
2018-02-11,266.0,125.92,0.0,,,0.0,
2018-02-12,267.0,124.69,0.0,,,0.0,
2018-02-13,239.0,115.87,0.0,,,0.0,
2018-02-14,247.0,120.76,0.0,,,0.0,
2018-02-15,301.0,148.44,0.0,,,0.0,
2018-02-16,359.0,225.93,0.0,,,0.0,
2018-02-17,398.0,226.87,0.0,,,0.0,
2018-02-18,358.0,194.03,0.0,,,0.0,
2018-02-19,386.0,199.58,0.0,,,0.0,
2018-02-20,313.0,143.78,0.0,,,0.0,
2018-02-21,332.0,228.66,0.0,,,0.0,
2018-02-22,394.0,233.24,0.0,,,0.0,
2018-02-23,389.0,228.21,0.0,,,0.0,
2018-02-24,382.0,198.75,0.0,,,0.0,
2018-02-25,348.0,183.9,0.0,,,0.0,
2018-02-26,317.0,101.97,0.0,,,0.0,
2018-02-27,181.0,76.71,0.0,,,0.0,
2018-02-28,202.0,107.99,0.0,,,0.0,
2018-03-01,264.0,114.94,0.0,,,0.0,
2018-03-02,236.0,111.57,0.0,,,0.0,
2018-03-03,202.0,94.86,0.0,,,0.0,
2018-03-04,227.0,96.12,0.0,,,0.0,
2018-03-05,187.0,91.04,0.0,,,0.0,
2018-03-06,250.0,141.46,0.0,,,0.0,
2018-03-07,288.0,133.8,0.0,,,0.0,
2018-03-08,340.0,170.76,0.0,,,0.0,
2018-03-09,297.0,140.81,0.0,,,0.0,
2018-03-10,249.0,118.16,0.0,,,0.0,
2018-03-11,219.0,133.03,0.0,,,0.0,
2018-03-12,247.0,133.07,0.0,,,0.0,
2018-03-13,247.0,102.13,0.0,,,0.0,
2018-03-14,317.0,166.43,0.0,,,0.0,
2018-03-15,331.0,137.04,0.0,,,0.0,
2018-03-16,233.0,115.27,0.0,,,0.0,
2018-03-17,273.0,84.82,0.0,,,0.0,
2018-03-18,142.0,77.35,0.0,,,0.0,
2018-03-19,196.0,97.05,0.0,,,0.0,
2018-03-20,225.0,96.72,0.0,,,0.0,
2018-03-21,245.0,115.04,0.0,,,0.0,
2018-03-22,273.0,112.45,0.0,,,0.0,
2018-03-23,218.0,101.79,0.0,,,0.0,
2018-03-24,197.0,88.04,0.0,,,0.0,
2018-03-25,198.0,93.26,0.0,,,0.0,
2018-03-26,151.0,72.45,0.0,,,0.0,
2018-03-27,137.0,75.58,0.0,,,0.0,
2018-03-28,214.0,106.91,0.0,,,0.0,
2018-03-29,271.0,130.56,0.0,,,0.0,
2018-03-30,256.0,143.54,0.0,,,0.0,
2018-03-31,201.0,54.5,0.0,,,0.0,
2018-04-01,106.0,70.5,0.0,,,0.0,
2018-04-02,204.0,100.47,0.0,,,0.0,
2018-04-03,300.0,158.72,0.0,,,0.0,
2018-04-04,319.0,163.42,0.0,,,0.0,
2018-04-05,252.0,83.45,0.0,,,0.0,
2018-04-06,153.0,74.21,0.0,,,0.0,
2018-04-07,143.0,61.52,0.0,,,0.0,
2018-04-08,102.0,58.97,0.0,,,0.0,
2018-04-09,146.0,80.37,0.0,,,0.0,
2018-04-10,126.0,60.77,0.0,,,0.0,
2018-04-11,132.0,66.26,0.0,,,0.0,
2018-04-12,97.0,36.82,0.0,,,0.0,
2018-04-13,91.0,54.59,0.0,,,0.0,
2018-04-14,97.0,58.68,0.0,,,0.0,
2018-04-15,113.0,67.08,0.0,,,0.0,
2018-04-16,180.0,85.99,0.0,,,0.0,
2018-04-17,240.0,120.71,0.0,,,0.0,
2018-04-18,217.0,87.72,0.0,,,0.0,
2018-04-19,162.0,75.31,0.0,,,0.0,
2018-04-20,231.0,116.85,0.0,,,0.0,
2018-04-21,207.0,76.52,0.0,,,0.0,
2018-04-22,194.0,91.21,0.0,,,0.0,
2018-04-23,156.0,64.98,0.0,,,0.0,
2018-04-24,160.0,82.47,0.0,,,0.0,
2018-04-25,236.0,127.39,0.0,,,0.0,
2018-04-26,281.0,135.49,0.0,,,0.0,
2018-04-27,226.0,90.87,0.0,,,0.0,
2018-04-28,195.0,79.19,0.0,,,0.0,
2018-04-29,197.0,92.34,0.0,,,0.0,
2018-04-30,162.0,64.04,0.0,,,0.0,
2018-05-01,98.0,46.01,0.0,,,0.0,
2018-05-02,108.0,74.0,0.0,,,0.0,
2018-05-03,170.0,55.94,0.0,,,0.0,
2018-05-04,94.0,45.38,0.0,,,0.0,
2018-05-05,126.0,82.48,0.0,,,0.0,
2018-05-06,196.0,93.08,0.0,,,0.0,
2018-05-07,209.0,111.99,0.0,,,0.0,
2018-05-08,353.0,215.09,0.0,,,0.0,
2018-05-09,322.0,139.75,0.0,,,0.0,
2018-05-10,250.0,106.67,0.0,,,0.0,
2018-05-11,324.0,171.75,0.0,,,0.0,
2018-05-12,336.0,123.16,0.0,,,0.0,
2018-05-13,301.0,191.59,0.0,,,0.0,
2018-05-14,476.0,268.33,0.0,,,0.0,
2018-05-15,164.0,73.23,0.0,,,0.0,
2018-05-16,204.0,121.81,0.0,,,0.0,
2018-05-17,301.0,152.65,0.0,,,0.0,
2018-05-18,289.0,112.66,0.0,,,0.0,
2018-05-19,287.0,133.45,0.0,,,0.0,
2018-05-20,318.0,157.41,0.0,,,0.0,
2018-05-21,426.0,298.35,0.0,,,0.0,
2018-05-22,357.0,151.54,0.0,,,0.0,
2018-05-23,257.0,107.17,0.0,,,0.0,
2018-05-24,291.0,225.11,0.0,,,0.0,
2018-05-25,250.0,102.37,0.0,,,0.0,
2018-05-26,242.0,125.89,0.0,,,0.0,
2018-05-27,273.0,125.34,0.0,,,0.0,
2018-05-28,269.0,104.31,0.0,,,0.0,
2018-05-29,246.0,92.65,0.0,,,0.0,
2018-05-30,214.0,84.9,0.0,,,0.0,
2018-05-31,174.0,81.53,0.0,,,0.0,
2018-06-01,139.0,72.29,0.0,,,0.0,
2018-06-02,151.0,77.82,0.0,,,0.0,
2018-06-03,179.0,94.26,0.0,,,0.0,
2018-06-04,225.0,117.76,0.0,,,0.0,
2018-06-05,219.0,96.54,0.0,,,0.0,
2018-06-06,175.0,59.98,0.0,,,0.0,
2018-06-07,127.0,85.89,0.0,,,0.0,
2018-06-08,161.0,62.91,0.0,,,0.0,
2018-06-09,108.0,62.85,0.0,,,0.0,
2018-06-10,133.0,54.84,0.0,,,0.0,
2018-06-11,107.0,57.9,0.0,,,0.0,
2018-06-12,125.0,71.02,0.0,,,0.0,
2018-06-13,147.0,80.85,0.0,,,0.0,
2018-06-14,181.0,100.83,0.0,,,0.0,
2018-06-15,240.0,124.13,0.0,,,0.0,
2018-06-16,301.0,126.34,0.0,,,0.0,
2018-06-17,321.0,155.05,0.0,,,0.0,
2018-06-18,279.0,127.74,0.0,,,0.0,
2018-06-19,179.0,70.44,0.0,,,0.0,
2018-06-20,186.0,90.31,0.0,,,0.0,
2018-06-21,228.0,107.2,0.0,,,0.0,
2018-06-22,215.0,86.56,0.0,,,0.0,
2018-06-23,229.0,140.01,0.0,,,0.0,
2018-06-24,157.0,63.36,0.0,,,0.0,
2018-06-25,116.0,71.89,0.0,,,0.0,
2018-06-26,184.0,83.15,0.0,,,0.0,
2018-06-27,136.0,47.6,0.0,,,0.0,
2018-06-28,124.0,50.14,0.0,,,0.0,
2018-06-29,93.0,40.13,0.0,,,0.0,
2018-06-30,83.0,39.75,0.0,,,0.0,
2018-07-01,125.0,38.35,0.0,,,0.0,
2018-07-02,117.0,56.83,0.0,,,0.0,
2018-07-03,111.0,43.54,0.0,,,0.0,
2018-07-04,81.0,29.95,0.0,,,0.0,
2018-07-05,74.0,35.47,0.0,,,0.0,
2018-07-06,110.0,69.98,0.0,,,0.0,
2018-07-07,195.0,96.52,0.0,,,0.0,
2018-07-08,174.0,67.77,0.0,,,0.0,
2018-07-09,132.0,48.77,0.0,,,0.0,
2018-07-10,88.0,33.11,0.0,,,0.0,
2018-07-11,100.0,32.77,0.0,,,0.0,
2018-07-12,89.0,26.27,0.0,,,0.0,
2018-07-13,90.0,27.48,0.0,,,0.0,
2018-07-14,95.0,32.23,0.0,,,0.0,
2018-07-15,101.0,35.31,0.0,,,0.0,
2018-07-16,90.0,29.57,0.0,,,0.0,
2018-07-17,84.0,33.6,0.0,,,0.0,
2018-07-18,75.0,40.93,0.0,,,0.0,
2018-07-19,125.0,58.27,0.0,,,0.0,
2018-07-20,94.0,32.85,0.0,,,0.0,
2018-07-21,71.0,24.25,0.0,,,0.0,
2018-07-22,77.0,23.63,0.0,,,0.0,
2018-07-23,76.0,22.34,0.0,,,0.0,
2018-07-24,80.0,37.91,0.0,,,0.0,
2018-07-25,78.0,28.26,0.0,,,0.0,
2018-07-26,77.0,18.08,0.0,,,0.0,
2018-07-27,72.0,46.07,0.0,,,0.0,
2018-07-28,83.0,43.02,0.0,,,0.0,
2018-07-29,99.0,40.79,0.0,,,0.0,
2018-07-30,73.0,22.68,0.0,,,0.0,
2018-07-31,84.0,18.21,0.0,,,0.0,
2018-08-01,41.0,15.6,0.0,,,0.0,
2018-08-02,55.0,31.51,0.0,,,0.0,
2018-08-03,75.0,42.01,0.0,,,0.0,
2018-08-04,99.0,72.38,0.0,,,0.0,
2018-08-05,210.0,133.47,0.0,,,0.0,
2018-08-06,204.0,92.95,0.0,,,0.0,
2018-08-07,183.0,62.39,0.0,,,0.0,
2018-08-08,99.0,32.23,0.0,,,0.0,
2018-08-09,80.0,48.4,0.0,,,0.0,
2018-08-10,96.0,49.25,0.0,,,0.0,
2018-08-11,94.0,44.96,0.0,,,0.0,
2018-08-12,77.0,33.21,0.0,,,0.0,
2018-08-13,80.0,29.48,0.0,,,0.0,
2018-08-14,73.0,52.39,0.0,,,0.0,
2018-08-15,122.0,53.24,0.0,,,0.0,
2018-08-16,55.0,18.45,0.0,,,0.0,
2018-08-17,60.0,42.07,0.0,,,0.0,
2018-08-18,123.0,57.75,0.0,,,0.0,
2018-08-19,144.0,44.44,0.0,,,0.0,
2018-08-20,69.0,31.45,0.0,,,0.0,
2018-08-21,82.0,31.04,0.0,,,0.0,
2018-08-22,89.0,42.25,0.0,,,0.0,
2018-08-23,97.0,35.86,0.0,,,0.0,
2018-08-24,88.0,31.25,0.0,,,0.0,
2018-08-25,78.0,29.39,0.0,,,0.0,
2018-08-26,163.0,159.64,0.0,,,0.0,
2018-08-27,183.0,73.24,0.0,,,0.0,
2018-08-28,72.0,33.84,0.0,,,0.0,
2018-08-29,81.0,32.44,0.0,,,0.0,
2018-08-30,72.0,33.21,0.0,,,0.0,
2018-08-31,57.0,22.04,0.0,,,0.0,
2018-09-01,63.0,24.62,0.0,,,0.0,
2018-09-02,69.0,16.66,0.0,,,0.0,
2018-09-03,61.0,30.93,0.0,,,0.0,
2018-09-04,83.0,41.71,0.0,,,0.0,
2018-09-05,107.0,27.31,0.0,,,0.0,
2018-09-06,101.0,46.25,0.0,,,0.0,
2018-09-07,94.0,31.52,0.0,,,0.0,
2018-09-08,87.0,36.95,0.0,,,0.0,
2018-09-09,90.0,26.64,0.0,,,0.0,
2018-09-10,92.0,39.0,0.0,,,0.0,
2018-09-11,101.0,38.68,0.0,,,0.0,
2018-09-12,96.0,38.51,0.0,,,0.0,
2018-09-13,76.0,39.92,0.0,,,0.0,
2018-09-14,84.0,46.81,0.0,,,0.0,
2018-09-15,100.0,55.15,0.0,,,0.0,
2018-09-16,103.0,57.48,0.0,,,0.0,
2018-09-17,130.0,68.6,0.0,,,0.0,
2018-09-18,123.0,73.05,0.0,,,0.0,
2018-09-19,172.0,77.9,0.0,,,0.0,
2018-09-20,173.0,87.71,0.0,,,0.0,
2018-09-21,116.0,24.6,0.0,,,0.0,
2018-09-22,64.0,29.47,0.0,,,0.0,
2018-09-23,82.0,55.13,0.0,,,0.0,
2018-09-24,124.0,57.32,0.0,,,0.0,
2018-09-25,109.0,39.53,0.0,,,0.0,
2018-09-26,93.0,41.87,0.0,,,0.0,
2018-09-27,102.0,59.19,0.0,,,0.0,
2018-09-28,132.0,76.75,0.0,,,0.0,
2018-09-29,224.0,106.14,0.0,,,0.0,
2018-09-30,177.0,81.75,0.0,,,0.0,
2018-10-01,200.0,88.36,0.0,,,0.0,
2018-10-02,191.0,95.24,0.0,,,0.0,
2018-10-03,228.0,104.4,0.0,,,0.0,
2018-10-04,249.0,116.81,0.0,,,0.0,
2018-10-05,226.0,97.28,0.0,,,0.0,
2018-10-06,251.0,123.5,0.0,,,0.0,
2018-10-07,270.0,133.77,0.0,,,0.0,
2018-10-08,272.0,106.14,0.0,,,0.0,
2018-10-09,235.0,89.92,0.0,,,0.0,
2018-10-10,233.0,124.48,0.0,,,0.0,
2018-10-11,262.0,114.24,0.0,,,0.0,
2018-10-12,175.0,75.05,0.0,,,0.0,
2018-10-13,109.0,65.19,0.0,,,0.0,
2018-10-14,170.0,87.21,0.0,,,0.0,
2018-10-15,218.0,105.49,0.0,,,0.0,
2018-10-16,292.0,121.24,0.0,,,0.0,
2018-10-17,306.0,128.3,0.0,,,0.0,
2018-10-18,296.0,125.01,0.0,,,0.0,
2018-10-19,294.0,123.98,0.0,,,0.0,
2018-10-20,246.0,112.69,0.0,,,0.0,
2018-10-21,268.0,116.62,0.0,,,0.0,
2018-10-22,275.0,123.77,0.0,,,0.0,
2018-10-23,273.0,129.95,0.0,,,0.0,
2018-10-24,313.0,166.67,0.0,,,0.0,
2018-10-25,355.0,189.48,0.0,,,0.0,
2018-10-26,342.0,168.41,0.0,,,0.0,
2018-10-27,338.0,174.27,0.0,,,0.0,
2018-10-28,344.0,163.73,0.0,,,0.0,
2018-10-29,329.0,165.78,0.0,,,0.0,
2018-10-30,332.0,147.83,0.0,,,0.0,
2018-10-31,311.0,138.52,0.0,,,0.0,
2018-11-01,307.0,146.28,0.0,,,0.0,
2018-11-02,340.0,186.57,0.0,,,0.0,
2018-11-03,344.0,165.8,0.0,,,0.0,
2018-11-04,321.0,139.28,0.0,,,0.0,
2018-11-05,292.0,113.48,0.0,,,0.0,
2018-11-06,326.0,185.64,0.0,,,0.0,
2018-11-07,332.0,218.8,0.0,,,0.0,
2018-11-08,485.0,400.97,0.0,,,0.0,
2018-11-09,430.0,254.56,0.0,,,0.0,
2018-11-10,412.0,242.63,0.0,,,0.0,
2018-11-11,367.0,198.19,0.0,,,0.0,
2018-11-12,355.0,214.85,0.0,,,0.0,
2018-11-13,394.0,233.96,0.0,,,0.0,
2018-11-14,367.0,185.54,0.0,,,0.0,
2018-11-15,342.0,159.24,0.0,,,0.0,
2018-11-16,282.0,110.37,0.0,,,0.0,
2018-11-17,274.0,155.14,0.0,,,0.0,
2018-11-18,345.0,212.78,0.0,,,0.0,
2018-11-19,371.0,203.65,0.0,,,0.0,
2018-11-20,378.0,242.99,0.0,,,0.0,
2018-11-21,392.0,218.3,0.0,,,0.0,
2018-11-22,341.0,162.5,0.0,,,0.0,
2018-11-23,323.0,142.38,0.0,,,0.0,
2018-11-24,308.0,135.5,0.0,,,0.0,
2018-11-25,294.0,153.5,0.0,,,0.0,
2018-11-26,366.0,229.22,0.0,,,0.0,
2018-11-27,400.0,255.17,0.0,,,0.0,
2018-11-28,387.0,194.98,0.0,,,0.0,
2018-11-29,326.0,165.85,0.0,,,0.0,
2018-11-30,347.0,199.95,0.0,,,0.0,
2018-12-01,361.0,181.48,0.0,,,0.0,
2018-12-02,354.0,188.15,0.0,,,0.0,
2018-12-03,327.0,163.02,0.0,,,0.0,
2018-12-04,361.0,224.13,0.0,,,0.0,
2018-12-05,373.0,215.02,0.0,,,0.0,
2018-12-06,381.0,217.33,0.0,,,0.0,
2018-12-07,362.0,190.39,0.0,,,0.0,
2018-12-08,353.0,187.66,0.0,,,0.0,
2018-12-09,353.0,191.1,0.0,,,0.0,
2018-12-10,394.0,269.3,0.0,,,0.0,
2018-12-11,381.0,194.03,0.0,,,0.0,
2018-12-12,362.0,191.15,0.0,,,0.0,
2018-12-13,333.0,147.38,0.0,,,0.0,
2018-12-14,269.0,104.92,0.0,,,0.0,
2018-12-15,235.0,103.65,0.0,,,0.0,
2018-12-16,252.0,127.74,0.0,,,0.0,
2018-12-17,317.0,157.84,0.0,,,0.0,
2018-12-18,330.0,145.81,0.0,,,0.0,
2018-12-19,310.0,157.54,0.0,,,0.0,
2018-12-20,349.0,185.2,0.0,,,0.0,
2018-12-21,343.0,180.46,0.0,,,0.0,
2018-12-22,363.0,236.91,0.0,,,0.0,
2018-12-23,414.0,232.81,0.0,,,0.0,
2018-12-24,345.0,166.0,0.0,,,0.0,
2018-12-25,338.0,165.37,0.0,,,0.0,
2018-12-26,346.0,178.64,0.0,,,0.0,
2018-12-27,324.0,159.21,0.0,,,0.0,
2018-12-28,325.0,153.63,0.0,,,0.0,
2018-12-29,339.0,200.84,0.0,,,0.0,
2018-12-30,388.0,258.08,0.0,,,0.0,
2018-12-31,403.0,248.51,0.0,,,0.0,
2019-01-01,413.0,272.75,0.0,,,0.0,
2019-01-02,457.0,342.7,0.0,,,0.0,
2019-01-03,410.0,218.08,0.0,,,0.0,
2019-01-04,374.0,205.72,0.0,,,0.0,
2019-01-05,390.0,256.56,0.0,,,0.0,
2019-01-06,383.0,185.35,0.0,,,0.0,
2019-01-07,246.0,91.92,0.0,,,0.0,
2019-01-08,239.0,100.13,0.0,,,0.0,
2019-01-09,239.0,113.44,0.0,,,0.0,
2019-01-10,270.0,123.15,0.0,,,0.0,
2019-01-11,339.0,189.97,0.0,,,0.0,
2019-01-12,346.0,196.35,0.0,,,0.0,
2019-01-13,396.0,247.31,0.0,,,0.0,
2019-01-14,347.0,123.74,0.0,,,0.0,
2019-01-15,184.0,93.46,0.0,,,0.0,
2019-01-16,305.0,201.61,0.0,,,0.0,
2019-01-17,415.0,266.0,0.0,,,0.0,
2019-01-18,363.0,166.95,0.0,,,0.0,
2019-01-19,310.0,146.52,0.0,,,0.0,
2019-01-20,337.0,200.11,0.0,,,0.0,
2019-01-21,391.0,221.07,0.0,,,0.0,
2019-01-22,350.0,199.91,0.0,,,0.0,
2019-01-23,331.0,107.47,0.0,,,0.0,
2019-01-24,218.0,117.88,0.0,,,0.0,
2019-01-25,341.0,176.21,0.0,,,0.0,
2019-01-26,208.0,58.65,0.0,,,0.0,
2019-01-27,142.0,74.33,0.0,,,0.0,
2019-01-28,204.0,98.43,0.0,,,0.0,
2019-01-29,214.0,103.41,0.0,,,0.0,
2019-01-30,285.0,130.59,0.0,,,0.0,
2019-01-31,334.0,173.26,0.0,,,0.0,
2019-02-01,329.0,170.24,0.0,,,0.0,
2019-02-02,316.0,165.91,0.0,,,0.0,
2019-02-03,354.0,181.48,0.0,,,0.0,
2019-02-04,283.0,133.58,0.0,,,0.0,
2019-02-05,280.0,173.33,0.0,,,0.0,
2019-02-06,374.0,204.17,0.0,,,0.0,
2019-02-07,274.0,70.36,0.0,,,0.0,
2019-02-08,132.0,87.57,0.0,,,0.0,
2019-02-09,204.0,81.51,0.0,,,0.0,
2019-02-10,175.0,70.83,0.0,,,0.0,
2019-02-11,189.0,101.7,0.0,,,0.0,
2019-02-12,253.0,129.67,0.0,,,0.0,
2019-02-13,311.0,171.14,0.0,,,0.0,
2019-02-14,367.0,206.21,0.0,,,0.0,
2019-02-15,304.0,111.88,0.0,,,0.0,
2019-02-16,170.0,66.67,0.0,,,0.0,
2019-02-17,166.0,85.17,0.0,,,0.0,
2019-02-18,161.0,82.72,0.0,,,0.0,
2019-02-19,228.0,119.84,0.0,,,0.0,
2019-02-20,330.0,168.15,0.0,,,0.0,
2019-02-21,271.0,102.76,0.0,,,0.0,
2019-02-22,258.0,135.37,0.0,,,0.0,
2019-02-23,198.0,71.89,0.0,,,0.0,
2019-02-24,139.0,71.83,0.0,,,0.0,
2019-02-25,183.0,103.62,0.0,,,0.0,
2019-02-26,239.0,105.19,0.0,,,0.0,
2019-02-27,196.0,56.13,0.0,,,0.0,
2019-02-28,122.0,41.13,0.0,,,0.0,
2019-03-01,136.0,80.97,0.0,,,0.0,
2019-03-02,274.0,150.97,0.0,,,0.0,
2019-03-03,319.0,142.49,0.0,,,0.0,
2019-03-04,230.0,95.72,0.0,,,0.0,
2019-03-05,228.0,94.8,0.0,,,0.0,
2019-03-06,173.0,85.41,0.0,,,0.0,
2019-03-07,220.0,107.74,0.0,,,0.0,
2019-03-08,288.0,134.05,0.0,,,0.0,
2019-03-09,234.0,95.73,0.0,,,0.0,
2019-03-10,198.0,87.66,0.0,,,0.0,
2019-03-11,222.0,114.03,0.0,,,0.0,
2019-03-12,279.0,119.49,0.0,,,0.0,
2019-03-13,207.0,95.71,0.0,,,0.0,
2019-03-14,218.0,111.27,0.0,,,0.0,
2019-03-15,212.0,77.39,0.0,,,0.0,
2019-03-16,130.0,61.98,0.0,,,0.0,
2019-03-17,149.0,83.08,0.0,,,0.0,
2019-03-18,237.0,107.51,0.0,,,0.0,
2019-03-19,212.0,99.81,0.0,,,0.0,
2019-03-20,254.0,110.71,0.0,,,0.0,
2019-03-21,270.0,114.58,0.0,,,0.0,
2019-03-22,139.0,59.16,0.0,,,0.0,
2019-03-23,110.0,58.24,0.0,,,0.0,
2019-03-24,134.0,66.42,0.0,,,0.0,
2019-03-25,190.0,97.85,0.0,,,0.0,
2019-03-26,217.0,77.36,0.0,,,0.0,
2019-03-27,172.0,84.31,0.0,,,0.0,
2019-03-28,215.0,109.08,0.0,,,0.0,
2019-03-29,304.0,159.65,0.0,,,0.0,
2019-03-30,315.0,142.6,0.0,,,0.0,
2019-03-31,261.0,86.06,0.0,,,0.0,
2019-04-01,137.0,62.23,0.0,,,0.0,
2019-04-02,204.0,107.33,0.0,,,0.0,
2019-04-03,291.0,136.13,0.0,,,0.0,
2019-04-04,336.0,175.0,0.0,,,0.0,
2019-04-05,315.0,132.84,0.0,,,0.0,
2019-04-06,232.0,109.96,0.0,,,0.0,
2019-04-07,195.0,72.32,0.0,,,0.0,
2019-04-08,153.0,62.99,0.0,,,0.0,
2019-04-09,155.0,75.07,0.0,,,0.0,
2019-04-10,197.0,84.56,0.0,,,0.0,
2019-04-11,197.0,99.92,0.0,,,0.0,
2019-04-12,278.0,129.92,0.0,,,0.0,
2019-04-13,253.0,96.67,0.0,,,0.0,
2019-04-14,169.0,74.99,0.0,,,0.0,
2019-04-15,150.0,70.01,0.0,,,0.0,
2019-04-16,171.0,82.71,0.0,,,0.0,
2019-04-17,136.0,46.96,0.0,,,0.0,
2019-04-18,115.0,54.78,0.0,,,0.0,
2019-04-19,95.0,48.72,0.0,,,0.0,
2019-04-20,132.0,79.74,0.0,,,0.0,
2019-04-21,230.0,107.92,0.0,,,0.0,
2019-04-22,258.0,140.88,0.0,,,0.0,
2019-04-23,314.0,123.56,0.0,,,0.0,
2019-04-24,223.0,86.39,0.0,,,0.0,
2019-04-25,218.0,121.98,0.0,,,0.0,
2019-04-26,298.0,126.11,0.0,,,0.0,
2019-04-27,222.0,148.62,0.0,,,0.0,
2019-04-28,283.0,145.0,0.0,,,0.0,
2019-04-29,287.0,138.55,0.0,,,0.0,
2019-04-30,287.0,151.26,0.0,,,0.0,
2019-05-01,322.0,167.31,0.0,,,0.0,
2019-05-02,277.0,93.19,0.0,,,0.0,
2019-05-03,151.0,64.16,0.0,,,0.0,
2019-05-04,141.0,61.07,0.0,,,0.0,
2019-05-05,124.0,57.79,0.0,,,0.0,
2019-05-06,112.0,49.24,0.0,,,0.0,
2019-05-07,121.0,67.74,0.0,,,0.0,
2019-05-08,183.0,85.04,0.0,,,0.0,
2019-05-09,197.0,97.59,0.0,,,0.0,
2019-05-10,219.0,91.98,0.0,,,0.0,
2019-05-11,210.0,82.16,0.0,,,0.0,
2019-05-12,164.0,78.3,0.0,,,0.0,
2019-05-13,183.0,72.91,0.0,,,0.0,
2019-05-14,178.0,71.58,0.0,,,0.0,
2019-05-15,198.0,85.72,0.0,,,0.0,
2019-05-16,223.0,86.79,0.0,,,0.0,
2019-05-17,192.0,84.52,0.0,,,0.0,
2019-05-18,167.0,63.96,0.0,,,0.0,
2019-05-19,144.0,82.43,0.0,,,0.0,
2019-05-20,196.0,86.76,0.0,,,0.0,
2019-05-21,189.0,84.27,0.0,,,0.0,
2019-05-22,203.0,90.35,0.0,,,0.0,
2019-05-23,189.0,73.06,0.0,,,0.0,
2019-05-24,150.0,70.32,0.0,,,0.0,
2019-05-25,142.0,63.6,0.0,,,0.0,
2019-05-26,125.0,63.22,0.0,,,0.0,
2019-05-27,160.0,83.69,0.0,,,0.0,
2019-05-28,211.0,86.09,0.0,,,0.0,
2019-05-29,175.0,86.52,0.0,,,0.0,
2019-05-30,231.0,111.94,0.0,,,0.0,
2019-05-31,230.0,92.22,0.0,,,0.0,
2019-06-01,167.0,68.09,0.0,,,0.0,
2019-06-02,176.0,96.37,0.0,,,0.0,
2019-06-03,184.0,76.36,0.0,,,0.0,
2019-06-04,174.0,95.09,0.0,,,0.0,
2019-06-05,195.0,84.49,0.0,,,0.0,
2019-06-06,205.0,102.45,0.0,,,0.0,
2019-06-07,145.0,47.49,0.0,,,0.0,
2019-06-08,104.0,61.01,0.0,,,0.0,
2019-06-09,151.0,82.55,0.0,,,0.0,
2019-06-10,183.0,84.51,0.0,,,0.0,
2019-06-11,173.0,72.91,0.0,,,0.0,
2019-06-12,144.0,59.04,0.0,,,0.0,
2019-06-13,162.0,94.34,0.0,,,0.0,
2019-06-14,202.0,75.84,0.0,,,0.0,
2019-06-15,225.0,115.06,0.0,,,0.0,
2019-06-16,199.0,66.13,0.0,,,0.0,
2019-06-17,113.0,58.23,0.0,,,0.0,
2019-06-18,114.0,66.8,0.0,,,0.0,
2019-06-19,160.0,78.08,0.0,,,0.0,
2019-06-20,138.0,60.93,0.0,,,0.0,
2019-06-21,164.0,81.44,0.0,,,0.0,
2019-06-22,207.0,82.08,0.0,,,0.0,
2019-06-23,112.0,41.2,0.0,,,0.0,
2019-06-24,115.0,71.26,0.0,,,0.0,
2019-06-25,151.0,63.03,0.0,,,0.0,
2019-06-26,143.0,73.65,0.0,,,0.0,
2019-06-27,161.0,79.54,0.0,,,0.0,
2019-06-28,199.0,91.73,0.0,,,0.0,
2019-06-29,226.0,108.96,0.0,,,0.0,
2019-06-30,239.0,87.76,0.0,,,0.0,
2019-07-01,124.0,67.45,0.0,,,0.0,
2019-07-02,172.0,75.85,0.0,,,0.0,
2019-07-03,104.0,32.12,0.0,,,0.0,
2019-07-04,94.0,42.34,0.0,,,0.0,
2019-07-05,98.0,50.97,0.0,,,0.0,
2019-07-06,105.0,31.56,0.0,,,0.0,
2019-07-07,107.0,20.26,0.0,,,0.0,
2019-07-08,104.0,27.27,0.0,,,0.0,
2019-07-09,80.0,23.2,0.0,,,0.0,
2019-07-10,90.0,35.86,0.0,,,0.0,
2019-07-11,92.0,41.57,0.0,,,0.0,
2019-07-12,91.0,47.8,0.0,,,0.0,
2019-07-13,95.0,51.37,0.0,,,0.0,
2019-07-14,84.0,54.98,0.0,,,0.0,
2019-07-15,114.0,55.45,0.0,,,0.0,
2019-07-16,78.0,37.99,0.0,,,0.0,
2019-07-17,102.0,46.6,0.0,,,0.0,
2019-07-18,88.0,45.67,0.0,,,0.0,
2019-07-19,103.0,60.65,0.0,,,0.0,
2019-07-20,112.0,52.96,0.0,,,0.0,
2019-07-21,86.0,39.05,0.0,,,0.0,
2019-07-22,81.0,40.14,0.0,,,0.0,
2019-07-23,86.0,44.28,0.0,,,0.0,
2019-07-24,78.0,23.53,0.0,,,0.0,
2019-07-25,72.0,19.09,0.0,,,0.0,
2019-07-26,79.0,22.01,0.0,,,0.0,
2019-07-27,67.0,25.45,0.0,,,0.0,
2019-07-28,95.0,36.63,0.0,,,0.0,
2019-07-29,80.0,20.89,0.0,,,0.0,
2019-07-30,75.0,24.05,0.0,,,0.0,
2019-07-31,91.0,30.74,0.0,,,0.0,
2019-08-01,91.0,46.89,0.0,,,0.0,
2019-08-02,145.0,75.32,0.0,,,0.0,
2019-08-03,108.0,41.9,0.0,,,0.0,
2019-08-04,108.0,36.86,0.0,,,0.0,
2019-08-05,103.0,38.05,0.0,,,0.0,
2019-08-06,86.0,25.74,0.0,,,0.0,
2019-08-07,98.0,26.5,0.0,,,0.0,
2019-08-08,107.0,27.16,0.0,,,0.0,
2019-08-09,94.0,26.69,0.0,,,0.0,
2019-08-10,92.0,33.83,0.0,,,0.0,
2019-08-11,100.0,36.43,0.0,,,0.0,
2019-08-12,103.0,27.48,0.0,,,0.0,
2019-08-13,116.0,26.94,0.0,,,0.0,
2019-08-14,105.0,27.9,0.0,,,0.0,
2019-08-15,83.0,27.22,0.0,,,0.0,
2019-08-16,81.0,17.57,0.0,,,0.0,
2019-08-17,60.0,21.25,0.0,,,0.0,
2019-08-18,64.0,23.98,0.0,,,0.0,
2019-08-19,69.0,34.31,0.0,,,0.0,
2019-08-20,80.0,33.56,0.0,,,0.0,
2019-08-21,74.0,32.74,0.0,,,0.0,
2019-08-22,78.0,28.99,0.0,,,0.0,
2019-08-23,72.0,32.59,0.0,,,0.0,
2019-08-24,78.0,28.96,0.0,,,0.0,
2019-08-25,74.0,24.95,0.0,,,0.0,
2019-08-26,66.0,29.82,0.0,,,0.0,
2019-08-27,85.0,36.52,0.0,,,0.0,
2019-08-28,73.0,34.82,0.0,,,0.0,
2019-08-29,93.0,34.99,0.0,,,0.0,
2019-08-30,104.0,38.3,0.0,,,0.0,
2019-08-31,110.0,44.99,0.0,,,0.0,
2019-09-01,103.0,46.37,0.0,,,0.0,
2019-09-02,102.0,36.07,0.0,,,0.0,
2019-09-03,85.0,40.88,0.0,,,0.0,
2019-09-04,73.0,33.81,0.0,,,0.0,
2019-09-05,72.0,36.0,0.0,,,0.0,
2019-09-06,75.0,41.64,0.0,,,0.0,
2019-09-07,73.0,28.29,0.0,,,0.0,
2019-09-08,63.0,22.19,0.0,,,0.0,
2019-09-09,67.0,26.93,0.0,,,0.0,
2019-09-10,74.0,35.24,0.0,,,0.0,
2019-09-11,76.0,45.2,0.0,,,0.0,
2019-09-12,92.0,50.13,0.0,,,0.0,
2019-09-13,95.0,26.46,0.0,,,0.0,
2019-09-14,77.0,30.97,0.0,,,0.0,
2019-09-15,81.0,34.33,0.0,,,0.0,
2019-09-16,69.0,28.45,0.0,,,0.0,
2019-09-17,69.0,32.1,0.0,,,0.0,
2019-09-18,81.0,25.43,0.0,,,0.0,
2019-09-19,72.0,28.32,0.0,,,0.0,
2019-09-20,86.0,33.75,0.0,,,0.0,
2019-09-21,89.0,37.33,0.0,,,0.0,
2019-09-22,81.0,28.43,0.0,,,0.0,
2019-09-23,72.0,33.05,0.0,,,0.0,
2019-09-24,85.0,34.53,0.0,,,0.0,
2019-09-25,92.0,33.36,0.0,,,0.0,
2019-09-26,70.0,21.75,0.0,,,0.0,
2019-09-27,67.0,12.76,0.0,,,0.0,
2019-09-28,54.0,16.17,0.0,,,0.0,
2019-09-29,52.0,16.06,0.0,,,0.0,
2019-09-30,52.0,17.44,0.0,,,0.0,
2019-10-01,65.0,30.24,0.0,,,0.0,
2019-10-02,66.0,29.31,0.0,,,0.0,
2019-10-03,76.0,36.25,0.0,,,0.0,
2019-10-04,91.0,40.55,0.0,,,0.0,
2019-10-05,104.0,63.48,0.0,,,0.0,
2019-10-06,126.0,64.84,0.0,,,0.0,
2019-10-07,146.0,80.3,0.0,,,0.0,
2019-10-08,167.0,84.3,0.0,,,0.0,
2019-10-09,197.0,89.18,0.0,,,0.0,
2019-10-10,149.0,63.28,0.0,,,0.0,
2019-10-11,160.0,84.96,0.0,,,0.0,
2019-10-12,162.0,70.45,0.0,,,0.0,
2019-10-13,160.0,85.66,0.0,,,0.0,
2019-10-14,208.0,92.1,0.0,,,0.0,
2019-10-15,198.0,84.95,0.0,,,0.0,
2019-10-16,198.0,88.51,0.0,,,0.0,
2019-10-17,222.0,100.53,0.0,,,0.0,
2019-10-18,226.0,97.48,0.0,,,0.0,
2019-10-19,210.0,100.9,0.0,,,0.0,
2019-10-20,260.0,132.03,0.0,,,0.0,
2019-10-21,301.0,130.14,0.0,,,0.0,
2019-10-22,288.0,132.12,0.0,,,0.0,
2019-10-23,280.0,136.04,0.0,,,0.0,
2019-10-24,293.0,119.54,0.0,,,0.0,
2019-10-25,235.0,92.62,0.0,,,0.0,
2019-10-26,180.0,74.94,0.0,,,0.0,
2019-10-27,193.0,115.56,0.0,,,0.0,
2019-10-28,356.0,212.66,0.0,,,0.0,
2019-10-29,356.0,172.24,0.0,,,0.0,
2019-10-30,330.0,180.88,0.0,,,0.0,
2019-10-31,364.0,226.63,0.0,,,0.0,
2019-11-01,383.0,239.79,0.0,,,0.0,
2019-11-02,428.0,296.73,0.0,,,0.0,
2019-11-03,431.0,262.62,0.0,,,0.0,
2019-11-04,453.0,382.96,0.0,,,0.0,
2019-11-05,455.0,230.03,0.0,,,0.0,
2019-11-06,353.0,184.59,0.0,,,0.0,
2019-11-07,369.0,221.38,0.0,,,0.0,
2019-11-08,362.0,188.06,0.0,,,0.0,
2019-11-09,332.0,161.6,0.0,,,0.0,
2019-11-10,265.0,105.68,0.0,,,0.0,
2019-11-11,245.0,137.17,0.0,,,0.0,
2019-11-12,307.0,180.1,0.0,,,0.0,
2019-11-13,362.0,205.01,0.0,,,0.0,
2019-11-14,357.0,178.75,0.0,,,0.0,
2019-11-15,342.0,160.59,0.0,,,0.0,
2019-11-16,326.0,150.74,0.0,,,0.0,
2019-11-17,289.0,104.57,0.0,,,0.0,
2019-11-18,187.0,90.98,0.0,,,0.0,
2019-11-19,225.0,110.45,0.0,,,0.0,
2019-11-20,300.0,160.93,0.0,,,0.0,
2019-11-21,330.0,159.64,0.0,,,0.0,
2019-11-22,327.0,152.58,0.0,,,0.0,
2019-11-23,330.0,149.87,0.0,,,0.0,
2019-11-24,292.0,118.61,0.0,,,0.0,
2019-11-25,276.0,157.04,0.0,,,0.0,
2019-11-26,365.0,230.11,0.0,,,0.0,
2019-11-27,373.0,207.97,0.0,,,0.0,
2019-11-28,377.0,212.9,0.0,,,0.0,
2019-11-29,262.0,73.1,0.0,,,0.0,
2019-11-30,178.0,83.77,0.0,,,0.0,
2019-12-01,207.0,97.5,0.0,,,0.0,
2019-12-02,246.0,107.21,0.0,,,0.0,
2019-12-03,275.0,134.98,0.0,,,0.0,
2019-12-04,291.0,153.91,0.0,,,0.0,
2019-12-05,340.0,186.49,0.0,,,0.0,
2019-12-06,362.0,198.7,0.0,,,0.0,
2019-12-07,343.0,161.68,0.0,,,0.0,
2019-12-08,352.0,184.31,0.0,,,0.0,
2019-12-09,308.0,148.87,0.0,,,0.0,
2019-12-10,314.0,162.21,0.0,,,0.0,
2019-12-11,361.0,207.35,0.0,,,0.0,
2019-12-12,348.0,159.23,0.0,,,0.0,
2019-12-13,304.0,107.6,0.0,,,0.0,
2019-12-14,147.0,58.15,0.0,,,0.0,
2019-12-15,126.0,66.88,0.0,,,0.0,
2019-12-16,153.0,76.28,0.0,,,0.0,
2019-12-17,164.0,82.48,0.0,,,0.0,
2019-12-18,170.0,92.47,0.0,,,0.0,
2019-12-19,251.0,139.59,0.0,,,0.0,
2019-12-20,323.0,185.45,0.0,,,0.0,
2019-12-21,366.0,215.0,0.0,,,0.0,
2019-12-22,365.0,177.24,0.0,,,0.0,
2019-12-23,306.0,140.5,0.0,,,0.0,
2019-12-24,315.0,158.8,0.0,,,0.0,
2019-12-25,307.0,186.34,0.0,,,0.0,
2019-12-26,327.0,162.49,0.0,,,0.0,
2019-12-27,326.0,180.21,0.0,,,0.0,
2019-12-28,352.0,184.93,0.0,,,0.0,
2019-12-29,339.0,148.01,0.0,,,0.0,
2019-12-30,320.0,157.85,0.0,,,0.0,
2019-12-31,350.0,244.22,0.0,,,0.0,
2020-01-01,442.0,286.23,0.0,,,0.0,
2020-01-02,361.0,182.39,0.0,,,0.0,
2020-01-03,313.0,123.99,0.0,,,0.0,
2020-01-04,245.0,109.44,0.0,,,0.0,
2020-01-05,210.0,99.13,0.0,,,0.0,
2020-01-06,262.0,135.19,0.0,,,0.0,
2020-01-07,308.0,156.42,0.0,,,0.0,
2020-01-08,344.0,190.4,0.0,,,0.0,
2020-01-09,247.0,100.5,0.0,,,0.0,
2020-01-10,198.0,107.48,0.0,,,0.0,
2020-01-11,281.0,179.95,0.0,,,0.0,
2020-01-12,377.0,227.28,0.0,,,0.0,
2020-01-13,377.0,210.89,0.0,,,0.0,
2020-01-14,323.0,165.2,0.0,,,0.0,
2020-01-15,354.0,179.18,0.0,,,0.0,
2020-01-16,294.0,103.3,0.0,,,0.0,
2020-01-17,122.0,54.54,0.0,,,0.0,
2020-01-18,161.0,79.13,0.0,,,0.0,
2020-01-19,138.0,68.76,0.0,,,0.0,
2020-01-20,191.0,110.74,0.0,,,0.0,
2020-01-21,256.0,139.53,0.0,,,0.0,
2020-01-22,356.0,166.91,0.0,,,0.0,
2020-01-23,249.0,91.35,0.0,,,0.0,
2020-01-24,156.0,90.23,0.0,,,0.0,
2020-01-25,267.0,132.72,0.0,,,0.0,
2020-01-26,303.0,153.83,0.0,,,0.0,
2020-01-27,337.0,150.69,0.0,,,0.0,
2020-01-28,325.0,168.34,0.0,,,0.0,
2020-01-29,313.0,137.5,0.0,,,0.0,
2020-01-30,195.0,52.72,0.0,,,0.0,
2020-01-31,147.0,70.64,0.0,,,0.0,
2020-02-01,224.0,111.69,0.0,,,0.0,
2020-02-02,216.0,102.35,0.0,,,0.0,
2020-02-03,239.0,126.7,0.0,,,0.0,
2020-02-04,307.0,151.07,0.0,,,0.0,
2020-02-05,278.0,126.3,0.0,,,0.0,
2020-02-06,230.0,117.93,0.0,,,0.0,
2020-02-07,309.0,144.71,0.0,,,0.0,
2020-02-08,248.0,127.6,0.0,,,0.0,
2020-02-09,272.0,135.9,0.0,,,0.0,
2020-02-10,275.0,128.8,0.0,,,0.0,
2020-02-11,267.0,125.22,0.0,,,0.0,
2020-02-12,253.0,117.26,0.0,,,0.0,
2020-02-13,244.0,105.78,0.0,,,0.0,
2020-02-14,192.0,102.62,0.0,,,0.0,
2020-02-15,214.0,78.38,0.0,,,0.0,
2020-02-16,209.0,118.46,0.0,,,0.0,
2020-02-17,283.0,131.9,0.0,,,0.0,
2020-02-18,232.0,94.18,0.0,,,0.0,
2020-02-19,249.0,109.26,0.0,,,0.0,
2020-02-20,227.0,110.53,0.0,,,0.0,
2020-02-21,198.0,76.06,0.0,,,0.0,
2020-02-22,103.0,43.32,0.0,,,0.0,
2020-02-23,173.0,112.99,0.0,,,0.0,
2020-02-24,222.0,100.96,0.0,,,0.0,
2020-02-25,167.0,50.83,0.0,,,0.0,
2020-02-26,97.0,43.62,0.0,,,0.0,
2020-02-27,92.0,50.0,0.0,,,0.0,
2020-02-28,116.0,63.36,0.0,,,0.0,
2020-02-29,147.0,76.54,0.0,,,0.0,
2020-03-01,148.0,66.13,0.0,,,0.0,
2020-03-02,136.0,65.34,0.0,,,0.0,
2020-03-03,144.0,77.06,0.0,,,0.0,
2020-03-04,191.0,89.44,0.0,,,0.0,
2020-03-05,182.0,83.4,0.0,,,0.0,
2020-03-06,125.0,46.58,0.0,,,0.0,
2020-03-07,80.0,33.25,0.0,,,0.0,
2020-03-08,91.0,61.96,0.0,,,0.0,
2020-03-09,128.0,45.29,0.0,,,0.0,
2020-03-10,163.0,95.33,0.0,,,0.0,
2020-03-11,165.0,65.48,0.0,,,0.0,
2020-03-12,112.0,62.4,0.0,,,0.0,
2020-03-13,111.0,44.03,0.0,,,0.0,
2020-03-14,74.0,40.6,0.0,,,0.0,
2020-03-15,96.0,44.07,0.0,,,0.0,
2020-03-16,86.0,51.06,0.0,,,0.0,
2020-03-17,134.0,75.48,0.0,,,0.0,
2020-03-18,164.0,74.41,0.0,,,0.0,
2020-03-19,183.0,108.53,0.0,,,0.0,
2020-03-20,252.0,115.54,0.0,,,0.0,
2020-03-21,219.0,80.01,0.0,,,0.0,
2020-03-22,128.0,60.47,0.0,,,0.0,
2020-03-23,122.0,72.86,0.0,,,0.0,
2020-03-24,207.0,100.15,0.0,,,0.0,
2020-03-25,237.0,88.32,0.0,,,0.0,
2020-03-26,108.0,45.41,0.0,,,0.0,
2020-03-27,77.0,45.85,0.0,,,0.0,
2020-03-28,73.0,35.31,0.0,,,0.0,
2020-03-29,64.0,33.5,0.0,,,0.0,
2020-03-30,69.0,39.91,0.0,,,0.0,
2020-03-31,85.0,46.17,0.0,,,0.0,
2020-04-01,116.0,66.67,0.0,,,0.0,
2020-04-02,115.0,49.02,0.0,,,0.0,
2020-04-03,81.0,36.76,0.0,,,0.0,
2020-04-04,71.0,37.82,0.0,,,0.0,
2020-04-05,91.0,54.39,0.0,,,0.0,
2020-04-06,90.0,46.26,0.0,,,0.0,
2020-04-07,75.0,41.85,0.0,,,0.0,
2020-04-08,77.0,46.3,0.0,,,0.0,
2020-04-09,94.0,43.45,0.0,,,0.0,
2020-04-10,81.0,53.91,0.0,,,0.0,
2020-04-11,121.0,65.52,0.0,,,0.0,
2020-04-12,151.0,62.39,0.0,,,0.0,
2020-04-13,93.0,55.36,0.0,,,0.0,
2020-04-14,157.0,80.7,0.0,,,0.0,
2020-04-15,138.0,65.8,0.0,,,0.0,
2020-04-16,160.0,84.4,0.0,,,0.0,
2020-04-17,211.0,79.72,0.0,,,0.0,
2020-04-18,140.0,64.07,0.0,,,0.0,
2020-04-19,125.0,59.38,0.0,,,0.0,
2020-04-20,91.0,49.13,0.0,,,0.0,
2020-04-21,81.0,43.27,0.0,,,0.0,
2020-04-22,84.0,52.6,0.0,,,0.0,
2020-04-23,112.0,68.37,0.0,,,0.0,
2020-04-24,142.0,64.63,0.0,,,0.0,
2020-04-25,120.0,62.85,0.0,,,0.0,
2020-04-26,95.0,45.35,0.0,,,0.0,
2020-04-27,69.0,29.19,0.0,,,0.0,
2020-04-28,64.0,41.72,0.0,,,0.0,
2020-04-29,74.0,44.77,0.0,,,0.0,
2020-04-30,83.0,49.27,0.0,,,0.0,
2020-05-01,82.0,45.79,0.0,,,0.0,
2020-05-02,67.0,37.81,0.0,,,0.0,
2020-05-03,63.0,39.83,0.0,,,0.0,
2020-05-04,73.0,42.14,0.0,,,0.0,
2020-05-05,83.0,35.49,0.0,,,0.0,
2020-05-06,64.0,32.63,0.0,,,0.0,
2020-05-07,73.0,39.25,0.0,,,0.0,
2020-05-08,77.0,50.91,0.0,,,0.0,
2020-05-09,103.0,56.14,0.0,,,0.0,
2020-05-10,122.0,63.31,0.0,,,0.0,
2020-05-11,140.0,59.8,0.0,,,0.0,
2020-05-12,106.0,58.92,0.0,,,0.0,
2020-05-13,143.0,59.92,0.0,,,0.0,
2020-05-14,107.0,55.4,0.0,,,0.0,
2020-05-15,142.0,77.19,0.0,,,0.0,
2020-05-16,143.0,52.42,0.0,,,0.0,
2020-05-17,107.0,64.24,0.0,,,0.0,
2020-05-18,151.0,68.13,0.0,,,0.0,
2020-05-19,113.0,59.78,0.0,,,0.0,
2020-05-20,209.0,101.41,0.0,,,0.0,
2020-05-21,152.0,60.52,0.0,,,0.0,
2020-05-22,158.0,81.15,0.0,,,0.0,
2020-05-23,164.0,57.56,0.0,,,0.0,
2020-05-24,134.0,71.25,0.0,,,0.0,
2020-05-25,173.0,67.24,0.0,,,0.0,
2020-05-26,147.0,71.23,0.0,,,0.0,
2020-05-27,205.0,107.05,0.0,,,0.0,
2020-05-28,135.0,38.92,0.0,,,0.0,
2020-05-29,78.0,46.61,0.0,,,0.0,
2020-05-30,97.0,46.72,0.0,,,0.0,
2020-05-31,81.0,37.56,0.0,,,0.0,
2020-06-01,85.0,47.72,0.0,,,0.0,
2020-06-02,99.0,48.38,0.0,,,0.0,
2020-06-03,110.0,65.45,0.0,,,0.0,
2020-06-04,142.0,61.74,0.0,,,0.0,
2020-06-05,100.0,51.38,0.0,,,0.0,
2020-06-06,84.0,31.01,0.0,,,0.0,
2020-06-07,70.0,29.99,0.0,,,0.0,
2020-06-08,77.0,53.23,0.0,,,0.0,
2020-06-09,148.0,79.9,0.0,,,0.0,
2020-06-10,193.0,91.02,0.0,,,0.0,
2020-06-11,183.0,79.09,0.0,,,0.0,
2020-06-12,166.0,71.59,0.0,,,0.0,
2020-06-13,117.0,51.8,0.0,,,0.0,
2020-06-14,91.0,41.87,0.0,,,0.0,
2020-06-15,79.0,46.39,0.0,,,0.0,
2020-06-16,76.0,31.6,0.0,,,0.0,
2020-06-17,73.0,39.69,0.0,,,0.0,
2020-06-18,75.0,35.98,0.0,,,0.0,
2020-06-19,70.0,35.25,0.0,,,0.0,
2020-06-20,78.0,36.49,0.0,,,0.0,
2020-06-21,71.0,29.43,0.0,,,0.0,
2020-06-22,64.0,29.44,0.0,,,0.0,
2020-06-23,72.0,34.52,0.0,,,0.0,
2020-06-24,90.0,45.74,0.0,,,0.0,
2020-06-25,116.0,54.97,0.0,,,0.0,
2020-06-26,81.0,38.9,0.0,,,0.0,
2020-06-27,74.0,32.23,0.0,,,0.0,
2020-06-28,77.0,34.58,0.0,,,0.0,
2020-06-29,65.0,30.19,0.0,,,0.0,
2020-06-30,69.0,38.27,0.0,,,0.0,
2020-07-01,76.0,34.97,0.0,,,0.0,
2018-05-07,73.0,18.44,0.0,,,0.0,
2018-05-08,82.0,18.07,0.0,,,0.0,
2018-05-09,84.0,18.55,0.0,,,0.0,
2018-05-10,77.0,22.57,0.0,,,0.0,
2018-05-11,73.0,23.57,0.0,,,0.0,
2018-05-12,86.0,31.18,0.0,,,0.0,
2018-05-13,90.0,24.22,0.0,,,0.0,
2018-05-14,70.0,21.81,0.0,,,0.0,
2018-05-15,64.0,14.93,0.0,,,0.0,
2018-05-16,64.0,17.86,0.0,,,0.0,
2018-05-17,66.0,24.73,0.0,,,0.0,
2018-05-18,85.0,24.09,0.0,,,0.0,
2018-05-19,83.0,23.97,0.0,,,0.0,
2018-05-20,90.0,20.7,0.0,,,0.0,
2018-05-21,76.0,19.01,0.0,,,0.0,
2018-05-22,90.0,21.85,0.0,,,0.0,
2018-05-23,81.0,24.32,0.0,,,0.0,
2018-05-24,92.0,22.76,0.0,,,0.0,
2018-05-25,75.0,15.38,0.0,,,0.0,
2018-05-26,51.0,18.58,0.0,,,0.0,
2018-05-27,61.0,15.53,0.0,,,0.0,
2018-05-28,118.0,17.17,0.0,,,0.0,
2018-05-29,115.0,22.54,0.0,,,0.0,
2018-05-30,83.0,18.79,0.0,,,0.0,
2018-05-31,69.0,20.14,0.0,,,0.0,
2018-06-01,75.0,24.8,0.0,,,0.0,
2018-06-02,84.0,19.38,0.0,,,0.0,
2018-06-03,98.0,18.68,0.0,,,0.0,
2018-06-04,82.0,19.98,0.0,,,0.0,
2018-06-05,105.0,26.85,0.0,,,0.0,
2018-06-06,77.0,17.66,0.0,,,0.0,
2018-06-07,78.0,45.54,0.0,,,0.0,
2018-06-08,86.0,17.79,0.0,,,0.0,
2018-06-09,72.0,19.26,0.0,,,0.0,
2018-06-11,55.0,12.89,0.0,,,0.0,
2018-06-12,56.0,18.02,0.0,,,0.0,
2018-06-13,56.0,16.97,0.0,,,0.0,
2018-06-14,59.0,19.16,0.0,,,0.0,
2018-06-15,77.0,19.64,0.0,,,0.0,
2018-06-16,101.0,17.02,0.0,,,0.0,
2018-06-17,118.0,16.94,0.0,,,0.0,
2018-06-18,125.0,10.87,0.0,,,0.0,
2018-06-19,88.0,15.87,0.0,,,0.0,
2018-06-20,82.0,25.71,0.0,,,0.0,
2018-06-21,71.0,22.86,0.0,,,0.0,
2018-06-22,75.0,18.09,0.0,,,0.0,
2018-06-23,89.0,17.52,0.0,,,0.0,
2018-06-24,91.0,10.53,0.0,,,0.0,
2018-06-25,77.0,13.38,0.0,,,0.0,
2018-06-26,68.0,22.06,0.0,,,0.0,
2018-06-27,72.0,18.54,0.0,,,0.0,
2018-06-28,80.0,19.38,0.0,,,0.0,
2018-06-29,109.0,18.39,0.0,,,0.0,
2018-06-30,78.0,16.59,0.0,,,0.0,
2018-07-01,88.0,13.0,0.0,,,0.0,
2018-07-02,77.0,13.78,0.0,,,0.0,
2018-07-03,89.0,18.5,0.0,,,0.0,
2018-07-04,75.0,14.71,0.0,,,0.0,
2018-07-05,68.0,14.11,0.0,,,0.0,
2018-07-06,72.0,14.53,0.0,,,0.0,
2018-07-07,73.0,12.84,0.0,,,0.0,
2018-07-08,74.0,,0.0,,,0.0,
2018-07-11,67.0,18.15,0.0,,,0.0,
2018-07-12,68.0,15.31,0.0,,,0.0,
2018-07-13,72.0,14.72,0.0,,,0.0,
2018-07-14,84.0,19.26,0.0,,,0.0,
2018-07-15,60.0,13.43,0.0,,,0.0,
2018-07-16,69.0,15.67,0.0,,,0.0,
2018-07-17,80.0,16.43,0.0,,,0.0,
2018-07-18,70.0,23.32,0.0,,,0.0,
2018-07-19,82.0,46.76,0.0,,,0.0,
2018-07-20,70.0,16.52,0.0,,,0.0,
2018-07-21,66.0,15.0,0.0,,,0.0,
2018-07-22,62.0,15.37,0.0,,,0.0,
2018-07-23,63.0,14.24,0.0,,,0.0,
2018-07-24,61.0,15.24,0.0,,,0.0,
2018-07-25,61.0,16.28,0.0,,,0.0,
2018-07-26,60.0,15.88,0.0,,,0.0,
2018-07-27,63.0,13.23,0.0,,,0.0,
2018-07-28,62.0,14.11,0.0,,,0.0,
2018-07-29,62.0,13.39,0.0,,,0.0,
2018-07-30,64.0,15.45,0.0,,,0.0,
2018-07-31,44.0,16.22,0.0,,,0.0,
2018-08-01,64.0,14.71,0.0,,,0.0,
2018-08-02,84.0,14.87,0.0,,,0.0,
2018-08-03,75.0,17.72,0.0,,,0.0,
2018-08-04,65.0,10.36,0.0,,,0.0,
2018-08-05,64.0,9.21,0.0,,,0.0,
2018-08-06,66.0,11.21,0.0,,,0.0,
2018-08-07,66.0,12.65,0.0,,,0.0,
2018-08-08,67.0,13.33,0.0,,,0.0,
2018-08-09,67.0,11.61,0.0,,,0.0,
2018-08-10,69.0,12.59,0.0,,,0.0,
2018-08-11,67.0,11.7,0.0,,,0.0,
2018-08-12,67.0,9.7,0.0,,,0.0,
2018-08-13,68.0,12.94,0.0,,,0.0,
2018-08-14,107.0,80.13,0.0,,,0.0,
2018-08-15,93.0,26.83,0.0,,,0.0,
2018-08-16,90.0,26.49,0.0,,,0.0,
2018-08-17,83.0,23.72,0.0,,,0.0,
2018-08-18,74.0,24.15,0.0,,,0.0,
2018-08-19,76.0,22.94,0.0,,,0.0,
2018-08-20,81.0,26.68,0.0,,,0.0,
2018-08-21,95.0,30.76,0.0,,,0.0,
2018-08-22,64.0,25.47,0.0,,,0.0,
2018-08-23,65.0,23.11,0.0,,,0.0,
2018-08-24,65.0,18.94,0.0,,,0.0,
2018-08-25,70.0,25.28,0.0,,,0.0,
2018-08-26,72.0,23.62,0.0,,,0.0,
2018-08-27,77.0,26.46,0.0,,,0.0,
2018-08-28,100.0,30.97,0.0,,,0.0,
2018-08-29,77.0,28.58,0.0,,,0.0,
2018-08-30,71.0,26.49,0.0,,,0.0,
2018-08-31,70.0,25.69,0.0,,,0.0,
2018-09-01,71.0,28.24,0.0,,,0.0,
2018-09-02,70.0,24.03,0.0,,,0.0,
2018-09-03,69.0,26.35,0.0,,,0.0,
2018-09-04,70.0,23.49,0.0,,,0.0,
2018-09-05,68.0,22.67,0.0,,,0.0,
2018-09-06,60.0,25.5,0.0,,,0.0,
2018-09-07,65.0,27.31,0.0,,,0.0,
2018-09-08,67.0,26.77,0.0,,,0.0,
2018-09-09,70.0,24.28,0.0,,,0.0,
2018-09-10,84.0,21.84,0.0,,,0.0,
2018-09-11,106.0,26.76,0.0,,,0.0,
2018-09-12,89.0,21.64,0.0,,,0.0,
2018-09-13,82.0,19.28,0.0,,,0.0,
2018-09-14,89.0,23.52,0.0,,,0.0,
2018-09-15,102.0,22.09,0.0,,,0.0,
2018-09-16,103.0,25.6,0.0,,,0.0,
2018-09-17,93.0,20.37,0.0,,,0.0,
2018-09-18,93.0,25.51,0.0,,,0.0,
2018-09-19,78.0,17.68,0.0,,,0.0,
2018-09-20,100.0,25.44,0.0,,,0.0,
2018-09-21,113.0,42.73,0.0,,,0.0,
2018-09-22,80.0,31.22,0.0,,,0.0,
2018-09-23,82.0,35.95,0.0,,,0.0,
2018-09-24,104.0,33.06,0.0,,,0.0,
2018-09-25,92.0,33.86,0.0,,,0.0,
2018-09-26,91.0,32.52,0.0,,,0.0,
2018-09-27,90.0,37.21,0.0,,,0.0,
2018-09-28,108.0,44.86,0.0,,,0.0,
2018-09-29,106.0,44.05,0.0,,,0.0,
2018-09-30,122.0,54.77,0.0,,,0.0,
2018-10-01,128.0,49.35,0.0,,,0.0,
2018-10-02,111.0,49.52,0.0,,,0.0,
2018-10-03,122.0,50.87,0.0,,,0.0,
2018-10-04,110.0,43.4,0.0,,,0.0,
2018-10-05,106.0,42.12,0.0,,,0.0,
2018-10-06,117.0,48.16,0.0,,,0.0,
2018-10-07,112.0,54.76,0.0,,,0.0,
2018-10-08,109.0,48.6,0.0,,,0.0,
2018-10-09,103.0,45.06,0.0,,,0.0,
2018-10-10,104.0,42.82,0.0,,,0.0,
2018-10-11,100.0,34.35,0.0,,,0.0,
2018-10-12,105.0,44.57,0.0,,,0.0,
2018-10-13,136.0,54.92,0.0,,,0.0,
2018-10-14,149.0,48.18,0.0,,,0.0,
2018-10-15,135.0,49.42,0.0,,,0.0,
2018-10-16,142.0,54.25,0.0,,,0.0,
2018-10-17,130.0,46.14,0.0,,,0.0,
2018-10-18,132.0,26.07,0.0,,,0.0,
2018-10-19,150.0,49.65,0.0,,,0.0,
2018-10-24,123.0,45.04,0.0,,,0.0,
2018-10-25,146.0,52.53,0.0,,,0.0,
2018-10-26,118.0,39.38,0.0,,,0.0,
2018-10-27,136.0,54.0,0.0,,,0.0,
2018-10-28,144.0,,0.0,,,0.0,
2018-10-30,110.0,36.32,0.0,,,0.0,
2018-10-31,106.0,41.76,0.0,,,0.0,
2018-11-01,141.0,49.85,0.0,,,0.0,
2018-11-02,138.0,41.8,0.0,,,0.0,
2018-11-03,132.0,40.22,0.0,,,0.0,
2018-11-04,100.0,37.39,0.0,,,0.0,
2018-11-05,102.0,34.93,0.0,,,0.0,
2018-11-06,112.0,65.23,0.0,,,0.0,
2018-11-07,184.0,67.63,0.0,,,0.0,
2018-11-08,299.0,130.47,0.0,,,0.0,
2018-11-09,195.0,93.59,0.0,,,0.0,
2018-11-10,307.0,122.18,0.0,,,0.0,
2018-11-11,179.0,63.69,0.0,,,0.0,
2018-11-12,146.0,56.06,0.0,,,0.0,
2018-11-13,123.0,51.04,0.0,,,0.0,
2018-11-14,132.0,48.02,0.0,,,0.0,
2018-11-15,122.0,49.79,0.0,,,0.0,
2018-11-16,147.0,51.3,0.0,,,0.0,
2018-11-17,150.0,56.72,0.0,,,0.0,
2018-11-18,153.0,65.09,0.0,,,0.0,
2018-11-19,145.0,,0.0,,,0.0,
2018-11-24,125.0,48.76,0.0,,,0.0,
2018-11-25,145.0,51.75,0.0,,,0.0,
2018-11-26,169.0,63.19,0.0,,,0.0,
2018-11-27,143.0,57.74,0.0,,,0.0,
2018-11-28,149.0,55.7,0.0,,,0.0,
2018-11-29,146.0,53.71,0.0,,,0.0,
2018-11-30,158.0,56.87,0.0,,,0.0,
2018-12-01,154.0,62.05,0.0,,,0.0,
2018-12-02,172.0,62.82,0.0,,,0.0,
2018-12-03,174.0,76.86,0.0,,,0.0,
2018-12-04,168.0,65.54,0.0,,,0.0,
2018-12-05,163.0,72.91,0.0,,,0.0,
2018-12-06,176.0,70.04,0.0,,,0.0,
2018-12-07,140.0,54.61,0.0,,,0.0,
2018-12-08,152.0,63.47,0.0,,,0.0,
2018-12-09,158.0,56.9,0.0,,,0.0,
2018-12-10,137.0,51.82,0.0,,,0.0,
2018-12-11,138.0,49.73,0.0,,,0.0,
2018-12-12,124.0,38.67,0.0,,,0.0,
2018-12-13,117.0,50.03,0.0,,,0.0,
2018-12-14,123.0,61.98,0.0,,,0.0,
2018-12-15,136.0,57.49,0.0,,,0.0,
2018-12-16,146.0,56.54,0.0,,,0.0,
2018-12-17,128.0,50.82,0.0,,,0.0,
2018-12-18,136.0,63.59,0.0,,,0.0,
2018-12-19,174.0,66.38,0.0,,,0.0,
2018-12-20,135.0,50.75,0.0,,,0.0,
2018-12-21,123.0,52.93,0.0,,,0.0,
2018-12-22,160.0,74.39,0.0,,,0.0,
2018-12-23,197.0,92.96,0.0,,,0.0,
2018-12-24,219.0,96.74,0.0,,,0.0,
2018-12-25,210.0,88.48,0.0,,,0.0,
2018-12-26,149.0,68.03,0.0,,,0.0,
2018-12-27,119.0,67.26,0.0,,,0.0,
2018-12-28,130.0,69.88,0.0,,,0.0,
2018-12-29,143.0,65.85,0.0,,,0.0,
2018-12-30,154.0,81.14,0.0,,,0.0,
2018-12-31,188.0,81.34,0.0,,,0.0,
2019-01-01,181.0,79.78,0.0,,,0.0,
2019-01-02,175.0,80.41,0.0,,,0.0,
2019-01-03,239.0,103.76,0.0,,,0.0,
2019-01-04,221.0,84.61,0.0,,,0.0,
2019-01-05,180.0,75.92,0.0,,,0.0,
2019-01-06,183.0,81.14,0.0,,,0.0,
2019-01-07,156.0,52.78,0.0,,,0.0,
2019-01-08,156.0,57.44,0.0,,,0.0,
2019-01-09,150.0,71.68,0.0,,,0.0,
2019-01-10,199.0,84.32,0.0,,,0.0,
2019-01-11,201.0,85.51,0.0,,,0.0,
2019-01-12,187.0,76.86,0.0,,,0.0,
2019-01-13,197.0,75.79,0.0,,,0.0,
2019-01-14,163.0,66.32,0.0,,,0.0,
2019-01-15,162.0,68.1,0.0,,,0.0,
2019-01-16,162.0,69.37,0.0,,,0.0,
2019-01-17,184.0,83.31,0.0,,,0.0,
2019-01-18,200.0,84.99,0.0,,,0.0,
2019-01-19,190.0,82.07,0.0,,,0.0,
2019-01-20,234.0,93.45,0.0,,,0.0,
2019-01-21,160.0,51.0,0.0,,,0.0,
2019-01-22,114.0,34.26,0.0,,,0.0,
2019-01-23,100.0,26.04,0.0,,,0.0,
2019-01-24,125.0,53.38,0.0,,,0.0,
2019-01-25,133.0,47.4,0.0,,,0.0,
2019-01-26,131.0,38.28,0.0,,,0.0,
2019-01-27,117.0,36.88,0.0,,,0.0,
2019-01-28,112.0,46.01,0.0,,,0.0,
2019-01-29,118.0,47.42,0.0,,,0.0,
2019-01-30,150.0,51.55,0.0,,,0.0,
2019-01-31,151.0,51.24,0.0,,,0.0,
2019-02-01,146.0,48.04,0.0,,,0.0,
2019-02-02,152.0,50.63,0.0,,,0.0,
2019-02-03,186.0,73.37,0.0,,,0.0,
2019-02-04,201.0,66.26,0.0,,,0.0,
2019-02-05,164.0,65.62,0.0,,,0.0,
2019-02-06,156.0,43.34,0.0,,,0.0,
2019-02-07,103.0,18.67,0.0,,,0.0,
2019-02-08,132.0,52.26,0.0,,,0.0,
2019-02-09,170.0,72.35,0.0,,,0.0,
2019-02-10,180.0,86.52,0.0,,,0.0,
2019-02-11,213.0,101.67,0.0,,,0.0,
2019-02-12,225.0,94.74,0.0,,,0.0,
2019-02-13,190.0,78.47,0.0,,,0.0,
2019-02-14,139.0,49.64,0.0,,,0.0,
2019-02-15,118.0,47.74,0.0,,,0.0,
2019-02-16,125.0,52.57,0.0,,,0.0,
2019-02-17,165.0,59.84,0.0,,,0.0,
2019-02-18,155.0,54.99,0.0,,,0.0,
2019-02-19,143.0,49.87,0.0,,,0.0,
2019-02-20,166.0,64.73,0.0,,,0.0,
2019-02-21,114.0,35.61,0.0,,,0.0,
2019-02-22,105.0,38.3,0.0,,,0.0,
2019-02-23,156.0,58.39,0.0,,,0.0,
2019-02-24,140.0,31.67,0.0,,,0.0,
2019-02-25,119.0,35.64,0.0,,,0.0,
2019-02-26,118.0,27.8,0.0,,,0.0,
2019-02-27,108.0,22.69,0.0,,,0.0,
2019-02-28,106.0,49.14,0.0,,,0.0,
2019-03-01,159.0,41.12,0.0,,,0.0,
2019-03-02,184.0,49.77,0.0,,,0.0,
2019-03-03,114.0,15.85,0.0,,,0.0,
2019-03-04,95.0,16.82,0.0,,,0.0,
2019-03-05,106.0,22.15,0.0,,,0.0,
2019-03-06,113.0,23.44,0.0,,,0.0,
2019-03-07,113.0,25.23,0.0,,,0.0,
2019-03-08,122.0,29.13,0.0,,,0.0,
2019-03-09,151.0,36.24,0.0,,,0.0,
2019-03-10,142.0,30.19,0.0,,,0.0,
2019-03-11,127.0,23.72,0.0,,,0.0,
2019-03-12,109.0,21.02,0.0,,,0.0,
2019-03-13,142.0,23.36,0.0,,,0.0,
2019-03-14,104.0,21.54,0.0,,,0.0,
2019-03-15,124.0,28.02,0.0,,,0.0,
2019-03-16,153.0,39.49,0.0,,,0.0,
2019-03-17,135.0,37.52,0.0,,,0.0,
2019-03-18,137.0,40.68,0.0,,,0.0,
2019-03-19,140.0,35.58,0.0,,,0.0,
2019-03-20,108.0,27.08,0.0,,,0.0,
2019-03-21,98.0,19.81,0.0,,,0.0,
2019-03-22,81.0,18.03,0.0,,,0.0,
2019-03-23,90.0,31.96,0.0,,,0.0,
2019-03-24,149.0,49.58,0.0,,,0.0,
2019-03-25,160.0,55.04,0.0,,,0.0,
2019-03-26,147.0,40.69,0.0,,,0.0,
2019-03-27,128.0,34.51,0.0,,,0.0,
2019-03-28,111.0,32.94,0.0,,,0.0,
2019-03-29,98.0,29.55,0.0,,,0.0,
2019-03-30,101.0,24.24,0.0,,,0.0,
2019-03-31,87.0,18.43,0.0,,,0.0,
2019-04-01,90.0,19.8,0.0,,,0.0,
2019-04-02,86.0,22.9,0.0,,,0.0,
2019-04-03,138.0,27.35,0.0,,,0.0,
2019-04-04,94.0,16.91,0.0,,,0.0,
2019-04-05,94.0,19.09,0.0,,,0.0,
2019-04-06,95.0,17.84,0.0,,,0.0,
2019-04-07,98.0,18.74,0.0,,,0.0,
2019-04-08,95.0,16.1,0.0,,,0.0,
2019-04-09,93.0,16.87,0.0,,,0.0,
2019-04-10,94.0,14.22,0.0,,,0.0,
2019-04-11,92.0,17.17,0.0,,,0.0,
2019-04-12,96.0,22.32,0.0,,,0.0,
2019-04-13,109.0,33.1,0.0,,,0.0,
2019-04-14,108.0,22.7,0.0,,,0.0,
2019-04-15,102.0,20.7,0.0,,,0.0,
2019-04-16,101.0,27.28,0.0,,,0.0,
2019-04-17,93.0,13.15,0.0,,,0.0,
2019-04-18,96.0,21.44,0.0,,,0.0,
2019-04-19,99.0,21.5,0.0,,,0.0,
2019-04-20,102.0,22.27,0.0,,,0.0,
2019-04-21,100.0,21.17,0.0,,,0.0,
2019-04-22,98.0,20.98,0.0,,,0.0,
2019-04-23,97.0,18.09,0.0,,,0.0,
2019-04-24,93.0,16.24,0.0,,,0.0,
2019-04-25,90.0,17.48,0.0,,,0.0,
2019-04-26,93.0,17.19,0.0,,,0.0,
2019-04-27,100.0,26.23,0.0,,,0.0,
2019-04-28,103.0,23.77,0.0,,,0.0,
2019-04-29,97.0,22.63,0.0,,,0.0,
2019-04-30,96.0,21.86,0.0,,,0.0,
2019-05-01,90.0,19.09,0.0,,,0.0,
2019-05-02,105.0,21.65,0.0,,,0.0,
2019-05-03,97.0,17.93,0.0,,,0.0,
2019-05-04,92.0,16.54,0.0,,,0.0,
2019-05-05,91.0,14.8,0.0,,,0.0,
2019-05-06,93.0,15.73,0.0,,,0.0,
2019-05-07,95.0,13.48,0.0,,,0.0,
2019-05-08,90.0,12.89,0.0,,,0.0,
2019-05-09,91.0,10.95,0.0,,,0.0,
2019-05-10,89.0,12.8,0.0,,,0.0,
2019-05-11,93.0,12.96,0.0,,,0.0,
2019-05-12,94.0,14.62,0.0,,,0.0,
2019-05-13,92.0,18.73,0.0,,,0.0,
2019-05-14,92.0,15.43,0.0,,,0.0,
2019-05-15,80.0,15.19,0.0,,,0.0,
2019-05-16,76.0,16.01,0.0,,,0.0,
2019-05-17,79.0,15.25,0.0,,,0.0,
2019-05-18,92.0,16.14,0.0,,,0.0,
2019-05-19,83.0,12.37,0.0,,,0.0,
2019-05-20,84.0,12.04,0.0,,,0.0,
2019-05-21,92.0,14.62,0.0,,,0.0,
2019-05-22,89.0,11.08,0.0,,,0.0,
2019-05-23,93.0,25.61,0.0,,,0.0,
2019-05-24,90.0,16.84,0.0,,,0.0,
2019-05-25,75.0,14.03,0.0,,,0.0,
2019-05-26,71.0,17.07,0.0,,,0.0,
2019-05-27,86.0,18.11,0.0,,,0.0,
2019-05-28,90.0,16.57,0.0,,,0.0,
2019-05-29,91.0,14.93,0.0,,,0.0,
2019-05-30,73.0,12.88,0.0,,,0.0,
2019-05-31,76.0,13.92,0.0,,,0.0,
2019-06-01,81.0,12.38,0.0,,,0.0,
2019-06-02,81.0,12.49,0.0,,,0.0,
2019-06-03,81.0,16.91,0.0,,,0.0,
2019-06-04,66.0,14.51,0.0,,,0.0,
2019-06-05,64.0,16.41,0.0,,,0.0,
2019-06-06,65.0,12.41,0.0,,,0.0,
2019-06-07,72.0,12.86,0.0,,,0.0,
2019-06-08,77.0,14.42,0.0,,,0.0,
2019-06-09,86.0,16.3,0.0,,,0.0,
2019-06-10,87.0,18.41,0.0,,,0.0,
2019-06-11,90.0,18.13,0.0,,,0.0,
2019-06-12,71.0,15.48,0.0,,,0.0,
2019-06-13,61.0,13.64,0.0,,,0.0,
2019-06-14,69.0,15.87,0.0,,,0.0,
2019-06-15,62.0,13.97,0.0,,,0.0,
2019-06-16,58.0,11.64,0.0,,,0.0,
2019-06-17,60.0,12.33,0.0,,,0.0,
2019-06-18,65.0,14.3,0.0,,,0.0,
2019-06-19,61.0,14.45,0.0,,,0.0,
2019-06-20,80.0,15.98,0.0,,,0.0,
2019-06-21,82.0,16.49,0.0,,,0.0,
2019-06-22,84.0,19.33,0.0,,,0.0,
2019-06-23,90.0,18.81,0.0,,,0.0,
2019-06-24,92.0,20.36,0.0,,,0.0,
2019-06-25,71.0,17.72,0.0,,,0.0,
2019-06-26,63.0,15.04,0.0,,,0.0,
2019-06-27,60.0,10.52,0.0,,,0.0,
2019-06-28,59.0,7.2,0.0,,,0.0,
2019-06-29,63.0,10.31,0.0,,,0.0,
2019-06-30,59.0,11.91,0.0,,,0.0,
2019-07-01,59.0,8.73,0.0,,,0.0,
2019-07-02,61.0,9.86,0.0,,,0.0,
2019-07-03,67.0,13.44,0.0,,,0.0,
2019-07-04,68.0,16.28,0.0,,,0.0,
2019-07-05,84.0,13.97,0.0,,,0.0,
2019-07-06,57.0,10.48,0.0,,,0.0,
2019-07-07,76.0,17.65,0.0,,,0.0,
2019-07-08,84.0,9.78,0.0,,,0.0,
2019-07-09,61.0,10.49,0.0,,,0.0,
2019-07-10,59.0,8.69,0.0,,,0.0,
2019-07-11,67.0,11.0,0.0,,,0.0,
2019-07-12,72.0,11.6,0.0,,,0.0,
2019-07-13,63.0,11.06,0.0,,,0.0,
2019-07-14,65.0,9.18,0.0,,,0.0,
2019-07-15,66.0,10.76,0.0,,,0.0,
2019-07-16,66.0,11.46,0.0,,,0.0,
2019-07-17,69.0,14.55,0.0,,,0.0,
2019-07-18,70.0,14.07,0.0,,,0.0,
2019-07-19,77.0,18.79,0.0,,,0.0,
2019-07-20,78.0,18.67,0.0,,,0.0,
2019-07-21,79.0,22.6,0.0,,,0.0,
2019-07-22,64.0,11.58,0.0,,,0.0,
2019-07-23,55.0,7.33,0.0,,,0.0,
2019-07-24,51.0,7.93,0.0,,,0.0,
2019-07-25,56.0,14.23,0.0,,,0.0,
2019-07-26,59.0,11.83,0.0,,,0.0,
2019-07-27,56.0,11.84,0.0,,,0.0,
2019-07-28,61.0,14.16,0.0,,,0.0,
2019-07-29,65.0,12.93,0.0,,,0.0,
2019-07-30,58.0,10.37,0.0,,,0.0,
2019-07-31,56.0,9.25,0.0,,,0.0,
2019-08-01,58.0,9.44,0.0,,,0.0,
2019-08-02,56.0,7.97,0.0,,,0.0,
2019-08-03,49.0,8.06,0.0,,,0.0,
2019-08-04,48.0,10.3,0.0,,,0.0,
2019-08-05,56.0,11.9,0.0,,,0.0,
2019-08-06,59.0,10.6,0.0,,,0.0,
2019-08-07,60.0,12.73,0.0,,,0.0,
2019-08-08,69.0,18.67,0.0,,,0.0,
2019-08-09,74.0,18.48,0.0,,,0.0,
2019-08-10,78.0,18.71,0.0,,,0.0,
2019-08-11,72.0,15.56,0.0,,,0.0,
2019-08-12,66.0,12.73,0.0,,,0.0,
2019-08-13,66.0,13.07,0.0,,,0.0,
2019-08-14,69.0,15.06,0.0,,,0.0,
2019-08-15,70.0,11.75,0.0,,,0.0,
2019-08-16,60.0,11.89,0.0,,,0.0,
2019-08-17,67.0,13.3,0.0,,,0.0,
2019-08-18,65.0,11.37,0.0,,,0.0,
2019-08-19,67.0,11.44,0.0,,,0.0,
2019-08-20,73.0,13.78,0.0,,,0.0,
2019-08-21,68.0,15.77,0.0,,,0.0,
2019-08-22,62.0,12.96,0.0,,,0.0,
2019-08-23,64.0,16.01,0.0,,,0.0,
2019-08-24,62.0,18.56,0.0,,,0.0,
2019-08-25,66.0,12.37,0.0,,,0.0,
2019-08-26,73.0,14.76,0.0,,,0.0,
2019-08-27,64.0,13.53,0.0,,,0.0,
2019-08-28,53.0,12.75,0.0,,,0.0,
2019-08-29,57.0,13.24,0.0,,,0.0,
2019-08-30,62.0,11.17,0.0,,,0.0,
2019-08-31,62.0,11.53,0.0,,,0.0,
2019-09-01,62.0,9.75,0.0,,,0.0,
2019-09-02,67.0,12.12,0.0,,,0.0,
2019-09-03,60.0,6.72,0.0,,,0.0,
2019-09-04,54.0,7.68,0.0,,,0.0,
2019-09-05,49.0,5.68,0.0,,,0.0,
2019-09-06,47.0,7.6,0.0,,,0.0,
2019-09-07,49.0,10.71,0.0,,,0.0,
2019-09-08,51.0,8.69,0.0,,,0.0,
2019-09-09,54.0,12.07,0.0,,,0.0,
2019-09-10,54.0,13.89,0.0,,,0.0,
2019-09-11,55.0,14.62,0.0,,,0.0,
2019-09-12,55.0,10.93,0.0,,,0.0,
2019-09-13,53.0,12.93,0.0,,,0.0,
2019-09-14,60.0,13.24,0.0,,,0.0,
2019-09-15,57.0,10.85,0.0,,,0.0,
2019-09-16,65.0,11.95,0.0,,,0.0,
2019-09-17,64.0,16.24,0.0,,,0.0,
2019-09-18,80.0,17.95,0.0,,,0.0,
2019-09-19,83.0,21.73,0.0,,,0.0,
2019-09-20,73.0,14.94,0.0,,,0.0,
2019-09-21,57.0,12.09,0.0,,,0.0,
2019-09-22,56.0,15.09,0.0,,,0.0,
2019-09-23,64.0,18.6,0.0,,,0.0,
2019-09-24,67.0,15.04,0.0,,,0.0,
2019-09-25,64.0,16.9,0.0,,,0.0,
2019-09-26,70.0,17.28,0.0,,,0.0,
2019-09-27,49.0,8.39,0.0,,,0.0,
2019-09-28,40.0,8.32,0.0,,,0.0,
2019-09-29,42.0,9.62,0.0,,,0.0,
2019-09-30,41.0,8.33,0.0,,,0.0,
2019-10-01,50.0,10.46,0.0,,,0.0,
2019-10-02,64.0,16.15,0.0,,,0.0,
2019-10-03,68.0,17.62,0.0,,,0.0,
2019-10-04,72.0,24.77,0.0,,,0.0,
2019-10-05,96.0,32.11,0.0,,,0.0,
2019-10-06,99.0,35.13,0.0,,,0.0,
2019-10-07,93.0,45.48,0.0,,,0.0,
2019-10-08,112.0,54.08,0.0,,,0.0,
2019-10-09,90.0,21.6,0.0,,,0.0,
2019-10-10,89.0,39.03,0.0,,,0.0,
2019-10-11,118.0,39.11,0.0,,,0.0,
2019-10-12,110.0,49.37,0.0,,,0.0,
2019-10-13,112.0,42.92,0.0,,,0.0,
2019-10-14,117.0,55.33,0.0,,,0.0,
2019-10-15,116.0,50.61,0.0,,,0.0,
2019-10-16,121.0,49.19,0.0,,,0.0,
2019-10-17,135.0,56.89,0.0,,,0.0,
2019-10-18,135.0,62.55,0.0,,,0.0,
2019-10-19,99.0,28.56,0.0,,,0.0,
2019-10-20,86.0,15.09,0.0,,,0.0,
2019-10-21,81.0,17.75,0.0,,,0.0,
2019-10-22,76.0,17.92,0.0,,,0.0,
2019-10-23,72.0,17.85,0.0,,,0.0,
2019-10-24,87.0,30.71,0.0,,,0.0,
2019-10-25,82.0,20.04,0.0,,,0.0,
2019-10-26,69.0,25.58,0.0,,,0.0,
2019-10-27,105.0,39.09,0.0,,,0.0,
2019-10-28,92.0,53.5,0.0,,,0.0,
2019-10-29,113.0,56.28,0.0,,,0.0,
2019-10-30,97.0,40.81,0.0,,,0.0,
2019-10-31,81.0,25.37,0.0,,,0.0,
2019-11-01,77.0,16.55,0.0,,,0.0,
2019-11-02,57.0,11.99,0.0,,,0.0,
2019-11-03,71.0,20.09,0.0,,,0.0,
2019-11-04,78.0,28.41,0.0,,,0.0,
2019-11-05,79.0,36.96,0.0,,,0.0,
2019-11-06,105.0,52.87,0.0,,,0.0,
2019-11-07,84.0,19.26,0.0,,,0.0,
2019-11-08,57.0,12.19,0.0,,,0.0,
2019-11-09,82.0,27.12,0.0,,,0.0,
2019-11-10,97.0,49.51,0.0,,,0.0,
2019-11-11,108.0,57.72,0.0,,,0.0,
2019-11-12,134.0,69.7,0.0,,,0.0,
2019-11-13,140.0,64.9,0.0,,,0.0,
2019-11-14,128.0,62.54,0.0,,,0.0,
2019-11-15,131.0,69.75,0.0,,,0.0,
2019-11-16,149.0,77.05,0.0,,,0.0,
2019-11-17,149.0,70.89,0.0,,,0.0,
2019-11-18,140.0,72.13,0.0,,,0.0,
2019-11-19,184.0,90.92,0.0,,,0.0,
2019-11-20,209.0,91.86,0.0,,,0.0,
2019-11-21,209.0,92.37,0.0,,,0.0,
2019-11-22,208.0,87.03,0.0,,,0.0,
2019-11-23,184.0,82.21,0.0,,,0.0,
2019-11-24,176.0,82.78,0.0,,,0.0,
2019-11-25,190.0,89.06,0.0,,,0.0,
2019-11-26,193.0,83.45,0.0,,,0.0,
2019-11-27,173.0,73.81,0.0,,,0.0,
2019-11-28,146.0,71.95,0.0,,,0.0,
2019-11-29,163.0,81.38,0.0,,,0.0,
2019-11-30,186.0,87.36,0.0,,,0.0,
2019-12-01,212.0,94.89,0.0,,,0.0,
2019-12-02,174.0,64.67,0.0,,,0.0,
2019-12-03,115.0,39.87,0.0,,,0.0,
2019-12-04,99.0,49.87,0.0,,,0.0,
2019-12-05,111.0,65.29,0.0,,,0.0,
2019-12-06,180.0,83.28,0.0,,,0.0,
2019-12-07,154.0,70.54,0.0,,,0.0,
2019-12-08,174.0,88.13,0.0,,,0.0,
2019-12-09,205.0,82.73,0.0,,,0.0,
2019-12-10,171.0,82.73,0.0,,,0.0,
2019-12-11,198.0,95.77,0.0,,,0.0,
2019-12-12,229.0,95.21,0.0,,,0.0,
2019-12-13,203.0,72.43,0.0,,,0.0,
2019-12-14,110.0,50.06,0.0,,,0.0,
2019-12-15,128.0,69.63,0.0,,,0.0,
2019-12-16,180.0,89.46,0.0,,,0.0,
2019-12-17,191.0,80.42,0.0,,,0.0,
2019-12-18,164.0,73.92,0.0,,,0.0,
2019-12-19,164.0,75.17,0.0,,,0.0,
2019-12-20,187.0,94.27,0.0,,,0.0,
2019-12-21,212.0,94.04,0.0,,,0.0,
2019-12-22,225.0,94.72,0.0,,,0.0,
2019-12-23,214.0,94.33,0.0,,,0.0,
2019-12-24,250.0,122.89,0.0,,,0.0,
2019-12-25,283.0,134.32,0.0,,,0.0,
2019-12-26,268.0,87.5,0.0,,,0.0,
2019-12-27,184.0,88.03,0.0,,,0.0,
2019-12-28,167.0,75.77,0.0,,,0.0,
2019-12-29,160.0,75.81,0.0,,,0.0,
2019-12-30,181.0,86.42,0.0,,,0.0,
2019-12-31,159.0,65.76,0.0,,,0.0,
2020-01-01,194.0,104.06,0.0,,,0.0,
2020-01-02,260.0,107.87,0.0,,,0.0,
2020-01-03,221.0,93.64,0.0,,,0.0,
2020-01-04,225.0,94.05,0.0,,,0.0,
2020-01-05,229.0,91.04,0.0,,,0.0,
2020-01-06,157.0,70.2,0.0,,,0.0,
2020-01-07,177.0,87.2,0.0,,,0.0,
2020-01-08,166.0,64.97,0.0,,,0.0,
2020-01-09,122.0,59.98,0.0,,,0.0,
2020-01-10,127.0,65.06,0.0,,,0.0,
2020-01-11,151.0,76.71,0.0,,,0.0,
2020-01-12,211.0,98.12,0.0,,,0.0,
2020-01-13,178.0,68.39,0.0,,,0.0,
2020-01-14,100.0,36.33,0.0,,,0.0,
2020-01-15,97.0,30.53,0.0,,,0.0,
2020-01-16,90.0,34.16,0.0,,,0.0,
2020-01-17,93.0,51.0,0.0,,,0.0,
2020-01-18,160.0,87.28,0.0,,,0.0,
2020-01-19,213.0,96.1,0.0,,,0.0,
2020-01-20,205.0,89.26,0.0,,,0.0,
2020-01-21,227.0,96.99,0.0,,,0.0,
2020-01-22,192.0,78.69,0.0,,,0.0,
2020-01-23,196.0,87.78,0.0,,,0.0,
2020-01-24,172.0,73.57,0.0,,,0.0,
2020-01-25,182.0,91.57,0.0,,,0.0,
2020-01-26,253.0,103.35,0.0,,,0.0,
2020-01-27,183.0,57.22,0.0,,,0.0,
2020-01-28,94.0,25.47,0.0,,,0.0,
2020-01-29,85.0,19.77,0.0,,,0.0,
2020-01-30,123.0,52.66,0.0,,,0.0,
2020-01-31,145.0,65.97,0.0,,,0.0,
2020-02-01,154.0,72.14,0.0,,,0.0,
2020-02-02,183.0,80.79,0.0,,,0.0,
2020-02-03,192.0,83.47,0.0,,,0.0,
2020-02-04,178.0,77.73,0.0,,,0.0,
2020-02-05,151.0,60.91,0.0,,,0.0,
2020-02-06,138.0,47.67,0.0,,,0.0,
2020-02-07,129.0,49.35,0.0,,,0.0,
2020-02-08,133.0,68.47,0.0,,,0.0,
2020-02-09,142.0,68.29,0.0,,,0.0,
2020-02-10,134.0,56.58,0.0,,,0.0,
2020-02-11,130.0,60.95,0.0,,,0.0,
2020-02-12,136.0,60.53,0.0,,,0.0,
2020-02-13,144.0,67.91,0.0,,,0.0,
2020-02-14,141.0,58.14,0.0,,,0.0,
2020-02-15,141.0,53.27,0.0,,,0.0,
2020-02-16,147.0,68.93,0.0,,,0.0,
2020-02-17,234.0,102.48,0.0,,,0.0,
2020-02-18,217.0,88.15,0.0,,,0.0,
2020-02-19,224.0,92.5,0.0,,,0.0,
2020-02-20,175.0,62.8,0.0,,,0.0,
2020-02-21,110.0,39.37,0.0,,,0.0,
2020-02-22,121.0,65.93,0.0,,,0.0,
2020-02-23,185.0,77.63,0.0,,,0.0,
2020-02-24,176.0,84.7,0.0,,,0.0,
2020-02-25,170.0,48.01,0.0,,,0.0,
2020-02-26,130.0,41.03,0.0,,,0.0,
2020-02-27,136.0,51.74,0.0,,,0.0,
2020-02-28,173.0,77.61,0.0,,,0.0,
2020-02-29,193.0,74.98,0.0,,,0.0,
2020-03-01,125.0,43.39,0.0,,,0.0,
2020-03-02,123.0,52.18,0.0,,,0.0,
2020-03-03,127.0,43.68,0.0,,,0.0,
2020-03-04,118.0,36.73,0.0,,,0.0,
2020-03-05,108.0,32.59,0.0,,,0.0,
2020-03-06,102.0,20.15,0.0,,,0.0,
2020-03-07,107.0,24.45,0.0,,,0.0,
2020-03-08,122.0,27.0,0.0,,,0.0,
2020-03-09,121.0,35.03,0.0,,,0.0,
2020-03-10,128.0,40.47,0.0,,,0.0,
2020-03-11,88.0,16.04,0.0,,,0.0,
2020-03-12,80.0,18.59,0.0,,,0.0,
2020-03-13,84.0,23.81,0.0,,,0.0,
2020-03-14,117.0,30.33,0.0,,,0.0,
2020-03-15,143.0,49.84,0.0,,,0.0,
2020-03-16,154.0,57.99,0.0,,,0.0,
2020-03-17,191.0,78.54,0.0,,,0.0,
2020-03-18,167.0,52.03,0.0,,,0.0,
2020-03-19,113.0,30.33,0.0,,,0.0,
2020-03-20,91.0,21.08,0.0,,,0.0,
2020-03-21,82.0,20.14,0.0,,,0.0,
2020-03-22,67.0,16.75,0.0,,,0.0,
2020-03-23,66.0,23.48,0.0,,,0.0,
2020-03-24,86.0,35.58,0.0,,,0.0,
2020-03-25,91.0,30.86,0.0,,,0.0,
2020-03-26,71.0,27.82,0.0,,,0.0,
2020-03-27,70.0,24.81,0.0,,,0.0,
2020-03-28,78.0,28.14,0.0,,,0.0,
2020-03-29,78.0,23.43,0.0,,,0.0,
2020-03-30,77.0,23.57,0.0,,,0.0,
2020-03-31,69.0,25.36,0.0,,,0.0,
2020-04-01,63.0,20.08,0.0,,,0.0,
2020-04-02,78.0,26.27,0.0,,,0.0,
2020-04-03,85.0,24.33,0.0,,,0.0,
2020-04-04,83.0,24.7,0.0,,,0.0,
2020-04-05,78.0,27.36,0.0,,,0.0,
2020-04-06,67.0,20.82,0.0,,,0.0,
2020-04-07,62.0,24.1,0.0,,,0.0,
2020-04-08,93.0,29.52,0.0,,,0.0,
2020-04-09,95.0,28.3,0.0,,,0.0,
2020-04-10,87.0,25.89,0.0,,,0.0,
2020-04-11,81.0,29.54,0.0,,,0.0,
2020-04-12,86.0,28.26,0.0,,,0.0,
2020-04-13,79.0,25.58,0.0,,,0.0,
2020-04-14,87.0,26.89,0.0,,,0.0,
2020-04-15,85.0,26.61,0.0,,,0.0,
2020-04-16,75.0,20.55,0.0,,,0.0,
2020-04-17,73.0,20.54,0.0,,,0.0,
2020-04-18,70.0,18.48,0.0,,,0.0,
2020-04-19,74.0,19.99,0.0,,,0.0,
2020-04-20,82.0,25.7,0.0,,,0.0,
2020-04-21,76.0,18.64,0.0,,,0.0,
2020-04-22,61.0,18.03,0.0,,,0.0,
2020-04-23,67.0,19.8,0.0,,,0.0,
2020-04-24,58.0,20.82,0.0,,,0.0,
2020-04-25,57.0,16.78,0.0,,,0.0,
2020-04-26,63.0,19.05,0.0,,,0.0,
2020-04-27,60.0,17.23,0.0,,,0.0,
2020-04-28,60.0,19.82,0.0,,,0.0,
2020-04-29,77.0,21.01,0.0,,,0.0,
2020-04-30,68.0,20.8,0.0,,,0.0,
2020-05-01,61.0,15.53,0.0,,,0.0,
2020-05-02,53.0,13.15,0.0,,,0.0,
2020-05-03,53.0,12.02,0.0,,,0.0,
2020-05-04,47.0,11.51,0.0,,,0.0,
2020-05-05,51.0,11.2,0.0,,,0.0,
2020-05-06,61.0,12.09,0.0,,,0.0,
2020-05-07,65.0,14.3,0.0,,,0.0,
2020-05-08,69.0,15.26,0.0,,,0.0,
2020-05-09,67.0,14.21,0.0,,,0.0,
2020-05-10,70.0,13.08,0.0,,,0.0,
2020-05-11,75.0,16.85,0.0,,,0.0,
2020-05-12,81.0,13.72,0.0,,,0.0,
2020-05-13,74.0,14.67,0.0,,,0.0,
2020-05-14,65.0,15.23,0.0,,,0.0,
2020-05-15,70.0,17.67,0.0,,,0.0,
2020-05-16,79.0,30.44,0.0,,,0.0,
2020-05-17,119.0,29.74,0.0,,,0.0,
2020-05-18,86.0,21.3,0.0,,,0.0,
2020-05-19,74.0,15.36,0.0,,,0.0,
2020-05-20,66.0,14.14,0.0,,,0.0,
2020-05-21,57.0,16.44,0.0,,,0.0,
2020-05-22,51.0,14.78,0.0,,,0.0,
2020-05-23,55.0,15.18,0.0,,,0.0,
2020-05-24,55.0,12.33,0.0,,,0.0,
2020-05-25,54.0,11.81,0.0,,,0.0,
2020-05-26,57.0,12.64,0.0,,,0.0,
2020-05-27,59.0,11.7,0.0,,,0.0,
2020-05-28,56.0,12.21,0.0,,,0.0,
2020-05-29,50.0,7.33,0.0,,,0.0,
2020-05-30,49.0,10.08,0.0,,,0.0,
2020-05-31,53.0,8.99,0.0,,,0.0,
2020-06-01,48.0,17.27,0.0,,,0.0,
2020-06-02,52.0,21.94,0.0,,,0.0,
2020-06-03,50.0,8.38,0.0,,,0.0,
2020-06-04,48.0,20.53,0.0,,,0.0,
2020-06-05,66.0,11.26,0.0,,,0.0,
2020-06-06,46.0,9.38,0.0,,,0.0,
2020-06-07,49.0,10.85,0.0,,,0.0,
2020-06-08,50.0,8.92,0.0,,,0.0,
2020-06-09,47.0,8.93,0.0,,,0.0,
2020-06-10,48.0,10.43,0.0,,,0.0,
2020-06-11,48.0,9.0,0.0,,,0.0,
2020-06-12,52.0,10.46,0.0,,,0.0,
2020-06-13,54.0,10.36,0.0,,,0.0,
2020-06-14,51.0,9.87,0.0,,,0.0,
2020-06-15,49.0,10.58,0.0,,,0.0,
2020-06-16,54.0,9.59,0.0,,,0.0,
2020-06-17,46.0,6.62,0.0,,,0.0,
2020-06-18,50.0,7.46,0.0,,,0.0,
2020-06-19,58.0,14.69,0.0,,,0.0,
2020-06-20,61.0,11.97,0.0,,,0.0,
2020-06-21,55.0,9.27,0.0,,,0.0,
2020-06-22,51.0,12.61,0.0,,,0.0,
2020-06-23,59.0,9.56,0.0,,,0.0,
2020-06-24,55.0,8.73,0.0,,,0.0,
2020-06-25,59.0,11.84,0.0,,,0.0,
2020-06-26,57.0,13.82,0.0,,,0.0,
2020-06-27,64.0,18.04,0.0,,,0.0,
2020-06-28,64.0,12.33,0.0,,,0.0,
2020-06-29,54.0,7.88,0.0,,,0.0,
2020-06-30,54.0,4.66,0.0,,,0.0,
2020-07-01,53.0,3.84,0.0,,,0.0,
2015-10-03,154.0,74.28,0.0,,,0.0,
2015-10-04,156.0,118.5,0.0,,,0.0,
2015-10-05,222.0,99.12,0.0,,,0.0,
2015-10-06,257.0,107.03,0.0,,,0.0,
2015-10-07,246.0,111.0,0.0,,,0.0,
2015-10-08,282.0,107.48,0.0,,,0.0,
2015-10-09,234.0,121.5,0.0,,,0.0,
2015-10-16,165.0,87.82,0.0,,,0.0,
2015-10-17,193.0,95.74,0.0,,,0.0,
2015-10-18,259.0,170.0,0.0,,,0.0,
2015-10-21,214.0,98.72,0.0,,,0.0,
2015-10-22,260.0,128.72,0.0,,,0.0,
2015-10-23,312.0,120.64,0.0,,,0.0,
2015-10-24,274.0,119.64,0.0,,,0.0,
2015-10-26,294.0,125.35,0.0,,,0.0,
2015-10-27,313.0,136.26,0.0,,,0.0,
2015-10-28,306.0,201.0,0.0,,,0.0,
2015-10-29,145.0,66.43,0.0,,,0.0,
2015-10-30,137.0,66.17,0.0,,,0.0,
2015-10-31,196.0,116.88,0.0,,,0.0,
2015-11-01,306.0,192.0,0.0,,,0.0,
2015-11-02,253.0,114.42,0.0,,,0.0,
2015-11-03,311.0,132.89,0.0,,,0.0,
2015-11-04,270.0,124.45,0.0,,,0.0,
2015-11-05,305.0,128.25,0.0,,,0.0,
2015-11-06,330.0,170.54,0.0,,,0.0,
2015-11-07,355.0,217.82,0.0,,,0.0,
2015-11-08,377.0,211.84,0.0,,,0.0,
2015-11-09,354.0,183.37,0.0,,,0.0,
2015-11-10,361.0,217.98,0.0,,,0.0,
2015-11-11,367.0,225.05,0.0,,,0.0,
2015-11-12,385.0,214.09,0.0,,,0.0,
2015-11-13,374.0,200.98,0.0,,,0.0,
2015-11-14,375.0,240.12,0.0,,,0.0,
2015-11-15,392.0,249.21,0.0,,,0.0,
2015-11-16,402.0,279.32,0.0,,,0.0,
2015-11-17,407.0,222.41,0.0,,,0.0,
2015-11-18,388.0,238.43,0.0,,,0.0,
2015-11-19,362.0,195.85,0.0,,,0.0,
2015-11-20,394.0,275.71,0.0,,,0.0,
2015-11-21,441.0,315.16,0.0,,,0.0,
2015-11-22,447.0,422.92,0.0,,,0.0,
2015-11-23,407.0,273.82,0.0,,,0.0,
2015-11-24,422.0,305.56,0.0,,,0.0,
2015-11-25,426.0,281.76,0.0,,,0.0,
2015-11-26,436.0,253.51,0.0,,,0.0,
2015-11-27,389.0,240.39,0.0,,,0.0,
2015-11-28,381.0,199.25,0.0,,,0.0,
2015-11-29,348.0,119.5,0.0,,,0.0,
2015-11-30,365.0,221.33,0.0,,,0.0,
2015-12-01,394.0,247.61,0.0,,,0.0,
2015-12-02,395.0,189.19,0.0,,,0.0,
2015-12-03,309.0,160.84,0.0,,,0.0,
2015-12-04,359.0,230.61,0.0,,,0.0,
2015-12-05,416.0,242.71,0.0,,,0.0,
2015-12-06,358.0,174.18,0.0,,,0.0,
2015-12-07,343.0,186.38,0.0,,,0.0,
2015-12-08,359.0,198.38,0.0,,,0.0,
2015-12-09,344.0,169.68,0.0,,,0.0,
2015-12-10,329.0,150.2,0.0,,,0.0,
2015-12-11,336.0,194.92,0.0,,,0.0,
2015-12-12,381.0,276.74,0.0,,,0.0,
2015-12-13,431.0,250.54,0.0,,,0.0,
2015-12-14,387.0,207.56,0.0,,,0.0,
2015-12-15,353.0,208.42,0.0,,,0.0,
2015-12-16,405.0,272.46,0.0,,,0.0,
2015-12-17,415.0,321.28,0.0,,,0.0,
2015-12-18,463.0,283.03,0.0,,,0.0,
2015-12-19,412.0,322.19,0.0,,,0.0,
2015-12-20,490.0,645.5,0.0,,,0.0,
2015-12-21,423.0,299.25,0.0,,,0.0,
2015-12-22,444.0,296.46,0.0,,,0.0,
2015-12-23,428.0,281.18,0.0,,,0.0,
2015-12-24,430.0,284.03,0.0,,,0.0,
2015-12-25,405.0,255.32,0.0,,,0.0,
2015-12-26,379.0,218.97,0.0,,,0.0,
2015-12-27,390.0,324.5,0.0,,,0.0,
2015-12-28,477.0,364.83,0.0,,,0.0,
2015-12-29,498.0,391.47,0.0,,,0.0,
2015-12-30,507.0,498.75,0.0,,,0.0,
2015-12-31,586.0,498.02,0.0,,,0.0,
2016-01-01,619.0,553.63,0.0,,,0.0,
2016-01-02,598.0,454.15,0.0,,,0.0,
2016-01-03,522.0,406.49,0.0,,,0.0,
2016-01-04,501.0,361.88,0.0,,,0.0,
2016-01-05,490.0,373.44,0.0,,,0.0,
2016-01-06,542.0,451.4,0.0,,,0.0,
2016-01-07,488.0,290.05,0.0,,,0.0,
2016-01-08,414.0,260.51,0.0,,,0.0,
2016-01-09,383.0,196.61,0.0,,,0.0,
2016-01-10,330.0,156.03,0.0,,,0.0,
2016-01-11,366.0,234.13,0.0,,,0.0,
2016-01-12,417.0,301.41,0.0,,,0.0,
2016-01-13,456.0,355.4,0.0,,,0.0,
2016-01-14,512.0,412.87,0.0,,,0.0,
2016-01-15,502.0,312.14,0.0,,,0.0,
2016-01-16,393.0,195.43,0.0,,,0.0,
2016-01-17,341.0,190.89,0.0,,,0.0,
2016-01-18,364.0,194.96,0.0,,,0.0,
2016-01-19,357.0,211.12,0.0,,,0.0,
2016-01-20,347.0,184.21,0.0,,,0.0,
2016-01-21,354.0,167.6,0.0,,,0.0,
2016-01-22,328.0,159.71,0.0,,,0.0,
2016-01-23,346.0,269.74,0.0,,,0.0,
2016-01-24,454.0,302.58,0.0,,,0.0,
2016-01-25,440.0,335.55,0.0,,,0.0,
2016-01-26,468.0,298.3,0.0,,,0.0,
2016-01-27,424.0,248.62,0.0,,,0.0,
2016-01-28,395.0,272.65,0.0,,,0.0,
2016-01-29,443.0,309.87,0.0,,,0.0,
2016-01-30,463.0,337.37,0.0,,,0.0,
2016-01-31,453.0,345.73,0.0,,,0.0,
2016-02-01,458.0,239.65,0.0,,,0.0,
2016-02-02,368.0,212.25,0.0,,,0.0,
2016-02-03,320.0,102.21,0.0,,,0.0,
2016-02-04,280.0,148.58,0.0,,,0.0,
2016-02-05,333.0,365.0,0.0,,,0.0,
2016-02-10,359.0,194.24,0.0,,,0.0,
2016-02-11,374.0,248.22,0.0,,,0.0,
2016-02-12,373.0,181.54,0.0,,,0.0,
2016-02-13,361.0,223.92,0.0,,,0.0,
2016-02-14,362.0,189.19,0.0,,,0.0,
2016-02-15,359.0,196.19,0.0,,,0.0,
2016-02-16,350.0,198.92,0.0,,,0.0,
2016-02-18,303.0,116.36,0.0,,,0.0,
2016-02-19,222.0,94.58,0.0,,,0.0,
2016-02-20,272.0,122.07,0.0,,,0.0,
2016-02-21,301.0,130.5,0.0,,,0.0,
2016-02-22,148.0,63.6,0.0,,,0.0,
2016-02-23,157.0,96.72,0.0,,,0.0,
2016-02-24,301.0,131.62,0.0,,,0.0,
2016-02-25,322.0,161.57,0.0,,,0.0,
2016-02-26,306.0,112.65,0.0,,,0.0,
2016-02-27,269.0,113.99,0.0,,,0.0,
2016-02-28,298.0,127.13,0.0,,,0.0,
2016-02-29,317.0,146.86,0.0,,,0.0,
2016-03-01,320.0,91.83,0.0,,,0.0,
2016-03-02,303.0,144.07,0.0,,,0.0,
2016-03-03,343.0,180.16,0.0,,,0.0,
2016-03-04,327.0,175.65,0.0,,,0.0,
2016-03-05,390.0,247.52,0.0,,,0.0,
2016-03-06,376.0,205.0,0.0,,,0.0,
2016-03-07,210.0,94.47,0.0,,,0.0,
2016-03-08,156.0,51.77,0.0,,,0.0,
2016-03-09,155.0,82.68,0.0,,,0.0,
2016-03-10,174.0,79.5,0.0,,,0.0,
2016-03-12,216.0,73.38,0.0,,,0.0,
2016-03-13,125.0,32.0,0.0,,,0.0,
2016-03-14,170.0,61.64,0.0,,,0.0,
2016-03-15,240.0,102.93,0.0,,,0.0,
2016-03-16,241.0,104.17,0.0,,,0.0,
2016-03-17,157.0,80.08,0.0,,,0.0,
2016-03-18,314.0,155.15,0.0,,,0.0,
2016-03-19,280.0,66.5,0.0,,,0.0,
2016-03-21,193.0,84.45,0.0,,,0.0,
2016-03-22,100.0,41.42,0.0,,,0.0,
2016-03-23,176.0,142.92,0.0,,,0.0,
2016-03-26,322.0,142.83,0.0,,,0.0,
2016-03-27,314.0,151.61,0.0,,,0.0,
2016-03-28,199.0,72.89,0.0,,,0.0,
2016-03-29,139.0,81.45,0.0,,,0.0,
2016-03-30,302.0,147.27,0.0,,,0.0,
2016-03-31,316.0,135.87,0.0,,,0.0,
2016-04-01,183.0,52.08,0.0,,,0.0,
2016-04-02,91.0,68.82,0.0,,,0.0,
2016-04-03,289.0,116.43,0.0,,,0.0,
2016-04-04,198.0,91.12,0.0,,,0.0,
2016-04-05,222.0,95.61,0.0,,,0.0,
2016-04-06,211.0,56.0,0.0,,,0.0,
2016-04-07,108.0,64.36,0.0,,,0.0,
2016-04-08,144.0,59.97,0.0,,,0.0,
2016-04-09,140.0,63.68,0.0,,,0.0,
2016-04-10,152.0,67.83,0.0,,,0.0,
2016-04-11,147.0,68.21,0.0,,,0.0,
2016-04-12,148.0,55.92,0.0,,,0.0,
2016-04-13,166.0,50.42,0.0,,,0.0,
2016-04-14,131.0,79.44,0.0,,,0.0,
2016-04-16,285.0,119.91,0.0,,,0.0,
2016-04-17,226.0,66.73,0.0,,,0.0,
2016-04-18,155.0,66.36,0.0,,,0.0,
2016-04-19,165.0,64.81,0.0,,,0.0,
2016-04-20,194.0,89.45,0.0,,,0.0,
2016-04-21,170.0,60.25,0.0,,,0.0,
2016-04-22,134.0,66.23,0.0,,,0.0,
2016-04-23,182.0,112.04,0.0,,,0.0,
2016-04-24,280.0,64.0,0.0,,,0.0,
2016-04-25,104.0,62.5,0.0,,,0.0,
2016-04-26,112.0,65.06,0.0,,,0.0,
2016-04-27,262.0,139.0,0.0,,,0.0,
2016-04-28,329.0,103.2,0.0,,,0.0,
2016-04-29,269.0,112.71,0.0,,,0.0,
2016-04-30,225.0,107.22,0.0,,,0.0,
2016-05-01,263.0,94.3,0.0,,,0.0,
2016-05-02,305.0,113.64,0.0,,,0.0,
2016-05-03,252.0,105.17,0.0,,,0.0,
2016-05-04,157.0,69.21,0.0,,,0.0,
2016-05-05,147.0,77.02,0.0,,,0.0,
2016-05-06,262.0,118.74,0.0,,,0.0,
2016-05-07,233.0,74.61,0.0,,,0.0,
2016-05-08,230.0,98.17,0.0,,,0.0,
2016-05-09,141.0,76.96,0.0,,,0.0,
2016-05-10,215.0,115.88,0.0,,,0.0,
2016-05-11,215.0,62.22,0.0,,,0.0,
2016-05-12,150.0,65.42,0.0,,,0.0,
2016-05-13,147.0,59.59,0.0,,,0.0,
2016-05-14,134.0,63.54,0.0,,,0.0,
2016-05-15,137.0,58.5,0.0,,,0.0,
2016-05-16,141.0,64.47,0.0,,,0.0,
2016-05-17,109.0,70.67,0.0,,,0.0,
2016-05-18,132.0,49.74,0.0,,,0.0,
2016-05-19,115.0,41.25,0.0,,,0.0,
2016-05-20,104.0,39.84,0.0,,,0.0,
2016-05-21,68.0,44.05,0.0,,,0.0,
2016-05-22,221.0,91.96,0.0,,,0.0,
2016-05-23,126.0,61.75,0.0,,,0.0,
2016-05-24,137.0,59.26,0.0,,,0.0,
2016-05-25,141.0,64.21,0.0,,,0.0,
2016-05-26,219.0,110.88,0.0,,,0.0,
2016-05-27,259.0,150.08,0.0,,,0.0,
2016-05-28,494.0,415.43,0.0,,,0.0,
2016-05-29,264.0,66.17,0.0,,,0.0,
2016-05-30,180.0,86.67,0.0,,,0.0,
2016-05-31,182.0,81.11,0.0,,,0.0,
2016-06-01,147.0,68.89,0.0,,,0.0,
2016-06-02,155.0,73.5,0.0,,,0.0,
2016-06-03,244.0,169.52,0.0,,,0.0,
2016-06-04,271.0,66.58,0.0,,,0.0,
2016-06-05,128.0,56.37,0.0,,,0.0,
2016-06-06,95.0,56.57,0.0,,,0.0,
2016-06-08,235.0,95.61,0.0,,,0.0,
2016-06-09,150.0,77.65,0.0,,,0.0,
2016-06-15,134.0,74.71,0.0,,,0.0,
2016-06-19,119.0,45.75,0.0,,,0.0,
2016-06-20,121.0,47.5,0.0,,,0.0,
2016-06-21,123.0,46.67,0.0,,,0.0,
2016-06-22,128.0,39.48,0.0,,,0.0,
2016-06-23,102.0,67.86,0.0,,,0.0,
2016-06-24,139.0,48.93,0.0,,,0.0,
2016-06-25,80.0,57.6,0.0,,,0.0,
2016-06-26,238.0,96.77,0.0,,,0.0,
2016-06-27,127.0,68.22,0.0,,,0.0,
2016-06-28,202.0,83.29,0.0,,,0.0,
2016-06-29,139.0,43.12,0.0,,,0.0,
2016-06-30,85.0,45.54,0.0,,,0.0,
2016-07-02,136.0,36.96,0.0,,,0.0,
2016-07-03,130.0,32.14,0.0,,,0.0,
2016-07-05,127.0,37.95,0.0,,,0.0,
2016-07-06,146.0,44.45,0.0,,,0.0,
2016-07-07,157.0,43.0,0.0,,,0.0,
2016-07-08,94.0,49.11,0.0,,,0.0,
2016-07-10,137.0,39.08,0.0,,,0.0,
2016-07-11,117.0,35.0,0.0,,,0.0,
2016-07-12,113.0,32.0,0.0,,,0.0,
2016-07-14,140.0,59.33,0.0,,,0.0,
2016-07-15,128.0,40.91,0.0,,,0.0,
2016-07-18,124.0,37.83,0.0,,,0.0,
2016-07-19,122.0,42.11,0.0,,,0.0,
2016-07-20,117.0,49.88,0.0,,,0.0,
2016-07-21,108.0,58.33,0.0,,,0.0,
2016-07-22,94.0,56.72,0.0,,,0.0,
2016-07-23,81.0,43.43,0.0,,,0.0,
2016-07-25,179.0,46.0,0.0,,,0.0,
2016-07-26,124.0,42.62,0.0,,,0.0,
2016-07-27,65.0,40.43,0.0,,,0.0,
2016-07-28,95.0,64.13,0.0,,,0.0,
2016-07-29,88.0,44.97,0.0,,,0.0,
2016-07-30,86.0,54.18,0.0,,,0.0,
2016-07-31,93.0,53.0,0.0,,,0.0,
2016-08-01,84.0,41.62,0.0,,,0.0,
2016-08-02,228.0,191.41,0.0,,,0.0,
2016-08-03,294.0,30.09,0.0,,,0.0,
2016-08-04,73.0,26.99,0.0,,,0.0,
2016-08-05,166.0,68.36,0.0,,,0.0,
2016-08-06,153.0,78.82,0.0,,,0.0,
2016-08-07,111.0,26.13,0.0,,,0.0,
2016-08-08,60.0,33.32,0.0,,,0.0,
2016-08-09,134.0,46.89,0.0,,,0.0,
2016-08-10,185.0,80.32,0.0,,,0.0,
2016-08-11,123.0,24.8,0.0,,,0.0,
2016-08-12,63.0,35.8,0.0,,,0.0,
2016-08-13,65.0,36.83,0.0,,,0.0,
2016-08-14,189.0,92.47,0.0,,,0.0,
2016-08-15,135.0,53.8,0.0,,,0.0,
2016-08-16,116.0,29.83,0.0,,,0.0,
2016-08-17,119.0,31.27,0.0,,,0.0,
2016-08-18,124.0,26.0,0.0,,,0.0,
2016-08-19,102.0,39.17,0.0,,,0.0,
2016-08-20,124.0,55.21,0.0,,,0.0,
2016-08-21,126.0,41.88,0.0,,,0.0,
2016-08-22,106.0,25.35,0.0,,,0.0,
2016-08-23,103.0,45.04,0.0,,,0.0,
2016-08-24,133.0,65.56,0.0,,,0.0,
2016-08-25,125.0,83.62,0.0,,,0.0,
2016-08-26,166.0,47.9,0.0,,,0.0,
2016-08-27,73.0,38.57,0.0,,,0.0,
2016-08-28,72.0,36.43,0.0,,,0.0,
2016-08-29,84.0,54.38,0.0,,,0.0,
2016-08-30,120.0,42.94,0.0,,,0.0,
2016-08-31,127.0,51.75,0.0,,,0.0,
2016-09-01,133.0,35.06,0.0,,,0.0,
2016-09-02,99.0,38.8,0.0,,,0.0,
2016-09-03,113.0,26.06,0.0,,,0.0,
2016-09-04,62.0,45.36,0.0,,,0.0,
2016-09-05,142.0,76.12,0.0,,,0.0,
2016-09-06,144.0,43.17,0.0,,,0.0,
2016-09-07,158.0,81.48,0.0,,,0.0,
2016-09-08,202.0,99.07,0.0,,,0.0,
2016-09-09,135.0,48.54,0.0,,,0.0,
2016-09-10,204.0,97.21,0.0,,,0.0,
2016-09-11,214.0,91.08,0.0,,,0.0,
2016-09-12,84.0,31.62,0.0,,,0.0,
2016-09-13,155.0,40.96,0.0,,,0.0,
2016-09-14,124.0,40.93,0.0,,,0.0,
2016-09-15,186.0,87.32,0.0,,,0.0,
2016-09-16,194.0,97.75,0.0,,,0.0,
2016-09-17,110.0,35.55,0.0,,,0.0,
2016-09-18,168.0,89.06,0.0,,,0.0,
2016-09-19,138.0,61.78,0.0,,,0.0,
2016-09-21,192.0,71.62,0.0,,,0.0,
2016-09-22,105.0,38.36,0.0,,,0.0,
2016-09-23,126.0,47.46,0.0,,,0.0,
2016-09-24,117.0,36.96,0.0,,,0.0,
2016-09-25,152.0,120.7,0.0,,,0.0,
2016-09-27,134.0,51.86,0.0,,,0.0,
2016-09-28,187.0,79.44,0.0,,,0.0,
2016-09-29,95.0,35.66,0.0,,,0.0,
2016-09-30,201.0,105.85,0.0,,,0.0,
2016-10-01,146.0,52.04,0.0,,,0.0,
2016-10-02,102.0,296.42,0.0,,,0.0,
2016-10-03,393.0,121.02,0.0,,,0.0,
2016-10-04,207.0,91.71,0.0,,,0.0,
2016-10-05,241.0,115.54,0.0,,,0.0,
2016-10-06,258.0,69.0,0.0,,,0.0,
2016-10-07,162.0,65.46,0.0,,,0.0,
2016-10-08,104.0,48.71,0.0,,,0.0,
2016-10-09,92.0,,0.0,,,0.0,
2016-10-12,195.0,103.94,0.0,,,0.0,
2016-10-13,302.0,114.1,0.0,,,0.0,
2016-10-14,284.0,133.66,0.0,,,0.0,
2016-10-15,310.0,133.25,0.0,,,0.0,
2016-10-16,243.0,,0.0,,,0.0,
2016-10-19,309.0,122.43,0.0,,,0.0,
2016-10-20,287.0,112.42,0.0,,,0.0,
2016-10-21,276.0,112.0,0.0,,,0.0,
2016-10-22,273.0,116.23,0.0,,,0.0,
2016-10-23,322.0,149.04,0.0,,,0.0,
2016-10-24,284.0,131.05,0.0,,,0.0,
2016-10-25,313.0,163.83,0.0,,,0.0,
2016-10-26,364.0,195.54,0.0,,,0.0,
2016-10-27,337.0,160.62,0.0,,,0.0,
2016-10-28,319.0,144.73,0.0,,,0.0,
2016-10-29,319.0,191.33,0.0,,,0.0,
2016-10-30,423.0,372.28,0.0,,,0.0,
2016-10-31,573.0,415.99,0.0,,,0.0,
2016-11-01,410.0,173.54,0.0,,,0.0,
2016-11-02,334.0,156.08,0.0,,,0.0,
2016-11-03,310.0,136.93,0.0,,,0.0,
2016-11-04,308.0,221.38,0.0,,,0.0,
2016-11-05,476.0,555.33,0.0,,,0.0,
2016-11-07,331.0,177.99,0.0,,,0.0,
2016-11-08,381.0,262.44,0.0,,,0.0,
2016-11-09,440.0,335.78,0.0,,,0.0,
2016-11-10,469.0,211.3,0.0,,,0.0,
2016-11-11,351.0,176.06,0.0,,,0.0,
2016-11-12,356.0,211.58,0.0,,,0.0,
2016-11-13,365.0,179.71,0.0,,,0.0,
2016-11-14,330.0,150.36,0.0,,,0.0,
2016-11-15,323.0,144.75,0.0,,,0.0,
2016-11-16,326.0,154.15,0.0,,,0.0,
2016-11-17,360.0,256.14,0.0,,,0.0,
2016-11-18,392.0,244.5,0.0,,,0.0,
2016-11-19,399.0,204.53,0.0,,,0.0,
2016-11-20,421.0,292.92,0.0,,,0.0,
2016-11-21,414.0,293.74,0.0,,,0.0,
2016-11-22,429.0,265.52,0.0,,,0.0,
2016-11-23,405.0,199.17,0.0,,,0.0,
2016-11-24,397.0,254.83,0.0,,,0.0,
2016-11-25,402.0,282.43,0.0,,,0.0,
2016-11-26,422.0,279.68,0.0,,,0.0,
2016-11-27,460.0,404.21,0.0,,,0.0,
2016-11-28,482.0,376.52,0.0,,,0.0,
2016-11-29,525.0,461.53,0.0,,,0.0,
2016-11-30,538.0,322.79,0.0,,,0.0,
2016-12-01,407.0,213.92,0.0,,,0.0,
2016-12-02,360.0,192.35,0.0,,,0.0,
2016-12-03,391.0,251.92,0.0,,,0.0,
2016-12-04,362.0,188.04,0.0,,,0.0,
2016-12-05,379.0,278.25,0.0,,,0.0,
2016-12-06,415.0,238.16,0.0,,,0.0,
2016-12-07,381.0,196.16,0.0,,,0.0,
2016-12-08,356.0,175.96,0.0,,,0.0,
2016-12-09,355.0,207.79,0.0,,,0.0,
2016-12-10,362.0,201.17,0.0,,,0.0,
2016-12-11,340.0,152.52,0.0,,,0.0,
2016-12-12,328.0,207.5,0.0,,,0.0,
2016-12-13,362.0,188.93,0.0,,,0.0,
2016-12-15,390.0,246.42,0.0,,,0.0,
2016-12-16,408.0,238.56,0.0,,,0.0,
2016-12-18,472.0,392.31,0.0,,,0.0,
2016-12-19,359.0,197.94,0.0,,,0.0,
2016-12-20,364.0,296.0,0.0,,,0.0,
2016-12-21,500.0,420.88,0.0,,,0.0,
2016-12-22,568.0,466.48,0.0,,,0.0,
2016-12-23,530.0,357.91,0.0,,,0.0,
2016-12-24,458.0,392.75,0.0,,,0.0,
2016-12-25,565.0,427.46,0.0,,,0.0,
2016-12-26,453.0,274.23,0.0,,,0.0,
2016-12-27,378.0,179.13,0.0,,,0.0,
2016-12-28,335.0,170.28,0.0,,,0.0,
2016-12-29,391.0,269.91,0.0,,,0.0,
2016-12-30,408.0,242.58,0.0,,,0.0,
2016-12-31,346.0,158.75,0.0,,,0.0,
2017-01-01,332.0,199.0,0.0,,,0.0,
2017-01-03,429.0,229.8,0.0,,,0.0,
2017-01-04,345.0,180.95,0.0,,,0.0,
2017-01-05,339.0,205.62,0.0,,,0.0,
2017-01-06,403.0,238.36,0.0,,,0.0,
2017-01-07,374.0,195.2,0.0,,,0.0,
2017-01-08,360.0,223.67,0.0,,,0.0,
2017-01-09,396.0,268.38,0.0,,,0.0,
2017-01-10,406.0,174.41,0.0,,,0.0,
2017-01-11,308.0,136.67,0.0,,,0.0,
2017-01-12,313.0,138.12,0.0,,,0.0,
2017-01-13,358.0,181.93,0.0,,,0.0,
2017-01-14,352.0,220.1,0.0,,,0.0,
2017-01-15,371.0,250.54,0.0,,,0.0,
2017-01-16,407.0,243.71,0.0,,,0.0,
2017-01-17,402.0,260.54,0.0,,,0.0,
2017-01-18,520.0,422.59,0.0,,,0.0,
2017-01-19,445.0,256.46,0.0,,,0.0,
2017-01-20,335.0,136.57,0.0,,,0.0,
2017-01-21,301.0,140.83,0.0,,,0.0,
2017-01-22,336.0,201.33,0.0,,,0.0,
2017-01-24,353.0,218.21,0.0,,,0.0,
2017-01-25,418.0,282.41,0.0,,,0.0,
2017-01-26,416.0,273.71,0.0,,,0.0,
2017-01-27,378.0,179.29,0.0,,,0.0,
2017-01-28,230.0,61.92,0.0,,,0.0,
2017-01-29,144.0,88.58,0.0,,,0.0,
2017-01-30,304.0,174.62,0.0,,,0.0,
2017-01-31,321.0,135.36,0.0,,,0.0,
2017-02-01,315.0,155.23,0.0,,,0.0,
2017-02-02,331.0,172.17,0.0,,,0.0,
2017-02-03,429.0,348.58,0.0,,,0.0,
2017-02-04,419.0,263.04,0.0,,,0.0,
2017-02-05,442.0,277.0,0.0,,,0.0,
2017-02-06,443.0,290.88,0.0,,,0.0,
2017-02-07,336.0,110.38,0.0,,,0.0,
2017-02-08,304.0,146.47,0.0,,,0.0,
2017-02-24,161.0,65.5,0.0,,,0.0,
2017-03-02,309.0,120.12,0.0,,,0.0,
2017-03-03,254.0,89.54,0.0,,,0.0,
2017-03-04,241.0,161.0,0.0,,,0.0,
2017-03-05,325.0,99.37,0.0,,,0.0,
2017-03-06,248.0,80.47,0.0,,,0.0,
2017-03-07,195.0,98.35,0.0,,,0.0,
2017-03-08,315.0,152.52,0.0,,,0.0,
2017-03-09,314.0,185.6,0.0,,,0.0,
2017-03-10,356.0,169.79,0.0,,,0.0,
2017-03-11,252.0,71.61,0.0,,,0.0,
2017-03-12,190.0,97.92,0.0,,,0.0,
2017-03-15,216.0,115.38,0.0,,,0.0,
2017-03-17,250.0,125.96,0.0,,,0.0,
2017-03-18,346.0,145.47,0.0,,,0.0,
2017-03-19,224.0,127.63,0.0,,,0.0,
2017-03-20,312.0,76.75,0.0,,,0.0,
2017-03-21,198.0,98.03,0.0,,,0.0,
2017-03-22,215.0,113.14,0.0,,,0.0,
2017-03-23,287.0,116.57,0.0,,,0.0,
2017-03-24,326.0,253.65,0.0,,,0.0,
2017-03-28,330.0,157.29,0.0,,,0.0,
2017-03-29,258.0,90.88,0.0,,,0.0,
2017-03-30,215.0,91.26,0.0,,,0.0,
2017-03-31,199.0,106.36,0.0,,,0.0,
2017-04-01,256.0,105.55,0.0,,,0.0,
2017-04-02,226.0,98.16,0.0,,,0.0,
2017-04-03,272.0,114.5,0.0,,,0.0,
2017-04-04,299.0,84.86,0.0,,,0.0,
2017-04-05,139.0,58.75,0.0,,,0.0,
2017-04-06,100.0,83.0,0.0,,,0.0,
2017-04-07,198.0,96.7,0.0,,,0.0,
2017-04-08,228.0,93.16,0.0,,,0.0,
2017-04-09,219.0,105.5,0.0,,,0.0,
2017-04-11,439.0,342.0,0.0,,,0.0,
2017-04-12,395.0,146.17,0.0,,,0.0,
2017-04-13,261.0,106.25,0.0,,,0.0,
2017-10-02,91.0,45.22,0.0,,,0.0,
2017-10-03,69.0,24.27,0.0,,,0.0,
2017-10-04,77.0,48.47,0.0,,,0.0,
2017-10-05,81.0,46.4,0.0,,,0.0,
2017-10-09,128.0,53.04,0.0,,,0.0,
2017-10-10,84.0,42.42,0.0,,,0.0,
2017-10-16,307.0,124.34,0.0,,,0.0,
2017-10-25,342.0,185.62,0.0,,,0.0,
2017-10-26,341.0,158.58,0.0,,,0.0,
2017-10-27,335.0,165.01,0.0,,,0.0,
2017-10-28,331.0,146.45,0.0,,,0.0,
2017-10-29,305.0,113.67,0.0,,,0.0,
2017-10-30,296.0,138.54,0.0,,,0.0,
2017-10-31,73.0,43.54,0.0,,,0.0,
2017-11-01,75.0,,0.0,,,0.0,
2017-11-04,286.0,111.81,0.0,,,0.0,
2017-11-05,276.0,115.11,0.0,,,0.0,
2017-11-06,289.0,112.84,0.0,,,0.0,
2017-11-07,286.0,147.55,0.0,,,0.0,
2017-11-08,354.0,246.45,0.0,,,0.0,
2017-11-09,430.0,296.86,0.0,,,0.0,
2017-11-10,439.0,318.54,0.0,,,0.0,
2017-11-11,429.0,263.01,0.0,,,0.0,
2017-11-12,372.0,192.85,0.0,,,0.0,
2017-11-13,345.0,173.11,0.0,,,0.0,
2017-11-14,341.0,166.83,0.0,,,0.0,
2017-11-15,314.0,106.35,0.0,,,0.0,
2017-11-16,250.0,109.71,0.0,,,0.0,
2017-11-17,233.0,110.19,0.0,,,0.0,
2017-11-18,306.0,136.59,0.0,,,0.0,
2017-11-19,310.0,165.27,0.0,,,0.0,
2017-11-20,360.0,181.46,0.0,,,0.0,
2017-11-21,322.0,136.75,0.0,,,0.0,
2017-11-22,335.0,210.4,0.0,,,0.0,
2017-11-23,398.0,262.21,0.0,,,0.0,
2017-11-24,406.0,203.29,0.0,,,0.0,
2017-11-25,406.0,305.93,0.0,,,0.0,
2017-11-26,474.0,348.67,0.0,,,0.0,
2017-11-27,447.0,284.45,0.0,,,0.0,
2017-11-28,407.0,237.81,0.0,,,0.0,
2017-11-29,431.0,300.46,0.0,,,0.0,
2017-11-30,438.0,339.2,0.0,,,0.0,
2017-12-01,480.0,401.35,0.0,,,0.0,
2017-12-02,550.0,414.58,0.0,,,0.0,
2017-12-03,457.0,279.39,0.0,,,0.0,
2017-12-04,415.0,296.04,0.0,,,0.0,
2017-12-05,446.0,335.71,0.0,,,0.0,
2017-12-06,481.0,363.93,0.0,,,0.0,
2017-12-07,465.0,275.48,0.0,,,0.0,
2017-12-08,407.0,226.61,0.0,,,0.0,
2017-12-10,387.0,195.21,0.0,,,0.0,
2017-12-11,366.0,215.61,0.0,,,0.0,
2017-12-12,385.0,244.8,0.0,,,0.0,
2017-12-13,378.0,182.27,0.0,,,0.0,
2017-12-14,314.0,127.78,0.0,,,0.0,
2017-12-15,308.0,140.22,0.0,,,0.0,
2017-12-16,336.0,179.33,0.0,,,0.0,
2017-12-17,365.0,244.25,0.0,,,0.0,
2017-12-18,406.0,279.72,0.0,,,0.0,
2017-12-19,441.0,302.05,0.0,,,0.0,
2017-12-21,391.0,205.39,0.0,,,0.0,
2017-12-22,346.0,179.74,0.0,,,0.0,
2017-12-23,364.0,235.52,0.0,,,0.0,
2017-12-24,393.0,260.0,0.0,,,0.0,
2017-12-26,375.0,217.84,0.0,,,0.0,
2017-12-27,363.0,310.21,0.0,,,0.0,
2017-12-28,533.0,391.54,0.0,,,0.0,
2017-12-29,438.0,265.55,0.0,,,0.0,
2017-12-30,409.0,269.49,0.0,,,0.0,
2017-12-31,396.0,198.35,0.0,,,0.0,
2018-01-01,371.0,282.47,0.0,,,0.0,
2018-01-02,440.0,227.69,0.0,,,0.0,
2018-01-04,395.0,277.9,0.0,,,0.0,
2018-01-05,418.0,257.28,0.0,,,0.0,
2018-01-06,403.0,235.51,0.0,,,0.0,
2018-01-07,388.0,249.54,0.0,,,0.0,
2018-01-08,432.0,322.31,0.0,,,0.0,
2018-01-09,438.0,247.38,0.0,,,0.0,
2018-01-10,379.0,207.29,0.0,,,0.0,
2018-01-11,364.0,216.37,0.0,,,0.0,
2018-01-12,377.0,249.93,0.0,,,0.0,
2018-01-13,405.0,260.02,0.0,,,0.0,
2018-01-14,399.0,191.93,0.0,,,0.0,
2018-01-15,358.0,210.23,0.0,,,0.0,
2018-01-16,353.0,191.17,0.0,,,0.0,
2018-01-17,391.0,201.14,0.0,,,0.0,
2018-01-18,322.0,181.73,0.0,,,0.0,
2018-01-19,370.0,163.57,0.0,,,0.0,
2018-01-20,266.0,114.39,0.0,,,0.0,
2018-01-21,310.0,168.88,0.0,,,0.0,
2018-01-22,360.0,202.77,0.0,,,0.0,
2018-01-23,367.0,197.48,0.0,,,0.0,
2018-01-24,359.0,172.43,0.0,,,0.0,
2018-01-25,300.0,114.95,0.0,,,0.0,
2018-01-26,280.0,110.07,0.0,,,0.0,
2018-01-27,241.0,141.28,0.0,,,0.0,
2018-01-28,382.0,250.32,0.0,,,0.0,
2018-01-29,381.0,201.07,0.0,,,0.0,
2018-01-30,364.0,264.93,0.0,,,0.0,
2018-01-31,448.0,272.9,0.0,,,0.0,
2018-02-01,390.0,214.56,0.0,,,0.0,
2018-02-02,361.0,197.7,0.0,,,0.0,
2018-02-03,342.0,153.21,0.0,,,0.0,
2018-02-04,309.0,106.65,0.0,,,0.0,
2018-02-05,215.0,80.12,0.0,,,0.0,
2018-02-06,168.0,99.27,0.0,,,0.0,
2018-02-07,298.0,128.95,0.0,,,0.0,
2018-02-08,289.0,110.05,0.0,,,0.0,
2018-02-09,236.0,100.56,0.0,,,0.0,
2018-02-10,283.0,118.69,0.0,,,0.0,
2018-02-11,309.0,159.2,0.0,,,0.0,
2018-02-13,338.0,151.62,0.0,,,0.0,
2018-02-14,302.0,107.21,0.0,,,0.0,
2018-02-15,198.0,94.82,0.0,,,0.0,
2018-02-16,297.0,137.62,0.0,,,0.0,
2018-02-17,316.0,153.9,0.0,,,0.0,
2018-02-18,332.0,165.68,0.0,,,0.0,
2018-02-19,333.0,156.35,0.0,,,0.0,
2018-02-20,331.0,162.34,0.0,,,0.0,
2018-02-21,341.0,184.38,0.0,,,0.0,
2018-02-22,369.0,214.8,0.0,,,0.0,
2018-02-23,346.0,159.75,0.0,,,0.0,
2018-02-24,360.0,228.6,0.0,,,0.0,
2018-02-25,349.0,164.77,0.0,,,0.0,
2018-02-26,353.0,173.39,0.0,,,0.0,
2018-02-27,304.0,117.12,0.0,,,0.0,
2018-02-28,312.0,147.49,0.0,,,0.0,
2018-03-01,311.0,132.89,0.0,,,0.0,
2018-03-02,349.0,175.83,0.0,,,0.0,
2018-03-03,232.0,81.29,0.0,,,0.0,
2018-03-04,165.0,90.11,0.0,,,0.0,
2018-03-05,263.0,106.56,0.0,,,0.0,
2018-03-06,209.0,76.62,0.0,,,0.0,
2018-03-07,179.0,86.95,0.0,,,0.0,
2018-03-08,286.0,118.69,0.0,,,0.0,
2018-03-09,265.0,113.77,0.0,,,0.0,
2018-03-10,286.0,114.23,0.0,,,0.0,
2018-03-11,234.0,94.19,0.0,,,0.0,
2018-03-12,291.0,137.74,0.0,,,0.0,
2018-03-13,306.0,129.08,0.0,,,0.0,
2018-03-14,319.0,164.86,0.0,,,0.0,
2018-03-15,342.0,176.83,0.0,,,0.0,
2018-03-16,344.0,154.58,0.0,,,0.0,
2018-03-17,247.0,87.24,0.0,,,0.0,
2018-03-18,203.0,94.42,0.0,,,0.0,
2018-03-19,242.0,106.67,0.0,,,0.0,
2018-03-20,281.0,124.32,0.0,,,0.0,
2018-03-21,309.0,139.8,0.0,,,0.0,
2018-03-22,327.0,172.53,0.0,,,0.0,
2018-03-23,335.0,128.19,0.0,,,0.0,
2018-03-24,225.0,95.73,0.0,,,0.0,
2018-03-25,253.0,106.14,0.0,,,0.0,
2018-03-26,235.0,108.97,0.0,,,0.0,
2018-03-27,293.0,135.34,0.0,,,0.0,
2018-03-28,312.0,142.11,0.0,,,0.0,
2018-03-29,326.0,139.06,0.0,,,0.0,
2018-03-30,303.0,111.45,0.0,,,0.0,
2018-03-31,170.0,59.97,0.0,,,0.0,
2018-04-01,143.0,73.88,0.0,,,0.0,
2018-04-02,161.0,63.73,0.0,,,0.0,
2018-04-03,197.0,96.56,0.0,,,0.0,
2018-04-04,226.0,85.81,0.0,,,0.0,
2018-04-05,157.0,66.34,0.0,,,0.0,
2018-04-06,130.0,75.17,0.0,,,0.0,
2018-04-07,156.0,98.48,0.0,,,0.0,
2018-04-08,241.0,88.22,0.0,,,0.0,
2018-04-09,195.0,88.76,0.0,,,0.0,
2018-04-10,211.0,90.41,0.0,,,0.0,
2018-04-11,184.0,84.9,0.0,,,0.0,
2018-04-12,194.0,93.84,0.0,,,0.0,
2018-04-13,221.0,82.39,0.0,,,0.0,
2018-04-14,188.0,99.89,0.0,,,0.0,
2018-04-15,282.0,117.04,0.0,,,0.0,
2018-04-16,232.0,97.65,0.0,,,0.0,
2018-04-17,218.0,94.45,0.0,,,0.0,
2018-04-18,202.0,97.51,0.0,,,0.0,
2018-04-19,235.0,93.83,0.0,,,0.0,
2018-04-20,239.0,146.99,0.0,,,0.0,
2018-04-21,310.0,103.02,0.0,,,0.0,
2018-04-22,237.0,91.41,0.0,,,0.0,
2018-04-23,189.0,79.63,0.0,,,0.0,
2018-04-24,163.0,151.86,0.0,,,0.0,
2018-04-25,322.0,127.1,0.0,,,0.0,
2018-04-26,197.0,68.43,0.0,,,0.0,
2018-04-27,161.0,61.0,0.0,,,0.0,
2018-04-28,157.0,66.22,0.0,,,0.0,
2018-04-29,151.0,63.41,0.0,,,0.0,
2018-04-30,173.0,44.45,0.0,,,0.0,
2018-05-01,111.0,48.01,0.0,,,0.0,
2018-05-02,125.0,55.72,0.0,,,0.0,
2018-05-03,126.0,51.1,0.0,,,0.0,
2018-05-04,133.0,57.69,0.0,,,0.0,
2018-05-05,165.0,64.19,0.0,,,0.0,
2018-05-06,198.0,100.12,0.0,,,0.0,
2018-05-07,235.0,98.02,0.0,,,0.0,
2018-05-08,219.0,98.15,0.0,,,0.0,
2018-05-09,209.0,82.42,0.0,,,0.0,
2018-05-10,206.0,91.04,0.0,,,0.0,
2018-05-11,195.0,78.06,0.0,,,0.0,
2018-05-12,156.0,59.92,0.0,,,0.0,
2018-05-13,131.0,61.47,0.0,,,0.0,
2018-05-14,232.0,41.9,0.0,,,0.0,
2018-05-15,157.0,62.45,0.0,,,0.0,
2018-05-16,143.0,62.33,0.0,,,0.0,
2018-05-17,135.0,65.64,0.0,,,0.0,
2018-05-18,156.0,79.59,0.0,,,0.0,
2018-05-19,165.0,73.88,0.0,,,0.0,
2018-05-20,143.0,66.97,0.0,,,0.0,
2018-05-21,200.0,104.97,0.0,,,0.0,
2018-05-22,214.0,86.62,0.0,,,0.0,
2018-05-23,176.0,73.09,0.0,,,0.0,
2018-05-24,139.0,76.36,0.0,,,0.0,
2018-05-25,167.0,77.49,0.0,,,0.0,
2018-05-26,202.0,72.7,0.0,,,0.0,
2018-05-27,165.0,78.1,0.0,,,0.0,
2018-05-28,181.0,67.49,0.0,,,0.0,
2018-05-29,175.0,49.24,0.0,,,0.0,
2018-05-30,148.0,54.17,0.0,,,0.0,
2018-05-31,136.0,57.24,0.0,,,0.0,
2018-06-01,208.0,45.31,0.0,,,0.0,
2018-06-02,152.0,54.38,0.0,,,0.0,
2018-06-03,135.0,75.71,0.0,,,0.0,
2018-06-04,166.0,83.58,0.0,,,0.0,
2018-06-05,163.0,73.28,0.0,,,0.0,
2018-06-06,149.0,78.8,0.0,,,0.0,
2018-06-07,168.0,71.43,0.0,,,0.0,
2018-06-08,115.0,44.22,0.0,,,0.0,
2018-06-09,105.0,52.5,0.0,,,0.0,
2018-06-10,138.0,52.52,0.0,,,0.0,
2018-06-11,113.0,65.12,0.0,,,0.0,
2018-06-12,172.0,70.93,0.0,,,0.0,
2018-06-13,139.0,80.99,0.0,,,0.0,
2018-06-14,171.0,77.59,0.0,,,0.0,
2018-06-15,204.0,98.06,0.0,,,0.0,
2018-06-16,208.0,82.94,0.0,,,0.0,
2018-06-17,171.0,82.36,0.0,,,0.0,
2018-06-18,167.0,75.28,0.0,,,0.0,
2018-06-19,151.0,71.61,0.0,,,0.0,
2018-06-20,142.0,67.46,0.0,,,0.0,
2018-06-21,146.0,72.52,0.0,,,0.0,
2018-06-22,166.0,79.93,0.0,,,0.0,
2018-06-23,159.0,64.14,0.0,,,0.0,
2018-06-24,118.0,66.35,0.0,,,0.0,
2018-06-25,139.0,68.24,0.0,,,0.0,
2018-06-26,117.0,43.46,0.0,,,0.0,
2018-06-27,104.0,52.86,0.0,,,0.0,
2018-06-28,85.0,34.85,0.0,,,0.0,
2018-06-29,104.0,48.51,0.0,,,0.0,
2018-06-30,149.0,65.58,0.0,,,0.0,
2018-07-01,116.0,60.82,0.0,,,0.0,
2018-07-02,97.0,55.72,0.0,,,0.0,
2018-07-03,98.0,57.51,0.0,,,0.0,
2018-07-04,83.0,44.58,0.0,,,0.0,
2018-07-05,89.0,40.99,0.0,,,0.0,
2018-07-06,105.0,52.55,0.0,,,0.0,
2018-07-07,131.0,69.84,0.0,,,0.0,
2018-07-08,111.0,58.43,0.0,,,0.0,
2018-07-09,103.0,33.32,0.0,,,0.0,
2018-07-10,92.0,41.66,0.0,,,0.0,
2018-07-11,99.0,49.47,0.0,,,0.0,
2018-07-12,101.0,44.65,0.0,,,0.0,
2018-07-13,116.0,44.33,0.0,,,0.0,
2018-07-14,100.0,42.91,0.0,,,0.0,
2018-07-15,98.0,42.47,0.0,,,0.0,
2018-07-16,84.0,35.55,0.0,,,0.0,
2018-07-17,85.0,32.38,0.0,,,0.0,
2018-07-18,90.0,38.21,0.0,,,0.0,
2018-07-19,102.0,47.9,0.0,,,0.0,
2018-07-20,123.0,58.49,0.0,,,0.0,
2018-07-21,93.0,36.05,0.0,,,0.0,
2018-07-22,82.0,27.92,0.0,,,0.0,
2018-07-23,80.0,34.29,0.0,,,0.0,
2018-07-24,88.0,46.88,0.0,,,0.0,
2018-07-25,76.0,32.39,0.0,,,0.0,
2018-07-26,78.0,41.54,0.0,,,0.0,
2018-07-27,98.0,42.89,0.0,,,0.0,
2018-07-28,92.0,44.28,0.0,,,0.0,
2018-07-29,72.0,31.96,0.0,,,0.0,
2018-07-30,81.0,36.94,0.0,,,0.0,
2018-07-31,86.0,47.02,0.0,,,0.0,
2018-08-01,83.0,39.54,0.0,,,0.0,
2018-08-02,90.0,51.7,0.0,,,0.0,
2018-08-03,95.0,49.62,0.0,,,0.0,
2018-08-04,91.0,54.43,0.0,,,0.0,
2018-08-05,112.0,64.42,0.0,,,0.0,
2018-08-06,104.0,61.9,0.0,,,0.0,
2018-08-07,110.0,47.6,0.0,,,0.0,
2018-08-08,90.0,44.42,0.0,,,0.0,
2018-08-09,98.0,45.02,0.0,,,0.0,
2018-08-10,105.0,60.95,0.0,,,0.0,
2018-08-11,153.0,80.39,0.0,,,0.0,
2018-08-12,140.0,66.95,0.0,,,0.0,
2018-08-13,113.0,59.48,0.0,,,0.0,
2018-08-14,122.0,61.14,0.0,,,0.0,
2018-08-15,97.0,44.0,0.0,,,0.0,
2018-08-16,82.0,37.12,0.0,,,0.0,
2018-08-17,87.0,41.99,0.0,,,0.0,
2018-08-18,108.0,65.93,0.0,,,0.0,
2018-08-19,113.0,53.67,0.0,,,0.0,
2018-08-20,100.0,40.25,0.0,,,0.0,
2018-08-21,86.0,34.96,0.0,,,0.0,
2018-08-22,91.0,60.08,0.0,,,0.0,
2018-08-23,105.0,56.54,0.0,,,0.0,
2018-08-24,122.0,67.18,0.0,,,0.0,
2018-08-25,105.0,54.79,0.0,,,0.0,
2018-08-26,107.0,55.12,0.0,,,0.0,
2018-08-27,98.0,48.25,0.0,,,0.0,
2018-08-28,90.0,39.88,0.0,,,0.0,
2018-08-29,89.0,45.77,0.0,,,0.0,
2018-08-30,123.0,70.69,0.0,,,0.0,
2018-08-31,106.0,52.89,0.0,,,0.0,
2018-09-01,97.0,51.74,0.0,,,0.0,
2018-09-02,93.0,44.76,0.0,,,0.0,
2018-09-03,71.0,41.48,0.0,,,0.0,
2018-09-04,83.0,46.91,0.0,,,0.0,
2018-09-05,98.0,53.07,0.0,,,0.0,
2018-09-06,110.0,57.02,0.0,,,0.0,
2018-09-07,81.0,38.81,0.0,,,0.0,
2018-09-08,85.0,62.79,0.0,,,0.0,
2018-09-09,159.0,75.02,0.0,,,0.0,
2018-09-10,101.0,52.35,0.0,,,0.0,
2018-09-11,89.0,57.38,0.0,,,0.0,
2018-09-12,90.0,50.11,0.0,,,0.0,
2018-09-13,96.0,56.67,0.0,,,0.0,
2018-09-14,100.0,58.11,0.0,,,0.0,
2018-09-15,116.0,63.78,0.0,,,0.0,
2018-09-16,125.0,67.67,0.0,,,0.0,
2018-09-17,159.0,88.56,0.0,,,0.0,
2018-09-18,184.0,78.46,0.0,,,0.0,
2018-09-19,191.0,96.29,0.0,,,0.0,
2018-09-20,224.0,80.58,0.0,,,0.0,
2018-09-21,98.0,32.7,0.0,,,0.0,
2018-09-22,79.0,49.15,0.0,,,0.0,
2018-09-23,108.0,63.65,0.0,,,0.0,
2018-09-24,130.0,77.5,0.0,,,0.0,
2018-09-25,155.0,73.45,0.0,,,0.0,
2018-09-26,143.0,71.6,0.0,,,0.0,
2018-09-28,147.0,81.55,0.0,,,0.0,
2018-09-29,183.0,86.98,0.0,,,0.0,
2018-09-30,191.0,75.9,0.0,,,0.0,
2018-10-01,166.0,71.81,0.0,,,0.0,
2018-10-02,181.0,85.22,0.0,,,0.0,
2018-10-03,209.0,103.11,0.0,,,0.0,
2018-10-04,245.0,96.92,0.0,,,0.0,
2018-10-05,190.0,85.68,0.0,,,0.0,
2018-10-06,197.0,90.95,0.0,,,0.0,
2018-10-07,215.0,88.59,0.0,,,0.0,
2018-10-08,224.0,107.44,0.0,,,0.0,
2018-10-09,299.0,124.3,0.0,,,0.0,
2018-10-10,273.0,97.3,0.0,,,0.0,
2018-10-11,186.0,67.14,0.0,,,0.0,
2018-10-12,109.0,40.05,0.0,,,0.0,
2018-10-13,153.0,60.88,0.0,,,0.0,
2018-10-14,141.0,78.93,0.0,,,0.0,
2018-10-15,221.0,104.86,0.0,,,0.0,
2018-10-16,270.0,110.89,0.0,,,0.0,
2018-10-17,264.0,112.96,0.0,,,0.0,
2018-10-18,301.0,125.18,0.0,,,0.0,
2018-10-19,260.0,107.26,0.0,,,0.0,
2018-10-20,284.0,120.85,0.0,,,0.0,
2018-10-21,302.0,125.04,0.0,,,0.0,
2018-10-22,309.0,141.92,0.0,,,0.0,
2018-10-23,314.0,122.46,0.0,,,0.0,
2018-10-24,301.0,140.29,0.0,,,0.0,
2018-10-25,323.0,147.16,0.0,,,0.0,
2018-10-26,332.0,171.12,0.0,,,0.0,
2018-10-27,325.0,136.71,0.0,,,0.0,
2018-10-28,316.0,132.09,0.0,,,0.0,
2018-10-29,260.0,112.07,0.0,,,0.0,
2018-10-30,302.0,137.34,0.0,,,0.0,
2018-10-31,275.0,103.19,0.0,,,0.0,
2018-11-01,311.0,155.93,0.0,,,0.0,
2018-11-02,334.0,158.76,0.0,,,0.0,
2018-11-03,314.0,148.34,0.0,,,0.0,
2018-11-04,336.0,170.84,0.0,,,0.0,
2018-11-05,351.0,180.68,0.0,,,0.0,
2018-11-06,336.0,180.15,0.0,,,0.0,
2018-11-07,371.0,258.99,0.0,,,0.0,
2018-11-08,449.0,295.52,0.0,,,0.0,
2018-11-09,372.0,186.59,0.0,,,0.0,
2018-11-10,355.0,185.14,0.0,,,0.0,
2018-11-11,362.0,228.08,0.0,,,0.0,
2018-11-12,395.0,235.81,0.0,,,0.0,
2018-11-13,375.0,229.06,0.0,,,0.0,
2018-11-14,411.0,261.24,0.0,,,0.0,
2018-11-15,369.0,172.82,0.0,,,0.0,
2018-11-16,329.0,149.27,0.0,,,0.0,
2018-11-17,321.0,135.62,0.0,,,0.0,
2018-11-18,317.0,185.02,0.0,,,0.0,
2018-11-19,397.0,259.86,0.0,,,0.0,
2018-11-20,404.0,275.6,0.0,,,0.0,
2018-11-21,428.0,276.11,0.0,,,0.0,
2018-11-22,404.0,237.86,0.0,,,0.0,
2018-11-23,377.0,214.56,0.0,,,0.0,
2018-11-24,360.0,210.55,0.0,,,0.0,
2018-11-25,399.0,253.65,0.0,,,0.0,
2018-11-26,405.0,260.83,0.0,,,0.0,
2018-11-27,395.0,204.45,0.0,,,0.0,
2018-11-28,326.0,161.01,0.0,,,0.0,
2018-11-29,355.0,195.57,0.0,,,0.0,
2018-11-30,358.0,195.42,0.0,,,0.0,
2018-12-01,371.0,251.78,0.0,,,0.0,
2018-12-02,415.0,251.83,0.0,,,0.0,
2018-12-03,395.0,260.82,0.0,,,0.0,
2018-12-04,431.0,290.17,0.0,,,0.0,
2018-12-05,416.0,289.43,0.0,,,0.0,
2018-12-06,420.0,262.16,0.0,,,0.0,
2018-12-07,413.0,246.52,0.0,,,0.0,
2018-12-08,404.0,282.8,0.0,,,0.0,
2018-12-09,427.0,258.02,0.0,,,0.0,
2018-12-10,424.0,303.44,0.0,,,0.0,
2018-12-11,425.0,253.4,0.0,,,0.0,
2018-12-12,379.0,207.54,0.0,,,0.0,
2018-12-13,392.0,234.72,0.0,,,0.0,
2018-12-14,401.0,253.49,0.0,,,0.0,
2018-12-15,354.0,159.5,0.0,,,0.0,
2018-12-16,334.0,160.16,0.0,,,0.0,
2018-12-18,403.0,205.41,0.0,,,0.0,
2018-12-19,311.0,120.06,0.0,,,0.0,
2018-12-20,376.0,343.85,0.0,,,0.0,
2018-12-21,490.0,353.24,0.0,,,0.0,
2018-12-22,481.0,426.71,0.0,,,0.0,
2018-12-23,490.0,283.17,0.0,,,0.0,
2018-12-24,404.0,253.38,0.0,,,0.0,
2018-12-25,389.0,240.54,0.0,,,0.0,
2018-12-26,404.0,263.32,0.0,,,0.0,
2018-12-27,409.0,244.4,0.0,,,0.0,
2018-12-28,372.0,203.88,0.0,,,0.0,
2018-12-29,376.0,249.73,0.0,,,0.0,
2018-12-30,430.0,337.17,0.0,,,0.0,
2018-12-31,470.0,359.32,0.0,,,0.0,
2019-01-01,539.0,436.55,0.0,,,0.0,
2019-01-02,568.0,463.51,0.0,,,0.0,
2019-01-03,524.0,398.93,0.0,,,0.0,
2019-01-04,501.0,376.2,0.0,,,0.0,
2019-01-05,520.0,423.94,0.0,,,0.0,
2019-01-06,477.0,230.07,0.0,,,0.0,
2019-01-07,359.0,214.9,0.0,,,0.0,
2019-01-08,342.0,131.75,0.0,,,0.0,
2019-01-09,313.0,162.64,0.0,,,0.0,
2019-01-10,354.0,241.28,0.0,,,0.0,
2019-01-11,455.0,312.38,0.0,,,0.0,
2019-01-12,424.0,300.4,0.0,,,0.0,
2019-01-13,447.0,295.69,0.0,,,0.0,
2019-01-14,405.0,250.19,0.0,,,0.0,
2019-01-15,349.0,122.77,0.0,,,0.0,
2019-01-16,333.0,234.01,0.0,,,0.0,
2019-01-17,449.0,359.72,0.0,,,0.0,
2019-01-18,482.0,337.78,0.0,,,0.0,
2019-01-19,443.0,277.86,0.0,,,0.0,
2019-01-20,441.0,363.78,0.0,,,0.0,
2019-01-21,550.0,478.16,0.0,,,0.0,
2019-01-22,525.0,313.62,0.0,,,0.0,
2019-01-23,396.0,176.15,0.0,,,0.0,
2019-01-24,281.0,133.04,0.0,,,0.0,
2019-01-25,345.0,191.67,0.0,,,0.0,
2019-01-26,352.0,177.96,0.0,,,0.0,
2019-01-27,304.0,100.17,0.0,,,0.0,
2019-01-28,219.0,98.08,0.0,,,0.0,
2019-01-29,235.0,103.89,0.0,,,0.0,
2019-01-30,257.0,135.71,0.0,,,0.0,
2019-01-31,375.0,262.54,0.0,,,0.0,
2019-02-01,412.0,293.0,0.0,,,0.0,
2019-02-02,435.0,237.45,0.0,,,0.0,
2019-02-03,366.0,202.97,0.0,,,0.0,
2019-02-04,336.0,138.09,0.0,,,0.0,
2019-02-05,318.0,151.31,0.0,,,0.0,
2019-02-06,335.0,189.49,0.0,,,0.0,
2019-02-07,379.0,234.28,0.0,,,0.0,
2019-02-08,344.0,119.02,0.0,,,0.0,
2019-02-09,218.0,94.6,0.0,,,0.0,
2019-02-10,208.0,101.83,0.0,,,0.0,
2019-02-11,300.0,121.26,0.0,,,0.0,
2019-02-12,289.0,134.59,0.0,,,0.0,
2019-02-13,329.0,164.09,0.0,,,0.0,
2019-02-14,342.0,173.68,0.0,,,0.0,
2019-02-15,335.0,161.38,0.0,,,0.0,
2019-02-16,264.0,83.53,0.0,,,0.0,
2019-02-17,186.0,93.25,0.0,,,0.0,
2019-02-18,217.0,106.34,0.0,,,0.0,
2019-02-19,314.0,154.22,0.0,,,0.0,
2019-02-20,330.0,150.62,0.0,,,0.0,
2019-02-21,312.0,144.92,0.0,,,0.0,
2019-02-22,331.0,160.57,0.0,,,0.0,
2019-02-23,279.0,84.65,0.0,,,0.0,
2019-02-24,191.0,64.36,0.0,,,0.0,
2019-02-25,202.0,104.8,0.0,,,0.0,
2019-02-26,311.0,170.92,0.0,,,0.0,
2019-02-27,296.0,81.31,0.0,,,0.0,
2019-02-28,112.0,46.41,0.0,,,0.0,
2019-03-01,130.0,70.32,0.0,,,0.0,
2019-03-02,255.0,127.84,0.0,,,0.0,
2019-03-03,308.0,129.83,0.0,,,0.0,
2019-03-04,266.0,98.66,0.0,,,0.0,
2019-03-05,251.0,99.65,0.0,,,0.0,
2019-03-06,191.0,74.15,0.0,,,0.0,
2019-03-07,189.0,72.62,0.0,,,0.0,
2019-03-08,199.0,88.98,0.0,,,0.0,
2019-03-09,213.0,108.14,0.0,,,0.0,
2019-03-10,316.0,140.06,0.0,,,0.0,
2019-03-11,244.0,96.84,0.0,,,0.0,
2019-03-12,241.0,105.04,0.0,,,0.0,
2019-03-13,218.0,86.69,0.0,,,0.0,
2019-03-14,195.0,79.54,0.0,,,0.0,
2019-03-15,164.0,72.44,0.0,,,0.0,
2019-03-16,173.0,84.57,0.0,,,0.0,
2019-03-17,221.0,70.48,0.0,,,0.0,
2019-03-18,174.0,78.3,0.0,,,0.0,
2019-03-19,206.0,86.48,0.0,,,0.0,
2019-03-20,205.0,87.83,0.0,,,0.0,
2019-03-21,327.0,176.31,0.0,,,0.0,
2019-03-22,255.0,58.35,0.0,,,0.0,
2019-03-23,188.0,39.08,0.0,,,0.0,
2019-03-24,204.0,46.72,0.0,,,0.0,
2019-03-25,182.0,56.72,0.0,,,0.0,
2019-03-26,134.0,59.91,0.0,,,0.0,
2019-03-27,165.0,61.55,0.0,,,0.0,
2019-03-28,201.0,82.12,0.0,,,0.0,
2019-03-29,204.0,81.53,0.0,,,0.0,
2019-03-30,224.0,91.88,0.0,,,0.0,
2019-03-31,192.0,78.88,0.0,,,0.0,
2019-04-01,149.0,46.83,0.0,,,0.0,
2019-04-02,132.0,61.04,0.0,,,0.0,
2019-04-03,188.0,85.51,0.0,,,0.0,
2019-04-04,178.0,52.49,0.0,,,0.0,
2019-04-05,108.0,51.62,0.0,,,0.0,
2019-04-06,94.0,49.34,0.0,,,0.0,
2019-04-07,140.0,33.27,0.0,,,0.0,
2019-04-08,121.0,46.79,0.0,,,0.0,
2019-04-09,111.0,53.38,0.0,,,0.0,
2019-04-10,133.0,32.98,0.0,,,0.0,
2019-04-11,136.0,59.64,0.0,,,0.0,
2019-04-12,147.0,63.03,0.0,,,0.0,
2019-04-13,148.0,66.67,0.0,,,0.0,
2019-04-14,171.0,45.75,0.0,,,0.0,
2019-04-15,141.0,53.35,0.0,,,0.0,
2019-04-16,116.0,55.69,0.0,,,0.0,
2019-04-17,98.0,36.33,0.0,,,0.0,
2019-04-18,135.0,39.54,0.0,,,0.0,
2019-04-19,187.0,43.79,0.0,,,0.0,
2019-04-20,224.0,46.48,0.0,,,0.0,
2019-04-21,189.0,73.24,0.0,,,0.0,
2019-04-22,127.0,52.32,0.0,,,0.0,
2019-04-23,144.0,47.92,0.0,,,0.0,
2019-04-24,167.0,54.04,0.0,,,0.0,
2019-04-25,204.0,62.99,0.0,,,0.0,
2019-04-26,160.0,54.04,0.0,,,0.0,
2019-04-27,153.0,63.02,0.0,,,0.0,
2019-04-28,197.0,73.54,0.0,,,0.0,
2019-04-29,168.0,59.06,0.0,,,0.0,
2019-04-30,167.0,62.46,0.0,,,0.0,
2019-05-01,149.0,52.69,0.0,,,0.0,
2019-05-02,133.0,49.57,0.0,,,0.0,
2019-05-03,84.0,36.0,0.0,,,0.0,
2019-05-04,106.0,29.39,0.0,,,0.0,
2019-05-05,181.0,43.15,0.0,,,0.0,
2019-05-06,186.0,72.28,0.0,,,0.0,
2019-05-07,210.0,79.01,0.0,,,0.0,
2019-05-08,190.0,78.57,0.0,,,0.0,
2019-05-09,202.0,75.52,0.0,,,0.0,
2019-05-10,223.0,81.05,0.0,,,0.0,
2019-05-11,200.0,73.39,0.0,,,0.0,
2019-05-12,210.0,70.44,0.0,,,0.0,
2019-05-13,151.0,65.06,0.0,,,0.0,
2019-05-14,186.0,61.86,0.0,,,0.0,
2019-05-15,209.0,53.43,0.0,,,0.0,
2019-05-16,156.0,51.32,0.0,,,0.0,
2019-05-17,147.0,54.79,0.0,,,0.0,
2019-05-18,166.0,47.77,0.0,,,0.0,
2019-05-19,220.0,34.67,0.0,,,0.0,
2019-05-20,212.0,57.49,0.0,,,0.0,
2019-05-21,200.0,66.9,0.0,,,0.0,
2019-05-22,132.0,63.96,0.0,,,0.0,
2019-05-23,166.0,44.89,0.0,,,0.0,
2019-05-24,100.0,47.48,0.0,,,0.0,
2019-05-25,93.0,46.78,0.0,,,0.0,
2019-05-26,166.0,48.28,0.0,,,0.0,
2019-05-27,196.0,77.49,0.0,,,0.0,
2019-05-28,180.0,56.77,0.0,,,0.0,
2019-05-29,167.0,49.83,0.0,,,0.0,
2019-05-30,169.0,48.41,0.0,,,0.0,
2019-05-31,205.0,31.34,0.0,,,0.0,
2019-06-01,112.0,42.86,0.0,,,0.0,
2019-06-02,136.0,34.21,0.0,,,0.0,
2019-06-03,97.0,35.77,0.0,,,0.0,
2019-06-04,128.0,36.8,0.0,,,0.0,
2019-06-05,100.0,46.92,0.0,,,0.0,
2019-06-06,115.0,43.46,0.0,,,0.0,
2019-06-07,121.0,43.25,0.0,,,0.0,
2019-06-08,158.0,40.57,0.0,,,0.0,
2019-06-09,180.0,40.92,0.0,,,0.0,
2019-06-10,155.0,57.1,0.0,,,0.0,
2019-06-11,182.0,40.7,0.0,,,0.0,
2019-06-12,133.0,41.25,0.0,,,0.0,
2019-06-13,184.0,46.4,0.0,,,0.0,
2019-06-14,200.0,59.45,0.0,,,0.0,
2019-06-15,216.0,69.96,0.0,,,0.0,
2019-06-16,172.0,57.0,0.0,,,0.0,
2019-06-18,198.0,35.68,0.0,,,0.0,
2019-06-19,142.0,48.61,0.0,,,0.0,
2019-06-20,120.0,51.91,0.0,,,0.0,
2019-06-21,125.0,43.05,0.0,,,0.0,
2019-06-22,108.0,33.43,0.0,,,0.0,
2019-06-23,104.0,34.24,0.0,,,0.0,
2019-06-24,89.0,35.11,0.0,,,0.0,
2019-06-25,93.0,58.89,0.0,,,0.0,
2019-06-26,115.0,51.05,0.0,,,0.0,
2019-06-27,111.0,38.19,0.0,,,0.0,
2019-06-28,150.0,48.72,0.0,,,0.0,
2019-06-29,117.0,47.26,0.0,,,0.0,
2019-06-30,93.0,46.94,0.0,,,0.0,
2019-07-01,113.0,52.42,0.0,,,0.0,
2019-07-02,106.0,26.54,0.0,,,0.0,
2019-07-03,91.0,28.36,0.0,,,0.0,
2019-07-04,92.0,30.29,0.0,,,0.0,
2019-07-05,101.0,38.58,0.0,,,0.0,
2019-07-06,93.0,28.35,0.0,,,0.0,
2019-07-07,84.0,21.55,0.0,,,0.0,
2019-07-08,96.0,31.08,0.0,,,0.0,
2019-07-09,101.0,25.31,0.0,,,0.0,
2019-07-10,87.0,22.25,0.0,,,0.0,
2019-07-11,78.0,22.96,0.0,,,0.0,
2019-07-12,79.0,34.54,0.0,,,0.0,
2019-07-13,83.0,27.84,0.0,,,0.0,
2019-07-14,69.0,27.66,0.0,,,0.0,
2019-07-15,91.0,37.65,0.0,,,0.0,
2019-07-16,107.0,39.99,0.0,,,0.0,
2019-07-17,108.0,39.48,0.0,,,0.0,
2019-07-18,106.0,45.33,0.0,,,0.0,
2019-07-19,112.0,45.33,0.0,,,0.0,
2019-07-20,104.0,38.89,0.0,,,0.0,
2019-07-21,100.0,35.29,0.0,,,0.0,
2019-07-22,109.0,40.72,0.0,,,0.0,
2019-07-23,102.0,41.09,0.0,,,0.0,
2019-07-24,85.0,32.74,0.0,,,0.0,
2019-07-25,83.0,28.02,0.0,,,0.0,
2019-07-26,103.0,37.96,0.0,,,0.0,
2019-07-27,108.0,24.6,0.0,,,0.0,
2019-07-28,93.0,19.6,0.0,,,0.0,
2019-07-29,90.0,21.78,0.0,,,0.0,
2019-07-30,95.0,24.54,0.0,,,0.0,
2019-07-31,94.0,27.05,0.0,,,0.0,
2019-08-01,96.0,35.84,0.0,,,0.0,
2019-08-02,102.0,37.57,0.0,,,0.0,
2019-08-03,120.0,31.88,0.0,,,0.0,
2019-08-04,101.0,31.26,0.0,,,0.0,
2019-08-05,106.0,38.7,0.0,,,0.0,
2019-08-06,145.0,35.82,0.0,,,0.0,
2019-08-07,109.0,21.87,0.0,,,0.0,
2019-08-09,112.0,23.56,0.0,,,0.0,
2019-08-10,116.0,31.5,0.0,,,0.0,
2019-08-11,116.0,36.64,0.0,,,0.0,
2019-08-12,148.0,29.67,0.0,,,0.0,
2019-08-13,121.0,18.34,0.0,,,0.0,
2019-08-14,103.0,21.73,0.0,,,0.0,
2019-08-15,90.0,29.84,0.0,,,0.0,
2019-08-16,96.0,28.04,0.0,,,0.0,
2019-08-17,100.0,39.24,0.0,,,0.0,
2019-08-18,101.0,42.17,0.0,,,0.0,
2019-08-19,122.0,28.88,0.0,,,0.0,
2019-08-20,113.0,43.26,0.0,,,0.0,
2019-08-21,107.0,41.19,0.0,,,0.0,
2019-08-22,126.0,46.77,0.0,,,0.0,
2019-08-23,86.0,34.23,0.0,,,0.0,
2019-08-24,92.0,24.31,0.0,,,0.0,
2019-08-25,93.0,25.84,0.0,,,0.0,
2019-08-26,114.0,42.28,0.0,,,0.0,
2019-08-27,108.0,34.9,0.0,,,0.0,
2019-08-28,92.0,47.01,0.0,,,0.0,
2019-08-29,107.0,47.0,0.0,,,0.0,
2019-08-30,115.0,49.88,0.0,,,0.0,
2019-08-31,144.0,52.66,0.0,,,0.0,
2019-09-01,200.0,53.19,0.0,,,0.0,
2019-09-02,87.0,46.19,0.0,,,0.0,
2019-09-03,155.0,41.09,0.0,,,0.0,
2019-09-04,135.0,36.88,0.0,,,0.0,
2019-09-05,103.0,36.84,0.0,,,0.0,
2019-09-06,138.0,37.17,0.0,,,0.0,
2019-09-07,179.0,36.3,0.0,,,0.0,
2019-09-08,160.0,33.21,0.0,,,0.0,
2019-09-09,181.0,50.64,0.0,,,0.0,
2019-09-10,98.0,50.89,0.0,,,0.0,
2019-09-11,109.0,53.94,0.0,,,0.0,
2019-09-12,98.0,31.61,0.0,,,0.0,
2019-09-13,72.0,35.74,0.0,,,0.0,
2019-09-14,68.0,42.49,0.0,,,0.0,
2019-09-15,94.0,52.05,0.0,,,0.0,
2019-09-16,109.0,52.86,0.0,,,0.0,
2019-09-17,105.0,43.77,0.0,,,0.0,
2019-09-18,102.0,28.09,0.0,,,0.0,
2019-09-19,114.0,40.15,0.0,,,0.0,
2019-09-20,101.0,46.77,0.0,,,0.0,
2019-09-21,109.0,47.3,0.0,,,0.0,
2019-09-22,95.0,36.47,0.0,,,0.0,
2019-09-23,97.0,50.3,0.0,,,0.0,
2019-09-24,97.0,47.28,0.0,,,0.0,
2019-09-25,72.0,27.46,0.0,,,0.0,
2019-09-26,65.0,29.0,0.0,,,0.0,
2019-09-27,70.0,28.33,0.0,,,0.0,
2019-09-28,69.0,20.58,0.0,,,0.0,
2019-09-29,60.0,20.74,0.0,,,0.0,
2019-09-30,70.0,27.64,0.0,,,0.0,
2019-10-01,87.0,31.0,0.0,,,0.0,
2019-10-02,85.0,45.73,0.0,,,0.0,
2019-10-03,94.0,50.6,0.0,,,0.0,
2019-10-04,105.0,47.01,0.0,,,0.0,
2019-10-05,114.0,65.32,0.0,,,0.0,
2019-10-06,119.0,66.62,0.0,,,0.0,
2019-10-10,103.0,52.77,0.0,,,0.0,
2019-10-11,107.0,59.78,0.0,,,0.0,
2019-10-12,107.0,63.01,0.0,,,0.0,
2019-10-13,120.0,75.29,0.0,,,0.0,
2019-10-15,185.0,89.38,0.0,,,0.0,
2019-10-16,225.0,107.92,0.0,,,0.0,
2019-10-17,299.0,130.74,0.0,,,0.0,
2019-10-18,313.0,145.0,0.0,,,0.0,
2019-10-19,314.0,126.19,0.0,,,0.0,
2019-10-20,204.0,75.27,0.0,,,0.0,
2019-10-21,237.0,144.86,0.0,,,0.0,
2019-10-22,329.0,138.71,0.0,,,0.0,
2019-10-23,308.0,144.21,0.0,,,0.0,
2019-10-24,330.0,134.29,0.0,,,0.0,
2019-10-25,163.0,56.25,0.0,,,0.0,
2019-10-26,113.0,53.88,0.0,,,0.0,
2019-10-27,160.0,136.29,0.0,,,0.0,
2019-10-28,408.0,268.5,0.0,,,0.0,
2019-10-29,364.0,202.96,0.0,,,0.0,
2019-10-30,364.0,191.01,0.0,,,0.0,
2019-10-31,346.0,175.6,0.0,,,0.0,
2019-11-01,356.0,241.85,0.0,,,0.0,
2019-11-02,425.0,277.48,0.0,,,0.0,
2019-11-03,419.0,271.56,0.0,,,0.0,
2019-11-04,395.0,232.45,0.0,,,0.0,
2019-11-05,416.0,248.06,0.0,,,0.0,
2019-11-06,349.0,181.24,0.0,,,0.0,
2019-11-07,346.0,181.71,0.0,,,0.0,
2019-11-08,367.0,202.0,0.0,,,0.0,
2019-11-09,328.0,126.4,0.0,,,0.0,
2019-11-10,265.0,101.6,0.0,,,0.0,
2019-11-11,282.0,129.03,0.0,,,0.0,
2019-11-12,309.0,158.7,0.0,,,0.0,
2019-11-13,358.0,233.2,0.0,,,0.0,
2019-11-14,396.0,218.57,0.0,,,0.0,
2019-11-15,349.0,157.47,0.0,,,0.0,
2019-11-16,316.0,135.94,0.0,,,0.0,
2019-11-17,319.0,153.46,0.0,,,0.0,
2019-11-18,325.0,143.66,0.0,,,0.0,
2019-11-19,311.0,140.54,0.0,,,0.0,
2019-11-20,334.0,164.05,0.0,,,0.0,
2019-11-21,332.0,179.12,0.0,,,0.0,
2019-11-22,374.0,235.96,0.0,,,0.0,
2019-11-23,403.0,257.38,0.0,,,0.0,
2019-11-24,394.0,232.59,0.0,,,0.0,
2019-11-25,400.0,264.9,0.0,,,0.0,
2019-11-26,422.0,301.39,0.0,,,0.0,
2019-11-27,435.0,287.55,0.0,,,0.0,
2019-11-28,403.0,209.27,0.0,,,0.0,
2019-11-29,378.0,241.26,0.0,,,0.0,
2019-11-30,358.0,145.94,0.0,,,0.0,
2019-12-01,315.0,140.88,0.0,,,0.0,
2019-12-02,334.0,208.02,0.0,,,0.0,
2019-12-03,375.0,216.25,0.0,,,0.0,
2019-12-04,381.0,234.11,0.0,,,0.0,
2019-12-05,404.0,271.84,0.0,,,0.0,
2019-12-06,420.0,241.46,0.0,,,0.0,
2019-12-07,345.0,153.67,0.0,,,0.0,
2019-12-08,324.0,150.79,0.0,,,0.0,
2019-12-09,348.0,211.92,0.0,,,0.0,
2019-12-10,376.0,222.8,0.0,,,0.0,
2019-12-11,397.0,262.2,0.0,,,0.0,
2019-12-12,406.0,243.08,0.0,,,0.0,
2019-12-13,361.0,153.66,0.0,,,0.0,
2019-12-14,312.0,115.75,0.0,,,0.0,
2019-12-15,322.0,172.06,0.0,,,0.0,
2019-12-16,331.0,165.12,0.0,,,0.0,
2019-12-17,340.0,147.88,0.0,,,0.0,
2019-12-18,305.0,123.38,0.0,,,0.0,
2019-12-19,310.0,196.64,0.0,,,0.0,
2019-12-20,362.0,229.94,0.0,,,0.0,
2019-12-21,412.0,273.62,0.0,,,0.0,
2019-12-22,462.0,354.05,0.0,,,0.0,
2019-12-23,443.0,290.28,0.0,,,0.0,
2019-12-24,449.0,242.58,0.0,,,0.0,
2019-12-25,336.0,151.31,0.0,,,0.0,
2019-12-26,288.0,123.41,0.0,,,0.0,
2019-12-27,256.0,124.26,0.0,,,0.0,
2019-12-28,298.0,164.46,0.0,,,0.0,
2019-12-29,331.0,161.92,0.0,,,0.0,
2019-12-30,333.0,188.15,0.0,,,0.0,
2019-12-31,364.0,195.81,0.0,,,0.0,
2020-01-01,364.0,214.23,0.0,,,0.0,
2020-01-02,372.0,207.2,0.0,,,0.0,
2020-01-03,356.0,150.5,0.0,,,0.0,
2020-01-04,205.0,79.29,0.0,,,0.0,
2020-01-05,183.0,76.02,0.0,,,0.0,
2020-01-06,184.0,116.68,0.0,,,0.0,
2020-01-07,306.0,169.64,0.0,,,0.0,
2020-01-08,349.0,172.07,0.0,,,0.0,
2020-01-09,280.0,106.68,0.0,,,0.0,
2020-01-10,220.0,85.02,0.0,,,0.0,
2020-01-11,186.0,86.04,0.0,,,0.0,
2020-01-12,202.0,107.55,0.0,,,0.0,
2020-01-13,223.0,149.01,0.0,,,0.0,
2020-01-14,343.0,154.59,0.0,,,0.0,
2020-01-15,311.0,177.59,0.0,,,0.0,
2020-01-16,346.0,140.36,0.0,,,0.0,
2020-01-17,261.0,135.89,0.0,,,0.0,
2020-01-18,231.0,86.75,0.0,,,0.0,
2020-01-19,206.0,85.47,0.0,,,0.0,
2020-01-20,172.0,77.24,0.0,,,0.0,
2020-01-21,233.0,123.6,0.0,,,0.0,
2020-01-22,286.0,124.14,0.0,,,0.0,
2020-01-23,263.0,108.88,0.0,,,0.0,
2020-01-24,171.0,66.21,0.0,,,0.0,
2020-01-25,224.0,112.8,0.0,,,0.0,
2020-01-26,265.0,140.13,0.0,,,0.0,
2020-01-27,304.0,149.59,0.0,,,0.0,
2020-01-28,309.0,152.45,0.0,,,0.0,
2020-01-29,279.0,132.55,0.0,,,0.0,
2020-01-30,296.0,152.02,0.0,,,0.0,
2020-01-31,218.0,62.05,0.0,,,0.0,
2020-02-01,204.0,84.7,0.0,,,0.0,
2020-02-02,172.0,67.25,0.0,,,0.0,
2020-02-03,181.0,81.92,0.0,,,0.0,
2020-02-04,244.0,121.49,0.0,,,0.0,
2020-02-05,245.0,104.57,0.0,,,0.0,
2020-02-06,226.0,90.22,0.0,,,0.0,
2020-02-07,235.0,94.78,0.0,,,0.0,
2020-02-08,230.0,94.66,0.0,,,0.0,
2020-02-09,218.0,97.57,0.0,,,0.0,
2020-02-10,226.0,97.02,0.0,,,0.0,
2020-02-11,242.0,124.61,0.0,,,0.0,
2020-02-12,231.0,90.54,0.0,,,0.0,
2020-02-13,211.0,102.24,0.0,,,0.0,
2020-02-14,251.0,101.55,0.0,,,0.0,
2020-02-15,176.0,65.2,0.0,,,0.0,
2020-02-16,168.0,71.86,0.0,,,0.0,
2020-02-17,197.0,83.35,0.0,,,0.0,
2020-02-18,184.0,78.63,0.0,,,0.0,
2020-02-19,197.0,88.14,0.0,,,0.0,
2020-02-20,251.0,112.06,0.0,,,0.0,
2020-02-21,253.0,118.06,0.0,,,0.0,
2020-02-22,201.0,64.65,0.0,,,0.0,
2020-02-23,158.0,75.3,0.0,,,0.0,
2020-02-24,167.0,49.01,0.0,,,0.0,
2020-02-25,111.0,42.9,0.0,,,0.0,
2020-02-26,116.0,41.28,0.0,,,0.0,
2020-02-27,149.0,56.63,0.0,,,0.0,
2020-02-28,182.0,78.95,0.0,,,0.0,
2020-02-29,209.0,81.48,0.0,,,0.0,
2020-03-01,194.0,74.69,0.0,,,0.0,
2020-03-02,168.0,69.37,0.0,,,0.0,
2020-03-03,194.0,76.22,0.0,,,0.0,
2020-03-04,214.0,95.29,0.0,,,0.0,
2020-03-05,202.0,98.86,0.0,,,0.0,
2020-03-06,148.0,52.48,0.0,,,0.0,
2020-03-07,136.0,46.69,0.0,,,0.0,
2020-03-08,190.0,59.79,0.0,,,0.0,
2020-03-09,182.0,58.48,0.0,,,0.0,
2020-03-10,232.0,124.48,0.0,,,0.0,
2020-03-11,179.0,75.99,0.0,,,0.0,
2020-03-12,163.0,70.53,0.0,,,0.0,
2020-03-13,163.0,67.26,0.0,,,0.0,
2020-03-14,120.0,36.68,0.0,,,0.0,
2020-03-15,83.0,39.7,0.0,,,0.0,
2020-03-16,125.0,55.2,0.0,,,0.0,
2020-03-17,145.0,62.94,0.0,,,0.0,
2020-03-18,156.0,66.68,0.0,,,0.0,
2020-03-19,163.0,68.82,0.0,,,0.0,
2020-03-20,135.0,53.45,0.0,,,0.0,
2020-03-21,210.0,107.69,0.0,,,0.0,
2020-03-22,205.0,79.23,0.0,,,0.0,
2020-03-23,151.0,49.97,0.0,,,0.0,
2020-03-24,177.0,65.94,0.0,,,0.0,
2020-03-25,166.0,73.42,0.0,,,0.0,
2020-03-26,152.0,58.01,0.0,,,0.0,
2020-03-27,146.0,58.25,0.0,,,0.0,
2020-03-28,122.0,31.87,0.0,,,0.0,
2020-03-29,92.0,29.1,0.0,,,0.0,
2020-03-30,92.0,35.36,0.0,,,0.0,
2020-03-31,106.0,51.5,0.0,,,0.0,
2020-04-01,156.0,67.83,0.0,,,0.0,
2020-04-02,140.0,55.83,0.0,,,0.0,
2020-04-03,120.0,43.86,0.0,,,0.0,
2020-04-04,125.0,54.28,0.0,,,0.0,
2020-04-05,127.0,55.12,0.0,,,0.0,
2020-04-06,140.0,51.74,0.0,,,0.0,
2020-04-07,142.0,44.93,0.0,,,0.0,
2020-04-08,132.0,53.11,0.0,,,0.0,
2020-04-09,144.0,52.64,0.0,,,0.0,
2020-04-10,144.0,52.72,0.0,,,0.0,
2020-04-11,150.0,62.28,0.0,,,0.0,
2020-04-12,160.0,59.87,0.0,,,0.0,
2020-04-13,149.0,45.0,0.0,,,0.0,
2020-04-14,143.0,51.39,0.0,,,0.0,
2020-04-15,158.0,29.74,0.0,,,0.0,
2020-04-16,130.0,31.17,0.0,,,0.0,
2020-04-17,134.0,38.82,0.0,,,0.0,
2020-04-18,140.0,40.92,0.0,,,0.0,
2020-04-19,143.0,47.95,0.0,,,0.0,
2020-04-20,131.0,26.65,0.0,,,0.0,
2020-04-21,119.0,19.17,0.0,,,0.0,
2020-04-22,110.0,17.63,0.0,,,0.0,
2020-04-23,122.0,35.07,0.0,,,0.0,
2020-04-24,118.0,23.5,0.0,,,0.0,
2020-04-25,118.0,27.09,0.0,,,0.0,
2020-04-26,104.0,13.85,0.0,,,0.0,
2020-04-27,109.0,19.03,0.0,,,0.0,
2020-04-28,98.0,12.37,0.0,,,0.0,
2020-04-29,111.0,15.21,0.0,,,0.0,
2020-04-30,118.0,30.93,0.0,,,0.0,
2020-05-01,129.0,22.83,0.0,,,0.0,
2020-05-02,140.0,15.93,0.0,,,0.0,
2020-05-03,147.0,26.6,0.0,,,0.0,
2020-05-04,148.0,27.38,0.0,,,0.0,
2020-05-05,149.0,19.04,0.0,,,0.0,
2020-05-06,129.0,17.95,0.0,,,0.0,
2020-05-07,139.0,24.24,0.0,,,0.0,
2020-05-08,171.0,22.42,0.0,,,0.0,
2020-05-09,191.0,35.51,0.0,,,0.0,
2020-05-10,256.0,38.4,0.0,,,0.0,
2020-05-11,138.0,22.51,0.0,,,0.0,
2020-05-12,124.0,36.48,0.0,,,0.0,
2020-05-13,146.0,42.52,0.0,,,0.0,
2020-05-14,176.0,53.82,0.0,,,0.0,
2020-05-15,124.0,32.79,0.0,,,0.0,
2020-05-16,141.0,50.36,0.0,,,0.0,
2020-05-17,239.0,52.11,0.0,,,0.0,
2020-05-18,167.0,47.43,0.0,,,0.0,
2020-05-19,137.0,43.06,0.0,,,0.0,
2020-05-20,119.0,32.71,0.0,,,0.0,
2020-05-21,105.0,19.31,0.0,,,0.0,
2020-05-22,102.0,14.58,0.0,,,0.0,
2020-05-23,95.0,25.92,0.0,,,0.0,
2020-05-24,112.0,44.72,0.0,,,0.0,
2020-05-25,119.0,49.58,0.0,,,0.0,
2020-05-26,110.0,41.66,0.0,,,0.0,
2020-05-27,116.0,33.42,0.0,,,0.0,
2020-05-28,121.0,20.98,0.0,,,0.0,
2020-05-29,95.0,27.04,0.0,,,0.0,
2020-05-30,104.0,27.46,0.0,,,0.0,
2020-05-31,105.0,12.95,0.0,,,0.0,
2020-06-01,110.0,17.45,0.0,,,0.0,
2020-06-02,117.0,28.54,0.0,,,0.0,
2020-06-03,111.0,42.54,0.0,,,0.0,
2020-06-04,106.0,30.76,0.0,,,0.0,
2020-06-05,97.0,20.15,0.0,,,0.0,
2020-06-06,82.0,10.78,0.0,,,0.0,
2020-06-07,88.0,19.81,0.0,,,0.0,
2020-06-08,100.0,18.17,0.0,,,0.0,
2020-06-09,106.0,38.48,0.0,,,0.0,
2020-06-10,111.0,37.57,0.0,,,0.0,
2020-06-11,100.0,32.56,0.0,,,0.0,
2020-06-12,86.0,19.01,0.0,,,0.0,
2020-06-13,85.0,15.19,0.0,,,0.0,
2020-06-14,60.0,14.44,0.0,,,0.0,
2020-06-15,56.0,16.17,0.0,,,0.0,
2020-06-16,53.0,17.75,0.0,,,0.0,
2020-06-17,53.0,19.12,0.0,,,0.0,
2020-06-18,63.0,24.18,0.0,,,0.0,
2020-06-19,60.0,16.14,0.0,,,0.0,
2020-06-20,62.0,20.07,0.0,,,0.0,
2020-06-21,60.0,12.76,0.0,,,0.0,
2020-06-22,60.0,15.42,0.0,,,0.0,
2020-06-23,74.0,20.71,0.0,,,0.0,
2020-06-24,84.0,25.62,0.0,,,0.0,
2020-06-25,88.0,27.71,0.0,,,0.0,
2020-06-26,71.0,23.16,0.0,,,0.0,
2020-06-27,65.0,17.71,0.0,,,0.0,
2020-06-28,82.0,19.27,0.0,,,0.0,
2020-06-29,88.0,17.24,0.0,,,0.0,
2020-06-30,93.0,29.76,0.0,,,0.0,
2020-07-01,98.0,35.42,0.0,,,0.0,
2019-08-28,37.0,18.42,0.0,,,0.0,
2019-08-29,40.0,18.36,0.0,,,0.0,
2019-08-30,35.0,17.45,0.0,,,0.0,
2019-08-31,32.0,16.96,0.0,,,0.0,
2019-09-01,31.0,8.89,0.0,,,0.0,
2019-09-05,113.0,8.35,0.0,,,0.0,
2019-09-06,25.0,8.32,0.0,,,0.0,
2019-09-07,31.0,4.2,0.0,,,0.0,
2019-09-08,33.0,4.34,0.0,,,0.0,
2019-09-09,35.0,4.94,0.0,,,0.0,
2019-09-10,35.0,9.82,0.0,,,0.0,
2019-09-11,40.0,11.37,0.0,,,0.0,
2019-09-12,30.0,5.79,0.0,,,0.0,
2019-09-13,30.0,7.94,0.0,,,0.0,
2019-09-14,38.0,5.9,0.0,,,0.0,
2019-09-15,51.0,8.57,0.0,,,0.0,
2019-09-16,60.0,9.93,0.0,,,0.0,
2019-09-17,41.0,11.9,0.0,,,0.0,
2019-09-18,42.0,13.02,0.0,,,0.0,
2019-09-19,37.0,13.23,0.0,,,0.0,
2019-09-20,32.0,17.9,0.0,,,0.0,
2019-09-21,31.0,18.81,0.0,,,0.0,
2019-09-22,31.0,14.72,0.0,,,0.0,
2019-09-23,44.0,10.24,0.0,,,0.0,
2019-09-24,43.0,13.24,0.0,,,0.0,
2019-09-25,38.0,8.71,0.0,,,0.0,
2019-09-26,40.0,6.63,0.0,,,0.0,
2019-09-27,40.0,13.14,0.0,,,0.0,
2019-09-28,49.0,8.52,0.0,,,0.0,
2019-09-29,38.0,8.08,0.0,,,0.0,
2019-09-30,46.0,11.79,0.0,,,0.0,
2019-10-01,40.0,5.11,0.0,,,0.0,
2019-10-02,47.0,15.38,0.0,,,0.0,
2019-10-03,59.0,16.97,0.0,,,0.0,
2019-10-04,56.0,17.43,0.0,,,0.0,
2019-10-05,49.0,19.67,0.0,,,0.0,
2019-10-06,58.0,,0.0,,,0.0,
2019-10-07,54.0,,0.0,,,0.0,
2019-10-08,48.0,,0.0,,,0.0,
2019-10-09,57.0,,0.0,,,0.0,
2019-10-10,48.0,,0.0,,,0.0,
2019-10-11,45.0,17.72,0.0,,,0.0,
2019-10-12,46.0,21.02,0.0,,,0.0,
2019-10-13,44.0,17.32,0.0,,,0.0,
2019-10-14,46.0,17.79,0.0,,,0.0,
2019-10-15,52.0,15.29,0.0,,,0.0,
2019-10-16,36.0,16.72,0.0,,,0.0,
2019-10-17,40.0,20.46,0.0,,,0.0,
2019-10-18,54.0,23.3,0.0,,,0.0,
2019-10-19,55.0,26.66,0.0,,,0.0,
2019-10-20,61.0,33.46,0.0,,,0.0,
2019-10-21,92.0,23.1,0.0,,,0.0,
2019-10-22,87.0,25.22,0.0,,,0.0,
2019-10-23,73.0,32.95,0.0,,,0.0,
2019-10-24,61.0,18.23,0.0,,,0.0,
2019-10-25,42.0,9.46,0.0,,,0.0,
2019-11-23,14.0,6.56,0.0,,,0.0,
2019-11-24,32.0,13.61,0.0,,,0.0,
2019-11-25,22.0,10.31,0.0,,,0.0,
2019-11-26,30.0,16.74,0.0,,,0.0,
2019-11-27,29.0,12.69,0.0,,,0.0,
2019-11-28,28.0,12.47,0.0,,,0.0,
2019-11-29,49.0,10.44,0.0,,,0.0,
2020-01-11,50.0,22.59,0.0,,,0.0,
2020-01-12,38.0,17.46,0.0,,,0.0,
2020-01-13,52.0,57.08,0.0,,,0.0,
2020-01-14,60.0,35.92,0.0,,,0.0,
2020-01-15,64.0,38.86,0.0,,,0.0,
2020-01-16,55.0,22.65,0.0,,,0.0,
2020-01-17,36.0,34.74,0.0,,,0.0,
2020-01-18,69.0,33.34,0.0,,,0.0,
2020-01-19,80.0,21.45,0.0,,,0.0,
2020-01-20,88.0,29.71,0.0,,,0.0,
2020-01-21,57.0,21.25,0.0,,,0.0,
2020-01-22,54.0,20.72,0.0,,,0.0,
2020-01-23,73.0,15.63,0.0,,,0.0,
2020-01-24,78.0,35.99,0.0,,,0.0,
2020-01-25,68.0,43.41,0.0,,,0.0,
2020-01-26,74.0,44.81,0.0,,,0.0,
2020-01-27,81.0,46.64,0.0,,,0.0,
2020-01-28,86.0,64.17,0.0,,,0.0,
2020-01-29,111.0,62.33,0.0,,,0.0,
2020-01-30,96.0,42.77,0.0,,,0.0,
2020-01-31,71.0,40.96,0.0,,,0.0,
2020-02-01,78.0,47.55,0.0,,,0.0,
2020-02-02,80.0,48.24,0.0,,,0.0,
2020-02-03,86.0,60.08,0.0,,,0.0,
2020-02-04,94.0,49.49,0.0,,,0.0,
2020-02-05,90.0,54.66,0.0,,,0.0,
2020-02-06,87.0,40.34,0.0,,,0.0,
2020-02-07,93.0,58.11,0.0,,,0.0,
2020-02-08,92.0,48.94,0.0,,,0.0,
2020-02-09,62.0,25.93,0.0,,,0.0,
2020-02-10,70.0,47.14,0.0,,,0.0,
2020-02-11,76.0,42.01,0.0,,,0.0,
2020-02-12,71.0,40.08,0.0,,,0.0,
2020-02-13,77.0,49.07,0.0,,,0.0,
2020-02-14,90.0,54.68,0.0,,,0.0,
2020-02-15,143.0,81.36,0.0,,,0.0,
2020-02-16,130.0,63.48,0.0,,,0.0,
2020-02-17,140.0,77.93,0.0,,,0.0,
2020-02-18,149.0,75.12,0.0,,,0.0,
2020-02-19,182.0,92.18,0.0,,,0.0,
2020-02-20,175.0,67.59,0.0,,,0.0,
2020-02-21,120.0,58.97,0.0,,,0.0,
2020-02-25,49.0,25.11,0.0,,,0.0,
2020-02-26,46.0,21.18,0.0,,,0.0,
2020-02-27,60.0,17.87,0.0,,,0.0,
2020-02-28,42.0,17.24,0.0,,,0.0,
2020-02-29,51.0,18.63,0.0,,,0.0,
2020-03-01,53.0,27.68,0.0,,,0.0,
2020-03-02,60.0,35.37,0.0,,,0.0,
2020-03-03,63.0,26.75,0.0,,,0.0,
2020-03-04,64.0,32.17,0.0,,,0.0,
2020-03-05,63.0,26.31,0.0,,,0.0,
2020-03-06,64.0,27.32,0.0,,,0.0,
2020-03-07,65.0,26.77,0.0,,,0.0,
2020-03-08,73.0,20.66,0.0,,,0.0,
2020-03-09,65.0,28.03,0.0,,,0.0,
2020-03-10,71.0,39.77,0.0,,,0.0,
2020-03-11,66.0,23.77,0.0,,,0.0,
2020-03-12,56.0,29.84,0.0,,,0.0,
2020-03-13,59.0,38.98,0.0,,,0.0,
2020-03-14,86.0,53.61,0.0,,,0.0,
2020-03-15,77.0,27.04,0.0,,,0.0,
2020-03-16,65.0,23.18,0.0,,,0.0,
2020-03-17,49.0,37.88,0.0,,,0.0,
2020-03-18,73.0,44.98,0.0,,,0.0,
2020-03-19,83.0,52.21,0.0,,,0.0,
2020-03-20,86.0,50.46,0.0,,,0.0,
2020-03-21,97.0,58.49,0.0,,,0.0,
2020-03-22,62.0,21.25,0.0,,,0.0,
2020-03-23,33.0,21.58,0.0,,,0.0,
2020-03-24,44.0,30.19,0.0,,,0.0,
2020-03-25,67.0,50.05,0.0,,,0.0,
2020-03-26,72.0,44.29,0.0,,,0.0,
2020-03-27,79.0,42.54,0.0,,,0.0,
2020-03-28,72.0,33.4,0.0,,,0.0,
2020-03-29,55.0,30.23,0.0,,,0.0,
2020-03-30,64.0,53.16,0.0,,,0.0,
2020-03-31,118.0,58.0,0.0,,,0.0,
2020-04-01,93.0,46.79,0.0,,,0.0,
2020-04-02,77.0,34.47,0.0,,,0.0,
2020-04-03,74.0,34.03,0.0,,,0.0,
2020-04-04,59.0,25.6,0.0,,,0.0,
2020-05-01,17.0,12.54,0.0,,,0.0,
2020-05-02,24.0,13.9,0.0,,,0.0,
2020-05-03,19.0,10.46,0.0,,,0.0,
2020-05-04,20.0,13.97,0.0,,,0.0,
2020-05-05,27.0,16.18,0.0,,,0.0,
2020-05-06,22.0,12.39,0.0,,,0.0,
2020-05-07,39.0,11.76,0.0,,,0.0,
2020-05-08,56.0,15.92,0.0,,,0.0,
2020-05-09,42.0,21.41,0.0,,,0.0,
2020-05-10,57.0,23.75,0.0,,,0.0,
2020-05-11,75.0,22.77,0.0,,,0.0,
2020-05-12,37.0,21.75,0.0,,,0.0,
2020-05-13,48.0,30.47,0.0,,,0.0,
2020-05-14,41.0,21.18,0.0,,,0.0,
2020-05-15,31.0,17.18,0.0,,,0.0,
2020-05-16,25.0,14.34,0.0,,,0.0,
2020-05-17,30.0,16.06,0.0,,,0.0,
2020-05-18,52.0,24.24,0.0,,,0.0,
2020-05-19,47.0,26.59,0.0,,,0.0,
2020-05-20,40.0,17.42,0.0,,,0.0,
2020-05-21,17.0,3.45,0.0,,,0.0,
2020-05-22,14.0,8.58,0.0,,,0.0,
2020-05-23,28.0,24.57,0.0,,,0.0,
2020-05-24,35.0,16.11,0.0,,,0.0,
2020-05-25,24.0,11.5,0.0,,,0.0,
2020-05-26,17.0,7.42,0.0,,,0.0,
2020-05-27,35.0,8.61,0.0,,,0.0,
2020-05-28,23.0,12.87,0.0,,,0.0,
2020-05-29,21.0,11.74,0.0,,,0.0,
2020-05-30,21.0,12.82,0.0,,,0.0,
2020-05-31,22.0,12.93,0.0,,,0.0,
2020-06-01,25.0,16.52,0.0,,,0.0,
2020-06-02,29.0,19.38,0.0,,,0.0,
2020-06-03,33.0,19.65,0.0,,,0.0,
2020-06-04,32.0,20.5,0.0,,,0.0,
2020-06-05,32.0,12.72,0.0,,,0.0,
2020-06-06,16.0,13.5,0.0,,,0.0,
2020-06-07,30.0,17.94,0.0,,,0.0,
2020-06-08,33.0,23.76,0.0,,,0.0,
2020-06-09,41.0,24.94,0.0,,,0.0,
2020-06-10,33.0,9.99,0.0,,,0.0,
2020-06-11,20.0,5.28,0.0,,,0.0,
2020-06-12,29.0,3.44,0.0,,,0.0,
2020-06-13,34.0,3.9,0.0,,,0.0,
2020-06-16,18.0,4.38,0.0,,,0.0,
2020-06-17,26.0,3.87,0.0,,,0.0,
2020-06-18,46.0,4.56,0.0,,,0.0,
2020-06-19,49.0,10.64,0.0,,,0.0,
2020-06-20,43.0,14.8,0.0,,,0.0,
2020-06-21,33.0,5.35,0.0,,,0.0,
2020-06-22,41.0,8.14,0.0,,,0.0,
2020-06-23,46.0,9.65,0.0,,,0.0,
2020-06-24,47.0,10.21,0.0,,,0.0,
2020-06-25,19.0,9.62,0.0,,,0.0,
2020-06-26,25.0,6.33,0.0,,,0.0,
2020-06-27,35.0,9.41,0.0,,,0.0,
2020-06-28,53.0,13.55,0.0,,,0.0,
2020-06-29,26.0,9.53,0.0,,,0.0,
2020-06-30,21.0,14.74,0.0,,,0.0,
2020-07-01,24.0,16.7,0.0,,,0.0,
2018-02-08,311.0,135.85,0.0,,,0.0,
2018-02-09,321.0,172.05,0.0,,,0.0,
2018-02-10,343.0,143.05,0.0,,,0.0,
2018-02-13,343.0,173.67,0.0,,,0.0,
2018-02-14,269.0,73.52,0.0,,,0.0,
2018-02-15,243.0,145.63,0.0,,,0.0,
2018-02-16,350.0,193.1,0.0,,,0.0,
2018-02-17,362.0,174.89,0.0,,,0.0,
2018-02-18,369.0,209.23,0.0,,,0.0,
2018-02-19,356.0,138.1,0.0,,,0.0,
2018-02-20,305.0,135.54,0.0,,,0.0,
2018-02-21,320.0,183.64,0.0,,,0.0,
2018-02-22,474.0,238.35,0.0,,,0.0,
2018-02-23,452.0,223.24,0.0,,,0.0,
2018-02-24,356.0,172.69,0.0,,,0.0,
2018-02-25,334.0,174.97,0.0,,,0.0,
2018-02-26,400.0,207.2,0.0,,,0.0,
2018-02-27,378.0,159.51,0.0,,,0.0,
2018-02-28,368.0,202.82,0.0,,,0.0,
2018-03-01,367.0,186.41,0.0,,,0.0,
2018-03-02,365.0,198.3,0.0,,,0.0,
2018-03-03,348.0,166.3,0.0,,,0.0,
2018-03-04,484.0,283.31,0.0,,,0.0,
2018-03-05,396.0,173.38,0.0,,,0.0,
2018-03-06,341.0,145.3,0.0,,,0.0,
2018-03-07,320.0,147.24,0.0,,,0.0,
2018-03-08,295.0,111.63,0.0,,,0.0,
2018-03-09,258.0,179.03,0.0,,,0.0,
2018-03-10,329.0,144.24,0.0,,,0.0,
2018-03-11,323.0,82.18,0.0,,,0.0,
2018-03-21,425.0,217.86,0.0,,,0.0,
2018-03-22,306.0,100.51,0.0,,,0.0,
2018-03-23,206.0,108.45,0.0,,,0.0,
2018-03-24,251.0,90.03,0.0,,,0.0,
2018-03-25,168.0,64.52,0.0,,,0.0,
2018-03-26,148.0,93.41,0.0,,,0.0,
2018-03-27,288.0,155.14,0.0,,,0.0,
2018-03-28,354.0,183.49,0.0,,,0.0,
2018-03-29,230.0,61.01,0.0,,,0.0,
2018-03-30,130.0,53.41,0.0,,,0.0,
2018-03-31,127.0,60.32,0.0,,,0.0,
2018-04-01,134.0,75.21,0.0,,,0.0,
2018-04-02,139.0,29.93,0.0,,,0.0,
2018-04-03,99.0,39.69,0.0,,,0.0,
2018-04-04,120.0,53.48,0.0,,,0.0,
2018-04-05,114.0,,0.0,,,0.0,
2018-04-15,154.0,35.65,0.0,,,0.0,
2018-04-16,193.0,110.34,0.0,,,0.0,
2018-04-17,200.0,64.68,0.0,,,0.0,
2018-04-18,215.0,108.11,0.0,,,0.0,
2018-04-19,267.0,59.36,0.0,,,0.0,
2018-04-20,96.0,34.41,0.0,,,0.0,
2018-04-21,110.0,51.96,0.0,,,0.0,
2018-04-22,139.0,102.35,0.0,,,0.0,
2018-04-23,89.0,45.11,0.0,,,0.0,
2018-04-24,145.0,82.83,0.0,,,0.0,
2018-04-25,196.0,90.72,0.0,,,0.0,
2018-04-27,101.0,20.11,0.0,,,0.0,
2018-04-28,104.0,30.96,0.0,,,0.0,
2018-04-29,100.0,37.37,0.0,,,0.0,
2018-04-30,100.0,51.56,0.0,,,0.0,
2018-05-01,98.0,39.03,0.0,,,0.0,
2018-05-02,94.0,38.9,0.0,,,0.0,
2018-05-03,112.0,72.57,0.0,,,0.0,
2018-05-04,104.0,46.59,0.0,,,0.0,
2018-05-05,114.0,43.79,0.0,,,0.0,
2018-05-06,109.0,42.56,0.0,,,0.0,
2018-05-07,128.0,67.72,0.0,,,0.0,
2018-05-08,140.0,51.0,0.0,,,0.0,
2018-05-09,138.0,66.42,0.0,,,0.0,
2018-05-10,155.0,60.01,0.0,,,0.0,
2018-05-11,124.0,46.17,0.0,,,0.0,
2018-05-12,111.0,42.77,0.0,,,0.0,
2018-05-13,103.0,53.33,0.0,,,0.0,
2018-05-14,95.0,32.69,0.0,,,0.0,
2018-05-15,139.0,77.37,0.0,,,0.0,
2018-05-16,119.0,66.31,0.0,,,0.0,
2018-05-17,122.0,49.13,0.0,,,0.0,
2018-05-18,110.0,59.5,0.0,,,0.0,
2018-05-19,141.0,69.14,0.0,,,0.0,
2018-05-20,107.0,38.38,0.0,,,0.0,
2018-05-21,108.0,84.96,0.0,,,0.0,
2018-05-22,163.0,80.66,0.0,,,0.0,
2018-05-23,124.0,36.34,0.0,,,0.0,
2018-05-24,91.0,39.91,0.0,,,0.0,
2018-05-25,88.0,25.78,0.0,,,0.0,
2018-05-26,90.0,31.1,0.0,,,0.0,
2018-05-27,89.0,36.97,0.0,,,0.0,
2018-05-28,102.0,38.07,0.0,,,0.0,
2018-05-29,111.0,40.07,0.0,,,0.0,
2018-05-30,104.0,33.75,0.0,,,0.0,
2018-05-31,108.0,79.39,0.0,,,0.0,
2018-06-01,182.0,54.6,0.0,,,0.0,
2018-06-02,98.0,49.37,0.0,,,0.0,
2018-06-03,201.0,132.55,0.0,,,0.0,
2018-06-04,148.0,69.21,0.0,,,0.0,
2018-06-05,125.0,53.57,0.0,,,0.0,
2018-06-06,106.0,57.77,0.0,,,0.0,
2018-06-07,107.0,59.3,0.0,,,0.0,
2018-06-19,200.0,23.77,0.0,,,0.0,
2018-06-20,166.0,29.49,0.0,,,0.0,
2018-06-21,155.0,44.47,0.0,,,0.0,
2018-06-22,131.0,31.75,0.0,,,0.0,
2018-06-23,124.0,18.9,0.0,,,0.0,
2018-06-24,110.0,24.69,0.0,,,0.0,
2018-06-25,116.0,26.57,0.0,,,0.0,
2018-06-26,113.0,36.11,0.0,,,0.0,
2018-06-27,119.0,25.06,0.0,,,0.0,
2018-06-28,102.0,14.66,0.0,,,0.0,
2018-06-29,103.0,22.15,0.0,,,0.0,
2018-06-30,115.0,26.38,0.0,,,0.0,
2018-07-01,121.0,24.39,0.0,,,0.0,
2018-07-02,111.0,21.0,0.0,,,0.0,
2018-07-03,105.0,19.47,0.0,,,0.0,
2018-07-04,134.0,29.32,0.0,,,0.0,
2018-07-05,144.0,23.7,0.0,,,0.0,
2018-07-06,138.0,26.47,0.0,,,0.0,
2018-07-07,128.0,23.59,0.0,,,0.0,
2018-07-08,113.0,23.54,0.0,,,0.0,
2018-07-09,102.0,13.64,0.0,,,0.0,
2018-07-10,102.0,16.27,0.0,,,0.0,
2018-07-11,108.0,24.07,0.0,,,0.0,
2018-07-12,108.0,17.92,0.0,,,0.0,
2018-07-13,108.0,15.79,0.0,,,0.0,
2018-07-14,107.0,17.77,0.0,,,0.0,
2018-07-15,109.0,12.41,0.0,,,0.0,
2018-07-16,106.0,13.96,0.0,,,0.0,
2018-07-17,105.0,13.74,0.0,,,0.0,
2018-07-18,111.0,23.6,0.0,,,0.0,
2018-07-19,122.0,21.58,0.0,,,0.0,
2018-07-20,110.0,25.77,0.0,,,0.0,
2018-07-21,106.0,11.15,0.0,,,0.0,
2018-07-22,104.0,10.71,0.0,,,0.0,
2018-07-23,108.0,19.74,0.0,,,0.0,
2018-07-24,130.0,26.77,0.0,,,0.0,
2018-07-25,136.0,27.24,0.0,,,0.0,
2018-07-26,84.0,22.6,0.0,,,0.0,
2018-07-27,98.0,21.94,0.0,,,0.0,
2018-07-28,136.0,25.81,0.0,,,0.0,
2018-07-29,137.0,27.05,0.0,,,0.0,
2018-07-30,109.0,32.26,0.0,,,0.0,
2018-07-31,102.0,31.28,0.0,,,0.0,
2018-08-01,147.0,25.01,0.0,,,0.0,
2018-08-02,146.0,31.23,0.0,,,0.0,
2018-08-03,115.0,23.22,0.0,,,0.0,
2018-08-04,138.0,33.27,0.0,,,0.0,
2018-08-05,167.0,30.95,0.0,,,0.0,
2018-08-06,113.0,16.5,0.0,,,0.0,
2018-08-07,78.0,2.65,0.0,,,0.0,
2018-08-08,51.0,11.88,0.0,,,0.0,
2018-08-14,111.0,17.98,0.0,,,0.0,
2018-08-15,113.0,14.65,0.0,,,0.0,
2018-08-16,104.0,38.91,0.0,,,0.0,
2018-08-17,97.0,7.17,0.0,,,0.0,
2018-08-21,111.0,29.66,0.0,,,0.0,
2018-08-22,110.0,22.35,0.0,,,0.0,
2018-08-23,108.0,28.73,0.0,,,0.0,
2018-08-24,76.0,,0.0,,,0.0,
2018-09-22,14.0,,0.0,,,0.0,
2018-09-23,15.0,,0.0,,,0.0,
2018-09-24,15.0,,0.0,,,0.0,
2018-09-25,16.0,,0.0,,,0.0,
2018-09-26,16.0,,0.0,,,0.0,
2018-09-27,23.0,,0.0,,,0.0,
2018-09-28,17.0,,0.0,,,0.0,
2018-09-29,20.0,,0.0,,,0.0,
2018-09-30,17.0,,0.0,,,0.0,
2018-10-01,17.0,,0.0,,,0.0,
2018-10-12,17.0,,0.0,,,0.0,
2018-10-13,13.0,,0.0,,,0.0,
2018-10-14,15.0,,0.0,,,0.0,
2018-10-15,16.0,,0.0,,,0.0,
2018-10-16,46.0,79.71,0.0,,,0.0,
2018-10-17,118.0,14.62,0.0,,,0.0,
2018-10-18,117.0,23.56,0.0,,,0.0,
2018-10-19,119.0,58.85,0.0,,,0.0,
2018-10-20,116.0,58.15,0.0,,,0.0,
2018-10-21,111.0,58.19,0.0,,,0.0,
2018-10-22,127.0,63.74,0.0,,,0.0,
2018-10-23,123.0,66.55,0.0,,,0.0,
2018-10-24,109.0,47.45,0.0,,,0.0,
2018-10-25,113.0,61.37,0.0,,,0.0,
2018-10-26,148.0,60.29,0.0,,,0.0,
2018-10-27,135.0,64.91,0.0,,,0.0,
2018-10-28,112.0,48.84,0.0,,,0.0,
2018-10-29,107.0,31.23,0.0,,,0.0,
2018-10-30,107.0,25.79,0.0,,,0.0,
2018-10-31,115.0,31.74,0.0,,,0.0,
2018-11-01,113.0,27.15,0.0,,,0.0,
2018-11-02,112.0,37.81,0.0,,,0.0,
2018-11-03,150.0,59.16,0.0,,,0.0,
2018-11-04,146.0,48.12,0.0,,,0.0,
2018-11-05,192.0,83.49,0.0,,,0.0,
2018-11-06,246.0,85.22,0.0,,,0.0,
2018-11-07,185.0,62.29,0.0,,,0.0,
2018-11-08,167.0,58.04,0.0,,,0.0,
2018-11-09,181.0,77.03,0.0,,,0.0,
2018-11-10,280.0,94.21,0.0,,,0.0,
2018-11-11,336.0,88.86,0.0,,,0.0,
2018-11-12,271.0,83.94,0.0,,,0.0,
2018-11-13,255.0,89.94,0.0,,,0.0,
2018-11-14,315.0,89.14,0.0,,,0.0,
2018-11-15,311.0,97.94,0.0,,,0.0,
2018-11-16,404.0,95.01,0.0,,,0.0,
2018-11-17,367.0,80.16,0.0,,,0.0,
2018-11-18,314.0,71.14,0.0,,,0.0,
2018-11-19,193.0,83.12,0.0,,,0.0,
2018-11-20,408.0,107.97,0.0,,,0.0,
2018-11-21,431.0,93.4,0.0,,,0.0,
2018-11-22,396.0,85.04,0.0,,,0.0,
2018-11-23,422.0,81.8,0.0,,,0.0,
2018-11-24,360.0,66.17,0.0,,,0.0,
2018-11-25,330.0,66.46,0.0,,,0.0,
2018-11-26,386.0,86.22,0.0,,,0.0,
2018-11-27,525.0,110.22,0.0,,,0.0,
2018-11-28,489.0,110.75,0.0,,,0.0,
2018-11-29,356.0,95.3,0.0,,,0.0,
2018-11-30,509.0,100.66,0.0,,,0.0,
2018-12-01,428.0,88.36,0.0,,,0.0,
2018-12-02,434.0,100.93,0.0,,,0.0,
2018-12-03,434.0,109.94,0.0,,,0.0,
2018-12-04,342.0,114.58,0.0,,,0.0,
2018-12-05,284.0,119.7,0.0,,,0.0,
2018-12-06,286.0,106.01,0.0,,,0.0,
2018-12-07,261.0,101.5,0.0,,,0.0,
2018-12-08,241.0,94.41,0.0,,,0.0,
2018-12-09,230.0,115.23,0.0,,,0.0,
2018-12-10,291.0,99.88,0.0,,,0.0,
2018-12-11,212.0,92.54,0.0,,,0.0,
2018-12-12,266.0,110.56,0.0,,,0.0,
2018-12-13,261.0,112.0,0.0,,,0.0,
2018-12-14,269.0,89.1,0.0,,,0.0,
2018-12-25,210.0,95.97,0.0,,,0.0,
2018-12-26,244.0,111.33,0.0,,,0.0,
2018-12-27,249.0,107.57,0.0,,,0.0,
2018-12-28,254.0,77.2,0.0,,,0.0,
2018-12-29,249.0,101.04,0.0,,,0.0,
2018-12-30,227.0,72.57,0.0,,,0.0,
2018-12-31,200.0,84.3,0.0,,,0.0,
2019-01-01,252.0,109.37,0.0,,,0.0,
2019-01-02,304.0,164.15,0.0,,,0.0,
2019-01-03,353.0,144.06,0.0,,,0.0,
2019-01-04,359.0,149.95,0.0,,,0.0,
2019-01-05,336.0,141.72,0.0,,,0.0,
2019-01-06,344.0,151.23,0.0,,,0.0,
2019-01-07,346.0,136.62,0.0,,,0.0,
2019-01-08,307.0,94.54,0.0,,,0.0,
2019-01-09,221.0,105.66,0.0,,,0.0,
2019-01-10,285.0,122.14,0.0,,,0.0,
2019-01-11,308.0,117.54,0.0,,,0.0,
2019-01-12,305.0,126.07,0.0,,,0.0,
2019-01-13,306.0,148.86,0.0,,,0.0,
2019-01-14,322.0,129.5,0.0,,,0.0,
2019-01-15,359.0,102.03,0.0,,,0.0,
2019-01-16,360.0,115.57,0.0,,,0.0,
2019-01-17,341.0,131.89,0.0,,,0.0,
2019-01-19,336.0,104.12,0.0,,,0.0,
2019-01-20,367.0,113.96,0.0,,,0.0,
2019-01-21,456.0,99.88,0.0,,,0.0,
2019-01-22,292.0,81.01,0.0,,,0.0,
2019-01-23,220.0,66.58,0.0,,,0.0,
2019-01-24,176.0,66.31,0.0,,,0.0,
2019-01-25,155.0,47.7,0.0,,,0.0,
2019-01-26,175.0,58.67,0.0,,,0.0,
2019-01-27,177.0,56.68,0.0,,,0.0,
2019-01-28,164.0,55.87,0.0,,,0.0,
2019-01-29,200.0,53.41,0.0,,,0.0,
2019-01-30,230.0,78.87,0.0,,,0.0,
2019-01-31,326.0,95.67,0.0,,,0.0,
2019-02-01,301.0,102.53,0.0,,,0.0,
2019-02-02,370.0,99.74,0.0,,,0.0,
2019-02-03,397.0,101.98,0.0,,,0.0,
2019-02-04,386.0,82.05,0.0,,,0.0,
2019-02-05,418.0,96.65,0.0,,,0.0,
2019-02-06,439.0,88.48,0.0,,,0.0,
2019-02-07,404.0,83.85,0.0,,,0.0,
2019-02-08,233.0,60.24,0.0,,,0.0,
2019-02-09,248.0,51.07,0.0,,,0.0,
2019-02-10,211.0,61.86,0.0,,,0.0,
2019-02-11,278.0,63.48,0.0,,,0.0,
2019-02-12,350.0,87.87,0.0,,,0.0,
2019-02-13,398.0,106.94,0.0,,,0.0,
2019-02-14,570.0,129.55,0.0,,,0.0,
2019-02-15,425.0,68.38,0.0,,,0.0,
2019-02-16,274.0,71.75,0.0,,,0.0,
2019-02-17,229.0,59.61,0.0,,,0.0,
2019-02-18,236.0,75.49,0.0,,,0.0,
2019-02-19,347.0,90.51,0.0,,,0.0,
2019-02-20,390.0,94.73,0.0,,,0.0,
2019-02-21,351.0,81.52,0.0,,,0.0,
2019-02-22,437.0,116.52,0.0,,,0.0,
2019-02-24,437.0,71.07,0.0,,,0.0,
2019-02-25,222.0,39.16,0.0,,,0.0,
2019-02-26,118.0,27.67,0.0,,,0.0,
2019-02-27,111.0,23.09,0.0,,,0.0,
2019-02-28,129.0,29.97,0.0,,,0.0,
2019-03-01,148.0,29.6,0.0,,,0.0,
2019-03-02,151.0,37.64,0.0,,,0.0,
2019-03-03,179.0,58.16,0.0,,,0.0,
2019-03-04,221.0,33.19,0.0,,,0.0,
2019-03-05,133.0,29.56,0.0,,,0.0,
2019-03-06,195.0,45.91,0.0,,,0.0,
2019-03-07,266.0,67.33,0.0,,,0.0,
2019-03-21,121.0,33.25,0.0,,,0.0,
2019-03-22,148.0,42.6,0.0,,,0.0,
2019-03-23,161.0,46.63,0.0,,,0.0,
2019-03-24,219.0,60.74,0.0,,,0.0,
2019-03-25,335.0,85.0,0.0,,,0.0,
2019-03-26,292.0,53.41,0.0,,,0.0,
2019-03-27,156.0,28.11,0.0,,,0.0,
2019-03-28,123.0,34.38,0.0,,,0.0,
2019-03-29,166.0,45.84,0.0,,,0.0,
2019-03-30,191.0,95.85,0.0,,,0.0,
2019-03-31,213.0,58.86,0.0,,,0.0,
2019-04-01,200.0,47.74,0.0,,,0.0,
2019-04-02,145.0,50.37,0.0,,,0.0,
2019-04-03,164.0,43.63,0.0,,,0.0,
2019-04-04,130.0,27.84,0.0,,,0.0,
2019-04-05,144.0,55.95,0.0,,,0.0,
2019-04-06,168.0,29.53,0.0,,,0.0,
2019-04-07,114.0,21.02,0.0,,,0.0,
2019-04-08,89.0,18.61,0.0,,,0.0,
2019-04-09,124.0,47.88,0.0,,,0.0,
2019-04-10,158.0,58.43,0.0,,,0.0,
2019-04-11,119.0,46.71,0.0,,,0.0,
2019-04-12,170.0,52.99,0.0,,,0.0,
2019-04-13,155.0,33.4,0.0,,,0.0,
2019-04-15,183.0,53.68,0.0,,,0.0,
2019-04-16,180.0,60.44,0.0,,,0.0,
2019-04-17,253.0,57.94,0.0,,,0.0,
2019-04-18,144.0,34.74,0.0,,,0.0,
2019-04-19,128.0,44.86,0.0,,,0.0,
2019-04-20,124.0,43.61,0.0,,,0.0,
2019-04-21,120.0,28.04,0.0,,,0.0,
2019-04-22,130.0,49.73,0.0,,,0.0,
2019-04-23,116.0,45.09,0.0,,,0.0,
2019-04-24,99.0,23.3,0.0,,,0.0,
2019-04-25,93.0,27.72,0.0,,,0.0,
2019-04-30,104.0,39.81,0.0,,,0.0,
2019-05-01,89.0,21.91,0.0,,,0.0,
2019-05-02,77.0,16.34,0.0,,,0.0,
2019-05-03,102.0,26.08,0.0,,,0.0,
2019-05-05,132.0,36.91,0.0,,,0.0,
2019-05-06,140.0,38.49,0.0,,,0.0,
2019-05-07,168.0,55.63,0.0,,,0.0,
2019-05-08,177.0,53.84,0.0,,,0.0,
2019-05-09,170.0,42.87,0.0,,,0.0,
2019-05-10,171.0,46.56,0.0,,,0.0,
2019-05-11,155.0,38.56,0.0,,,0.0,
2019-05-12,134.0,38.28,0.0,,,0.0,
2019-05-13,169.0,45.89,0.0,,,0.0,
2019-05-14,135.0,25.43,0.0,,,0.0,
2019-05-15,119.0,27.15,0.0,,,0.0,
2019-05-16,111.0,,0.0,,,0.0,
2019-05-18,123.0,34.7,0.0,,,0.0,
2019-05-19,133.0,32.94,0.0,,,0.0,
2019-05-20,126.0,25.41,0.0,,,0.0,
2019-05-21,127.0,31.36,0.0,,,0.0,
2019-05-22,127.0,31.46,0.0,,,0.0,
2019-05-23,117.0,21.48,0.0,,,0.0,
2019-05-24,102.0,21.82,0.0,,,0.0,
2019-05-25,98.0,24.64,0.0,,,0.0,
2019-05-26,122.0,30.15,0.0,,,0.0,
2019-05-27,116.0,31.74,0.0,,,0.0,
2019-05-28,126.0,27.7,0.0,,,0.0,
2019-05-29,167.0,50.46,0.0,,,0.0,
2019-05-30,124.0,28.84,0.0,,,0.0,
2019-05-31,125.0,34.58,0.0,,,0.0,
2019-06-01,136.0,53.16,0.0,,,0.0,
2019-06-02,114.0,18.93,0.0,,,0.0,
2019-06-03,112.0,31.83,0.0,,,0.0,
2019-06-04,118.0,24.82,0.0,,,0.0,
2019-06-05,98.0,29.72,0.0,,,0.0,
2019-06-06,117.0,,0.0,,,0.0,
2019-06-08,93.0,32.36,0.0,,,0.0,
2019-06-09,110.0,30.64,0.0,,,0.0,
2019-06-10,108.0,31.89,0.0,,,0.0,
2019-06-11,121.0,37.45,0.0,,,0.0,
2019-06-12,123.0,25.85,0.0,,,0.0,
2019-06-13,120.0,12.75,0.0,,,0.0,
2019-06-17,97.0,20.23,0.0,,,0.0,
2019-06-18,116.0,26.75,0.0,,,0.0,
2019-06-19,136.0,36.16,0.0,,,0.0,
2019-06-20,149.0,36.86,0.0,,,0.0,
2019-06-21,75.0,17.58,0.0,,,0.0,
2019-06-22,86.0,23.99,0.0,,,0.0,
2019-06-23,58.0,15.8,0.0,,,0.0,
2019-06-24,58.0,14.22,0.0,,,0.0,
2019-06-25,63.0,18.3,0.0,,,0.0,
2019-06-26,71.0,15.44,0.0,,,0.0,
2019-06-27,76.0,20.9,0.0,,,0.0,
2019-06-28,96.0,31.6,0.0,,,0.0,
2019-06-29,124.0,30.87,0.0,,,0.0,
2019-06-30,100.0,20.54,0.0,,,0.0,
2019-07-01,82.0,25.09,0.0,,,0.0,
2019-07-02,83.0,18.32,0.0,,,0.0,
2019-07-03,79.0,19.94,0.0,,,0.0,
2019-07-04,81.0,17.26,0.0,,,0.0,
2019-07-05,102.0,30.92,0.0,,,0.0,
2019-07-06,86.0,12.41,0.0,,,0.0,
2019-07-07,88.0,23.24,0.0,,,0.0,
2019-07-08,99.0,24.06,0.0,,,0.0,
2019-07-09,112.0,23.04,0.0,,,0.0,
2019-07-10,100.0,18.98,0.0,,,0.0,
2019-07-11,99.0,15.95,0.0,,,0.0,
2019-07-12,97.0,23.79,0.0,,,0.0,
2019-07-13,116.0,27.23,0.0,,,0.0,
2019-07-14,127.0,35.48,0.0,,,0.0,
2019-07-15,109.0,29.0,0.0,,,0.0,
2019-07-16,149.0,36.21,0.0,,,0.0,
2019-07-17,171.0,43.58,0.0,,,0.0,
2019-07-18,118.0,34.79,0.0,,,0.0,
2019-07-19,123.0,9.42,0.0,,,0.0,
2019-07-20,67.0,13.09,0.0,,,0.0,
2019-07-21,71.0,18.53,0.0,,,0.0,
2019-07-22,62.0,17.05,0.0,,,0.0,
2019-07-23,65.0,16.44,0.0,,,0.0,
2019-07-24,77.0,21.6,0.0,,,0.0,
2019-07-25,100.0,28.79,0.0,,,0.0,
2019-07-26,91.0,14.82,0.0,,,0.0,
2019-07-27,80.0,11.48,0.0,,,0.0,
2019-07-28,90.0,18.42,0.0,,,0.0,
2019-07-29,78.0,11.7,0.0,,,0.0,
2019-07-30,71.0,14.68,0.0,,,0.0,
2019-07-31,74.0,17.89,0.0,,,0.0,
2019-08-01,77.0,6.76,0.0,,,0.0,
2019-08-02,93.0,18.39,0.0,,,0.0,
2019-08-03,94.0,12.77,0.0,,,0.0,
2019-08-04,83.0,8.61,0.0,,,0.0,
2019-08-05,87.0,14.06,0.0,,,0.0,
2019-08-06,89.0,23.24,0.0,,,0.0,
2019-08-07,99.0,20.26,0.0,,,0.0,
2019-08-08,87.0,13.98,0.0,,,0.0,
2019-08-09,85.0,17.65,0.0,,,0.0,
2019-08-10,103.0,20.65,0.0,,,0.0,
2019-08-11,102.0,21.76,0.0,,,0.0,
2019-08-12,102.0,25.89,0.0,,,0.0,
2019-08-21,104.0,24.03,0.0,,,0.0,
2019-08-22,105.0,36.68,0.0,,,0.0,
2019-08-23,110.0,35.27,0.0,,,0.0,
2019-08-24,112.0,37.09,0.0,,,0.0,
2019-08-25,108.0,30.54,0.0,,,0.0,
2019-08-26,103.0,18.09,0.0,,,0.0,
2019-08-27,115.0,31.43,0.0,,,0.0,
2019-08-28,112.0,26.15,0.0,,,0.0,
2019-08-29,108.0,24.49,0.0,,,0.0,
2019-08-30,103.0,34.32,0.0,,,0.0,
2019-08-31,82.0,15.9,0.0,,,0.0,
2019-09-01,57.0,16.31,0.0,,,0.0,
2019-09-02,72.0,21.0,0.0,,,0.0,
2019-09-03,88.0,20.71,0.0,,,0.0,
2019-09-04,100.0,29.07,0.0,,,0.0,
2019-09-05,85.0,21.03,0.0,,,0.0,
2019-09-06,84.0,15.76,0.0,,,0.0,
2019-09-07,94.0,14.08,0.0,,,0.0,
2019-09-10,69.0,24.15,0.0,,,0.0,
2019-09-11,76.0,30.58,0.0,,,0.0,
2019-09-12,79.0,24.97,0.0,,,0.0,
2019-09-13,69.0,19.09,0.0,,,0.0,
2019-09-14,75.0,25.07,0.0,,,0.0,
2019-09-15,84.0,24.05,0.0,,,0.0,
2019-09-16,75.0,21.42,0.0,,,0.0,
2019-09-17,63.0,14.39,0.0,,,0.0,
2019-09-18,53.0,14.17,0.0,,,0.0,
2019-09-19,48.0,9.55,0.0,,,0.0,
2019-09-20,61.0,14.16,0.0,,,0.0,
2019-09-21,90.0,27.94,0.0,,,0.0,
2019-09-22,78.0,18.51,0.0,,,0.0,
2019-09-23,49.0,14.8,0.0,,,0.0,
2019-09-24,62.0,8.01,0.0,,,0.0,
2019-09-25,51.0,0.04,0.0,,,0.0,
2019-10-11,81.0,21.72,0.0,,,0.0,
2019-10-12,100.0,35.44,0.0,,,0.0,
2019-10-13,110.0,34.7,0.0,,,0.0,
2019-10-16,96.0,31.35,0.0,,,0.0,
2019-10-17,63.0,22.01,0.0,,,0.0,
2019-10-18,62.0,23.79,0.0,,,0.0,
2019-10-19,74.0,33.81,0.0,,,0.0,
2019-10-20,65.0,26.6,0.0,,,0.0,
2019-10-21,80.0,36.24,0.0,,,0.0,
2019-10-22,77.0,25.48,0.0,,,0.0,
2019-10-23,64.0,20.56,0.0,,,0.0,
2019-10-24,57.0,17.03,0.0,,,0.0,
2019-10-25,70.0,17.15,0.0,,,0.0,
2019-10-26,95.0,25.94,0.0,,,0.0,
2019-10-27,87.0,25.45,0.0,,,0.0,
2019-10-28,106.0,30.57,0.0,,,0.0,
2019-10-29,77.0,29.78,0.0,,,0.0,
2019-10-30,102.0,30.2,0.0,,,0.0,
2019-10-31,110.0,31.12,0.0,,,0.0,
2019-11-05,110.0,49.14,0.0,,,0.0,
2019-11-06,117.0,44.28,0.0,,,0.0,
2019-11-07,401.0,48.32,0.0,,,0.0,
2019-11-08,516.0,57.45,0.0,,,0.0,
2019-11-09,226.0,37.33,0.0,,,0.0,
2019-11-10,74.0,23.65,0.0,,,0.0,
2019-11-11,105.0,43.57,0.0,,,0.0,
2019-11-12,168.0,56.68,0.0,,,0.0,
2019-11-13,184.0,69.27,0.0,,,0.0,
2019-11-14,181.0,80.53,0.0,,,0.0,
2019-11-15,199.0,81.36,0.0,,,0.0,
2019-11-16,207.0,84.41,0.0,,,0.0,
2019-11-17,201.0,62.46,0.0,,,0.0,
2019-11-18,199.0,101.99,0.0,,,0.0,
2019-11-19,184.0,69.25,0.0,,,0.0,
2019-11-20,156.0,63.74,0.0,,,0.0,
2019-11-21,182.0,76.79,0.0,,,0.0,
2019-11-22,213.0,92.45,0.0,,,0.0,
2019-11-23,244.0,102.67,0.0,,,0.0,
2019-11-24,233.0,,0.0,,,0.0,
2019-11-29,239.0,127.94,0.0,,,0.0,
2019-11-30,304.0,100.74,0.0,,,0.0,
2019-12-01,280.0,83.18,0.0,,,0.0,
2019-12-02,198.0,81.48,0.0,,,0.0,
2019-12-03,245.0,103.15,0.0,,,0.0,
2019-12-04,193.0,60.99,0.0,,,0.0,
2019-12-05,192.0,73.34,0.0,,,0.0,
2019-12-06,238.0,79.58,0.0,,,0.0,
2019-12-07,258.0,87.21,0.0,,,0.0,
2019-12-08,241.0,82.46,0.0,,,0.0,
2019-12-09,201.0,86.08,0.0,,,0.0,
2019-12-10,218.0,79.14,0.0,,,0.0,
2019-12-11,210.0,88.37,0.0,,,0.0,
2019-12-12,270.0,83.05,0.0,,,0.0,
2019-12-13,139.0,38.66,0.0,,,0.0,
2019-12-14,140.0,57.85,0.0,,,0.0,
2019-12-15,147.0,41.08,0.0,,,0.0,
2019-12-16,137.0,57.52,0.0,,,0.0,
2019-12-17,161.0,61.9,0.0,,,0.0,
2019-12-18,169.0,63.44,0.0,,,0.0,
2019-12-19,177.0,57.56,0.0,,,0.0,
2019-12-20,203.0,103.21,0.0,,,0.0,
2019-12-21,321.0,203.95,0.0,,,0.0,
2019-12-22,363.0,176.96,0.0,,,0.0,
2019-12-23,345.0,169.9,0.0,,,0.0,
2019-12-24,342.0,178.44,0.0,,,0.0,
2019-12-25,331.0,137.35,0.0,,,0.0,
2019-12-26,287.0,112.48,0.0,,,0.0,
2019-12-27,285.0,110.38,0.0,,,0.0,
2019-12-29,322.0,154.06,0.0,,,0.0,
2019-12-30,334.0,186.5,0.0,,,0.0,
2019-12-31,356.0,183.89,0.0,,,0.0,
2020-01-01,336.0,153.15,0.0,,,0.0,
2020-01-02,320.0,112.9,0.0,,,0.0,
2020-01-04,126.0,69.18,0.0,,,0.0,
2020-01-05,143.0,92.76,0.0,,,0.0,
2020-01-06,271.0,131.05,0.0,,,0.0,
2020-01-07,350.0,230.77,0.0,,,0.0,
2020-01-08,358.0,138.79,0.0,,,0.0,
2020-01-09,277.0,117.61,0.0,,,0.0,
2020-01-10,272.0,104.0,0.0,,,0.0,
2020-01-11,290.0,130.4,0.0,,,0.0,
2020-01-12,313.0,136.05,0.0,,,0.0,
2020-01-13,324.0,174.63,0.0,,,0.0,
2020-01-14,348.0,173.53,0.0,,,0.0,
2020-01-15,342.0,176.28,0.0,,,0.0,
2020-01-16,340.0,151.02,0.0,,,0.0,
2020-01-17,312.0,142.69,0.0,,,0.0,
2020-01-18,317.0,136.38,0.0,,,0.0,
2020-01-19,320.0,155.15,0.0,,,0.0,
2020-01-20,315.0,133.73,0.0,,,0.0,
2020-01-21,314.0,124.49,0.0,,,0.0,
2020-01-22,245.0,230.16,0.0,,,0.0,
2020-01-23,356.0,192.23,0.0,,,0.0,
2020-01-25,289.0,354.44,0.0,,,0.0,
2020-01-26,344.0,214.85,0.0,,,0.0,
2020-01-27,369.0,193.13,0.0,,,0.0,
2020-01-28,328.0,110.94,0.0,,,0.0,
2020-01-29,236.0,129.79,0.0,,,0.0,
2020-01-30,298.0,103.46,0.0,,,0.0,
2020-01-31,288.0,122.08,0.0,,,0.0,
2020-02-01,289.0,105.22,0.0,,,0.0,
2020-02-02,244.0,100.88,0.0,,,0.0,
2020-02-03,196.0,74.1,0.0,,,0.0,
2020-02-04,150.0,76.6,0.0,,,0.0,
2020-02-05,130.0,74.97,0.0,,,0.0,
2020-02-06,186.0,89.59,0.0,,,0.0,
2020-02-07,136.0,44.25,0.0,,,0.0,
2020-02-08,79.0,42.24,0.0,,,0.0,
2020-02-09,69.0,30.6,0.0,,,0.0,
2020-02-11,299.0,137.0,0.0,,,0.0,
2020-02-12,314.0,118.16,0.0,,,0.0,
2020-02-13,303.0,142.21,0.0,,,0.0,
2020-02-14,323.0,145.62,0.0,,,0.0,
2020-02-15,311.0,127.29,0.0,,,0.0,
2020-02-16,317.0,152.3,0.0,,,0.0,
2020-02-17,322.0,159.45,0.0,,,0.0,
2020-02-18,313.0,109.82,0.0,,,0.0,
2020-02-19,253.0,101.43,0.0,,,0.0,
2020-02-20,183.0,67.9,0.0,,,0.0,
2020-02-21,81.0,35.26,0.0,,,0.0,
2020-02-22,83.0,51.87,0.0,,,0.0,
2020-02-23,118.0,71.04,0.0,,,0.0,
2020-02-24,113.0,52.26,0.0,,,0.0,
2020-02-25,88.0,25.69,0.0,,,0.0,
2020-02-26,84.0,44.79,0.0,,,0.0,
2020-02-27,118.0,67.14,0.0,,,0.0,
2020-02-28,145.0,74.1,0.0,,,0.0,
2020-02-29,138.0,72.61,0.0,,,0.0,
2020-03-01,155.0,83.64,0.0,,,0.0,
2020-03-02,194.0,84.56,0.0,,,0.0,
2020-03-03,138.0,56.77,0.0,,,0.0,
2020-03-04,99.0,36.24,0.0,,,0.0,
2020-03-05,71.0,17.33,0.0,,,0.0,
2020-03-06,86.0,14.84,0.0,,,0.0,
2020-03-07,117.0,12.97,0.0,,,0.0,
2020-03-08,92.0,21.92,0.0,,,0.0,
2020-03-10,98.0,25.92,0.0,,,0.0,
2020-03-11,94.0,8.29,0.0,,,0.0,
2020-03-12,90.0,17.16,0.0,,,0.0,
2020-03-13,98.0,15.41,0.0,,,0.0,
2020-03-14,90.0,13.25,0.0,,,0.0,
2020-03-21,131.0,51.49,0.0,,,0.0,
2020-03-22,107.0,34.34,0.0,,,0.0,
2020-03-23,97.0,27.46,0.0,,,0.0,
2020-03-24,115.0,56.25,0.0,,,0.0,
2020-03-25,134.0,68.47,0.0,,,0.0,
2020-03-26,130.0,64.41,0.0,,,0.0,
2020-03-27,141.0,54.97,0.0,,,0.0,
2020-03-28,133.0,65.98,0.0,,,0.0,
2020-03-29,137.0,59.43,0.0,,,0.0,
2020-03-30,121.0,42.71,0.0,,,0.0,
2020-03-31,146.0,54.34,0.0,,,0.0,
2020-04-01,113.0,41.97,0.0,,,0.0,
2020-04-02,123.0,40.35,0.0,,,0.0,
2020-04-04,146.0,56.16,0.0,,,0.0,
2020-04-05,136.0,48.41,0.0,,,0.0,
2020-04-06,137.0,71.26,0.0,,,0.0,
2020-04-07,154.0,47.48,0.0,,,0.0,
2020-04-08,111.0,32.06,0.0,,,0.0,
2020-04-09,136.0,28.89,0.0,,,0.0,
2020-04-10,139.0,39.04,0.0,,,0.0,
2020-04-11,146.0,54.04,0.0,,,0.0,
2020-04-12,163.0,34.29,0.0,,,0.0,
2020-04-13,153.0,,0.0,,,0.0,
2020-04-14,183.0,,0.0,,,0.0,
2020-04-15,143.0,,0.0,,,0.0,
2020-04-16,183.0,,0.0,,,0.0,
2020-04-17,166.0,,0.0,,,0.0,
2020-04-18,136.0,,0.0,,,0.0,
2020-04-19,145.0,,0.0,,,0.0,
2020-04-20,147.0,,0.0,,,0.0,
2020-04-21,100.0,,0.0,,,0.0,
2020-04-22,101.0,,0.0,,,0.0,
2020-04-23,113.0,,0.0,,,0.0,
2020-04-24,102.0,25.29,0.0,,,0.0,
2020-04-25,101.0,15.35,0.0,,,0.0,
2020-04-26,102.0,,0.0,,,0.0,
2020-04-27,108.0,,0.0,,,0.0,
2020-04-28,113.0,22.48,0.0,,,0.0,
2020-04-29,113.0,43.23,0.0,,,0.0,
2020-04-30,119.0,15.28,0.0,,,0.0,
2020-05-01,118.0,24.13,0.0,,,0.0,
2020-05-04,100.0,11.1,0.0,,,0.0,
2020-05-05,110.0,36.55,0.0,,,0.0,
2020-05-07,96.0,43.5,0.0,,,0.0,
2020-05-09,202.0,88.11,0.0,,,0.0,
2020-05-10,128.0,51.8,0.0,,,0.0,
2020-05-11,123.0,63.56,0.0,,,0.0,
2020-05-12,100.0,55.5,0.0,,,0.0,
2020-05-13,117.0,44.4,0.0,,,0.0,
2020-05-14,109.0,51.88,0.0,,,0.0,
2020-05-15,109.0,20.3,0.0,,,0.0,
2020-05-16,105.0,25.8,0.0,,,0.0,
2020-05-17,102.0,44.64,0.0,,,0.0,
2020-05-18,79.0,15.28,0.0,,,0.0,
2020-05-19,95.0,18.99,0.0,,,0.0,
2020-05-20,103.0,20.69,0.0,,,0.0,
2020-05-21,111.0,34.16,0.0,,,0.0,
2020-05-22,84.0,21.93,0.0,,,0.0,
2020-05-23,78.0,19.4,0.0,,,0.0,
2020-05-24,79.0,20.16,0.0,,,0.0,
2020-05-25,77.0,17.5,0.0,,,0.0,
2020-05-26,79.0,17.81,0.0,,,0.0,
2020-05-27,80.0,18.36,0.0,,,0.0,
2020-05-28,77.0,18.46,0.0,,,0.0,
2020-05-29,94.0,13.62,0.0,,,0.0,
2020-05-30,95.0,20.12,0.0,,,0.0,
2020-05-31,86.0,17.13,0.0,,,0.0,
2020-06-01,93.0,20.04,0.0,,,0.0,
2020-06-03,115.0,33.81,0.0,,,0.0,
2020-06-04,104.0,51.86,0.0,,,0.0,
2020-06-06,114.0,30.54,0.0,,,0.0,
2020-06-07,95.0,,0.0,,,0.0,
2020-06-18,101.0,29.56,0.0,,,0.0,
2020-06-19,48.0,13.82,0.0,,,0.0,
2020-06-20,58.0,22.1,0.0,,,0.0,
2020-06-21,51.0,19.14,0.0,,,0.0,
2020-06-22,51.0,13.58,0.0,,,0.0,
2020-06-23,40.0,18.24,0.0,,,0.0,
2020-06-24,62.0,14.12,0.0,,,0.0,
2020-06-25,75.0,12.02,0.0,,,0.0,
2020-06-26,79.0,13.17,0.0,,,0.0,
2020-06-27,90.0,20.75,0.0,,,0.0,
2020-06-28,98.0,24.88,0.0,,,0.0,
2020-06-29,99.0,20.37,0.0,,,0.0,
2020-06-30,86.0,18.62,0.0,,,0.0,
2020-07-01,101.0,24.85,0.0,,,0.0,
2017-06-23,47.0,15.08,0.0,,,0.0,
2017-06-24,44.0,11.15,0.0,,,0.0,
2017-06-25,38.0,12.25,0.0,,,0.0,
2017-06-26,37.0,10.06,0.0,,,0.0,
2017-06-27,46.0,13.03,0.0,,,0.0,
2017-06-28,45.0,14.19,0.0,,,0.0,
2017-06-29,48.0,15.81,0.0,,,0.0,
2017-06-30,45.0,14.91,0.0,,,0.0,
2017-07-01,49.0,14.69,0.0,,,0.0,
2017-07-02,39.0,10.59,0.0,,,0.0,
2017-07-03,39.0,10.4,0.0,,,0.0,
2017-07-04,40.0,19.2,0.0,,,0.0,
2017-07-05,60.0,22.43,0.0,,,0.0,
2017-07-06,63.0,19.08,0.0,,,0.0,
2017-07-07,52.0,18.61,0.0,,,0.0,
2017-07-08,54.0,33.78,0.0,,,0.0,
2017-07-09,53.0,14.47,0.0,,,0.0,
2017-07-10,47.0,15.94,0.0,,,0.0,
2017-07-11,41.0,8.74,0.0,,,0.0,
2017-07-12,39.0,17.33,0.0,,,0.0,
2017-07-13,48.0,17.62,0.0,,,0.0,
2017-07-14,43.0,14.44,0.0,,,0.0,
2017-07-15,59.0,19.42,0.0,,,0.0,
2017-07-16,52.0,18.97,0.0,,,0.0,
2017-07-17,48.0,19.72,0.0,,,0.0,
2017-07-18,54.0,17.01,0.0,,,0.0,
2017-07-19,47.0,14.38,0.0,,,0.0,
2017-07-20,43.0,13.47,0.0,,,0.0,
2017-07-21,37.0,7.42,0.0,,,0.0,
2017-07-25,55.0,16.93,0.0,,,0.0,
2017-07-26,66.0,23.75,0.0,,,0.0,
2017-07-27,55.0,20.52,0.0,,,0.0,
2017-07-28,46.0,15.53,0.0,,,0.0,
2017-07-29,41.0,15.07,0.0,,,0.0,
2017-07-30,47.0,24.12,0.0,,,0.0,
2017-07-31,62.0,23.5,0.0,,,0.0,
2017-08-01,68.0,18.25,0.0,,,0.0,
2017-08-02,62.0,15.15,0.0,,,0.0,
2017-08-03,63.0,15.12,0.0,,,0.0,
2017-08-04,62.0,13.43,0.0,,,0.0,
2017-08-05,59.0,10.74,0.0,,,0.0,
2017-08-06,54.0,13.58,0.0,,,0.0,
2017-08-07,61.0,20.1,0.0,,,0.0,
2017-08-08,63.0,13.97,0.0,,,0.0,
2017-08-09,63.0,19.93,0.0,,,0.0,
2017-08-10,61.0,18.52,0.0,,,0.0,
2017-08-11,64.0,11.07,0.0,,,0.0,
2017-08-12,56.0,21.49,0.0,,,0.0,
2017-08-13,58.0,31.15,0.0,,,0.0,
2017-08-14,74.0,31.42,0.0,,,0.0,
2017-08-15,82.0,26.05,0.0,,,0.0,
2017-08-16,58.0,20.75,0.0,,,0.0,
2017-08-17,60.0,22.3,0.0,,,0.0,
2017-08-18,57.0,13.49,0.0,,,0.0,
2017-08-19,56.0,12.91,0.0,,,0.0,
2017-08-20,55.0,12.49,0.0,,,0.0,
2017-08-21,58.0,10.66,0.0,,,0.0,
2017-08-22,54.0,11.18,0.0,,,0.0,
2017-08-23,54.0,17.58,0.0,,,0.0,
2017-08-24,93.0,24.04,0.0,,,0.0,
2017-08-25,68.0,20.15,0.0,,,0.0,
2017-08-26,62.0,13.5,0.0,,,0.0,
2017-08-27,55.0,8.98,0.0,,,0.0,
2017-08-28,57.0,9.04,0.0,,,0.0,
2017-08-29,64.0,9.19,0.0,,,0.0,
2017-08-30,58.0,12.52,0.0,,,0.0,
2017-08-31,60.0,17.94,0.0,,,0.0,
2017-09-01,54.0,18.93,0.0,,,0.0,
2017-09-02,60.0,14.23,0.0,,,0.0,
2017-09-03,52.0,16.04,0.0,,,0.0,
2017-09-04,53.0,20.62,0.0,,,0.0,
2017-09-05,55.0,18.4,0.0,,,0.0,
2017-09-06,52.0,8.76,0.0,,,0.0,
2017-09-07,64.0,16.14,0.0,,,0.0,
2017-09-08,66.0,10.8,0.0,,,0.0,
2017-09-09,65.0,12.77,0.0,,,0.0,
2017-09-10,53.0,11.01,0.0,,,0.0,
2017-09-11,61.0,12.56,0.0,,,0.0,
2017-09-12,58.0,8.51,0.0,,,0.0,
2017-09-13,59.0,8.73,0.0,,,0.0,
2017-09-14,54.0,9.23,0.0,,,0.0,
2017-09-15,60.0,15.46,0.0,,,0.0,
2017-09-16,71.0,12.07,0.0,,,0.0,
2017-09-17,60.0,8.79,0.0,,,0.0,
2017-09-18,69.0,11.3,0.0,,,0.0,
2017-09-19,65.0,11.08,0.0,,,0.0,
2017-09-20,59.0,9.43,0.0,,,0.0,
2017-09-21,55.0,11.33,0.0,,,0.0,
2017-09-22,56.0,17.54,0.0,,,0.0,
2017-09-23,57.0,21.19,0.0,,,0.0,
2017-09-24,55.0,19.5,0.0,,,0.0,
2017-09-25,61.0,27.77,0.0,,,0.0,
2017-09-26,63.0,19.74,0.0,,,0.0,
2017-09-27,57.0,14.03,0.0,,,0.0,
2017-09-28,61.0,12.72,0.0,,,0.0,
2017-09-29,69.0,11.84,0.0,,,0.0,
2017-09-30,57.0,10.28,0.0,,,0.0,
2017-10-01,36.0,6.15,0.0,,,0.0,
2017-10-31,72.0,26.32,0.0,,,0.0,
2017-11-01,67.0,24.01,0.0,,,0.0,
2017-11-02,65.0,22.38,0.0,,,0.0,
2017-11-03,69.0,25.48,0.0,,,0.0,
2017-11-04,77.0,30.17,0.0,,,0.0,
2017-11-05,67.0,19.39,0.0,,,0.0,
2017-11-06,76.0,26.15,0.0,,,0.0,
2017-11-07,70.0,19.07,0.0,,,0.0,
2017-11-08,83.0,13.15,0.0,,,0.0,
2017-11-09,64.0,16.32,0.0,,,0.0,
2017-11-10,86.0,29.27,0.0,,,0.0,
2017-11-11,74.0,30.27,0.0,,,0.0,
2017-11-12,72.0,42.35,0.0,,,0.0,
2017-11-13,102.0,62.55,0.0,,,0.0,
2017-11-14,100.0,53.64,0.0,,,0.0,
2017-11-15,97.0,57.66,0.0,,,0.0,
2017-11-16,91.0,49.5,0.0,,,0.0,
2017-11-17,99.0,59.27,0.0,,,0.0,
2017-11-18,114.0,61.57,0.0,,,0.0,
2017-11-19,81.0,39.43,0.0,,,0.0,
2017-11-20,69.0,27.4,0.0,,,0.0,
2017-11-21,63.0,17.99,0.0,,,0.0,
2017-11-22,80.0,27.16,0.0,,,0.0,
2017-11-23,91.0,40.15,0.0,,,0.0,
2017-11-24,87.0,62.96,0.0,,,0.0,
2017-11-25,162.0,93.79,0.0,,,0.0,
2017-11-26,230.0,80.06,0.0,,,0.0,
2017-11-27,103.0,36.21,0.0,,,0.0,
2017-11-28,83.0,32.04,0.0,,,0.0,
2017-11-29,86.0,32.23,0.0,,,0.0,
2017-11-30,58.0,4.23,0.0,,,0.0,
2017-12-01,57.0,9.7,0.0,,,0.0,
2017-12-02,60.0,8.62,0.0,,,0.0,
2017-12-03,76.0,,0.0,,,0.0,
2017-12-04,86.0,,0.0,,,0.0,
2017-12-08,84.0,44.97,0.0,,,0.0,
2017-12-09,68.0,33.94,0.0,,,0.0,
2017-12-10,85.0,54.94,0.0,,,0.0,
2017-12-11,105.0,68.46,0.0,,,0.0,
2017-12-12,139.0,66.61,0.0,,,0.0,
2017-12-13,83.0,40.99,0.0,,,0.0,
2017-12-14,81.0,48.17,0.0,,,0.0,
2017-12-15,124.0,68.66,0.0,,,0.0,
2017-12-16,87.0,49.07,0.0,,,0.0,
2017-12-17,94.0,52.59,0.0,,,0.0,
2017-12-18,79.0,53.21,0.0,,,0.0,
2017-12-19,125.0,47.43,0.0,,,0.0,
2017-12-20,71.0,33.58,0.0,,,0.0,
2017-12-21,78.0,39.14,0.0,,,0.0,
2017-12-22,68.0,26.11,0.0,,,0.0,
2017-12-23,76.0,40.41,0.0,,,0.0,
2017-12-24,66.0,33.34,0.0,,,0.0,
2017-12-25,76.0,47.76,0.0,,,0.0,
2017-12-26,94.0,60.35,0.0,,,0.0,
2017-12-27,103.0,64.68,0.0,,,0.0,
2017-12-28,129.0,72.44,0.0,,,0.0,
2017-12-29,112.0,61.44,0.0,,,0.0,
2017-12-30,145.0,73.02,0.0,,,0.0,
2017-12-31,118.0,59.05,0.0,,,0.0,
2018-01-01,106.0,64.62,0.0,,,0.0,
2018-01-02,119.0,64.43,0.0,,,0.0,
2018-01-03,99.0,57.45,0.0,,,0.0,
2018-01-04,106.0,67.0,0.0,,,0.0,
2018-01-05,145.0,76.69,0.0,,,0.0,
2018-01-06,155.0,83.73,0.0,,,0.0,
2018-01-07,186.0,78.68,0.0,,,0.0,
2018-01-08,127.0,69.38,0.0,,,0.0,
2018-01-09,137.0,83.7,0.0,,,0.0,
2018-01-10,169.0,81.02,0.0,,,0.0,
2018-01-11,123.0,51.42,0.0,,,0.0,
2018-01-12,157.0,53.08,0.0,,,0.0,
2018-01-13,127.0,47.04,0.0,,,0.0,
2018-01-14,120.0,38.06,0.0,,,0.0,
2018-01-15,162.0,50.17,0.0,,,0.0,
2018-01-16,108.0,72.69,0.0,,,0.0,
2018-01-17,182.0,80.8,0.0,,,0.0,
2018-01-18,163.0,72.59,0.0,,,0.0,
2018-01-19,120.0,67.73,0.0,,,0.0,
2018-01-20,125.0,81.25,0.0,,,0.0,
2018-01-21,204.0,88.14,0.0,,,0.0,
2018-01-22,183.0,83.84,0.0,,,0.0,
2018-01-23,183.0,84.45,0.0,,,0.0,
2018-01-24,170.0,79.84,0.0,,,0.0,
2018-01-25,132.0,57.42,0.0,,,0.0,
2018-01-26,92.0,55.36,0.0,,,0.0,
2018-01-27,99.0,61.78,0.0,,,0.0,
2018-01-28,93.0,49.7,0.0,,,0.0,
2018-01-29,112.0,70.43,0.0,,,0.0,
2018-01-30,121.0,68.26,0.0,,,0.0,
2018-01-31,130.0,65.86,0.0,,,0.0,
2018-02-01,144.0,75.74,0.0,,,0.0,
2018-02-02,132.0,64.95,0.0,,,0.0,
2018-02-03,124.0,54.76,0.0,,,0.0,
2018-02-04,111.0,56.47,0.0,,,0.0,
2018-02-05,100.0,55.14,0.0,,,0.0,
2018-02-06,96.0,52.43,0.0,,,0.0,
2018-02-07,80.0,41.4,0.0,,,0.0,
2018-02-08,66.0,30.24,0.0,,,0.0,
2018-02-09,80.0,42.41,0.0,,,0.0,
2018-02-10,71.0,42.91,0.0,,,0.0,
2018-02-11,72.0,41.06,0.0,,,0.0,
2018-02-13,92.0,55.79,0.0,,,0.0,
2018-02-14,94.0,62.38,0.0,,,0.0,
2018-02-15,99.0,41.22,0.0,,,0.0,
2018-02-16,82.0,45.86,0.0,,,0.0,
2018-02-17,88.0,52.27,0.0,,,0.0,
2018-02-18,105.0,54.22,0.0,,,0.0,
2018-02-19,107.0,60.38,0.0,,,0.0,
2018-02-20,105.0,58.11,0.0,,,0.0,
2018-02-21,112.0,62.07,0.0,,,0.0,
2018-02-22,96.0,47.75,0.0,,,0.0,
2018-02-23,94.0,41.55,0.0,,,0.0,
2018-02-24,93.0,51.15,0.0,,,0.0,
2018-02-25,84.0,,0.0,,,0.0,
2018-02-27,77.0,36.46,0.0,,,0.0,
2018-02-28,78.0,30.47,0.0,,,0.0,
2018-03-01,70.0,27.73,0.0,,,0.0,
2018-03-02,79.0,36.2,0.0,,,0.0,
2018-03-03,85.0,39.89,0.0,,,0.0,
2018-03-04,98.0,57.24,0.0,,,0.0,
2018-03-05,95.0,46.58,0.0,,,0.0,
2018-03-06,94.0,56.15,0.0,,,0.0,
2018-03-07,97.0,57.18,0.0,,,0.0,
2018-03-08,90.0,52.59,0.0,,,0.0,
2018-03-09,91.0,56.09,0.0,,,0.0,
2018-03-10,92.0,52.85,0.0,,,0.0,
2018-03-11,112.0,60.8,0.0,,,0.0,
2018-03-12,95.0,44.16,0.0,,,0.0,
2018-03-13,89.0,25.16,0.0,,,0.0,
2018-03-14,69.0,18.74,0.0,,,0.0,
2018-03-15,55.0,13.15,0.0,,,0.0,
2018-03-16,60.0,17.31,0.0,,,0.0,
2018-03-17,62.0,20.51,0.0,,,0.0,
2018-03-18,65.0,27.78,0.0,,,0.0,
2018-03-19,74.0,22.23,0.0,,,0.0,
2018-03-20,78.0,40.89,0.0,,,0.0,
2018-03-21,78.0,42.91,0.0,,,0.0,
2018-03-22,71.0,30.46,0.0,,,0.0,
2018-03-23,68.0,31.97,0.0,,,0.0,
2018-03-24,82.0,30.17,0.0,,,0.0,
2018-03-25,82.0,41.77,0.0,,,0.0,
2018-03-26,97.0,44.52,0.0,,,0.0,
2018-03-27,90.0,43.41,0.0,,,0.0,
2018-03-28,105.0,24.17,0.0,,,0.0,
2018-03-29,91.0,35.1,0.0,,,0.0,
2018-03-30,104.0,40.45,0.0,,,0.0,
2018-03-31,130.0,38.5,0.0,,,0.0,
2018-04-01,74.0,27.92,0.0,,,0.0,
2018-04-02,64.0,28.27,0.0,,,0.0,
2018-04-03,93.0,33.99,0.0,,,0.0,
2018-04-04,137.0,32.84,0.0,,,0.0,
2018-04-05,72.0,43.66,0.0,,,0.0,
2018-04-07,121.0,42.99,0.0,,,0.0,
2018-04-08,122.0,25.7,0.0,,,0.0,
2018-04-09,126.0,20.2,0.0,,,0.0,
2018-04-10,73.0,15.2,0.0,,,0.0,
2018-04-11,160.0,19.23,0.0,,,0.0,
2018-04-12,62.0,18.61,0.0,,,0.0,
2018-04-13,84.0,15.54,0.0,,,0.0,
2018-04-14,61.0,9.71,0.0,,,0.0,
2018-04-15,58.0,17.78,0.0,,,0.0,
2018-04-16,60.0,17.81,0.0,,,0.0,
2018-04-17,62.0,21.46,0.0,,,0.0,
2018-04-18,71.0,30.07,0.0,,,0.0,
2018-04-19,66.0,19.84,0.0,,,0.0,
2018-04-20,61.0,16.04,0.0,,,0.0,
2018-04-21,66.0,26.07,0.0,,,0.0,
2018-04-22,58.0,28.02,0.0,,,0.0,
2018-04-23,65.0,26.83,0.0,,,0.0,
2018-04-24,62.0,21.79,0.0,,,0.0,
2018-04-25,60.0,24.34,0.0,,,0.0,
2018-04-26,62.0,29.15,0.0,,,0.0,
2018-04-27,83.0,35.06,0.0,,,0.0,
2018-04-28,70.0,35.77,0.0,,,0.0,
2018-04-29,78.0,46.14,0.0,,,0.0,
2018-04-30,65.0,29.38,0.0,,,0.0,
2018-05-01,61.0,23.65,0.0,,,0.0,
2018-05-02,65.0,64.52,0.0,,,0.0,
2018-05-03,65.0,22.42,0.0,,,0.0,
2018-05-04,70.0,28.82,0.0,,,0.0,
2018-05-05,82.0,26.48,0.0,,,0.0,
2018-05-06,58.0,18.29,0.0,,,0.0,
2018-05-07,60.0,16.81,0.0,,,0.0,
2018-05-08,55.0,13.97,0.0,,,0.0,
2018-05-09,67.0,23.21,0.0,,,0.0,
2018-05-10,54.0,11.28,0.0,,,0.0,
2018-05-11,62.0,12.24,0.0,,,0.0,
2018-05-12,54.0,9.12,0.0,,,0.0,
2018-05-13,54.0,9.35,0.0,,,0.0,
2018-05-14,56.0,10.52,0.0,,,0.0,
2018-05-15,64.0,26.65,0.0,,,0.0,
2018-05-16,70.0,28.45,0.0,,,0.0,
2018-05-17,60.0,21.54,0.0,,,0.0,
2018-05-18,56.0,8.96,0.0,,,0.0,
2018-05-19,61.0,13.25,0.0,,,0.0,
2018-05-20,53.0,10.25,0.0,,,0.0,
2018-05-21,74.0,15.69,0.0,,,0.0,
2018-05-22,65.0,18.72,0.0,,,0.0,
2018-05-23,67.0,22.04,0.0,,,0.0,
2018-05-24,67.0,25.68,0.0,,,0.0,
2018-05-25,84.0,12.04,0.0,,,0.0,
2018-05-26,78.0,22.6,0.0,,,0.0,
2018-05-27,69.0,10.94,0.0,,,0.0,
2018-05-28,83.0,13.24,0.0,,,0.0,
2018-05-29,59.0,14.46,0.0,,,0.0,
2018-05-30,59.0,14.78,0.0,,,0.0,
2018-05-31,59.0,18.75,0.0,,,0.0,
2018-06-01,66.0,17.99,0.0,,,0.0,
2018-06-02,59.0,13.59,0.0,,,0.0,
2018-06-03,49.0,11.68,0.0,,,0.0,
2018-06-04,58.0,16.7,0.0,,,0.0,
2018-06-05,78.0,17.04,0.0,,,0.0,
2018-06-06,70.0,17.49,0.0,,,0.0,
2018-06-07,64.0,15.77,0.0,,,0.0,
2018-06-08,60.0,13.57,0.0,,,0.0,
2018-06-09,51.0,10.75,0.0,,,0.0,
2018-06-10,44.0,5.19,0.0,,,0.0,
2018-06-11,48.0,13.23,0.0,,,0.0,
2018-06-12,53.0,13.4,0.0,,,0.0,
2018-06-13,59.0,13.5,0.0,,,0.0,
2018-06-14,49.0,13.45,0.0,,,0.0,
2018-06-15,46.0,12.81,0.0,,,0.0,
2018-06-16,54.0,12.34,0.0,,,0.0,
2018-06-17,47.0,11.32,0.0,,,0.0,
2018-06-18,56.0,13.09,0.0,,,0.0,
2018-06-19,66.0,15.52,0.0,,,0.0,
2018-06-20,59.0,16.72,0.0,,,0.0,
2018-06-21,57.0,20.49,0.0,,,0.0,
2018-06-22,66.0,19.2,0.0,,,0.0,
2018-06-23,53.0,17.08,0.0,,,0.0,
2018-06-24,51.0,15.29,0.0,,,0.0,
2018-06-25,44.0,13.66,0.0,,,0.0,
2018-06-26,55.0,15.12,0.0,,,0.0,
2018-06-27,51.0,13.41,0.0,,,0.0,
2018-06-28,51.0,14.5,0.0,,,0.0,
2018-06-29,49.0,17.1,0.0,,,0.0,
2018-06-30,52.0,15.49,0.0,,,0.0,
2018-07-01,48.0,17.82,0.0,,,0.0,
2018-07-02,46.0,19.23,0.0,,,0.0,
2018-07-03,53.0,23.0,0.0,,,0.0,
2018-07-04,56.0,18.41,0.0,,,0.0,
2018-07-05,51.0,19.07,0.0,,,0.0,
2018-07-06,51.0,18.6,0.0,,,0.0,
2018-07-07,53.0,16.08,0.0,,,0.0,
2018-07-08,46.0,7.0,0.0,,,0.0,
2018-07-09,50.0,15.77,0.0,,,0.0,
2018-07-10,65.0,10.73,0.0,,,0.0,
2018-07-11,53.0,17.48,0.0,,,0.0,
2018-07-12,60.0,16.18,0.0,,,0.0,
2018-07-13,65.0,17.58,0.0,,,0.0,
2018-07-14,50.0,11.88,0.0,,,0.0,
2018-07-15,42.0,9.01,0.0,,,0.0,
2018-07-16,43.0,10.5,0.0,,,0.0,
2018-07-17,43.0,11.1,0.0,,,0.0,
2018-07-18,44.0,15.43,0.0,,,0.0,
2018-07-19,52.0,13.54,0.0,,,0.0,
2018-07-20,53.0,14.45,0.0,,,0.0,
2018-07-21,57.0,18.23,0.0,,,0.0,
2018-07-22,64.0,,0.0,,,0.0,
2018-07-23,58.0,18.71,0.0,,,0.0,
2018-07-24,56.0,13.41,0.0,,,0.0,
2018-07-25,49.0,12.69,0.0,,,0.0,
2018-07-26,53.0,14.85,0.0,,,0.0,
2018-07-27,50.0,16.1,0.0,,,0.0,
2018-07-28,62.0,18.51,0.0,,,0.0,
2018-07-29,61.0,17.59,0.0,,,0.0,
2018-07-30,58.0,13.55,0.0,,,0.0,
2018-07-31,64.0,13.44,0.0,,,0.0,
2018-08-01,70.0,14.91,0.0,,,0.0,
2018-08-02,62.0,14.62,0.0,,,0.0,
2018-08-03,62.0,18.7,0.0,,,0.0,
2018-08-04,67.0,19.14,0.0,,,0.0,
2018-08-05,62.0,11.14,0.0,,,0.0,
2018-08-06,62.0,9.04,0.0,,,0.0,
2018-08-07,63.0,9.51,0.0,,,0.0,
2018-08-08,69.0,11.16,0.0,,,0.0,
2018-08-09,73.0,9.21,0.0,,,0.0,
2018-08-10,66.0,8.67,0.0,,,0.0,
2018-08-11,69.0,11.88,0.0,,,0.0,
2018-08-12,74.0,10.35,0.0,,,0.0,
2018-08-13,81.0,10.5,0.0,,,0.0,
2018-08-14,92.0,6.88,0.0,,,0.0,
2018-08-15,68.0,6.0,0.0,,,0.0,
2018-08-16,106.0,12.86,0.0,,,0.0,
2018-08-17,69.0,6.92,0.0,,,0.0,
2018-08-18,81.0,10.26,0.0,,,0.0,
2018-08-19,84.0,9.45,0.0,,,0.0,
2018-08-20,93.0,11.81,0.0,,,0.0,
2018-08-21,108.0,12.68,0.0,,,0.0,
2018-08-22,73.0,17.56,0.0,,,0.0,
2018-08-23,62.0,14.31,0.0,,,0.0,
2018-08-24,69.0,21.91,0.0,,,0.0,
2018-08-25,92.0,15.88,0.0,,,0.0,
2018-08-26,112.0,16.86,0.0,,,0.0,
2018-08-27,114.0,15.94,0.0,,,0.0,
2018-08-28,112.0,9.94,0.0,,,0.0,
2018-08-29,57.0,10.58,0.0,,,0.0,
2018-08-30,51.0,20.16,0.0,,,0.0,
2018-08-31,53.0,18.13,0.0,,,0.0,
2018-09-01,61.0,23.44,0.0,,,0.0,
2018-09-02,56.0,19.24,0.0,,,0.0,
2018-09-03,54.0,20.49,0.0,,,0.0,
2018-09-04,58.0,20.0,0.0,,,0.0,
2018-09-05,59.0,22.06,0.0,,,0.0,
2018-09-06,58.0,16.12,0.0,,,0.0,
2018-09-07,58.0,17.55,0.0,,,0.0,
2018-09-08,55.0,17.14,0.0,,,0.0,
2018-09-09,63.0,,0.0,,,0.0,
2018-09-11,63.0,22.24,0.0,,,0.0,
2018-09-12,70.0,24.4,0.0,,,0.0,
2018-09-13,68.0,25.5,0.0,,,0.0,
2018-09-14,76.0,28.03,0.0,,,0.0,
2018-09-15,73.0,28.44,0.0,,,0.0,
2018-09-16,62.0,19.46,0.0,,,0.0,
2018-09-17,50.0,18.96,0.0,,,0.0,
2018-09-18,55.0,12.38,0.0,,,0.0,
2018-09-19,53.0,17.14,0.0,,,0.0,
2018-09-20,54.0,14.31,0.0,,,0.0,
2018-09-21,55.0,20.42,0.0,,,0.0,
2018-09-22,67.0,21.49,0.0,,,0.0,
2018-09-23,53.0,13.45,0.0,,,0.0,
2018-09-24,52.0,16.64,0.0,,,0.0,
2018-09-25,62.0,24.56,0.0,,,0.0,
2018-09-26,57.0,24.19,0.0,,,0.0,
2018-09-27,66.0,22.38,0.0,,,0.0,
2018-09-28,62.0,26.0,0.0,,,0.0,
2018-09-29,58.0,15.29,0.0,,,0.0,
2018-09-30,57.0,21.93,0.0,,,0.0,
2018-10-01,64.0,23.75,0.0,,,0.0,
2018-10-02,59.0,17.33,0.0,,,0.0,
2018-10-03,67.0,18.9,0.0,,,0.0,
2018-10-04,72.0,14.12,0.0,,,0.0,
2018-10-05,54.0,20.59,0.0,,,0.0,
2018-10-06,82.0,30.33,0.0,,,0.0,
2018-10-07,62.0,12.48,0.0,,,0.0,
2018-10-08,78.0,13.27,0.0,,,0.0,
2018-10-09,64.0,15.1,0.0,,,0.0,
2018-10-10,70.0,15.43,0.0,,,0.0,
2018-10-11,71.0,35.94,0.0,,,0.0,
2018-10-12,71.0,38.58,0.0,,,0.0,
2018-10-13,67.0,36.93,0.0,,,0.0,
2018-10-14,61.0,30.14,0.0,,,0.0,
2018-10-15,59.0,31.75,0.0,,,0.0,
2018-10-16,63.0,19.06,0.0,,,0.0,
2018-10-17,64.0,12.74,0.0,,,0.0,
2018-10-18,60.0,16.07,0.0,,,0.0,
2018-10-19,54.0,12.9,0.0,,,0.0,
2018-10-20,69.0,13.8,0.0,,,0.0,
2018-10-21,47.0,11.42,0.0,,,0.0,
2018-10-22,68.0,19.09,0.0,,,0.0,
2018-10-23,58.0,17.97,0.0,,,0.0,
2018-10-24,70.0,30.73,0.0,,,0.0,
2018-10-25,85.0,45.62,0.0,,,0.0,
2018-10-26,101.0,54.28,0.0,,,0.0,
2018-10-27,101.0,66.15,0.0,,,0.0,
2018-10-28,119.0,57.1,0.0,,,0.0,
2018-10-29,87.0,49.67,0.0,,,0.0,
2018-10-30,87.0,51.29,0.0,,,0.0,
2018-10-31,90.0,46.33,0.0,,,0.0,
2018-11-01,74.0,42.05,0.0,,,0.0,
2018-11-02,99.0,43.92,0.0,,,0.0,
2018-11-03,88.0,11.3,0.0,,,0.0,
2018-11-04,76.0,26.4,0.0,,,0.0,
2018-11-05,87.0,54.98,0.0,,,0.0,
2018-11-06,123.0,64.48,0.0,,,0.0,
2018-11-07,99.0,46.01,0.0,,,0.0,
2018-11-08,95.0,49.17,0.0,,,0.0,
2018-11-09,93.0,40.86,0.0,,,0.0,
2018-11-10,93.0,35.16,0.0,,,0.0,
2018-11-11,83.0,36.27,0.0,,,0.0,
2018-11-12,84.0,44.3,0.0,,,0.0,
2018-11-13,82.0,43.66,0.0,,,0.0,
2018-11-14,94.0,61.59,0.0,,,0.0,
2018-11-15,130.0,71.71,0.0,,,0.0,
2018-11-16,103.0,55.78,0.0,,,0.0,
2018-11-17,88.0,51.3,0.0,,,0.0,
2018-11-18,93.0,46.81,0.0,,,0.0,
2018-11-19,78.0,32.55,0.0,,,0.0,
2018-11-20,74.0,19.99,0.0,,,0.0,
2018-11-21,75.0,22.19,0.0,,,0.0,
2018-11-22,84.0,31.18,0.0,,,0.0,
2018-11-23,75.0,31.22,0.0,,,0.0,
2018-11-24,73.0,19.58,0.0,,,0.0,
2018-11-25,76.0,27.44,0.0,,,0.0,
2018-11-26,82.0,58.93,0.0,,,0.0,
2018-11-27,149.0,77.51,0.0,,,0.0,
2018-11-28,177.0,85.73,0.0,,,0.0,
2018-11-29,183.0,75.89,0.0,,,0.0,
2018-11-30,106.0,36.23,0.0,,,0.0,
2018-12-01,104.0,59.39,0.0,,,0.0,
2018-12-02,95.0,,0.0,,,0.0,
2018-12-03,97.0,42.7,0.0,,,0.0,
2018-12-04,105.0,63.22,0.0,,,0.0,
2018-12-05,106.0,52.66,0.0,,,0.0,
2018-12-06,103.0,41.77,0.0,,,0.0,
2018-12-07,99.0,35.04,0.0,,,0.0,
2018-12-08,100.0,28.12,0.0,,,0.0,
2018-12-09,103.0,57.4,0.0,,,0.0,
2018-12-10,128.0,76.54,0.0,,,0.0,
2018-12-11,178.0,92.78,0.0,,,0.0,
2018-12-12,220.0,82.74,0.0,,,0.0,
2018-12-13,121.0,58.89,0.0,,,0.0,
2018-12-14,105.0,50.27,0.0,,,0.0,
2018-12-15,108.0,62.32,0.0,,,0.0,
2018-12-16,113.0,67.93,0.0,,,0.0,
2018-12-17,106.0,51.07,0.0,,,0.0,
2018-12-18,116.0,76.05,0.0,,,0.0,
2018-12-19,181.0,81.61,0.0,,,0.0,
2018-12-20,149.0,72.14,0.0,,,0.0,
2018-12-21,134.0,69.3,0.0,,,0.0,
2018-12-22,118.0,72.7,0.0,,,0.0,
2018-12-23,142.0,41.69,0.0,,,0.0,
2018-12-24,115.0,40.21,0.0,,,0.0,
2018-12-25,114.0,35.68,0.0,,,0.0,
2018-12-26,108.0,47.01,0.0,,,0.0,
2018-12-27,117.0,52.53,0.0,,,0.0,
2018-12-28,139.0,50.31,0.0,,,0.0,
2018-12-29,156.0,52.06,0.0,,,0.0,
2018-12-30,160.0,52.29,0.0,,,0.0,
2018-12-31,146.0,60.68,0.0,,,0.0,
2019-01-01,180.0,62.38,0.0,,,0.0,
2019-01-02,124.0,61.89,0.0,,,0.0,
2019-01-03,128.0,58.41,0.0,,,0.0,
2019-01-04,124.0,44.94,0.0,,,0.0,
2019-01-05,104.0,46.48,0.0,,,0.0,
2019-01-06,109.0,46.64,0.0,,,0.0,
2019-01-07,102.0,54.81,0.0,,,0.0,
2019-01-08,108.0,59.72,0.0,,,0.0,
2019-01-09,137.0,65.74,0.0,,,0.0,
2019-01-10,141.0,55.81,0.0,,,0.0,
2019-01-11,127.0,63.93,0.0,,,0.0,
2019-01-12,126.0,68.12,0.0,,,0.0,
2019-01-13,125.0,60.71,0.0,,,0.0,
2019-01-14,131.0,73.06,0.0,,,0.0,
2019-01-15,132.0,70.43,0.0,,,0.0,
2019-01-16,160.0,76.85,0.0,,,0.0,
2019-01-17,147.0,62.24,0.0,,,0.0,
2019-01-18,126.0,76.8,0.0,,,0.0,
2019-01-19,164.0,76.27,0.0,,,0.0,
2019-01-20,159.0,82.99,0.0,,,0.0,
2019-01-21,176.0,79.17,0.0,,,0.0,
2019-01-22,132.0,61.19,0.0,,,0.0,
2019-01-23,135.0,70.86,0.0,,,0.0,
2019-01-24,164.0,73.6,0.0,,,0.0,
2019-01-25,121.0,59.53,0.0,,,0.0,
2019-01-26,95.0,52.82,0.0,,,0.0,
2019-01-27,94.0,40.59,0.0,,,0.0,
2019-01-28,94.0,41.14,0.0,,,0.0,
2019-01-29,100.0,34.56,0.0,,,0.0,
2019-01-30,90.0,39.99,0.0,,,0.0,
2019-01-31,118.0,39.49,0.0,,,0.0,
2019-02-01,119.0,40.29,0.0,,,0.0,
2019-02-02,107.0,48.82,0.0,,,0.0,
2019-02-03,92.0,39.42,0.0,,,0.0,
2019-02-04,82.0,46.75,0.0,,,0.0,
2019-02-05,81.0,42.5,0.0,,,0.0,
2019-02-06,86.0,37.67,0.0,,,0.0,
2019-02-07,88.0,46.17,0.0,,,0.0,
2019-02-08,110.0,56.66,0.0,,,0.0,
2019-02-09,104.0,56.59,0.0,,,0.0,
2019-02-10,76.0,37.03,0.0,,,0.0,
2019-02-11,71.0,32.65,0.0,,,0.0,
2019-02-12,78.0,36.0,0.0,,,0.0,
2019-02-13,96.0,38.32,0.0,,,0.0,
2019-02-14,91.0,45.27,0.0,,,0.0,
2019-02-15,98.0,44.81,0.0,,,0.0,
2019-02-16,96.0,36.43,0.0,,,0.0,
2019-02-17,78.0,32.9,0.0,,,0.0,
2019-02-18,80.0,31.41,0.0,,,0.0,
2019-02-19,65.0,27.75,0.0,,,0.0,
2019-02-20,77.0,35.35,0.0,,,0.0,
2019-02-21,79.0,22.44,0.0,,,0.0,
2019-02-22,78.0,23.74,0.0,,,0.0,
2019-02-23,90.0,28.5,0.0,,,0.0,
2019-02-24,104.0,27.97,0.0,,,0.0,
2019-02-25,95.0,37.34,0.0,,,0.0,
2019-02-26,93.0,40.97,0.0,,,0.0,
2019-02-27,78.0,33.72,0.0,,,0.0,
2019-02-28,84.0,31.09,0.0,,,0.0,
2019-03-01,88.0,31.38,0.0,,,0.0,
2019-03-02,90.0,30.46,0.0,,,0.0,
2019-03-03,85.0,35.12,0.0,,,0.0,
2019-03-04,86.0,44.45,0.0,,,0.0,
2019-03-05,80.0,21.33,0.0,,,0.0,
2019-03-06,66.0,19.0,0.0,,,0.0,
2019-03-07,116.0,58.12,0.0,,,0.0,
2019-03-08,137.0,40.41,0.0,,,0.0,
2019-03-09,106.0,29.82,0.0,,,0.0,
2019-03-10,83.0,26.06,0.0,,,0.0,
2019-03-11,77.0,29.97,0.0,,,0.0,
2019-03-12,99.0,36.67,0.0,,,0.0,
2019-03-13,74.0,48.85,0.0,,,0.0,
2019-03-14,142.0,42.82,0.0,,,0.0,
2019-03-15,88.0,39.88,0.0,,,0.0,
2019-03-16,94.0,44.04,0.0,,,0.0,
2019-03-17,101.0,46.07,0.0,,,0.0,
2019-03-18,88.0,35.14,0.0,,,0.0,
2019-03-19,80.0,33.45,0.0,,,0.0,
2019-03-20,69.0,31.39,0.0,,,0.0,
2019-03-21,79.0,30.52,0.0,,,0.0,
2019-03-22,94.0,32.33,0.0,,,0.0,
2019-03-23,81.0,32.25,0.0,,,0.0,
2019-03-24,80.0,28.49,0.0,,,0.0,
2019-03-25,79.0,32.02,0.0,,,0.0,
2019-03-26,82.0,30.55,0.0,,,0.0,
2019-03-27,89.0,28.72,0.0,,,0.0,
2019-03-28,74.0,35.69,0.0,,,0.0,
2019-03-29,79.0,33.98,0.0,,,0.0,
2019-03-30,82.0,34.94,0.0,,,0.0,
2019-03-31,86.0,37.82,0.0,,,0.0,
2019-04-01,79.0,39.22,0.0,,,0.0,
2019-04-02,80.0,44.11,0.0,,,0.0,
2019-04-03,83.0,40.78,0.0,,,0.0,
2019-04-04,74.0,25.46,0.0,,,0.0,
2019-04-05,65.0,19.34,0.0,,,0.0,
2019-04-06,61.0,22.06,0.0,,,0.0,
2019-04-07,66.0,29.36,0.0,,,0.0,
2019-04-08,69.0,29.4,0.0,,,0.0,
2019-04-09,70.0,29.84,0.0,,,0.0,
2019-04-10,68.0,29.96,0.0,,,0.0,
2019-04-11,83.0,27.02,0.0,,,0.0,
2019-04-12,68.0,28.08,0.0,,,0.0,
2019-04-13,72.0,29.0,0.0,,,0.0,
2019-04-14,72.0,29.11,0.0,,,0.0,
2019-04-15,64.0,27.8,0.0,,,0.0,
2019-04-16,65.0,25.36,0.0,,,0.0,
2019-04-17,61.0,27.7,0.0,,,0.0,
2019-04-18,66.0,23.75,0.0,,,0.0,
2019-04-19,63.0,19.82,0.0,,,0.0,
2019-04-20,65.0,6.75,0.0,,,0.0,
2019-04-21,70.0,,0.0,,,0.0,
2019-04-22,73.0,20.85,0.0,,,0.0,
2019-04-23,70.0,14.08,0.0,,,0.0,
2019-04-24,79.0,20.29,0.0,,,0.0,
2019-04-25,70.0,22.56,0.0,,,0.0,
2019-04-26,69.0,23.4,0.0,,,0.0,
2019-04-27,69.0,24.68,0.0,,,0.0,
2019-04-28,64.0,24.35,0.0,,,0.0,
2019-04-29,70.0,23.93,0.0,,,0.0,
2019-04-30,70.0,21.05,0.0,,,0.0,
2019-05-01,78.0,20.83,0.0,,,0.0,
2019-05-02,76.0,31.21,0.0,,,0.0,
2019-05-03,100.0,34.33,0.0,,,0.0,
2019-05-04,102.0,33.84,0.0,,,0.0,
2019-05-05,96.0,29.95,0.0,,,0.0,
2019-05-06,105.0,35.81,0.0,,,0.0,
2019-05-07,100.0,28.5,0.0,,,0.0,
2019-05-08,76.0,24.2,0.0,,,0.0,
2019-05-09,66.0,22.41,0.0,,,0.0,
2019-05-10,64.0,21.15,0.0,,,0.0,
2019-05-11,59.0,19.17,0.0,,,0.0,
2019-05-12,69.0,17.72,0.0,,,0.0,
2019-05-13,59.0,15.1,0.0,,,0.0,
2019-05-14,59.0,15.51,0.0,,,0.0,
2019-05-15,82.0,15.45,0.0,,,0.0,
2019-05-16,112.0,20.14,0.0,,,0.0,
2019-05-17,121.0,22.57,0.0,,,0.0,
2019-05-18,111.0,22.07,0.0,,,0.0,
2019-05-19,54.0,15.62,0.0,,,0.0,
2019-05-20,54.0,27.99,0.0,,,0.0,
2019-05-21,71.0,31.07,0.0,,,0.0,
2019-05-22,67.0,26.95,0.0,,,0.0,
2019-05-23,59.0,19.94,0.0,,,0.0,
2019-05-24,54.0,15.06,0.0,,,0.0,
2019-05-25,62.0,9.71,0.0,,,0.0,
2019-05-26,50.0,12.44,0.0,,,0.0,
2019-05-27,44.0,17.4,0.0,,,0.0,
2019-05-28,66.0,29.1,0.0,,,0.0,
2019-05-29,84.0,27.92,0.0,,,0.0,
2019-05-30,68.0,25.3,0.0,,,0.0,
2019-05-31,70.0,20.1,0.0,,,0.0,
2019-06-01,57.0,22.08,0.0,,,0.0,
2019-06-02,49.0,13.33,0.0,,,0.0,
2019-06-04,44.0,9.27,0.0,,,0.0,
2019-06-05,52.0,10.76,0.0,,,0.0,
2019-06-06,47.0,19.83,0.0,,,0.0,
2019-06-07,60.0,13.93,0.0,,,0.0,
2019-06-08,51.0,6.51,0.0,,,0.0,
2019-06-09,44.0,7.83,0.0,,,0.0,
2019-06-10,53.0,9.9,0.0,,,0.0,
2019-06-11,39.0,,0.0,,,0.0,
2019-06-19,50.0,10.26,0.0,,,0.0,
2019-06-20,51.0,5.75,0.0,,,0.0,
2019-06-26,55.0,23.62,0.0,,,0.0,
2019-06-27,53.0,13.04,0.0,,,0.0,
2019-06-28,48.0,13.43,0.0,,,0.0,
2019-06-29,49.0,17.03,0.0,,,0.0,
2019-06-30,46.0,8.74,0.0,,,0.0,
2019-07-01,48.0,9.89,0.0,,,0.0,
2019-07-02,46.0,11.09,0.0,,,0.0,
2019-07-03,50.0,12.48,0.0,,,0.0,
2019-07-04,88.0,6.33,0.0,,,0.0,
2019-07-05,52.0,11.48,0.0,,,0.0,
2019-07-06,53.0,15.2,0.0,,,0.0,
2019-07-07,41.0,13.47,0.0,,,0.0,
2019-07-08,37.0,8.94,0.0,,,0.0,
2019-07-09,53.0,10.82,0.0,,,0.0,
2019-07-10,53.0,11.84,0.0,,,0.0,
2019-07-11,62.0,24.32,0.0,,,0.0,
2019-07-12,66.0,23.27,0.0,,,0.0,
2019-07-13,45.0,17.42,0.0,,,0.0,
2019-07-14,44.0,10.78,0.0,,,0.0,
2019-07-15,50.0,9.3,0.0,,,0.0,
2019-07-16,70.0,10.93,0.0,,,0.0,
2019-07-17,55.0,8.52,0.0,,,0.0,
2019-07-18,49.0,4.25,0.0,,,0.0,
2019-07-19,41.0,7.19,0.0,,,0.0,
2019-07-20,49.0,7.22,0.0,,,0.0,
2019-07-21,43.0,6.05,0.0,,,0.0,
2019-07-22,52.0,7.62,0.0,,,0.0,
2019-07-23,51.0,10.07,0.0,,,0.0,
2019-07-24,55.0,13.25,0.0,,,0.0,
2019-07-25,52.0,17.72,0.0,,,0.0,
2019-07-26,57.0,12.16,0.0,,,0.0,
2019-07-27,61.0,19.32,0.0,,,0.0,
2019-07-28,56.0,14.56,0.0,,,0.0,
2019-07-29,70.0,12.96,0.0,,,0.0,
2019-07-30,78.0,10.63,0.0,,,0.0,
2019-07-31,139.0,11.22,0.0,,,0.0,
2019-08-01,46.0,15.15,0.0,,,0.0,
2019-08-02,54.0,9.24,0.0,,,0.0,
2019-08-03,56.0,13.06,0.0,,,0.0,
2019-08-04,45.0,11.41,0.0,,,0.0,
2019-08-05,55.0,14.64,0.0,,,0.0,
2019-08-06,52.0,10.62,0.0,,,0.0,
2019-08-07,55.0,9.83,0.0,,,0.0,
2019-08-08,90.0,8.62,0.0,,,0.0,
2019-08-09,53.0,8.51,0.0,,,0.0,
2019-08-10,59.0,4.8,0.0,,,0.0,
2019-08-11,45.0,4.44,0.0,,,0.0,
2019-08-12,43.0,5.56,0.0,,,0.0,
2019-08-13,54.0,9.0,0.0,,,0.0,
2019-08-14,50.0,7.9,0.0,,,0.0,
2019-08-15,51.0,15.08,0.0,,,0.0,
2019-08-16,51.0,10.74,0.0,,,0.0,
2019-08-17,52.0,21.0,0.0,,,0.0,
2019-08-18,52.0,21.45,0.0,,,0.0,
2019-08-19,51.0,19.93,0.0,,,0.0,
2019-08-20,48.0,20.37,0.0,,,0.0,
2019-08-21,42.0,13.58,0.0,,,0.0,
2019-08-22,48.0,8.02,0.0,,,0.0,
2019-08-23,45.0,7.98,0.0,,,0.0,
2019-08-24,49.0,12.11,0.0,,,0.0,
2019-08-25,50.0,6.82,0.0,,,0.0,
2019-08-26,51.0,6.9,0.0,,,0.0,
2019-08-27,53.0,9.75,0.0,,,0.0,
2019-08-28,58.0,27.82,0.0,,,0.0,
2019-08-29,48.0,15.48,0.0,,,0.0,
2019-08-30,55.0,14.76,0.0,,,0.0,
2019-08-31,47.0,13.65,0.0,,,0.0,
2019-09-01,44.0,10.55,0.0,,,0.0,
2019-09-02,51.0,9.84,0.0,,,0.0,
2019-09-03,59.0,11.17,0.0,,,0.0,
2019-09-04,52.0,15.35,0.0,,,0.0,
2019-09-05,55.0,11.81,0.0,,,0.0,
2019-09-06,53.0,9.23,0.0,,,0.0,
2019-09-07,58.0,13.71,0.0,,,0.0,
2019-09-08,54.0,12.5,0.0,,,0.0,
2019-09-09,52.0,14.83,0.0,,,0.0,
2019-09-10,48.0,11.86,0.0,,,0.0,
2019-09-11,44.0,13.06,0.0,,,0.0,
2019-09-13,46.0,17.36,0.0,,,0.0,
2019-09-14,49.0,14.02,0.0,,,0.0,
2019-09-15,53.0,13.42,0.0,,,0.0,
2019-09-16,56.0,19.32,0.0,,,0.0,
2019-09-17,57.0,18.6,0.0,,,0.0,
2019-09-18,57.0,9.92,0.0,,,0.0,
2019-09-19,58.0,8.66,0.0,,,0.0,
2019-09-20,56.0,17.5,0.0,,,0.0,
2019-09-21,51.0,15.18,0.0,,,0.0,
2019-09-22,50.0,11.18,0.0,,,0.0,
2019-09-23,58.0,10.28,0.0,,,0.0,
2019-09-24,68.0,4.78,0.0,,,0.0,
2019-09-25,74.0,10.07,0.0,,,0.0,
2019-09-26,80.0,13.82,0.0,,,0.0,
2019-09-27,78.0,15.46,0.0,,,0.0,
2019-09-28,64.0,18.97,0.0,,,0.0,
2019-09-29,76.0,15.58,0.0,,,0.0,
2019-09-30,153.0,10.55,0.0,,,0.0,
2019-10-01,109.0,11.16,0.0,,,0.0,
2019-10-02,63.0,16.49,0.0,,,0.0,
2019-10-03,63.0,17.66,0.0,,,0.0,
2019-10-04,60.0,15.35,0.0,,,0.0,
2019-10-05,56.0,16.49,0.0,,,0.0,
2019-10-06,62.0,13.44,0.0,,,0.0,
2019-10-07,48.0,7.42,0.0,,,0.0,
2019-10-08,57.0,7.99,0.0,,,0.0,
2019-10-09,55.0,15.64,0.0,,,0.0,
2019-10-10,67.0,18.4,0.0,,,0.0,
2019-10-11,58.0,12.32,0.0,,,0.0,
2019-10-12,63.0,8.51,0.0,,,0.0,
2019-10-13,54.0,9.63,0.0,,,0.0,
2019-10-14,64.0,17.32,0.0,,,0.0,
2019-10-15,67.0,16.53,0.0,,,0.0,
2019-10-16,71.0,17.68,0.0,,,0.0,
2019-10-17,56.0,8.59,0.0,,,0.0,
2019-10-18,59.0,27.8,0.0,,,0.0,
2019-10-19,61.0,14.56,0.0,,,0.0,
2019-10-20,56.0,,0.0,,,0.0,
2019-10-21,51.0,,0.0,,,0.0,
2019-10-22,60.0,16.05,0.0,,,0.0,
2019-10-23,60.0,8.03,0.0,,,0.0,
2019-10-24,72.0,24.0,0.0,,,0.0,
2019-10-25,79.0,41.09,0.0,,,0.0,
2019-10-26,58.0,39.27,0.0,,,0.0,
2019-10-27,63.0,30.64,0.0,,,0.0,
2019-10-28,69.0,14.82,0.0,,,0.0,
2019-10-29,77.0,18.2,0.0,,,0.0,
2019-10-30,68.0,3.18,0.0,,,0.0,
2019-10-31,61.0,7.75,0.0,,,0.0,
2019-11-01,62.0,13.74,0.0,,,0.0,
2019-11-02,69.0,22.02,0.0,,,0.0,
2019-11-03,60.0,19.35,0.0,,,0.0,
2019-11-04,59.0,17.01,0.0,,,0.0,
2019-11-05,66.0,26.2,0.0,,,0.0,
2019-11-06,67.0,21.36,0.0,,,0.0,
2019-11-07,65.0,21.4,0.0,,,0.0,
2019-11-08,65.0,19.01,0.0,,,0.0,
2019-11-09,64.0,14.52,0.0,,,0.0,
2019-11-10,63.0,9.64,0.0,,,0.0,
2019-11-11,69.0,18.73,0.0,,,0.0,
2019-11-12,71.0,21.32,0.0,,,0.0,
2019-11-13,95.0,39.67,0.0,,,0.0,
2019-11-14,136.0,28.95,0.0,,,0.0,
2019-11-15,111.0,22.08,0.0,,,0.0,
2019-11-16,156.0,21.53,0.0,,,0.0,
2019-11-17,61.0,13.55,0.0,,,0.0,
2019-11-18,67.0,30.45,0.0,,,0.0,
2019-11-19,72.0,25.22,0.0,,,0.0,
2019-11-20,80.0,22.23,0.0,,,0.0,
2019-11-21,71.0,24.63,0.0,,,0.0,
2019-11-22,76.0,16.2,0.0,,,0.0,
2019-11-23,91.0,22.78,0.0,,,0.0,
2019-11-24,83.0,19.88,0.0,,,0.0,
2019-11-25,76.0,20.91,0.0,,,0.0,
2019-11-26,93.0,23.36,0.0,,,0.0,
2019-11-27,83.0,39.81,0.0,,,0.0,
2019-11-28,80.0,22.79,0.0,,,0.0,
2019-11-29,82.0,22.79,0.0,,,0.0,
2019-11-30,73.0,11.23,0.0,,,0.0,
2019-12-01,61.0,11.17,0.0,,,0.0,
2019-12-02,72.0,16.88,0.0,,,0.0,
2019-12-03,90.0,25.81,0.0,,,0.0,
2019-12-04,96.0,27.99,0.0,,,0.0,
2019-12-05,88.0,37.99,0.0,,,0.0,
2019-12-06,90.0,32.3,0.0,,,0.0,
2019-12-07,90.0,24.68,0.0,,,0.0,
2019-12-08,76.0,17.82,0.0,,,0.0,
2019-12-09,79.0,17.78,0.0,,,0.0,
2019-12-10,88.0,27.24,0.0,,,0.0,
2019-12-11,91.0,34.11,0.0,,,0.0,
2019-12-12,87.0,27.66,0.0,,,0.0,
2019-12-13,91.0,39.57,0.0,,,0.0,
2019-12-14,78.0,17.89,0.0,,,0.0,
2019-12-15,88.0,19.4,0.0,,,0.0,
2019-12-16,92.0,32.25,0.0,,,0.0,
2019-12-17,80.0,29.26,0.0,,,0.0,
2019-12-18,98.0,34.5,0.0,,,0.0,
2019-12-19,90.0,21.36,0.0,,,0.0,
2019-12-20,97.0,29.94,0.0,,,0.0,
2019-12-21,102.0,30.65,0.0,,,0.0,
2019-12-22,97.0,38.11,0.0,,,0.0,
2019-12-23,96.0,44.8,0.0,,,0.0,
2019-12-24,101.0,51.96,0.0,,,0.0,
2019-12-25,99.0,36.39,0.0,,,0.0,
2019-12-26,92.0,12.52,0.0,,,0.0,
2019-12-27,103.0,21.29,0.0,,,0.0,
2019-12-28,89.0,32.54,0.0,,,0.0,
2019-12-29,110.0,45.06,0.0,,,0.0,
2019-12-30,108.0,44.74,0.0,,,0.0,
2019-12-31,92.0,40.42,0.0,,,0.0,
2020-01-01,85.0,35.96,0.0,,,0.0,
2020-01-02,70.0,36.18,0.0,,,0.0,
2020-01-03,72.0,39.12,0.0,,,0.0,
2020-01-04,78.0,30.58,0.0,,,0.0,
2020-01-05,71.0,27.03,0.0,,,0.0,
2020-01-06,75.0,36.85,0.0,,,0.0,
2020-01-07,75.0,30.37,0.0,,,0.0,
2020-01-08,73.0,16.57,0.0,,,0.0,
2020-01-09,74.0,31.99,0.0,,,0.0,
2020-01-10,82.0,46.1,0.0,,,0.0,
2020-01-11,89.0,35.23,0.0,,,0.0,
2020-01-12,83.0,34.52,0.0,,,0.0,
2020-01-13,87.0,45.18,0.0,,,0.0,
2020-01-14,82.0,48.75,0.0,,,0.0,
2020-01-15,97.0,61.78,0.0,,,0.0,
2020-01-16,98.0,47.74,0.0,,,0.0,
2020-01-17,85.0,38.16,0.0,,,0.0,
2020-01-18,68.0,31.66,0.0,,,0.0,
2020-01-19,66.0,28.79,0.0,,,0.0,
2020-01-20,79.0,31.86,0.0,,,0.0,
2020-01-21,65.0,25.78,0.0,,,0.0,
2020-01-22,66.0,22.57,0.0,,,0.0,
2020-01-23,65.0,25.61,0.0,,,0.0,
2020-01-24,66.0,30.53,0.0,,,0.0,
2020-01-25,71.0,29.85,0.0,,,0.0,
2020-01-26,71.0,29.88,0.0,,,0.0,
2020-01-27,71.0,28.72,0.0,,,0.0,
2020-01-28,77.0,38.14,0.0,,,0.0,
2020-01-29,94.0,55.14,0.0,,,0.0,
2020-01-30,93.0,50.29,0.0,,,0.0,
2020-01-31,98.0,43.18,0.0,,,0.0,
2020-02-01,83.0,42.92,0.0,,,0.0,
2020-02-02,69.0,32.97,0.0,,,0.0,
2020-02-03,73.0,38.13,0.0,,,0.0,
2020-02-04,65.0,30.37,0.0,,,0.0,
2020-02-05,69.0,36.27,0.0,,,0.0,
2020-02-06,71.0,27.97,0.0,,,0.0,
2020-02-07,63.0,32.0,0.0,,,0.0,
2020-02-08,70.0,38.32,0.0,,,0.0,
2020-02-09,68.0,36.14,0.0,,,0.0,
2020-02-10,215.0,98.87,0.0,,,0.0,
2020-02-11,84.0,39.01,0.0,,,0.0,
2020-02-12,72.0,36.41,0.0,,,0.0,
2020-02-13,73.0,42.33,0.0,,,0.0,
2020-02-14,83.0,37.2,0.0,,,0.0,
2020-02-15,82.0,44.53,0.0,,,0.0,
2020-02-16,85.0,51.95,0.0,,,0.0,
2020-02-17,108.0,58.39,0.0,,,0.0,
2020-02-18,100.0,42.38,0.0,,,0.0,
2020-02-19,98.0,40.38,0.0,,,0.0,
2020-02-20,89.0,48.83,0.0,,,0.0,
2020-02-21,81.0,38.85,0.0,,,0.0,
2020-02-22,92.0,44.96,0.0,,,0.0,
2020-02-23,89.0,32.33,0.0,,,0.0,
2020-02-24,86.0,36.26,0.0,,,0.0,
2020-02-25,89.0,36.83,0.0,,,0.0,
2020-02-26,92.0,38.81,0.0,,,0.0,
2020-02-27,102.0,36.46,0.0,,,0.0,
2020-02-28,93.0,38.7,0.0,,,0.0,
2020-02-29,126.0,42.26,0.0,,,0.0,
2020-03-01,100.0,32.56,0.0,,,0.0,
2020-03-02,96.0,30.9,0.0,,,0.0,
2020-03-03,100.0,28.39,0.0,,,0.0,
2020-03-04,107.0,40.19,0.0,,,0.0,
2020-03-05,110.0,37.47,0.0,,,0.0,
2020-03-06,76.0,30.49,0.0,,,0.0,
2020-03-07,64.0,32.73,0.0,,,0.0,
2020-03-08,64.0,28.37,0.0,,,0.0,
2020-03-09,68.0,26.95,0.0,,,0.0,
2020-03-10,73.0,37.64,0.0,,,0.0,
2020-03-11,74.0,29.75,0.0,,,0.0,
2020-03-12,74.0,31.49,0.0,,,0.0,
2020-03-13,87.0,29.1,0.0,,,0.0,
2020-03-14,85.0,31.04,0.0,,,0.0,
2020-03-15,60.0,25.49,0.0,,,0.0,
2020-03-16,62.0,30.67,0.0,,,0.0,
2020-03-17,74.0,39.09,0.0,,,0.0,
2020-03-18,67.0,20.54,0.0,,,0.0,
2020-03-19,68.0,25.51,0.0,,,0.0,
2020-03-20,77.0,31.27,0.0,,,0.0,
2020-03-21,71.0,30.55,0.0,,,0.0,
2020-03-22,66.0,27.46,0.0,,,0.0,
2020-03-23,65.0,27.12,0.0,,,0.0,
2020-03-24,57.0,21.74,0.0,,,0.0,
2020-03-25,68.0,25.26,0.0,,,0.0,
2020-03-26,70.0,25.07,0.0,,,0.0,
2020-03-27,74.0,29.67,0.0,,,0.0,
2020-03-28,78.0,28.9,0.0,,,0.0,
2020-03-29,60.0,18.2,0.0,,,0.0,
2020-03-30,52.0,20.38,0.0,,,0.0,
2020-03-31,70.0,19.28,0.0,,,0.0,
2020-04-01,55.0,15.98,0.0,,,0.0,
2020-04-02,61.0,23.01,0.0,,,0.0,
2020-04-03,60.0,27.02,0.0,,,0.0,
2020-04-04,66.0,28.89,0.0,,,0.0,
2020-04-05,60.0,25.56,0.0,,,0.0,
2020-04-06,59.0,16.88,0.0,,,0.0,
2020-04-07,53.0,18.57,0.0,,,0.0,
2020-04-08,61.0,18.85,0.0,,,0.0,
2020-04-09,63.0,19.06,0.0,,,0.0,
2020-04-10,56.0,17.15,0.0,,,0.0,
2020-04-11,55.0,20.62,0.0,,,0.0,
2020-04-12,58.0,22.32,0.0,,,0.0,
2020-04-13,63.0,24.24,0.0,,,0.0,
2020-04-14,66.0,23.55,0.0,,,0.0,
2020-04-15,52.0,18.34,0.0,,,0.0,
2020-04-16,50.0,15.59,0.0,,,0.0,
2020-04-17,62.0,14.81,0.0,,,0.0,
2020-04-18,56.0,13.37,0.0,,,0.0,
2020-04-19,49.0,10.74,0.0,,,0.0,
2020-04-20,46.0,15.01,0.0,,,0.0,
2020-04-21,53.0,13.77,0.0,,,0.0,
2020-04-22,51.0,15.9,0.0,,,0.0,
2020-04-23,50.0,15.97,0.0,,,0.0,
2020-04-24,59.0,15.73,0.0,,,0.0,
2020-04-25,53.0,18.42,0.0,,,0.0,
2020-04-26,58.0,23.19,0.0,,,0.0,
2020-04-27,63.0,14.13,0.0,,,0.0,
2020-04-28,60.0,23.84,0.0,,,0.0,
2020-04-29,57.0,18.54,0.0,,,0.0,
2020-04-30,57.0,20.57,0.0,,,0.0,
2020-05-01,54.0,17.43,0.0,,,0.0,
2020-05-02,55.0,23.64,0.0,,,0.0,
2020-05-03,58.0,18.36,0.0,,,0.0,
2020-05-04,55.0,25.86,0.0,,,0.0,
2020-05-05,63.0,25.74,0.0,,,0.0,
2020-05-06,66.0,20.76,0.0,,,0.0,
2020-05-07,59.0,18.51,0.0,,,0.0,
2020-05-08,61.0,13.96,0.0,,,0.0,
2020-05-09,63.0,15.85,0.0,,,0.0,
2020-05-10,63.0,14.9,0.0,,,0.0,
2020-05-11,66.0,13.68,0.0,,,0.0,
2020-05-12,65.0,19.88,0.0,,,0.0,
2020-05-13,47.0,12.83,0.0,,,0.0,
2020-05-14,53.0,15.39,0.0,,,0.0,
2020-05-15,58.0,16.76,0.0,,,0.0,
2020-05-16,59.0,15.99,0.0,,,0.0,
2020-05-17,60.0,15.08,0.0,,,0.0,
2020-05-18,64.0,15.7,0.0,,,0.0,
2020-05-19,62.0,20.75,0.0,,,0.0,
2020-05-20,56.0,20.26,0.0,,,0.0,
2020-05-21,48.0,12.19,0.0,,,0.0,
2020-05-22,48.0,11.41,0.0,,,0.0,
2020-05-23,39.0,14.91,0.0,,,0.0,
2020-05-24,46.0,16.15,0.0,,,0.0,
2020-05-25,50.0,18.14,0.0,,,0.0,
2020-05-26,47.0,16.22,0.0,,,0.0,
2020-05-27,56.0,16.68,0.0,,,0.0,
2020-05-28,56.0,17.4,0.0,,,0.0,
2020-05-29,54.0,12.51,0.0,,,0.0,
2020-05-30,54.0,9.86,0.0,,,0.0,
2020-05-31,50.0,9.51,0.0,,,0.0,
2020-06-01,42.0,9.56,0.0,,,0.0,
2020-06-02,48.0,12.31,0.0,,,0.0,
2020-06-03,35.0,11.92,0.0,,,0.0,
2020-06-04,32.0,16.61,0.0,,,0.0,
2020-06-05,38.0,16.81,0.0,,,0.0,
2020-06-06,35.0,10.76,0.0,,,0.0,
2020-06-07,35.0,10.15,0.0,,,0.0,
2020-06-08,41.0,14.49,0.0,,,0.0,
2020-06-09,41.0,23.6,0.0,,,0.0,
2020-06-10,46.0,22.93,0.0,,,0.0,
2020-06-11,46.0,24.21,0.0,,,0.0,
2020-06-12,49.0,28.64,0.0,,,0.0,
2020-06-13,52.0,26.26,0.0,,,0.0,
2020-06-14,38.0,17.45,0.0,,,0.0,
2020-06-15,45.0,28.24,0.0,,,0.0,
2020-06-16,51.0,24.39,0.0,,,0.0,
2020-06-17,58.0,27.92,0.0,,,0.0,
2020-06-18,57.0,23.96,0.0,,,0.0,
2020-06-19,50.0,20.32,0.0,,,0.0,
2020-06-20,43.0,19.9,0.0,,,0.0,
2020-06-21,42.0,15.74,0.0,,,0.0,
2020-06-22,40.0,16.89,0.0,,,0.0,
2020-06-23,50.0,28.45,0.0,,,0.0,
2020-06-24,70.0,34.68,0.0,,,0.0,
2020-06-25,58.0,28.01,0.0,,,0.0,
2020-06-26,46.0,18.78,0.0,,,0.0,
2020-06-27,42.0,18.06,0.0,,,0.0,
2020-06-28,43.0,22.51,0.0,,,0.0,
2020-06-29,49.0,23.17,0.0,,,0.0,
2020-06-30,40.0,20.66,0.0,,,0.0,
2020-07-01,41.0,2.0,0.0,,,0.0,
2016-07-07,81.0,35.33,0.0,,,0.0,
2016-07-08,112.0,40.64,0.0,,,0.0,
2016-07-09,81.0,33.25,0.0,,,0.0,
2016-07-10,81.0,26.64,0.0,,,0.0,
2016-07-11,79.0,23.92,0.0,,,0.0,
2016-07-12,79.0,28.42,0.0,,,0.0,
2016-07-13,90.0,35.71,0.0,,,0.0,
2016-07-14,93.0,37.09,0.0,,,0.0,
2016-07-15,112.0,43.67,0.0,,,0.0,
2016-07-16,104.0,44.76,0.0,,,0.0,
2016-07-17,102.0,41.11,0.0,,,0.0,
2016-07-18,95.0,46.5,0.0,,,0.0,
2016-07-19,127.0,33.54,0.0,,,0.0,
2016-07-20,135.0,11.98,0.0,,,0.0,
2016-07-23,105.0,27.32,0.0,,,0.0,
2016-07-25,84.0,22.75,0.0,,,0.0,
2016-07-26,155.0,23.34,0.0,,,0.0,
2016-07-27,138.0,24.49,0.0,,,0.0,
2016-07-28,78.0,21.85,0.0,,,0.0,
2016-07-29,79.0,23.4,0.0,,,0.0,
2016-07-30,95.0,29.12,0.0,,,0.0,
2016-07-31,90.0,22.44,0.0,,,0.0,
2016-08-01,105.0,23.82,0.0,,,0.0,
2016-08-02,67.0,16.53,0.0,,,0.0,
2016-08-03,73.0,18.76,0.0,,,0.0,
2016-08-04,79.0,23.64,0.0,,,0.0,
2016-08-05,89.0,27.8,0.0,,,0.0,
2016-08-06,95.0,24.73,0.0,,,0.0,
2016-08-07,89.0,25.74,0.0,,,0.0,
2016-08-08,94.0,30.37,0.0,,,0.0,
2016-08-09,103.0,36.85,0.0,,,0.0,
2016-08-10,101.0,23.77,0.0,,,0.0,
2016-08-11,93.0,23.39,0.0,,,0.0,
2016-08-12,85.0,39.42,0.0,,,0.0,
2016-08-13,106.0,34.14,0.0,,,0.0,
2016-08-14,101.0,28.14,0.0,,,0.0,
2016-08-15,89.0,27.92,0.0,,,0.0,
2016-08-16,83.0,25.7,0.0,,,0.0,
2016-08-17,90.0,28.17,0.0,,,0.0,
2016-08-18,102.0,26.93,0.0,,,0.0,
2016-08-19,102.0,33.79,0.0,,,0.0,
2016-08-20,102.0,33.73,0.0,,,0.0,
2016-08-21,111.0,38.2,0.0,,,0.0,
2016-08-22,108.0,47.01,0.0,,,0.0,
2016-08-23,102.0,31.59,0.0,,,0.0,
2016-08-24,93.0,30.39,0.0,,,0.0,
2016-08-25,87.0,30.35,0.0,,,0.0,
2016-08-26,87.0,32.44,0.0,,,0.0,
2016-08-27,66.0,17.78,0.0,,,0.0,
2016-08-28,63.0,9.53,0.0,,,0.0,
2016-08-29,53.0,8.91,0.0,,,0.0,
2016-08-30,60.0,10.56,0.0,,,0.0,
2016-08-31,77.0,26.85,0.0,,,0.0,
2016-09-01,77.0,29.45,0.0,,,0.0,
2016-09-02,71.0,26.88,0.0,,,0.0,
2016-09-03,68.0,26.75,0.0,,,0.0,
2016-09-04,67.0,37.11,0.0,,,0.0,
2016-09-06,102.0,42.4,0.0,,,0.0,
2016-09-07,101.0,42.73,0.0,,,0.0,
2016-09-08,98.0,42.7,0.0,,,0.0,
2016-09-09,96.0,46.08,0.0,,,0.0,
2016-09-10,98.0,63.33,0.0,,,0.0,
2016-09-11,160.0,52.77,0.0,,,0.0,
2016-09-12,188.0,41.43,0.0,,,0.0,
2016-09-13,73.0,22.89,0.0,,,0.0,
2016-09-14,64.0,28.28,0.0,,,0.0,
2016-09-15,71.0,13.46,0.0,,,0.0,
2016-09-16,65.0,24.93,0.0,,,0.0,
2016-09-17,65.0,33.68,0.0,,,0.0,
2016-09-18,86.0,39.38,0.0,,,0.0,
2016-09-19,151.0,36.02,0.0,,,0.0,
2016-09-21,49.0,13.75,0.0,,,0.0,
2016-09-22,55.0,12.67,0.0,,,0.0,
2016-09-23,90.0,19.93,0.0,,,0.0,
2016-09-24,78.0,27.57,0.0,,,0.0,
2016-09-25,85.0,23.78,0.0,,,0.0,
2016-09-26,89.0,36.71,0.0,,,0.0,
2016-09-27,108.0,62.52,0.0,,,0.0,
2016-09-28,130.0,72.4,0.0,,,0.0,
2016-09-29,113.0,60.73,0.0,,,0.0,
2016-09-30,104.0,54.76,0.0,,,0.0,
2016-10-01,94.0,40.24,0.0,,,0.0,
2016-10-02,132.0,71.57,0.0,,,0.0,
2016-10-03,133.0,42.06,0.0,,,0.0,
2016-10-04,104.0,44.1,0.0,,,0.0,
2016-10-05,100.0,53.43,0.0,,,0.0,
2016-10-06,105.0,51.42,0.0,,,0.0,
2016-10-07,85.0,37.61,0.0,,,0.0,
2016-10-08,95.0,50.36,0.0,,,0.0,
2016-10-09,97.0,43.12,0.0,,,0.0,
2016-10-10,90.0,45.73,0.0,,,0.0,
2016-10-11,108.0,43.88,0.0,,,0.0,
2016-10-14,110.0,89.96,0.0,,,0.0,
2016-10-18,123.0,65.83,0.0,,,0.0,
2016-10-19,121.0,66.14,0.0,,,0.0,
2016-10-20,116.0,64.67,0.0,,,0.0,
2016-10-21,118.0,64.92,0.0,,,0.0,
2016-10-22,122.0,66.93,0.0,,,0.0,
2016-10-23,109.0,62.97,0.0,,,0.0,
2016-10-24,126.0,63.12,0.0,,,0.0,
2016-10-25,142.0,60.85,0.0,,,0.0,
2016-10-26,110.0,63.31,0.0,,,0.0,
2016-10-27,104.0,47.62,0.0,,,0.0,
2016-10-28,147.0,44.65,0.0,,,0.0,
2016-10-29,91.0,44.44,0.0,,,0.0,
2016-10-30,76.0,44.81,0.0,,,0.0,
2016-10-31,89.0,58.43,0.0,,,0.0,
2016-11-01,117.0,64.91,0.0,,,0.0,
2016-11-02,82.0,37.5,0.0,,,0.0,
2016-11-03,67.0,29.34,0.0,,,0.0,
2016-11-04,55.0,12.94,0.0,,,0.0,
2016-11-05,56.0,18.14,0.0,,,0.0,
2016-11-06,83.0,48.11,0.0,,,0.0,
2016-11-07,113.0,71.88,0.0,,,0.0,
2016-11-08,133.0,67.16,0.0,,,0.0,
2016-11-09,114.0,63.98,0.0,,,0.0,
2016-11-10,112.0,60.85,0.0,,,0.0,
2016-11-11,114.0,68.5,0.0,,,0.0,
2016-11-12,132.0,56.0,0.0,,,0.0,
2016-11-13,129.0,78.65,0.0,,,0.0,
2016-11-14,163.0,77.51,0.0,,,0.0,
2016-11-15,150.0,68.7,0.0,,,0.0,
2016-11-16,127.0,72.89,0.0,,,0.0,
2016-11-17,151.0,76.4,0.0,,,0.0,
2016-11-18,148.0,71.11,0.0,,,0.0,
2016-11-19,120.0,64.44,0.0,,,0.0,
2016-11-20,119.0,66.78,0.0,,,0.0,
2016-11-21,125.0,66.07,0.0,,,0.0,
2016-11-22,116.0,63.54,0.0,,,0.0,
2016-11-23,112.0,60.96,0.0,,,0.0,
2016-11-24,108.0,61.68,0.0,,,0.0,
2016-11-25,109.0,61.23,0.0,,,0.0,
2016-11-26,110.0,63.17,0.0,,,0.0,
2016-11-27,116.0,61.53,0.0,,,0.0,
2016-11-28,125.0,68.77,0.0,,,0.0,
2016-11-29,121.0,63.62,0.0,,,0.0,
2016-11-30,126.0,66.66,0.0,,,0.0,
2016-12-01,144.0,66.92,0.0,,,0.0,
2016-12-02,93.0,41.55,0.0,,,0.0,
2016-12-03,82.0,32.6,0.0,,,0.0,
2016-12-04,106.0,52.58,0.0,,,0.0,
2016-12-05,131.0,74.8,0.0,,,0.0,
2016-12-06,113.0,43.18,0.0,,,0.0,
2016-12-07,91.0,50.53,0.0,,,0.0,
2016-12-08,105.0,64.4,0.0,,,0.0,
2016-12-09,123.0,65.44,0.0,,,0.0,
2016-12-10,120.0,57.84,0.0,,,0.0,
2016-12-11,113.0,46.03,0.0,,,0.0,
2016-12-12,105.0,40.99,0.0,,,0.0,
2016-12-13,117.0,48.07,0.0,,,0.0,
2016-12-14,107.0,62.66,0.0,,,0.0,
2016-12-15,139.0,71.8,0.0,,,0.0,
2016-12-16,119.0,52.28,0.0,,,0.0,
2016-12-17,119.0,69.5,0.0,,,0.0,
2016-12-18,120.0,59.38,0.0,,,0.0,
2016-12-19,119.0,64.2,0.0,,,0.0,
2016-12-20,122.0,61.85,0.0,,,0.0,
2016-12-21,133.0,63.14,0.0,,,0.0,
2016-12-22,120.0,67.26,0.0,,,0.0,
2016-12-23,124.0,65.86,0.0,,,0.0,
2016-12-24,122.0,79.29,0.0,,,0.0,
2016-12-25,126.0,63.52,0.0,,,0.0,
2016-12-27,133.0,66.59,0.0,,,0.0,
2016-12-28,127.0,56.0,0.0,,,0.0,
2016-12-29,116.0,56.0,0.0,,,0.0,
2016-12-30,116.0,56.0,0.0,,,0.0,
2016-12-31,107.0,71.19,0.0,,,0.0,
2017-01-01,147.0,63.51,0.0,,,0.0,
2017-01-02,102.0,38.25,0.0,,,0.0,
2017-01-03,98.0,62.3,0.0,,,0.0,
2017-01-04,117.0,66.77,0.0,,,0.0,
2017-01-05,121.0,68.9,0.0,,,0.0,
2017-01-06,146.0,69.58,0.0,,,0.0,
2017-01-07,110.0,47.15,0.0,,,0.0,
2017-01-08,108.0,57.31,0.0,,,0.0,
2017-01-09,103.0,56.08,0.0,,,0.0,
2017-01-10,108.0,61.58,0.0,,,0.0,
2017-01-11,102.0,55.21,0.0,,,0.0,
2017-01-12,107.0,66.21,0.0,,,0.0,
2017-01-13,121.0,71.24,0.0,,,0.0,
2017-01-14,144.0,73.17,0.0,,,0.0,
2017-01-15,148.0,76.86,0.0,,,0.0,
2017-01-16,136.0,67.81,0.0,,,0.0,
2017-01-17,137.0,68.03,0.0,,,0.0,
2017-01-18,124.0,62.88,0.0,,,0.0,
2017-01-19,139.0,77.1,0.0,,,0.0,
2017-01-20,166.0,80.78,0.0,,,0.0,
2017-01-21,236.0,80.65,0.0,,,0.0,
2017-01-22,156.0,74.57,0.0,,,0.0,
2017-01-23,126.0,63.88,0.0,,,0.0,
2017-01-24,108.0,55.47,0.0,,,0.0,
2017-01-25,101.0,68.84,0.0,,,0.0,
2017-01-26,173.0,82.19,0.0,,,0.0,
2017-01-27,190.0,68.09,0.0,,,0.0,
2017-01-28,178.0,90.15,0.0,,,0.0,
2017-01-29,183.0,68.13,0.0,,,0.0,
2017-01-30,177.0,84.78,0.0,,,0.0,
2017-01-31,214.0,95.17,0.0,,,0.0,
2017-02-01,221.0,93.11,0.0,,,0.0,
2017-02-02,158.0,64.85,0.0,,,0.0,
2017-02-03,177.0,95.92,0.0,,,0.0,
2017-02-04,255.0,96.96,0.0,,,0.0,
2017-02-05,227.0,98.42,0.0,,,0.0,
2017-02-06,214.0,90.31,0.0,,,0.0,
2017-02-07,137.0,86.33,0.0,,,0.0,
2017-02-08,198.0,97.24,0.0,,,0.0,
2017-02-09,265.0,108.49,0.0,,,0.0,
2017-02-10,228.0,90.15,0.0,,,0.0,
2017-02-11,168.0,72.66,0.0,,,0.0,
2017-02-12,107.0,50.1,0.0,,,0.0,
2017-02-13,118.0,47.32,0.0,,,0.0,
2017-02-14,146.0,54.3,0.0,,,0.0,
2017-02-15,158.0,74.8,0.0,,,0.0,
2017-02-16,219.0,103.57,0.0,,,0.0,
2017-02-17,196.0,69.93,0.0,,,0.0,
2017-02-18,191.0,90.56,0.0,,,0.0,
2017-02-19,166.0,78.47,0.0,,,0.0,
2017-02-20,184.0,78.02,0.0,,,0.0,
2017-02-21,158.0,61.52,0.0,,,0.0,
2017-02-22,144.0,48.68,0.0,,,0.0,
2017-02-23,141.0,50.3,0.0,,,0.0,
2017-02-24,138.0,51.17,0.0,,,0.0,
2017-02-25,129.0,54.92,0.0,,,0.0,
2017-02-26,122.0,72.35,0.0,,,0.0,
2017-02-27,160.0,68.0,0.0,,,0.0,
2017-02-28,151.0,67.1,0.0,,,0.0,
2017-03-01,175.0,84.69,0.0,,,0.0,
2017-03-02,151.0,72.19,0.0,,,0.0,
2017-03-03,172.0,76.47,0.0,,,0.0,
2017-03-04,159.0,52.09,0.0,,,0.0,
2017-03-05,86.0,29.71,0.0,,,0.0,
2017-03-06,117.0,22.3,0.0,,,0.0,
2017-03-07,118.0,24.57,0.0,,,0.0,
2017-03-08,108.0,19.72,0.0,,,0.0,
2017-03-09,106.0,22.26,0.0,,,0.0,
2017-03-10,62.0,26.23,0.0,,,0.0,
2017-03-11,122.0,28.4,0.0,,,0.0,
2017-03-12,67.0,45.77,0.0,,,0.0,
2017-03-13,90.0,50.47,0.0,,,0.0,
2017-03-14,169.0,42.41,0.0,,,0.0,
2017-03-15,112.0,36.17,0.0,,,0.0,
2017-03-16,114.0,36.92,0.0,,,0.0,
2017-03-17,126.0,40.35,0.0,,,0.0,
2017-03-18,129.0,47.45,0.0,,,0.0,
2017-03-19,106.0,51.6,0.0,,,0.0,
2017-03-20,147.0,56.22,0.0,,,0.0,
2017-03-21,136.0,48.4,0.0,,,0.0,
2017-03-22,127.0,47.43,0.0,,,0.0,
2017-03-23,97.0,48.72,0.0,,,0.0,
2017-03-24,144.0,52.68,0.0,,,0.0,
2017-03-25,115.0,33.5,0.0,,,0.0,
2017-03-29,94.0,30.71,0.0,,,0.0,
2017-03-30,134.0,30.48,0.0,,,0.0,
2017-03-31,140.0,30.66,0.0,,,0.0,
2017-04-01,140.0,33.98,0.0,,,0.0,
2017-04-02,106.0,32.45,0.0,,,0.0,
2017-04-03,98.0,28.03,0.0,,,0.0,
2017-04-04,128.0,30.18,0.0,,,0.0,
2017-04-05,136.0,39.15,0.0,,,0.0,
2017-04-06,142.0,46.38,0.0,,,0.0,
2017-04-07,152.0,45.34,0.0,,,0.0,
2017-04-08,149.0,45.08,0.0,,,0.0,
2017-04-09,94.0,30.88,0.0,,,0.0,
2017-04-11,131.0,28.6,0.0,,,0.0,
2017-10-31,116.0,55.84,0.0,,,0.0,
2017-11-01,149.0,47.12,0.0,,,0.0,
2017-11-02,144.0,54.15,0.0,,,0.0,
2017-11-03,141.0,39.54,0.0,,,0.0,
2017-11-04,86.0,27.6,0.0,,,0.0,
2017-11-05,82.0,23.59,0.0,,,0.0,
2017-11-06,70.0,22.41,0.0,,,0.0,
2017-11-07,94.0,28.03,0.0,,,0.0,
2017-11-08,85.0,29.4,0.0,,,0.0,
2017-11-09,90.0,42.25,0.0,,,0.0,
2017-11-10,99.0,54.75,0.0,,,0.0,
2017-11-11,148.0,60.62,0.0,,,0.0,
2017-11-12,150.0,56.4,0.0,,,0.0,
2017-11-13,130.0,33.02,0.0,,,0.0,
2017-11-14,93.0,30.55,0.0,,,0.0,
2017-11-15,85.0,13.1,0.0,,,0.0,
2017-11-16,64.0,6.48,0.0,,,0.0,
2017-11-17,63.0,7.8,0.0,,,0.0,
2017-11-18,58.0,10.89,0.0,,,0.0,
2017-11-19,52.0,15.12,0.0,,,0.0,
2017-11-20,74.0,13.71,0.0,,,0.0,
2017-11-21,62.0,38.17,0.0,,,0.0,
2017-11-22,95.0,61.5,0.0,,,0.0,
2017-11-23,120.0,67.51,0.0,,,0.0,
2017-11-24,161.0,72.41,0.0,,,0.0,
2017-11-25,174.0,69.52,0.0,,,0.0,
2017-11-26,175.0,70.0,0.0,,,0.0,
2017-11-27,153.0,62.29,0.0,,,0.0,
2017-11-28,158.0,82.35,0.0,,,0.0,
2017-11-29,138.0,51.25,0.0,,,0.0,
2017-11-30,116.0,56.05,0.0,,,0.0,
2017-12-01,122.0,61.99,0.0,,,0.0,
2017-12-02,165.0,71.27,0.0,,,0.0,
2017-12-03,157.0,69.02,0.0,,,0.0,
2017-12-04,162.0,75.65,0.0,,,0.0,
2017-12-05,207.0,98.32,0.0,,,0.0,
2017-12-06,230.0,101.28,0.0,,,0.0,
2017-12-07,195.0,83.65,0.0,,,0.0,
2017-12-08,155.0,60.98,0.0,,,0.0,
2017-12-09,104.0,55.61,0.0,,,0.0,
2017-12-10,148.0,77.81,0.0,,,0.0,
2017-12-11,132.0,72.49,0.0,,,0.0,
2017-12-12,159.0,76.95,0.0,,,0.0,
2017-12-13,169.0,80.72,0.0,,,0.0,
2017-12-14,128.0,66.31,0.0,,,0.0,
2017-12-15,125.0,66.12,0.0,,,0.0,
2017-12-16,155.0,83.31,0.0,,,0.0,
2017-12-17,206.0,92.11,0.0,,,0.0,
2017-12-18,158.0,72.64,0.0,,,0.0,
2017-12-19,131.0,55.81,0.0,,,0.0,
2017-12-20,124.0,72.83,0.0,,,0.0,
2017-12-21,142.0,67.7,0.0,,,0.0,
2017-12-22,164.0,89.92,0.0,,,0.0,
2017-12-23,251.0,113.04,0.0,,,0.0,
2017-12-24,268.0,117.2,0.0,,,0.0,
2017-12-25,292.0,115.56,0.0,,,0.0,
2017-12-26,296.0,123.9,0.0,,,0.0,
2017-12-27,290.0,101.93,0.0,,,0.0,
2017-12-28,203.0,88.29,0.0,,,0.0,
2017-12-29,160.0,52.25,0.0,,,0.0,
2017-12-30,99.0,58.56,0.0,,,0.0,
2017-12-31,129.0,67.75,0.0,,,0.0,
2018-01-01,131.0,59.73,0.0,,,0.0,
2018-01-02,125.0,64.22,0.0,,,0.0,
2018-01-03,132.0,72.28,0.0,,,0.0,
2018-01-04,231.0,112.67,0.0,,,0.0,
2018-01-05,233.0,89.89,0.0,,,0.0,
2018-01-06,231.0,106.06,0.0,,,0.0,
2018-01-07,230.0,92.74,0.0,,,0.0,
2018-01-08,229.0,100.71,0.0,,,0.0,
2018-01-09,150.0,63.83,0.0,,,0.0,
2018-01-10,192.0,98.05,0.0,,,0.0,
2018-01-11,279.0,123.81,0.0,,,0.0,
2018-01-12,305.0,128.34,0.0,,,0.0,
2018-01-13,293.0,117.2,0.0,,,0.0,
2018-01-14,334.0,199.94,0.0,,,0.0,
2018-01-15,320.0,113.89,0.0,,,0.0,
2018-01-16,284.0,123.38,0.0,,,0.0,
2018-01-17,297.0,104.12,0.0,,,0.0,
2018-01-18,189.0,83.42,0.0,,,0.0,
2018-01-19,180.0,85.14,0.0,,,0.0,
2018-01-20,229.0,103.95,0.0,,,0.0,
2018-01-21,224.0,90.25,0.0,,,0.0,
2018-01-22,200.0,93.18,0.0,,,0.0,
2018-01-23,226.0,108.47,0.0,,,0.0,
2018-01-28,182.0,83.94,0.0,,,0.0,
2018-01-29,176.0,87.12,0.0,,,0.0,
2018-01-30,219.0,95.29,0.0,,,0.0,
2018-01-31,215.0,92.94,0.0,,,0.0,
2018-02-01,179.0,73.77,0.0,,,0.0,
2018-02-02,172.0,81.05,0.0,,,0.0,
2018-02-03,164.0,78.53,0.0,,,0.0,
2018-02-04,169.0,63.4,0.0,,,0.0,
2018-02-05,162.0,65.06,0.0,,,0.0,
2018-02-06,150.0,69.68,0.0,,,0.0,
2018-02-07,136.0,62.76,0.0,,,0.0,
2018-02-08,116.0,51.09,0.0,,,0.0,
2018-02-09,112.0,49.31,0.0,,,0.0,
2018-02-10,99.0,52.48,0.0,,,0.0,
2018-02-11,140.0,72.97,0.0,,,0.0,
2018-02-12,136.0,72.05,0.0,,,0.0,
2018-02-13,144.0,65.12,0.0,,,0.0,
2018-02-14,121.0,52.38,0.0,,,0.0,
2018-02-15,134.0,67.26,0.0,,,0.0,
2018-02-16,137.0,72.41,0.0,,,0.0,
2018-02-17,169.0,82.74,0.0,,,0.0,
2018-02-18,136.0,66.72,0.0,,,0.0,
2018-02-19,148.0,78.83,0.0,,,0.0,
2018-02-20,174.0,81.56,0.0,,,0.0,
2018-02-21,156.0,72.27,0.0,,,0.0,
2018-02-22,160.0,71.19,0.0,,,0.0,
2018-02-23,157.0,76.45,0.0,,,0.0,
2018-02-24,195.0,86.82,0.0,,,0.0,
2018-02-25,232.0,61.99,0.0,,,0.0,
2018-02-26,182.0,58.94,0.0,,,0.0,
2018-02-27,131.0,48.33,0.0,,,0.0,
2018-02-28,128.0,50.69,0.0,,,0.0,
2018-03-01,142.0,56.85,0.0,,,0.0,
2018-03-02,124.0,54.86,0.0,,,0.0,
2018-03-03,118.0,37.05,0.0,,,0.0,
2018-03-04,115.0,31.85,0.0,,,0.0,
2018-03-05,121.0,47.48,0.0,,,0.0,
2018-03-06,124.0,48.65,0.0,,,0.0,
2018-03-07,115.0,64.04,0.0,,,0.0,
2018-03-08,124.0,50.73,0.0,,,0.0,
2018-03-09,85.0,45.48,0.0,,,0.0,
2018-03-10,114.0,60.64,0.0,,,0.0,
2018-03-11,126.0,63.92,0.0,,,0.0,
2018-03-12,120.0,57.28,0.0,,,0.0,
2018-03-13,112.0,48.89,0.0,,,0.0,
2018-03-14,117.0,39.85,0.0,,,0.0,
2018-03-15,109.0,42.34,0.0,,,0.0,
2018-03-16,99.0,42.47,0.0,,,0.0,
2018-03-17,148.0,96.1,0.0,,,0.0,
2018-03-18,224.0,93.98,0.0,,,0.0,
2018-03-19,168.0,67.56,0.0,,,0.0,
2018-03-20,105.0,55.97,0.0,,,0.0,
2018-03-21,107.0,60.63,0.0,,,0.0,
2018-03-22,110.0,51.64,0.0,,,0.0,
2018-03-23,121.0,55.66,0.0,,,0.0,
2018-03-24,116.0,54.05,0.0,,,0.0,
2018-03-25,106.0,45.64,0.0,,,0.0,
2018-03-26,99.0,51.89,0.0,,,0.0,
2018-03-27,110.0,48.2,0.0,,,0.0,
2018-03-28,88.0,30.53,0.0,,,0.0,
2018-03-29,71.0,27.49,0.0,,,0.0,
2018-03-30,73.0,29.82,0.0,,,0.0,
2018-03-31,82.0,38.7,0.0,,,0.0,
2018-04-01,101.0,36.96,0.0,,,0.0,
2018-04-02,95.0,29.16,0.0,,,0.0,
2018-04-03,62.0,22.21,0.0,,,0.0,
2018-04-04,70.0,23.84,0.0,,,0.0,
2018-04-05,72.0,27.42,0.0,,,0.0,
2018-04-06,89.0,38.43,0.0,,,0.0,
2018-04-07,95.0,36.88,0.0,,,0.0,
2018-04-08,84.0,23.42,0.0,,,0.0,
2018-04-09,75.0,39.79,0.0,,,0.0,
2018-04-10,90.0,47.17,0.0,,,0.0,
2018-04-11,85.0,29.43,0.0,,,0.0,
2018-04-12,59.0,22.09,0.0,,,0.0,
2018-04-13,81.0,28.25,0.0,,,0.0,
2018-04-14,54.0,18.89,0.0,,,0.0,
2018-04-15,66.0,15.53,0.0,,,0.0,
2018-04-16,55.0,17.15,0.0,,,0.0,
2018-04-17,78.0,27.23,0.0,,,0.0,
2018-04-18,71.0,19.46,0.0,,,0.0,
2018-04-19,66.0,17.86,0.0,,,0.0,
2018-04-20,65.0,16.36,0.0,,,0.0,
2018-04-21,80.0,21.74,0.0,,,0.0,
2018-04-22,76.0,15.93,0.0,,,0.0,
2018-04-24,98.0,29.64,0.0,,,0.0,
2018-04-25,86.0,25.81,0.0,,,0.0,
2018-04-26,76.0,21.97,0.0,,,0.0,
2018-04-27,77.0,16.34,0.0,,,0.0,
2018-04-28,49.0,13.9,0.0,,,0.0,
2018-04-29,60.0,17.59,0.0,,,0.0,
2018-04-30,67.0,14.44,0.0,,,0.0,
2018-05-01,65.0,14.65,0.0,,,0.0,
2018-05-02,91.0,31.6,0.0,,,0.0,
2018-05-04,84.0,22.42,0.0,,,0.0,
2018-05-05,77.0,18.79,0.0,,,0.0,
2018-05-06,70.0,14.83,0.0,,,0.0,
2018-05-07,81.0,16.6,0.0,,,0.0,
2018-05-08,84.0,19.95,0.0,,,0.0,
2018-05-09,102.0,19.27,0.0,,,0.0,
2018-05-10,90.0,20.57,0.0,,,0.0,
2018-05-11,77.0,9.35,0.0,,,0.0,
2018-05-12,119.0,81.14,0.0,,,0.0,
2018-05-13,130.0,16.11,0.0,,,0.0,
2018-05-15,81.0,25.41,0.0,,,0.0,
2018-05-16,76.0,17.96,0.0,,,0.0,
2018-05-17,79.0,12.0,0.0,,,0.0,
2018-05-18,69.0,20.89,0.0,,,0.0,
2018-05-19,101.0,20.64,0.0,,,0.0,
2018-05-20,76.0,16.73,0.0,,,0.0,
2018-05-22,75.0,14.85,0.0,,,0.0,
2018-05-23,60.0,11.81,0.0,,,0.0,
2018-05-24,47.0,13.64,0.0,,,0.0,
2018-05-25,44.0,11.32,0.0,,,0.0,
2018-05-26,40.0,13.25,0.0,,,0.0,
2018-05-27,38.0,14.42,0.0,,,0.0,
2018-05-28,56.0,25.1,0.0,,,0.0,
2018-05-29,87.0,27.11,0.0,,,0.0,
2018-05-30,98.0,37.85,0.0,,,0.0,
2018-05-31,103.0,34.18,0.0,,,0.0,
2018-06-01,107.0,39.17,0.0,,,0.0,
2018-06-02,89.0,30.78,0.0,,,0.0,
2018-06-03,90.0,38.25,0.0,,,0.0,
2018-06-05,124.0,57.79,0.0,,,0.0,
2018-06-06,101.0,35.24,0.0,,,0.0,
2018-06-07,82.0,28.43,0.0,,,0.0,
2018-06-09,95.0,36.75,0.0,,,0.0,
2018-06-10,81.0,28.69,0.0,,,0.0,
2018-06-11,82.0,30.94,0.0,,,0.0,
2018-06-12,83.0,35.48,0.0,,,0.0,
2018-06-13,105.0,35.64,0.0,,,0.0,
2018-06-14,126.0,38.98,0.0,,,0.0,
2018-06-15,151.0,53.56,0.0,,,0.0,
2018-06-16,158.0,50.78,0.0,,,0.0,
2018-06-17,147.0,,0.0,,,0.0,
2018-06-21,112.0,27.7,0.0,,,0.0,
2018-06-22,92.0,27.05,0.0,,,0.0,
2018-06-23,79.0,26.17,0.0,,,0.0,
2018-06-24,101.0,30.25,0.0,,,0.0,
2018-06-25,97.0,30.0,0.0,,,0.0,
2018-06-27,111.0,33.04,0.0,,,0.0,
2018-06-28,84.0,27.29,0.0,,,0.0,
2018-06-29,76.0,32.92,0.0,,,0.0,
2018-06-30,85.0,33.78,0.0,,,0.0,
2018-07-01,79.0,32.22,0.0,,,0.0,
2018-07-02,95.0,31.92,0.0,,,0.0,
2018-07-03,80.0,38.8,0.0,,,0.0,
2018-07-04,90.0,33.39,0.0,,,0.0,
2018-07-05,100.0,24.36,0.0,,,0.0,
2018-07-06,85.0,27.25,0.0,,,0.0,
2018-07-07,87.0,35.14,0.0,,,0.0,
2018-07-08,88.0,33.26,0.0,,,0.0,
2018-07-09,81.0,34.32,0.0,,,0.0,
2018-07-10,91.0,30.08,0.0,,,0.0,
2018-07-11,83.0,31.55,0.0,,,0.0,
2018-07-12,84.0,25.83,0.0,,,0.0,
2018-07-13,68.0,28.16,0.0,,,0.0,
2018-07-14,91.0,36.57,0.0,,,0.0,
2018-07-15,68.0,21.84,0.0,,,0.0,
2018-07-16,70.0,28.49,0.0,,,0.0,
2018-07-17,89.0,22.82,0.0,,,0.0,
2018-07-18,82.0,29.86,0.0,,,0.0,
2018-07-19,69.0,22.54,0.0,,,0.0,
2018-07-20,63.0,27.9,0.0,,,0.0,
2018-07-21,67.0,27.85,0.0,,,0.0,
2018-07-22,81.0,32.61,0.0,,,0.0,
2018-07-23,104.0,36.78,0.0,,,0.0,
2018-07-24,127.0,41.99,0.0,,,0.0,
2018-07-25,123.0,43.56,0.0,,,0.0,
2018-07-26,130.0,44.48,0.0,,,0.0,
2018-07-27,125.0,35.02,0.0,,,0.0,
2018-07-28,113.0,35.58,0.0,,,0.0,
2018-07-29,114.0,40.33,0.0,,,0.0,
2018-07-30,118.0,43.0,0.0,,,0.0,
2018-08-02,117.0,40.26,0.0,,,0.0,
2018-08-03,130.0,52.43,0.0,,,0.0,
2018-08-04,142.0,53.49,0.0,,,0.0,
2018-08-05,128.0,,0.0,,,0.0,
2018-08-06,109.0,48.5,0.0,,,0.0,
2018-08-07,106.0,45.4,0.0,,,0.0,
2018-08-08,73.0,39.1,0.0,,,0.0,
2018-08-09,100.0,44.7,0.0,,,0.0,
2018-08-10,107.0,53.32,0.0,,,0.0,
2018-08-11,93.0,34.35,0.0,,,0.0,
2018-08-12,76.0,21.86,0.0,,,0.0,
2018-08-17,87.0,25.69,0.0,,,0.0,
2018-08-18,72.0,32.84,0.0,,,0.0,
2018-08-19,63.0,17.9,0.0,,,0.0,
2018-08-21,54.0,20.96,0.0,,,0.0,
2018-08-22,61.0,30.03,0.0,,,0.0,
2018-08-23,74.0,31.38,0.0,,,0.0,
2018-08-24,72.0,,0.0,,,0.0,
2018-08-28,122.0,41.97,0.0,,,0.0,
2018-08-29,118.0,48.18,0.0,,,0.0,
2018-08-30,114.0,43.89,0.0,,,0.0,
2018-08-31,116.0,51.3,0.0,,,0.0,
2018-09-01,108.0,35.33,0.0,,,0.0,
2018-09-02,87.0,39.86,0.0,,,0.0,
2018-09-03,97.0,45.16,0.0,,,0.0,
2018-09-04,107.0,41.12,0.0,,,0.0,
2018-09-05,96.0,39.34,0.0,,,0.0,
2018-09-06,106.0,48.18,0.0,,,0.0,
2018-09-07,118.0,41.28,0.0,,,0.0,
2018-09-08,110.0,47.03,0.0,,,0.0,
2018-09-09,141.0,65.02,0.0,,,0.0,
2018-09-10,129.0,48.09,0.0,,,0.0,
2018-09-11,105.0,47.34,0.0,,,0.0,
2018-09-12,106.0,56.6,0.0,,,0.0,
2018-09-13,121.0,64.77,0.0,,,0.0,
2018-09-14,100.0,62.18,0.0,,,0.0,
2018-09-15,138.0,62.22,0.0,,,0.0,
2018-09-16,154.0,67.61,0.0,,,0.0,
2018-09-17,96.0,33.98,0.0,,,0.0,
2018-09-18,100.0,41.23,0.0,,,0.0,
2018-09-19,119.0,47.77,0.0,,,0.0,
2018-09-20,110.0,71.26,0.0,,,0.0,
2018-09-21,102.0,37.58,0.0,,,0.0,
2018-09-22,77.0,38.53,0.0,,,0.0,
2018-09-23,114.0,38.46,0.0,,,0.0,
2018-09-24,78.0,29.18,0.0,,,0.0,
2018-09-25,86.0,28.61,0.0,,,0.0,
2018-09-26,98.0,34.19,0.0,,,0.0,
2018-09-27,99.0,36.81,0.0,,,0.0,
2018-09-28,66.0,18.71,0.0,,,0.0,
2018-09-29,70.0,28.19,0.0,,,0.0,
2018-09-30,104.0,52.09,0.0,,,0.0,
2018-10-01,157.0,73.3,0.0,,,0.0,
2018-10-02,122.0,64.0,0.0,,,0.0,
2018-10-03,107.0,31.64,0.0,,,0.0,
2018-10-04,117.0,62.23,0.0,,,0.0,
2018-10-05,130.0,57.35,0.0,,,0.0,
2018-10-06,149.0,78.54,0.0,,,0.0,
2018-10-07,153.0,69.29,0.0,,,0.0,
2018-10-08,107.0,54.88,0.0,,,0.0,
2018-10-09,112.0,42.4,0.0,,,0.0,
2018-10-10,112.0,31.74,0.0,,,0.0,
2018-10-11,106.0,49.33,0.0,,,0.0,
2018-10-12,115.0,43.88,0.0,,,0.0,
2018-10-13,122.0,69.73,0.0,,,0.0,
2018-10-14,114.0,58.04,0.0,,,0.0,
2018-10-15,98.0,49.55,0.0,,,0.0,
2018-10-16,98.0,40.69,0.0,,,0.0,
2018-10-17,80.0,53.01,0.0,,,0.0,
2018-10-18,144.0,86.27,0.0,,,0.0,
2018-10-19,181.0,145.0,0.0,,,0.0,
2018-10-20,168.0,69.05,0.0,,,0.0,
2018-10-21,199.0,99.12,0.0,,,0.0,
2018-10-22,236.0,107.88,0.0,,,0.0,
2018-10-23,288.0,111.32,0.0,,,0.0,
2018-10-24,228.0,90.26,0.0,,,0.0,
2018-10-25,177.0,78.89,0.0,,,0.0,
2018-10-26,152.0,52.93,0.0,,,0.0,
2018-10-27,160.0,63.16,0.0,,,0.0,
2018-10-28,182.0,44.31,0.0,,,0.0,
2018-10-29,118.0,34.42,0.0,,,0.0,
2018-10-30,95.0,37.5,0.0,,,0.0,
2018-10-31,63.0,22.75,0.0,,,0.0,
2018-11-01,47.0,11.04,0.0,,,0.0,
2018-11-02,44.0,11.34,0.0,,,0.0,
2018-11-03,38.0,7.47,0.0,,,0.0,
2018-11-04,40.0,8.24,0.0,,,0.0,
2018-11-05,44.0,11.35,0.0,,,0.0,
2018-11-06,74.0,30.77,0.0,,,0.0,
2018-11-07,112.0,101.79,0.0,,,0.0,
2018-11-08,387.0,198.38,0.0,,,0.0,
2018-11-09,142.0,48.16,0.0,,,0.0,
2018-11-10,127.0,66.51,0.0,,,0.0,
2018-11-11,147.0,87.49,0.0,,,0.0,
2018-11-12,214.0,90.03,0.0,,,0.0,
2018-11-13,170.0,56.29,0.0,,,0.0,
2018-11-14,170.0,72.47,0.0,,,0.0,
2018-11-15,139.0,57.22,0.0,,,0.0,
2018-11-16,103.0,54.95,0.0,,,0.0,
2018-11-17,131.0,57.21,0.0,,,0.0,
2018-11-18,107.0,40.27,0.0,,,0.0,
2018-11-19,86.0,42.25,0.0,,,0.0,
2018-11-20,96.0,47.82,0.0,,,0.0,
2018-12-01,112.0,61.71,0.0,,,0.0,
2018-12-05,187.0,89.61,0.0,,,0.0,
2018-12-06,213.0,96.08,0.0,,,0.0,
2018-12-07,231.0,105.85,0.0,,,0.0,
2018-12-09,274.0,114.86,0.0,,,0.0,
2018-12-10,282.0,86.25,0.0,,,0.0,
2018-12-11,233.0,74.06,0.0,,,0.0,
2018-12-12,176.0,69.72,0.0,,,0.0,
2018-12-13,160.0,82.35,0.0,,,0.0,
2018-12-14,145.0,80.16,0.0,,,0.0,
2018-12-15,171.0,78.08,0.0,,,0.0,
2018-12-16,130.0,53.03,0.0,,,0.0,
2018-12-17,79.0,24.85,0.0,,,0.0,
2018-12-18,61.0,5.89,0.0,,,0.0,
2018-12-19,49.0,8.6,0.0,,,0.0,
2018-12-20,53.0,23.79,0.0,,,0.0,
2018-12-21,75.0,43.75,0.0,,,0.0,
2018-12-22,91.0,63.48,0.0,,,0.0,
2018-12-23,158.0,86.99,0.0,,,0.0,
2018-12-24,198.0,87.29,0.0,,,0.0,
2018-12-25,230.0,104.71,0.0,,,0.0,
2018-12-26,291.0,118.3,0.0,,,0.0,
2018-12-27,276.0,111.24,0.0,,,0.0,
2018-12-28,255.0,100.63,0.0,,,0.0,
2018-12-29,220.0,77.43,0.0,,,0.0,
2018-12-30,152.0,70.2,0.0,,,0.0,
2019-01-01,278.0,131.6,0.0,,,0.0,
2019-01-02,298.0,132.69,0.0,,,0.0,
2019-01-03,319.0,148.04,0.0,,,0.0,
2019-01-04,315.0,139.55,0.0,,,0.0,
2019-01-05,299.0,116.68,0.0,,,0.0,
2019-01-06,304.0,132.1,0.0,,,0.0,
2019-01-07,307.0,119.16,0.0,,,0.0,
2019-01-08,296.0,136.86,0.0,,,0.0,
2019-01-09,320.0,137.45,0.0,,,0.0,
2019-01-10,309.0,135.46,0.0,,,0.0,
2019-01-11,279.0,106.66,0.0,,,0.0,
2019-01-12,291.0,115.8,0.0,,,0.0,
2019-01-13,280.0,120.2,0.0,,,0.0,
2019-01-14,343.0,203.05,0.0,,,0.0,
2019-01-15,281.0,76.5,0.0,,,0.0,
2019-01-16,226.0,,0.0,,,0.0,
2019-01-17,199.0,102.42,0.0,,,0.0,
2019-01-18,274.0,126.4,0.0,,,0.0,
2019-01-19,305.0,125.44,0.0,,,0.0,
2019-01-20,307.0,125.76,0.0,,,0.0,
2019-01-21,313.0,143.69,0.0,,,0.0,
2019-01-22,315.0,129.7,0.0,,,0.0,
2019-01-23,302.0,118.46,0.0,,,0.0,
2019-01-24,281.0,115.56,0.0,,,0.0,
2019-01-25,257.0,100.56,0.0,,,0.0,
2019-01-26,113.0,45.94,0.0,,,0.0,
2019-01-27,101.0,80.45,0.0,,,0.0,
2019-01-28,196.0,85.77,0.0,,,0.0,
2019-01-29,172.0,79.75,0.0,,,0.0,
2019-01-30,160.0,71.88,0.0,,,0.0,
2019-01-31,117.0,57.58,0.0,,,0.0,
2019-02-01,116.0,53.84,0.0,,,0.0,
2019-02-02,205.0,99.81,0.0,,,0.0,
2019-02-03,205.0,85.53,0.0,,,0.0,
2019-02-04,147.0,71.09,0.0,,,0.0,
2019-02-05,228.0,111.01,0.0,,,0.0,
2019-02-06,272.0,113.48,0.0,,,0.0,
2019-02-07,283.0,118.36,0.0,,,0.0,
2019-02-08,277.0,98.9,0.0,,,0.0,
2019-02-09,165.0,76.34,0.0,,,0.0,
2019-02-10,147.0,76.17,0.0,,,0.0,
2019-02-11,126.0,59.05,0.0,,,0.0,
2019-02-12,114.0,54.84,0.0,,,0.0,
2019-02-13,122.0,59.6,0.0,,,0.0,
2019-02-14,182.0,94.42,0.0,,,0.0,
2019-02-15,144.0,55.03,0.0,,,0.0,
2019-02-16,115.0,67.33,0.0,,,0.0,
2019-02-17,109.0,50.92,0.0,,,0.0,
2019-02-18,109.0,51.74,0.0,,,0.0,
2019-02-19,84.0,33.27,0.0,,,0.0,
2019-02-20,82.0,39.61,0.0,,,0.0,
2019-02-21,98.0,51.81,0.0,,,0.0,
2019-02-22,103.0,52.8,0.0,,,0.0,
2019-02-23,118.0,51.41,0.0,,,0.0,
2019-02-24,124.0,41.71,0.0,,,0.0,
2019-02-25,137.0,48.26,0.0,,,0.0,
2019-02-26,148.0,52.58,0.0,,,0.0,
2019-03-02,48.0,15.89,0.0,,,0.0,
2019-03-03,63.0,26.93,0.0,,,0.0,
2019-03-04,78.0,27.8,0.0,,,0.0,
2019-03-05,92.0,22.27,0.0,,,0.0,
2019-03-06,102.0,42.23,0.0,,,0.0,
2019-03-07,104.0,30.85,0.0,,,0.0,
2019-03-08,81.0,33.92,0.0,,,0.0,
2019-03-09,80.0,27.95,0.0,,,0.0,
2019-03-10,79.0,19.08,0.0,,,0.0,
2019-03-11,74.0,21.22,0.0,,,0.0,
2019-03-12,105.0,30.96,0.0,,,0.0,
2019-03-13,121.0,42.54,0.0,,,0.0,
2019-03-14,131.0,50.39,0.0,,,0.0,
2019-03-15,130.0,43.56,0.0,,,0.0,
2019-03-16,107.0,28.18,0.0,,,0.0,
2019-03-17,98.0,34.35,0.0,,,0.0,
2019-03-18,98.0,30.15,0.0,,,0.0,
2019-03-19,100.0,32.39,0.0,,,0.0,
2019-03-20,78.0,27.53,0.0,,,0.0,
2019-03-21,74.0,23.36,0.0,,,0.0,
2019-03-22,91.0,36.33,0.0,,,0.0,
2019-03-23,114.0,31.12,0.0,,,0.0,
2019-03-24,101.0,31.06,0.0,,,0.0,
2019-03-25,99.0,36.77,0.0,,,0.0,
2019-03-26,81.0,24.49,0.0,,,0.0,
2019-03-27,71.0,24.5,0.0,,,0.0,
2019-03-28,87.0,30.49,0.0,,,0.0,
2019-03-29,91.0,31.8,0.0,,,0.0,
2019-03-30,103.0,37.15,0.0,,,0.0,
2019-03-31,110.0,44.75,0.0,,,0.0,
2019-04-01,126.0,43.25,0.0,,,0.0,
2019-04-02,108.0,28.42,0.0,,,0.0,
2019-04-03,101.0,27.5,0.0,,,0.0,
2019-04-04,91.0,27.02,0.0,,,0.0,
2019-04-05,96.0,23.63,0.0,,,0.0,
2019-04-06,86.0,32.96,0.0,,,0.0,
2019-04-07,105.0,25.61,0.0,,,0.0,
2019-04-08,81.0,22.42,0.0,,,0.0,
2019-04-09,80.0,23.73,0.0,,,0.0,
2019-04-10,100.0,33.69,0.0,,,0.0,
2019-04-11,86.0,,0.0,,,0.0,
2019-04-13,96.0,27.28,0.0,,,0.0,
2019-04-14,99.0,20.65,0.0,,,0.0,
2019-04-15,89.0,28.84,0.0,,,0.0,
2019-04-16,110.0,31.45,0.0,,,0.0,
2019-04-17,114.0,35.3,0.0,,,0.0,
2019-04-18,111.0,31.25,0.0,,,0.0,
2019-04-19,88.0,22.48,0.0,,,0.0,
2019-04-20,71.0,21.76,0.0,,,0.0,
2019-04-21,79.0,25.62,0.0,,,0.0,
2019-04-22,85.0,29.58,0.0,,,0.0,
2019-04-23,72.0,26.19,0.0,,,0.0,
2019-04-24,63.0,21.88,0.0,,,0.0,
2019-04-25,83.0,37.51,0.0,,,0.0,
2019-04-26,116.0,38.9,0.0,,,0.0,
2019-04-27,113.0,29.45,0.0,,,0.0,
2019-04-28,102.0,25.92,0.0,,,0.0,
2019-04-29,85.0,18.89,0.0,,,0.0,
2019-04-30,56.0,12.9,0.0,,,0.0,
2019-05-01,46.0,13.18,0.0,,,0.0,
2019-05-02,50.0,15.1,0.0,,,0.0,
2019-05-03,97.0,59.67,0.0,,,0.0,
2019-05-04,175.0,52.61,0.0,,,0.0,
2019-05-05,160.0,65.23,0.0,,,0.0,
2019-05-06,190.0,67.2,0.0,,,0.0,
2019-05-07,163.0,56.08,0.0,,,0.0,
2019-05-08,166.0,54.82,0.0,,,0.0,
2019-05-09,151.0,61.23,0.0,,,0.0,
2019-05-10,163.0,56.23,0.0,,,0.0,
2019-05-11,140.0,49.08,0.0,,,0.0,
2019-05-12,138.0,44.74,0.0,,,0.0,
2019-05-13,135.0,43.14,0.0,,,0.0,
2019-05-14,129.0,37.06,0.0,,,0.0,
2019-05-15,116.0,45.0,0.0,,,0.0,
2019-05-16,111.0,29.21,0.0,,,0.0,
2019-05-17,125.0,35.01,0.0,,,0.0,
2019-05-18,117.0,40.21,0.0,,,0.0,
2019-05-19,127.0,38.02,0.0,,,0.0,
2019-05-21,108.0,31.98,0.0,,,0.0,
2019-05-22,115.0,32.84,0.0,,,0.0,
2019-05-23,106.0,26.16,0.0,,,0.0,
2019-05-24,101.0,29.8,0.0,,,0.0,
2019-05-25,109.0,39.15,0.0,,,0.0,
2019-05-26,126.0,57.41,0.0,,,0.0,
2019-05-27,120.0,31.75,0.0,,,0.0,
2019-05-28,106.0,39.54,0.0,,,0.0,
2019-05-29,114.0,33.95,0.0,,,0.0,
2019-05-30,111.0,33.91,0.0,,,0.0,
2019-05-31,103.0,37.1,0.0,,,0.0,
2019-06-01,103.0,45.29,0.0,,,0.0,
2019-06-02,87.0,50.58,0.0,,,0.0,
2019-06-03,97.0,29.74,0.0,,,0.0,
2019-06-04,109.0,42.08,0.0,,,0.0,
2019-06-05,88.0,50.27,0.0,,,0.0,
2019-06-06,117.0,38.91,0.0,,,0.0,
2019-06-07,121.0,45.26,0.0,,,0.0,
2019-06-08,109.0,37.51,0.0,,,0.0,
2019-06-09,119.0,55.58,0.0,,,0.0,
2019-06-10,122.0,47.28,0.0,,,0.0,
2019-06-11,99.0,37.53,0.0,,,0.0,
2019-06-12,119.0,,0.0,,,0.0,
2019-06-13,112.0,27.89,0.0,,,0.0,
2019-06-14,101.0,39.18,0.0,,,0.0,
2019-06-15,122.0,37.35,0.0,,,0.0,
2019-06-16,135.0,40.03,0.0,,,0.0,
2019-06-17,109.0,33.4,0.0,,,0.0,
2019-06-18,100.0,40.58,0.0,,,0.0,
2019-06-19,153.0,59.13,0.0,,,0.0,
2019-06-20,126.0,37.62,0.0,,,0.0,
2019-06-21,86.0,28.8,0.0,,,0.0,
2019-06-22,104.0,56.84,0.0,,,0.0,
2019-06-23,98.0,39.46,0.0,,,0.0,
2019-06-24,75.0,35.47,0.0,,,0.0,
2019-06-25,60.0,22.96,0.0,,,0.0,
2019-06-26,73.0,30.65,0.0,,,0.0,
2019-06-27,98.0,40.18,0.0,,,0.0,
2019-06-28,100.0,30.4,0.0,,,0.0,
2019-06-29,105.0,25.84,0.0,,,0.0,
2019-06-30,80.0,20.4,0.0,,,0.0,
2019-07-02,88.0,29.39,0.0,,,0.0,
2019-07-03,107.0,33.41,0.0,,,0.0,
2019-07-04,132.0,33.55,0.0,,,0.0,
2019-07-05,110.0,33.67,0.0,,,0.0,
2019-07-06,80.0,25.58,0.0,,,0.0,
2019-07-07,107.0,30.74,0.0,,,0.0,
2019-07-08,128.0,26.75,0.0,,,0.0,
2019-07-10,129.0,31.12,0.0,,,0.0,
2019-07-11,108.0,25.62,0.0,,,0.0,
2019-07-12,102.0,20.88,0.0,,,0.0,
2019-07-13,110.0,34.28,0.0,,,0.0,
2019-07-14,106.0,28.47,0.0,,,0.0,
2019-07-16,106.0,41.9,0.0,,,0.0,
2019-07-17,143.0,57.36,0.0,,,0.0,
2019-07-18,117.0,40.74,0.0,,,0.0,
2019-07-19,106.0,58.92,0.0,,,0.0,
2019-07-20,89.0,34.17,0.0,,,0.0,
2019-07-21,57.0,20.21,0.0,,,0.0,
2019-07-22,46.0,20.03,0.0,,,0.0,
2019-07-23,49.0,16.74,0.0,,,0.0,
2019-07-24,75.0,29.76,0.0,,,0.0,
2019-07-25,100.0,29.61,0.0,,,0.0,
2019-07-26,78.0,19.61,0.0,,,0.0,
2019-07-27,52.0,17.07,0.0,,,0.0,
2019-07-28,71.0,27.38,0.0,,,0.0,
2019-07-29,53.0,24.48,0.0,,,0.0,
2019-07-30,85.0,26.17,0.0,,,0.0,
2019-07-31,104.0,32.33,0.0,,,0.0,
2019-08-01,113.0,26.12,0.0,,,0.0,
2019-08-02,75.0,17.8,0.0,,,0.0,
2019-08-03,68.0,25.11,0.0,,,0.0,
2019-08-04,83.0,29.95,0.0,,,0.0,
2019-08-05,88.0,21.59,0.0,,,0.0,
2019-08-06,82.0,22.25,0.0,,,0.0,
2019-08-07,52.0,14.45,0.0,,,0.0,
2019-08-08,63.0,24.41,0.0,,,0.0,
2019-08-09,90.0,30.46,0.0,,,0.0,
2019-08-10,98.0,36.4,0.0,,,0.0,
2019-08-11,102.0,29.25,0.0,,,0.0,
2019-08-12,90.0,42.33,0.0,,,0.0,
2019-08-13,101.0,38.76,0.0,,,0.0,
2019-08-14,108.0,38.11,0.0,,,0.0,
2019-08-15,113.0,44.17,0.0,,,0.0,
2019-08-17,96.0,46.96,0.0,,,0.0,
2019-08-18,113.0,39.9,0.0,,,0.0,
2019-08-19,112.0,49.19,0.0,,,0.0,
2019-08-20,108.0,51.98,0.0,,,0.0,
2019-08-21,112.0,36.68,0.0,,,0.0,
2019-08-22,77.0,29.83,0.0,,,0.0,
2019-08-23,109.0,45.17,0.0,,,0.0,
2019-08-24,97.0,30.77,0.0,,,0.0,
2019-08-25,82.0,26.34,0.0,,,0.0,
2019-08-27,108.0,35.18,0.0,,,0.0,
2019-08-28,109.0,32.64,0.0,,,0.0,
2019-08-29,102.0,,0.0,,,0.0,
2019-09-06,62.0,20.11,0.0,,,0.0,
2019-09-07,56.0,18.05,0.0,,,0.0,
2019-09-08,64.0,23.49,0.0,,,0.0,
2019-09-09,98.0,29.19,0.0,,,0.0,
2019-09-10,111.0,33.74,0.0,,,0.0,
2019-09-11,104.0,35.28,0.0,,,0.0,
2019-09-12,93.0,33.52,0.0,,,0.0,
2019-09-13,96.0,34.27,0.0,,,0.0,
2019-09-14,107.0,39.35,0.0,,,0.0,
2019-09-15,86.0,37.09,0.0,,,0.0,
2019-09-16,83.0,42.98,0.0,,,0.0,
2019-09-17,91.0,35.14,0.0,,,0.0,
2019-09-18,60.0,14.11,0.0,,,0.0,
2019-09-19,43.0,9.76,0.0,,,0.0,
2019-09-20,53.0,14.75,0.0,,,0.0,
2019-09-21,77.0,15.09,0.0,,,0.0,
2019-09-22,44.0,6.64,0.0,,,0.0,
2019-09-23,42.0,6.63,0.0,,,0.0,
2019-09-24,64.0,12.12,0.0,,,0.0,
2019-09-25,84.0,15.48,0.0,,,0.0,
2019-09-26,106.0,23.9,0.0,,,0.0,
2019-09-27,131.0,35.29,0.0,,,0.0,
2019-09-29,89.0,27.57,0.0,,,0.0,
2019-09-30,98.0,32.77,0.0,,,0.0,
2019-10-01,93.0,27.7,0.0,,,0.0,
2019-10-02,97.0,26.46,0.0,,,0.0,
2019-10-03,117.0,42.61,0.0,,,0.0,
2019-10-06,109.0,26.99,0.0,,,0.0,
2019-10-07,74.0,30.49,0.0,,,0.0,
2019-10-08,114.0,57.44,0.0,,,0.0,
2019-10-10,81.0,25.84,0.0,,,0.0,
2019-10-11,100.0,24.45,0.0,,,0.0,
2019-10-12,101.0,27.58,0.0,,,0.0,
2019-10-13,133.0,28.92,0.0,,,0.0,
2019-10-14,147.0,28.02,0.0,,,0.0,
2019-10-15,75.0,45.56,0.0,,,0.0,
2019-10-16,83.0,32.93,0.0,,,0.0,
2019-10-17,48.0,7.02,0.0,,,0.0,
2019-10-18,45.0,8.55,0.0,,,0.0,
2019-10-19,52.0,10.32,0.0,,,0.0,
2019-10-20,64.0,5.29,0.0,,,0.0,
2019-10-21,44.0,10.5,0.0,,,0.0,
2019-10-22,62.0,15.67,0.0,,,0.0,
2019-10-23,74.0,5.08,0.0,,,0.0,
2019-10-25,121.0,37.82,0.0,,,0.0,
2019-10-26,93.0,18.29,0.0,,,0.0,
2019-10-27,132.0,116.65,0.0,,,0.0,
2019-10-28,284.0,40.46,0.0,,,0.0,
2019-10-29,60.0,31.24,0.0,,,0.0,
2019-10-30,81.0,41.58,0.0,,,0.0,
2019-10-31,101.0,63.19,0.0,,,0.0,
2019-11-01,163.0,78.9,0.0,,,0.0,
2019-11-02,134.0,86.71,0.0,,,0.0,
2019-11-03,281.0,144.72,0.0,,,0.0,
2019-11-04,307.0,109.46,0.0,,,0.0,
2019-11-05,271.0,114.41,0.0,,,0.0,
2019-11-06,266.0,116.67,0.0,,,0.0,
2019-11-07,275.0,97.75,0.0,,,0.0,
2019-11-08,169.0,77.22,0.0,,,0.0,
2019-11-09,158.0,57.05,0.0,,,0.0,
2019-11-10,111.0,38.34,0.0,,,0.0,
2019-11-11,105.0,37.12,0.0,,,0.0,
2019-11-12,103.0,36.97,0.0,,,0.0,
2019-11-13,98.0,41.18,0.0,,,0.0,
2019-11-14,107.0,55.7,0.0,,,0.0,
2019-11-15,110.0,59.7,0.0,,,0.0,
2019-11-16,109.0,57.56,0.0,,,0.0,
2019-11-17,96.0,46.69,0.0,,,0.0,
2019-11-18,82.0,46.28,0.0,,,0.0,
2019-11-19,105.0,73.45,0.0,,,0.0,
2019-11-20,152.0,69.65,0.0,,,0.0,
2019-11-21,114.0,51.21,0.0,,,0.0,
2019-11-22,106.0,53.08,0.0,,,0.0,
2019-11-23,112.0,68.83,0.0,,,0.0,
2019-11-24,136.0,90.0,0.0,,,0.0,
2019-11-26,226.0,93.79,0.0,,,0.0,
2019-11-27,169.0,72.71,0.0,,,0.0,
2019-11-28,111.0,44.67,0.0,,,0.0,
2019-11-29,87.0,61.52,0.0,,,0.0,
2019-11-30,134.0,64.34,0.0,,,0.0,
2019-12-01,102.0,56.81,0.0,,,0.0,
2019-12-02,106.0,65.08,0.0,,,0.0,
2019-12-03,132.0,71.12,0.0,,,0.0,
2019-12-04,125.0,63.36,0.0,,,0.0,
2019-12-05,137.0,76.4,0.0,,,0.0,
2019-12-06,129.0,58.41,0.0,,,0.0,
2019-12-07,92.0,36.8,0.0,,,0.0,
2019-12-08,64.0,17.03,0.0,,,0.0,
2019-12-09,63.0,12.79,0.0,,,0.0,
2019-12-10,91.0,24.02,0.0,,,0.0,
2019-12-11,97.0,27.82,0.0,,,0.0,
2019-12-12,106.0,34.71,0.0,,,0.0,
2019-12-13,105.0,37.07,0.0,,,0.0,
2019-12-14,85.0,36.82,0.0,,,0.0,
2019-12-15,69.0,27.12,0.0,,,0.0,
2019-12-16,76.0,46.59,0.0,,,0.0,
2019-12-17,128.0,75.61,0.0,,,0.0,
2019-12-18,143.0,75.54,0.0,,,0.0,
2019-12-19,153.0,74.33,0.0,,,0.0,
2019-12-20,140.0,68.72,0.0,,,0.0,
2019-12-21,136.0,72.61,0.0,,,0.0,
2019-12-22,137.0,71.04,0.0,,,0.0,
2019-12-23,154.0,80.01,0.0,,,0.0,
2019-12-24,186.0,94.38,0.0,,,0.0,
2019-12-25,224.0,81.26,0.0,,,0.0,
2019-12-26,120.0,62.22,0.0,,,0.0,
2019-12-27,101.0,51.79,0.0,,,0.0,
2019-12-28,110.0,74.53,0.0,,,0.0,
2019-12-29,133.0,41.0,0.0,,,0.0,
2019-12-31,92.0,52.33,0.0,,,0.0,
2020-01-01,111.0,66.6,0.0,,,0.0,
2020-01-02,94.0,49.66,0.0,,,0.0,
2020-01-03,97.0,53.48,0.0,,,0.0,
2020-01-04,74.0,22.7,0.0,,,0.0,
2020-01-05,61.0,16.07,0.0,,,0.0,
2020-01-06,72.0,48.21,0.0,,,0.0,
2020-01-07,100.0,54.65,0.0,,,0.0,
2020-01-08,99.0,49.43,0.0,,,0.0,
2020-01-09,153.0,73.62,0.0,,,0.0,
2020-01-10,110.0,48.07,0.0,,,0.0,
2020-01-11,134.0,85.85,0.0,,,0.0,
2020-01-12,181.0,73.83,0.0,,,0.0,
2020-01-13,178.0,100.48,0.0,,,0.0,
2020-01-14,326.0,177.2,0.0,,,0.0,
2020-01-15,258.0,89.81,0.0,,,0.0,
2020-01-16,160.0,71.06,0.0,,,0.0,
2020-01-17,128.0,43.36,0.0,,,0.0,
2020-01-18,79.0,42.17,0.0,,,0.0,
2020-01-19,93.0,39.3,0.0,,,0.0,
2020-01-20,81.0,30.99,0.0,,,0.0,
2020-01-21,51.0,25.31,0.0,,,0.0,
2020-01-22,84.0,59.54,0.0,,,0.0,
2020-01-23,138.0,74.94,0.0,,,0.0,
2020-01-24,156.0,74.82,0.0,,,0.0,
2020-01-25,140.0,61.94,0.0,,,0.0,
2020-01-26,113.0,53.3,0.0,,,0.0,
2020-01-28,115.0,52.42,0.0,,,0.0,
2020-01-29,122.0,45.66,0.0,,,0.0,
2020-01-30,105.0,45.58,0.0,,,0.0,
2020-01-31,122.0,56.11,0.0,,,0.0,
2020-02-01,98.0,43.35,0.0,,,0.0,
2020-02-02,67.0,32.75,0.0,,,0.0,
2020-02-03,76.0,39.45,0.0,,,0.0,
2020-02-04,82.0,43.56,0.0,,,0.0,
2020-02-05,112.0,55.76,0.0,,,0.0,
2020-02-06,94.0,31.28,0.0,,,0.0,
2020-02-07,94.0,31.23,0.0,,,0.0,
2020-02-08,61.0,29.14,0.0,,,0.0,
2020-02-09,56.0,26.04,0.0,,,0.0,
2020-02-10,50.0,33.44,0.0,,,0.0,
2020-02-11,84.0,58.03,0.0,,,0.0,
2020-02-12,101.0,62.0,0.0,,,0.0,
2020-02-13,150.0,84.11,0.0,,,0.0,
2020-02-14,159.0,71.21,0.0,,,0.0,
2020-02-15,140.0,68.69,0.0,,,0.0,
2020-02-16,120.0,52.52,0.0,,,0.0,
2020-02-17,110.0,40.92,0.0,,,0.0,
2020-02-18,111.0,42.44,0.0,,,0.0,
2020-02-19,95.0,46.15,0.0,,,0.0,
2020-02-20,77.0,39.52,0.0,,,0.0,
2020-02-21,67.0,30.9,0.0,,,0.0,
2020-02-23,117.0,48.43,0.0,,,0.0,
2020-02-24,134.0,54.71,0.0,,,0.0,
2020-02-25,90.0,36.68,0.0,,,0.0,
2020-02-26,102.0,43.59,0.0,,,0.0,
2020-02-27,74.0,29.42,0.0,,,0.0,
2020-02-28,97.0,46.6,0.0,,,0.0,
2020-02-29,119.0,51.92,0.0,,,0.0,
2020-03-01,106.0,47.98,0.0,,,0.0,
2020-03-03,127.0,65.64,0.0,,,0.0,
2020-03-04,127.0,50.36,0.0,,,0.0,
2020-03-05,69.0,20.02,0.0,,,0.0,
2020-03-06,51.0,15.11,0.0,,,0.0,
2020-03-07,45.0,14.16,0.0,,,0.0,
2020-03-08,69.0,17.77,0.0,,,0.0,
2020-03-09,82.0,19.48,0.0,,,0.0,
2020-03-10,69.0,16.23,0.0,,,0.0,
2020-03-11,64.0,19.9,0.0,,,0.0,
2020-03-12,61.0,23.84,0.0,,,0.0,
2020-03-13,57.0,21.5,0.0,,,0.0,
2020-03-14,82.0,29.97,0.0,,,0.0,
2020-03-15,97.0,34.29,0.0,,,0.0,
2020-03-16,103.0,50.96,0.0,,,0.0,
2020-03-17,104.0,31.25,0.0,,,0.0,
2020-03-18,105.0,33.01,0.0,,,0.0,
2020-03-19,134.0,43.21,0.0,,,0.0,
2020-03-20,91.0,23.97,0.0,,,0.0,
2020-03-21,66.0,20.57,0.0,,,0.0,
2020-03-22,62.0,23.57,0.0,,,0.0,
2020-03-23,72.0,19.59,0.0,,,0.0,
2020-03-24,98.0,39.49,0.0,,,0.0,
2020-03-25,123.0,23.9,0.0,,,0.0,
2020-03-26,69.0,21.29,0.0,,,0.0,
2020-03-27,91.0,32.71,0.0,,,0.0,
2020-03-28,90.0,31.72,0.0,,,0.0,
2020-03-29,86.0,22.17,0.0,,,0.0,
2020-03-30,69.0,21.62,0.0,,,0.0,
2020-03-31,84.0,18.77,0.0,,,0.0,
2020-04-01,64.0,30.43,0.0,,,0.0,
2020-04-02,73.0,23.81,0.0,,,0.0,
2020-04-03,68.0,30.06,0.0,,,0.0,
2020-04-04,71.0,25.97,0.0,,,0.0,
2020-04-05,54.0,22.3,0.0,,,0.0,
2020-04-06,51.0,16.62,0.0,,,0.0,
2020-04-07,46.0,14.48,0.0,,,0.0,
2020-04-08,37.0,8.64,0.0,,,0.0,
2020-04-09,49.0,20.49,0.0,,,0.0,
2020-04-10,69.0,23.62,0.0,,,0.0,
2020-04-11,51.0,16.38,0.0,,,0.0,
2020-04-12,43.0,15.05,0.0,,,0.0,
2020-04-13,55.0,20.44,0.0,,,0.0,
2020-04-14,68.0,18.97,0.0,,,0.0,
2020-04-15,66.0,21.07,0.0,,,0.0,
2020-04-16,76.0,21.89,0.0,,,0.0,
2020-04-17,74.0,15.84,0.0,,,0.0,
2020-04-18,59.0,9.21,0.0,,,0.0,
2020-04-19,55.0,14.61,0.0,,,0.0,
2020-04-20,47.0,9.08,0.0,,,0.0,
2020-04-21,48.0,10.32,0.0,,,0.0,
2020-04-22,37.0,8.61,0.0,,,0.0,
2020-04-23,36.0,8.41,0.0,,,0.0,
2020-04-24,36.0,,0.0,,,0.0,
2020-04-27,31.0,10.47,0.0,,,0.0,
2020-04-28,47.0,12.81,0.0,,,0.0,
2020-04-29,49.0,7.81,0.0,,,0.0,
2020-04-30,61.0,18.16,0.0,,,0.0,
2020-05-01,56.0,11.91,0.0,,,0.0,
2020-05-02,62.0,23.14,0.0,,,0.0,
2020-05-03,90.0,18.91,0.0,,,0.0,
2020-05-04,65.0,17.54,0.0,,,0.0,
2020-05-05,55.0,8.93,0.0,,,0.0,
2020-05-06,41.0,9.03,0.0,,,0.0,
2020-05-07,51.0,11.3,0.0,,,0.0,
2020-05-08,48.0,12.14,0.0,,,0.0,
2020-05-09,51.0,9.53,0.0,,,0.0,
2020-05-10,46.0,16.51,0.0,,,0.0,
2020-05-11,61.0,14.04,0.0,,,0.0,
2020-05-12,45.0,6.9,0.0,,,0.0,
2020-05-13,49.0,8.42,0.0,,,0.0,
2020-05-14,50.0,11.88,0.0,,,0.0,
2020-05-15,44.0,11.07,0.0,,,0.0,
2020-05-16,32.0,2.0,0.0,,,0.0,
2020-05-17,23.0,6.3,0.0,,,0.0,
2020-05-18,26.0,11.18,0.0,,,0.0,
2020-05-19,52.0,26.88,0.0,,,0.0,
2020-05-20,141.0,66.22,0.0,,,0.0,
2020-05-21,145.0,45.53,0.0,,,0.0,
2020-05-22,117.0,24.8,0.0,,,0.0,
2020-05-23,79.0,15.91,0.0,,,0.0,
2020-05-24,80.0,10.99,0.0,,,0.0,
2020-05-25,74.0,18.69,0.0,,,0.0,
2020-05-26,67.0,12.35,0.0,,,0.0,
2020-05-27,54.0,26.6,0.0,,,0.0,
2020-05-28,100.0,26.94,0.0,,,0.0,
2020-05-29,87.0,16.71,0.0,,,0.0,
2020-05-30,81.0,28.1,0.0,,,0.0,
2020-05-31,40.0,21.22,0.0,,,0.0,
2020-06-01,85.0,15.68,0.0,,,0.0,
2020-06-02,50.0,9.91,0.0,,,0.0,
2020-06-03,88.0,17.94,0.0,,,0.0,
2020-06-04,71.0,19.14,0.0,,,0.0,
2020-06-05,93.0,29.71,0.0,,,0.0,
2020-06-06,101.0,21.66,0.0,,,0.0,
2020-06-07,82.0,29.69,0.0,,,0.0,
2020-06-08,115.0,31.14,0.0,,,0.0,
2020-06-09,96.0,31.84,0.0,,,0.0,
2020-06-10,92.0,32.55,0.0,,,0.0,
2020-06-11,90.0,37.71,0.0,,,0.0,
2020-06-12,84.0,37.67,0.0,,,0.0,
2020-06-13,81.0,22.75,0.0,,,0.0,
2020-06-14,88.0,21.33,0.0,,,0.0,
2020-06-15,92.0,24.66,0.0,,,0.0,
2020-06-16,83.0,21.06,0.0,,,0.0,
2020-06-17,90.0,17.05,0.0,,,0.0,
2020-06-18,71.0,21.16,0.0,,,0.0,
2020-06-19,110.0,14.41,0.0,,,0.0,
2020-06-20,74.0,26.67,0.0,,,0.0,
2020-06-21,92.0,25.96,0.0,,,0.0,
2020-06-22,95.0,33.17,0.0,,,0.0,
2020-06-23,100.0,25.4,0.0,,,0.0,
2020-06-24,86.0,34.36,0.0,,,0.0,
2020-06-25,77.0,13.45,0.0,,,0.0,
2020-06-26,47.0,7.63,0.0,,,0.0,
2020-06-27,41.0,15.02,0.0,,,0.0,
2020-06-28,70.0,24.38,0.0,,,0.0,
2020-06-29,68.0,22.91,0.0,,,0.0,
2020-06-30,54.0,16.64,0.0,,,0.0,
2020-07-01,50.0,15.0,0.0,,,0.0,
