latitude,longitude,brightness,scan,track,acq_date,acq_time,satellite,confidence,version,bright_t31,frp,daynight
19.81456,97.80925,306.31,1.18,1.08,2026-03-04,0249,T,59,6.1NRT,294.94,6.47,D
20.17643,94.63314,314.99,1.01,1.01,2026-03-04,0249,T,68,6.1NRT,301.46,5.45,D
19.76143,97.39499,310.74,1.13,1.06,2026-03-04,0249,T,67,6.1NRT,296.38,7.66,D
20.03389,95.05235,326.53,1,1,2026-03-04,0249,T,81,6.1NRT,302.08,16.49,D
19.61852,97.65768,306.12,1.16,1.07,2026-03-04,0249,T,58,6.1NRT,293.68,6.33,D
19.54217,97.43143,309.57,1.14,1.06,2026-03-04,0249,T,65,6.1NRT,296.36,7.66,D
19.78045,95.73524,310.13,1.01,1,2026-03-04,0249,T,44,6.1NRT,299.19,4.31,D
19.77167,95.73384,314.74,1.01,1,2026-03-04,0249,T,67,6.1NRT,298.84,7.87,D
19.84438,95.08612,321.69,1,1,2026-03-04,0249,T,76,6.1NRT,302.67,12.05,D
19.74293,95.66617,316.89,1.01,1,2026-03-04,0249,T,71,6.1NRT,301.48,8.29,D
19.49064,96.37979,315.68,1.04,1.02,2026-03-04,0249,T,71,6.1NRT,300.88,6.97,D
19.48921,96.3893,321.84,1.04,1.02,2026-03-04,0249,T,78,6.1NRT,300.15,13.3,D
19.67882,95.03507,312.44,1,1,2026-03-04,0249,T,61,6.1NRT,300.96,4.26,D
19.68929,94.6235,311.67,1.01,1,2026-03-04,0249,T,60,6.1NRT,299.93,4.47,D
19.43536,96.37461,312.22,1.04,1.02,2026-03-04,0249,T,65,6.1NRT,299.97,4.82,D
19.65511,94.6753,312.85,1.01,1,2026-03-04,0249,T,63,6.1NRT,300.28,4.95,D
19.21169,97.29762,314.78,1.13,1.06,2026-03-04,0249,T,73,6.1NRT,296.44,11.07,D
19.46155,95.26249,315.6,1,1,2026-03-04,0249,T,69,6.1NRT,302.83,6.08,D
19.23142,96.745,304.04,1.07,1.03,2026-03-04,0249,T,35,6.1NRT,292.25,5.02,D
18.43181,101.45747,309.12,2.2,1.44,2026-03-04,0249,T,60,6.1NRT,296.36,14.35,D
19.38913,95.43375,311.69,1,1,2026-03-04,0249,T,63,6.1NRT,301.06,4.28,D
18.65188,100.11476,314.8,1.73,1.29,2026-03-04,0249,T,72,6.1NRT,295.83,23.85,D
19.47316,94.72025,313.66,1,1,2026-03-04,0249,T,66,6.1NRT,299.85,6.54,D
19.22216,96.25903,312.82,1.04,1.02,2026-03-04,0249,T,66,6.1NRT,299.82,6.72,D
19.37463,95.14211,312.61,1,1,2026-03-04,0249,T,55,6.1NRT,301.74,4.12,D
19.18151,96.46171,323.04,1.05,1.02,2026-03-04,0249,T,80,6.1NRT,298.86,18.36,D
19.28501,95.51483,314.99,1,1,2026-03-04,0249,T,69,6.1NRT,303.27,5.78,D
19.07242,96.38898,318.6,1.05,1.02,2026-03-04,0249,T,75,6.1NRT,300.65,11.27,D
19.20725,94.64226,312.68,1,1,2026-03-04,0249,T,63,6.1NRT,299.04,6.89,D
19.17506,94.80687,317.84,1,1,2026-03-04,0249,T,72,6.1NRT,301.49,8.85,D
18.40675,99.17262,307.27,1.49,1.21,2026-03-04,0249,T,57,6.1NRT,295.76,8.53,D
19.0767,94.78583,310.67,1,1,2026-03-04,0249,T,59,6.1NRT,300.47,4.48,D
18.9162,95.26225,331.87,1,1,2026-03-04,0249,T,86,6.1NRT,302.62,23.25,D
18.92362,95.00366,314.04,1,1,2026-03-04,0249,T,67,6.1NRT,303.11,5.3,D
18.9223,95.01285,321.37,1,1,2026-03-04,0249,T,77,6.1NRT,302.53,12,D
18.79177,94.96742,326.71,1,1,2026-03-04,0249,T,82,6.1NRT,305.12,16.53,D
18.79045,94.97661,330.92,1,1,2026-03-04,0249,T,85,6.1NRT,305.07,21.73,D
18.7494,94.80473,312.53,1,1,2026-03-04,0249,T,60,6.1NRT,301.62,5.48,D
18.4352,96.68726,315.5,1.08,1.04,2026-03-04,0249,T,71,6.1NRT,301.06,7.74,D
18.60341,95.17925,319.82,1,1,2026-03-04,0249,T,75,6.1NRT,304.22,7.98,D
18.632,94.85537,312.95,1,1,2026-03-04,0249,T,57,6.1NRT,300.26,6.37,D
18.59658,94.91551,313.16,1,1,2026-03-04,0249,T,64,6.1NRT,302.72,5.12,D
18.48799,94.82085,310.86,1,1,2026-03-04,0249,T,58,6.1NRT,300.07,5.14,D
18.17785,94.98856,316.1,1,1,2026-03-04,0249,T,70,6.1NRT,300.84,8.46,D
15.92347,101.5804,320.54,2.53,1.53,2026-03-04,0249,T,45,6.1NRT,298.43,41.53,D
15.91477,101.57167,324.39,2.53,1.53,2026-03-04,0249,T,77,6.1NRT,299.08,59.57,D
15.91061,101.59547,324.06,2.54,1.53,2026-03-04,0249,T,77,6.1NRT,298.52,56.08,D
15.89732,101.59295,328.38,2.54,1.53,2026-03-04,0249,T,80,6.1NRT,299.69,70.55,D
16.01089,99.78741,315.3,1.83,1.32,2026-03-04,0249,T,66,6.1NRT,299.51,17.81,D
15.33667,101.17657,314.6,2.42,1.5,2026-03-04,0249,T,59,6.1NRT,301.08,14.85,D
15.32086,97.78661,316.27,1.35,1.15,2026-03-04,0251,T,72,6.1NRT,299.48,13.88,D
14.3964,99.63148,317.26,1.91,1.35,2026-03-04,0251,T,49,6.1NRT,304.78,12.68,D
14.07979,101.18559,321.79,2.56,1.54,2026-03-04,0251,T,75,6.1NRT,297.01,41.52,D
14.06883,100.64417,316.14,2.32,1.47,2026-03-04,0251,T,39,6.1NRT,299.91,17.35,D
13.90301,99.40573,313.61,1.87,1.34,2026-03-04,0251,T,62,6.1NRT,301.66,13.06,D
13.59855,100.76714,321.05,2.43,1.5,2026-03-04,0251,T,51,6.1NRT,299.26,27.55,D
13.76071,99.63803,322.56,1.96,1.37,2026-03-04,0251,T,77,6.1NRT,300.98,32.78,D
13.57154,100.77885,319.31,2.44,1.51,2026-03-04,0251,T,22,6.1NRT,298.68,25.49,D
13.773,99.3429,314.29,1.86,1.33,2026-03-04,0251,T,51,6.1NRT,301.65,14.25,D
13.3459,101.18814,312.87,2.65,1.56,2026-03-04,0251,T,54,6.1NRT,295.79,19.33,D
13.30602,99.74728,317.05,2.04,1.39,2026-03-04,0251,T,71,6.1NRT,302.63,19.12,D
12.88232,101.12133,315.1,2.68,1.57,2026-03-04,0251,T,40,6.1NRT,299.1,21.56,D
31.30077,100.75597,300.74,1.17,1.07,2026-03-04,0247,T,25,6.1NRT,285.03,5.24,D
28.74483,96.19936,301.44,1.03,1.01,2026-03-04,0247,T,17,6.1NRT,290.84,6.29,D
26.49263,95.11284,307.11,1.07,1.03,2026-03-04,0249,T,63,6.1NRT,296.64,8.57,D
25.18237,101.31202,300.47,1.58,1.24,2026-03-04,0249,T,30,6.1NRT,288.94,6.09,D
26.16982,94.7606,310.32,1.09,1.04,2026-03-04,0249,T,70,6.1NRT,293.49,10.35,D
26.16214,94.75391,308.46,1.09,1.04,2026-03-04,0249,T,67,6.1NRT,292.4,9.01,D
26.16318,94.23209,308.82,1.14,1.07,2026-03-04,0249,T,68,6.1NRT,290.13,10.15,D
26.16173,94.24378,309.6,1.14,1.07,2026-03-04,0249,T,69,6.1NRT,290.66,10.41,D
25.14334,98.91584,301.09,1.15,1.07,2026-03-04,0249,T,34,6.1NRT,290.44,3.18,D
25.23784,91.95425,306.56,1.5,1.21,2026-03-04,0249,T,62,6.1NRT,293.92,8.85,D
25.21387,91.92894,309.55,1.51,1.21,2026-03-04,0249,T,67,6.1NRT,294.81,11.45,D
25.2033,91.92701,309.8,1.51,1.21,2026-03-04,0249,T,68,6.1NRT,294.73,11.91,D
24.1687,99.39375,303.74,1.25,1.11,2026-03-04,0249,T,57,6.1NRT,290.15,5.35,D
24.09191,96.71598,305.77,1.01,1,2026-03-04,0249,T,57,6.1NRT,292.51,4.36,D
23.58275,99.45312,307.74,1.28,1.12,2026-03-04,0249,T,66,6.1NRT,291.41,8.75,D
24.41883,92.79678,303.28,1.3,1.13,2026-03-04,0249,T,54,6.1NRT,292.77,5.27,D
23.69658,97.98516,300.43,1.09,1.04,2026-03-04,0249,T,37,6.1NRT,289.43,4.43,D
24.3345,92.8185,306.22,1.29,1.13,2026-03-04,0249,T,63,6.1NRT,293.22,8.05,D
24.26843,92.68883,310.01,1.31,1.14,2026-03-04,0249,T,69,6.1NRT,292.74,11.99,D
23.28078,99.47435,311.91,1.3,1.13,2026-03-04,0249,T,72,6.1NRT,290.19,15.3,D
24.19865,92.67356,310.16,1.31,1.14,2026-03-04,0249,T,69,6.1NRT,293.4,11.66,D
24.17387,92.54003,306.79,1.34,1.15,2026-03-04,0249,T,63,6.1NRT,292.07,8.92,D
23.29474,98.48513,321.07,1.15,1.07,2026-03-04,0249,T,81,6.1NRT,293.65,21.42,D
23.29303,98.49604,303.74,1.15,1.07,2026-03-04,0249,T,52,6.1NRT,292.49,4.81,D
23.8965,92.47285,311.13,1.34,1.15,2026-03-04,0249,T,70,6.1NRT,293.05,12.93,D
23.86797,92.37098,315.5,1.36,1.15,2026-03-04,0249,T,75,6.1NRT,293.51,18.35,D
23.86647,92.38351,312.74,1.35,1.15,2026-03-04,0249,T,72,6.1NRT,293.93,14.99,D
22.64817,100.28049,305.13,1.5,1.21,2026-03-04,0249,T,61,6.1NRT,290.46,9.5,D
23.16669,96.78055,308.41,1.02,1.01,2026-03-04,0249,T,65,6.1NRT,295.57,6.16,D
22.70912,99.18727,305.67,1.28,1.12,2026-03-04,0249,T,62,6.1NRT,289.44,9.87,D
22.69349,99.22137,303,1.28,1.12,2026-03-04,0249,T,54,6.1NRT,291.25,7.32,D
23.13093,95.87788,310.24,1,1,2026-03-04,0249,T,66,6.1NRT,297.47,4.38,D
23.00235,96.0055,311.64,1,1,2026-03-04,0249,T,68,6.1NRT,296.86,6.15,D
22.9734,96.02008,308.84,1,1,2026-03-04,0249,T,63,6.1NRT,296.32,4.38,D
22.32517,98.75721,307.44,1.22,1.1,2026-03-04,0249,T,65,6.1NRT,289.03,10.72,D
22.32339,98.76832,301.31,1.23,1.1,2026-03-04,0249,T,46,6.1NRT,288.78,5.78,D
22.76789,95.70697,311.85,1,1,2026-03-04,0249,T,67,6.1NRT,298.68,4.8,D
22.47232,97.33628,316.44,1.06,1.03,2026-03-04,0249,T,76,6.1NRT,294.68,13.83,D
22.45749,96.51255,316.69,1.01,1.01,2026-03-04,0249,T,74,6.1NRT,296.38,10.91,D
22.42447,96.41383,308.02,1.01,1,2026-03-04,0249,T,56,6.1NRT,296.36,4.61,D
22.35291,96.65517,314.45,1.02,1.01,2026-03-04,0249,T,71,6.1NRT,296.08,8.45,D
22.52423,95.21416,312.94,1.01,1,2026-03-04,0249,T,67,6.1NRT,298.84,5.29,D
22.37231,96.13808,307.15,1,1,2026-03-04,0249,T,46,6.1NRT,296.08,4.31,D
22.00629,98.31046,310.54,1.17,1.08,2026-03-04,0249,T,70,6.1NRT,292.71,10.3,D
22.13729,96.92126,309.96,1.04,1.02,2026-03-04,0249,T,64,6.1NRT,295.36,5.15,D
22.363,94.76923,310.08,1.03,1.01,2026-03-04,0249,T,61,6.1NRT,297.01,4.64,D
22.06426,96.34874,305.68,1.01,1,2026-03-04,0249,T,38,6.1NRT,295.24,3.96,D
21.98161,96.72527,305.36,1.03,1.01,2026-03-04,0249,T,45,6.1NRT,294.64,3.94,D
21.41804,100.06852,306.02,1.53,1.22,2026-03-04,0249,T,63,6.1NRT,290.28,11.56,D
21.41553,100.08321,302.07,1.53,1.22,2026-03-04,0249,T,50,6.1NRT,290.21,7.53,D
21.91699,95.06532,319.03,1.01,1,2026-03-04,0249,T,74,6.1NRT,300.5,9.88,D
21.79494,95.21371,313.82,1.01,1,2026-03-04,0249,T,51,6.1NRT,300.54,5.67,D
21.78552,95.07095,314.07,1.01,1,2026-03-04,0249,T,66,6.1NRT,300.1,5.96,D
21.63231,95.95769,312.29,1,1,2026-03-04,0249,T,63,6.1NRT,299.95,4.79,D
21.28385,98.25504,310.54,1.19,1.08,2026-03-04,0249,T,64,6.1NRT,297.14,8.04,D
21.28209,98.26615,313.44,1.19,1.09,2026-03-04,0249,T,73,6.1NRT,297.33,10.83,D
21.44582,97.15131,307.17,1.06,1.03,2026-03-04,0249,T,58,6.1NRT,293.25,6.46,D
21.53981,96.4048,307.2,1.02,1.01,2026-03-04,0249,T,49,6.1NRT,295.4,4.7,D
21.72959,94.48064,308.45,1.03,1.02,2026-03-04,0249,T,55,6.1NRT,296.69,4.33,D
20.77826,100.34254,304.85,1.64,1.26,2026-03-04,0249,T,57,6.1NRT,290.2,10.85,D
20.76736,100.34022,307.01,1.64,1.26,2026-03-04,0249,T,65,6.1NRT,290.31,13.86,D
21.60203,94.33016,309.13,1.04,1.02,2026-03-04,0249,T,31,6.1NRT,297.55,5.34,D
21.60076,94.33958,309.34,1.04,1.02,2026-03-04,0249,T,48,6.1NRT,297.91,4.98,D
21.62507,94.09271,307.52,1.06,1.03,2026-03-04,0249,T,56,6.1NRT,294.48,4.85,D
21.62374,94.10258,306.57,1.06,1.03,2026-03-04,0249,T,51,6.1NRT,294.61,4.32,D
20.6861,100.07491,323.2,1.57,1.24,2026-03-04,0249,T,82,6.1NRT,292.15,38.04,D
20.72603,99.71173,303.66,1.48,1.2,2026-03-04,0249,T,57,6.1NRT,292.16,7.84,D
21.22987,96.44095,314.9,1.02,1.01,2026-03-04,0249,T,70,6.1NRT,294.77,10.83,D
20.62295,100.18267,306.07,1.6,1.25,2026-03-04,0249,T,63,6.1NRT,291.43,11.44,D
21.47431,94.32397,311.47,1.04,1.02,2026-03-04,0249,T,64,6.1NRT,297.63,5.34,D
21.32269,94.41688,331.64,1.03,1.02,2026-03-04,0249,T,86,6.1NRT,297.82,26.94,D
21.32136,94.42653,323.58,1.03,1.02,2026-03-04,0249,T,80,6.1NRT,298.14,16.71,D
21.04161,96.26595,311.51,1.02,1.01,2026-03-04,0249,T,59,6.1NRT,297.27,6.26,D
21.04022,96.27534,309.95,1.02,1.01,2026-03-04,0249,T,55,6.1NRT,296.44,5.46,D
20.92378,96.01012,316.86,1.01,1,2026-03-04,0249,T,70,6.1NRT,299.94,8.51,D
20.92241,96.01949,312.51,1.01,1,2026-03-04,0249,T,61,6.1NRT,300.43,4.82,D
20.52098,97.92973,310.45,1.17,1.08,2026-03-04,0249,T,67,6.1NRT,296.08,8.47,D
20.94058,94.97955,311.88,1.01,1,2026-03-04,0249,T,60,6.1NRT,300.03,4.38,D
20.77346,95.31888,320.07,1,1,2026-03-04,0249,T,74,6.1NRT,302.33,10.52,D
20.84959,94.30482,306.84,1.03,1.02,2026-03-04,0249,T,39,6.1NRT,295.67,3.99,D
19.9206,100.28104,310.78,1.68,1.27,2026-03-04,0249,T,69,6.1NRT,294.35,16.23,D
20.80471,94.02459,305.94,1.05,1.02,2026-03-04,0249,T,32,6.1NRT,295.26,4.74,D
20.16166,97.92172,309.92,1.18,1.08,2026-03-04,0249,T,65,6.1NRT,295.85,8.71,D
19.97223,98.98851,311.67,1.37,1.16,2026-03-04,0249,T,69,6.1NRT,293.9,14.4,D
20.61123,94.49968,311.51,1.02,1.01,2026-03-04,0249,T,60,6.1NRT,298.99,4.86,D
20.60992,94.50916,313.38,1.02,1.01,2026-03-04,0249,T,65,6.1NRT,299.24,6.29,D
20.04095,98.31282,305.26,1.24,1.11,2026-03-04,0249,T,49,6.1NRT,295.11,5.59,D
20.39329,95.76589,313.28,1,1,2026-03-04,0249,T,61,6.1NRT,301.6,4.81,D
20.56614,94.1551,307.53,1.04,1.02,2026-03-04,0249,T,47,6.1NRT,295.61,4.42,D
20.09124,97.41159,311.81,1.12,1.05,2026-03-04,0249,T,67,6.1NRT,296.84,7.5,D
20.08957,97.42235,317.42,1.12,1.05,2026-03-04,0249,T,75,6.1NRT,296.12,13.59,D
20.48743,94.53273,311.92,1.02,1.01,2026-03-04,0249,T,61,6.1NRT,299.54,5.1,D
20.05222,97.43191,308.04,1.12,1.06,2026-03-04,0249,T,56,6.1NRT,295.09,6.37,D
33.74261,70.70488,316.9,1.22,1.1,2026-03-04,0425,T,76,6.1NRT,287.35,18.37,D
33.74118,70.71733,320.55,1.22,1.1,2026-03-04,0425,T,79,6.1NRT,289.64,23.07,D
32.99601,75.0232,307.71,1.03,1.02,2026-03-04,0425,T,63,6.1NRT,296.24,5.32,D
33.21054,72.47814,310.13,1.04,1.02,2026-03-04,0425,T,61,6.1NRT,295.62,5.58,D
32.54399,76.45539,308.7,1.16,1.07,2026-03-04,0425,T,59,6.1NRT,293.15,10.21,D
33.2301,70.79496,308.73,1.19,1.09,2026-03-04,0425,T,51,6.1NRT,295.79,5.77,D
32.95602,72.59506,311.51,1.03,1.01,2026-03-04,0425,T,64,6.1NRT,296.39,6.62,D
32.37941,73.09521,307.72,1.01,1,2026-03-04,0425,T,61,6.1NRT,293.22,6.03,D
32.39343,72.86346,305.42,1.01,1.01,2026-03-04,0425,T,54,6.1NRT,293.87,4.53,D
31.98516,75.38287,306.79,1.07,1.03,2026-03-04,0425,T,64,6.1NRT,292.57,6.88,D
32.38396,72.24997,313.59,1.04,1.02,2026-03-04,0425,T,70,6.1NRT,293.44,10.41,D
32.38255,72.26067,304.04,1.04,1.02,2026-03-04,0425,T,32,6.1NRT,293.01,3.88,D
32.13148,72.42056,305.98,1.03,1.01,2026-03-04,0425,T,52,6.1NRT,294.31,4.66,D
31.07085,77.86089,309.14,1.46,1.19,2026-03-04,0425,T,68,6.1NRT,293.58,15.02,D
31.79974,70.98882,316.85,1.13,1.06,2026-03-04,0425,T,72,6.1NRT,295.34,14.33,D
31.73245,70.70882,312.27,1.16,1.07,2026-03-04,0425,T,64,6.1NRT,295.55,9.4,D
31.61304,70.77924,317.53,1.15,1.07,2026-03-04,0425,T,73,6.1NRT,294.94,15.1,D
31.49128,70.66292,308.38,1.16,1.07,2026-03-04,0425,T,53,6.1NRT,295.62,6.98,D
31.43943,70.77443,311.67,1.14,1.07,2026-03-04,0425,T,63,6.1NRT,296.48,8.69,D
31.42239,70.91367,311.57,1.13,1.06,2026-03-04,0425,T,63,6.1NRT,294.21,9.95,D
31.39399,70.99098,310.1,1.12,1.05,2026-03-04,0425,T,47,6.1NRT,295.51,6.84,D
31.38474,70.98947,318.59,1.12,1.05,2026-03-04,0425,T,74,6.1NRT,295.49,15.47,D
30.09773,76.9196,306.75,1.34,1.15,2026-03-04,0425,T,62,6.1NRT,294.91,7.8,D
30.75638,72.21334,331.64,1.02,1.01,2026-03-04,0425,T,86,6.1NRT,298.2,28.81,D
30.75497,72.22366,325.38,1.02,1.01,2026-03-04,0425,T,82,6.1NRT,296.84,20.98,D
30.80112,70.88522,307.06,1.12,1.05,2026-03-04,0425,T,50,6.1NRT,294.6,6.27,D
30.253,70.92956,309.27,1.1,1.05,2026-03-04,0425,T,57,6.1NRT,296.71,6.02,D
30.17929,70.93352,309.76,1.1,1.04,2026-03-04,0425,T,59,6.1NRT,297.23,6.12,D
29.89033,72.87066,307.75,1,1,2026-03-04,0425,T,58,6.1NRT,297.2,4.48,D
29.86084,72.76237,315.19,1,1,2026-03-04,0425,T,72,6.1NRT,297.41,10.02,D
29.85942,72.77241,312.12,1,1,2026-03-04,0425,T,67,6.1NRT,297.47,7.59,D
29.65984,72.34703,307.72,1.01,1,2026-03-04,0425,T,55,6.1NRT,297.14,4.54,D
29.65845,72.3571,307.85,1.01,1,2026-03-04,0425,T,56,6.1NRT,296.96,4.61,D
28.12731,80.54613,306.91,2.56,1.54,2026-03-04,0427,T,59,6.1NRT,294.94,18.31,D
28.13217,80.54189,306.03,2.56,1.54,2026-03-04,0427,T,55,6.1NRT,294.88,17.46,D
29.67378,70.77525,307.53,1.1,1.05,2026-03-04,0427,T,41,6.1NRT,296.62,4.69,D
29.6724,70.78629,317.18,1.1,1.05,2026-03-04,0427,T,72,6.1NRT,297.49,13.15,D
29.41101,70.89222,309.3,1.08,1.04,2026-03-04,0427,T,47,6.1NRT,297.19,5.85,D
29.40962,70.90306,328.23,1.08,1.04,2026-03-04,0427,T,82,6.1NRT,298.15,25.87,D
29.23847,70.50395,317.2,1.12,1.05,2026-03-04,0427,T,70,6.1NRT,298.01,12.65,D
29.23215,70.49704,308.84,1.12,1.05,2026-03-04,0427,T,37,6.1NRT,297.91,5.52,D
29.03563,70.52124,315.09,1.11,1.05,2026-03-04,0427,T,61,6.1NRT,300.01,8.92,D
29.02783,70.50871,313.7,1.11,1.05,2026-03-04,0427,T,22,6.1NRT,299.3,6.83,D
29.02142,70.48506,311.8,1.11,1.05,2026-03-04,0427,T,31,6.1NRT,299.45,6.05,D
29.00939,70.50579,312.9,1.11,1.05,2026-03-04,0427,T,30,6.1NRT,299.37,6.81,D
29.01135,70.41528,315.18,1.12,1.06,2026-03-04,0427,T,63,6.1NRT,300,9.7,D
28.86893,70.66727,312.09,1.09,1.04,2026-03-04,0427,T,46,6.1NRT,298.68,7.07,D
28.78734,70.30384,319.75,1.13,1.06,2026-03-04,0427,T,70,6.1NRT,300.01,15.02,D
28.78592,70.31506,321.94,1.13,1.06,2026-03-04,0427,T,74,6.1NRT,299.9,17.83,D
28.53979,70.20684,313.84,1.13,1.06,2026-03-04,0427,T,54,6.1NRT,298.31,9.21,D
28.40657,70.10466,314.03,1.14,1.06,2026-03-04,0427,T,59,6.1NRT,299.02,9.31,D
28.3647,70.21274,312.84,1.13,1.06,2026-03-04,0427,T,53,6.1NRT,298.6,7.79,D
28.35542,70.2113,314.92,1.13,1.06,2026-03-04,0427,T,60,6.1NRT,299.07,9.83,D
28.35614,69.84593,311.4,1.17,1.08,2026-03-04,0427,T,53,6.1NRT,299.77,7.26,D
28.34101,69.89077,312.9,1.16,1.07,2026-03-04,0427,T,58,6.1NRT,298.99,8.71,D
28.34333,69.71313,313.63,1.19,1.08,2026-03-04,0427,T,46,6.1NRT,301.14,8.88,D
28.3104,69.78507,325.59,1.18,1.08,2026-03-04,0427,T,75,6.1NRT,299.81,22.99,D
28.30894,69.79671,313.32,1.17,1.08,2026-03-04,0427,T,61,6.1NRT,300.13,8.32,D
28.26281,70.01221,310.42,1.15,1.07,2026-03-04,0427,T,45,6.1NRT,299.31,6.16,D
28.27062,69.63558,319.72,1.2,1.09,2026-03-04,0427,T,73,6.1NRT,300.76,14.83,D
28.24507,69.84611,310.62,1.17,1.08,2026-03-04,0427,T,40,6.1NRT,299.55,5.64,D
28.20258,69.4367,312.78,1.22,1.1,2026-03-04,0427,T,61,6.1NRT,300.04,8.63,D
28.20114,69.44878,312.02,1.22,1.1,2026-03-04,0427,T,57,6.1NRT,299.92,7.94,D
28.16198,69.61325,310.29,1.2,1.09,2026-03-04,0427,T,47,6.1NRT,299.84,5.84,D
28.16057,69.62508,309.14,1.19,1.09,2026-03-04,0427,T,31,6.1NRT,298.87,4.93,D
28.15851,69.4481,311.23,1.22,1.1,2026-03-04,0427,T,50,6.1NRT,299.73,6.87,D
28.14071,69.4332,310.32,1.22,1.1,2026-03-04,0427,T,40,6.1NRT,299.63,6.39,D
28.11659,69.55155,318.38,1.2,1.09,2026-03-04,0427,T,71,6.1NRT,300.41,14.71,D
28.11515,69.56343,317.46,1.2,1.09,2026-03-04,0427,T,69,6.1NRT,299.83,13.68,D
28.04033,69.58239,318.14,1.2,1.09,2026-03-04,0427,T,66,6.1NRT,299.19,14.83,D
27.99187,69.41745,317.92,1.22,1.1,2026-03-04,0427,T,70,6.1NRT,299.75,14.4,D
27.99045,69.42948,309.56,1.22,1.1,2026-03-04,0427,T,27,6.1NRT,299.26,5.21,D
27.98771,69.4225,314.05,1.22,1.1,2026-03-04,0427,T,57,6.1NRT,299.34,9.24,D
27.95067,69.40482,313.63,1.22,1.1,2026-03-04,0427,T,60,6.1NRT,298.83,10.18,D
27.94335,69.21812,309.46,1.24,1.11,2026-03-04,0427,T,32,6.1NRT,298.18,5.92,D
27.91963,69.14576,312.05,1.25,1.11,2026-03-04,0427,T,55,6.1NRT,297.93,10.27,D
27.79099,69.36858,313.65,1.22,1.1,2026-03-04,0427,T,59,6.1NRT,298.64,10.81,D
27.80187,69.1973,309.96,1.24,1.11,2026-03-04,0427,T,37,6.1NRT,298.8,6.98,D
27.34094,68.34959,311.76,1.37,1.16,2026-03-04,0427,T,47,6.1NRT,298.23,11.96,D
26.91706,68.40112,314.22,1.35,1.15,2026-03-04,0427,T,57,6.1NRT,299.71,12.67,D
26.82501,68.14445,311.85,1.39,1.17,2026-03-04,0427,T,37,6.1NRT,300.31,10.14,D
25.3916,77.44611,324.95,1.77,1.3,2026-03-04,0427,T,79,6.1NRT,308,32.9,D
25.39348,77.4409,319.25,1.77,1.3,2026-03-04,0427,T,55,6.1NRT,307.65,17.23,D
25.39051,77.45763,320.69,1.78,1.31,2026-03-04,0427,T,68,6.1NRT,307.54,20.55,D
26.54643,69.11026,321.16,1.22,1.1,2026-03-04,0427,T,69,6.1NRT,305.4,13.07,D
26.40177,68.27846,313.19,1.35,1.15,2026-03-04,0427,T,49,6.1NRT,300.18,10.45,D
26.32451,68.58812,313.53,1.29,1.13,2026-03-04,0427,T,52,6.1NRT,300.15,10.8,D
26.32373,68.24831,312.05,1.35,1.15,2026-03-04,0427,T,38,6.1NRT,301.44,8.72,D
26.2344,68.92491,314.56,1.23,1.1,2026-03-04,0427,T,55,6.1NRT,299.77,10.68,D
25.62557,68.55904,322.48,1.27,1.12,2026-03-04,0427,T,75,6.1NRT,299.67,22.29,D
25.57739,68.85276,326.97,1.22,1.1,2026-03-04,0427,T,79,6.1NRT,300.84,26.23,D
25.56774,68.85139,314.67,1.22,1.1,2026-03-04,0427,T,58,6.1NRT,300.57,10.16,D
25.57088,68.58272,313.82,1.26,1.12,2026-03-04,0427,T,57,6.1NRT,299.02,11.55,D
23.98399,76.02972,319.02,1.51,1.21,2026-03-04,0427,T,61,6.1NRT,307.64,14.21,D
25.0504,68.4962,311.9,1.26,1.12,2026-03-04,0427,T,47,6.1NRT,300.37,8.53,D
25.02495,68.54187,314.9,1.25,1.11,2026-03-04,0427,T,60,6.1NRT,299.91,11.74,D
25.00434,68.46501,310.86,1.26,1.12,2026-03-04,0427,T,27,6.1NRT,299.51,7.61,D
24.89497,68.09534,319.87,1.32,1.14,2026-03-04,0427,T,72,6.1NRT,300.12,19.42,D
24.89346,68.10806,310.18,1.32,1.14,2026-03-04,0427,T,38,6.1NRT,298.85,7.1,D
24.32674,68.40539,315.23,1.25,1.11,2026-03-04,0427,T,65,6.1NRT,301.2,9.78,D
24.31698,68.40403,312.57,1.25,1.11,2026-03-04,0427,T,53,6.1NRT,300.59,6.53,D
23.52,68.97191,322.32,1.15,1.07,2026-03-04,0427,T,74,6.1NRT,303.42,16.07,D
22.95688,72.54906,323.29,1.04,1.02,2026-03-04,0427,T,74,6.1NRT,306.95,13.7,D
23.02753,70.71606,316.04,1.01,1,2026-03-04,0427,T,31,6.1NRT,306.03,5.33,D
22.83715,70.90299,315.53,1,1,2026-03-04,0427,T,59,6.1NRT,302.07,5.69,D
22.09514,71.30161,320.08,1,1,2026-03-04,0427,T,67,6.1NRT,307.61,7.26,D
22.03392,70.83406,326.42,1,1,2026-03-04,0427,T,77,6.1NRT,305.88,16.18,D
22.15827,69.31588,314.24,1.08,1.04,2026-03-04,0427,T,45,6.1NRT,302.85,5.52,D
21.87007,69.33644,317.78,1.07,1.03,2026-03-04,0429,T,62,6.1NRT,302.72,9.21,D
21.86874,69.34649,314.06,1.07,1.03,2026-03-04,0429,T,55,6.1NRT,302.27,5.57,D
21.72573,70.0584,313.14,1.02,1.01,2026-03-04,0429,T,42,6.1NRT,302.92,4.19,D
21.71695,69.79137,317.02,1.04,1.02,2026-03-04,0429,T,63,6.1NRT,301.89,8.44,D
21.57573,70.68242,321.88,1,1,2026-03-04,0429,T,72,6.1NRT,304.69,11.4,D
21.57441,70.69179,319.86,1,1,2026-03-04,0429,T,69,6.1NRT,305.34,9.28,D
21.38722,70.89817,315.79,1,1,2026-03-04,0429,T,58,6.1NRT,305.32,5.12,D
21.41399,70.51982,316.61,1,1,2026-03-04,0429,T,60,6.1NRT,303.52,6.98,D
21.40008,70.47285,315.9,1,1,2026-03-04,0429,T,53,6.1NRT,303.77,6.97,D
20.58274,75.69963,318.31,1.65,1.26,2026-03-04,0429,T,62,6.1NRT,306.2,13.66,D
21.34676,70.72296,317.87,1,1,2026-03-04,0429,T,64,6.1NRT,301.8,8.11,D
21.34543,70.73231,319.96,1,1,2026-03-04,0429,T,68,6.1NRT,303.04,10.12,D
21.33721,70.66411,319.98,1,1,2026-03-04,0429,T,68,6.1NRT,304.07,9.26,D
21.33588,70.67346,320.66,1,1,2026-03-04,0429,T,70,6.1NRT,303.9,9.91,D
21.34259,70.4351,313.46,1.01,1,2026-03-04,0429,T,42,6.1NRT,303.02,4.25,D
20.55044,75.4929,315.52,1.6,1.25,2026-03-04,0429,T,52,6.1NRT,302.91,13.18,D
21.27278,70.46615,317.77,1,1,2026-03-04,0429,T,63,6.1NRT,304.65,7.45,D
20.91873,71.19271,319.19,1,1,2026-03-04,0429,T,67,6.1NRT,304.49,8.99,D
20.87924,70.63735,320.22,1,1,2026-03-04,0429,T,70,6.1NRT,305.12,9.55,D
19.43867,75.88403,325.12,1.79,1.31,2026-03-04,0429,T,77,6.1NRT,303.03,36.09,D
19.43577,75.90038,319.71,1.8,1.31,2026-03-04,0429,T,69,6.1NRT,303.16,22.3,D
19.4412,75.87827,313.84,1.79,1.31,2026-03-04,0429,T,53,6.1NRT,302.9,12,D
19.43842,75.89464,328.28,1.8,1.31,2026-03-04,0429,T,80,6.1NRT,303.43,45.3,D
19.28125,75.85861,314.32,1.8,1.31,2026-03-04,0429,T,55,6.1NRT,302.78,12.27,D
18.4304,73.25394,319.62,1.24,1.11,2026-03-04,0429,T,56,6.1NRT,305.57,11.16,D
18.42861,73.26517,320.48,1.24,1.11,2026-03-04,0429,T,62,6.1NRT,309.06,12.06,D
18.28519,74.0218,321.19,1.39,1.17,2026-03-04,0429,T,69,6.1NRT,303.62,16.69,D
18.28309,74.03449,330.78,1.39,1.17,2026-03-04,0429,T,82,6.1NRT,304.35,33.19,D
18.27547,74.02689,328.55,1.39,1.17,2026-03-04,0429,T,76,6.1NRT,303.32,28.35,D
18.27132,74.05297,318.79,1.4,1.17,2026-03-04,0429,T,42,6.1NRT,305.39,12.67,D
17.9455,73.83447,323.66,1.37,1.16,2026-03-04,0429,T,74,6.1NRT,303.83,22.97,D
17.46511,76.14479,320.11,2.05,1.39,2026-03-04,0429,T,61,6.1NRT,306.54,19.6,D
17.48319,73.9567,317.42,1.42,1.18,2026-03-04,0429,T,61,6.1NRT,304.96,12.89,D
17.23206,73.98837,316.76,1.44,1.19,2026-03-04,0429,T,29,6.1NRT,303.06,10.89,D
17.22179,73.98618,317.51,1.44,1.19,2026-03-04,0429,T,26,6.1NRT,304,11.52,D
17.21355,73.97153,320.83,1.44,1.19,2026-03-04,0429,T,67,6.1NRT,302.9,16.17,D
17.21154,73.98387,325.08,1.44,1.19,2026-03-04,0429,T,75,6.1NRT,304.29,23.87,D
16.96708,73.91035,316,1.44,1.19,2026-03-04,0429,T,57,6.1NRT,303.19,11.77,D
16.60521,74.22756,317.63,1.53,1.22,2026-03-04,0429,T,65,6.1NRT,303.86,13.74,D
12.25801,77.56808,312.7,3.37,1.73,2026-03-04,0429,T,59,6.1NRT,300.58,28.8,D
39.0383,54.25779,301.96,1.21,1.09,2026-03-04,0601,T,50,6.1NRT,285.22,5.22,D
27.16283,56.0656,315.23,2.78,1.59,2026-03-04,0603,T,67,6.1NRT,296.24,31.1,D
27.17118,56.06248,318.28,2.78,1.59,2026-03-04,0603,T,73,6.1NRT,296.6,44.5,D
11.16506,98.85045,325.31,2.4,1.49,2026-03-04,0805,A,78,6.1NRT,298.11,67.58,D
11.16147,98.82913,340.73,2.41,1.5,2026-03-04,0805,A,90,6.1NRT,299.08,145.86,D
11.16265,98.84618,338.54,2.4,1.49,2026-03-04,0805,A,89,6.1NRT,298.27,131.13,D
11.15886,98.82468,332.28,2.41,1.5,2026-03-04,0805,A,85,6.1NRT,299.12,99.2,D
11.83082,99.59142,319.46,2.03,1.39,2026-03-04,0805,A,53,6.1NRT,308.57,24.98,D
11.82778,99.57323,319.33,2.04,1.39,2026-03-04,0805,A,61,6.1NRT,306.67,23.73,D
12.73529,101.59705,316.74,1.39,1.17,2026-03-04,0805,A,57,6.1NRT,301.79,9.93,D
12.73268,101.59198,317.5,1.39,1.17,2026-03-04,0805,A,57,6.1NRT,302.09,10.86,D
12.74449,101.14517,319.11,1.49,1.21,2026-03-04,0805,A,63,6.1NRT,303.61,7.57,D
12.64303,99.00349,312.34,2.18,1.43,2026-03-04,0805,A,30,6.1NRT,299.97,19.3,D
13.1033,101.27291,320.32,1.44,1.19,2026-03-04,0805,A,36,6.1NRT,303.63,13.32,D
13.13405,101.39726,315.03,1.41,1.18,2026-03-04,0805,A,47,6.1NRT,298.77,11.34,D
13.14427,101.39552,312.25,1.41,1.18,2026-03-04,0805,A,20,6.1NRT,296.96,7.32,D
13.36057,101.20917,317.14,1.44,1.19,2026-03-04,0805,A,59,6.1NRT,300.77,9.46,D
13.35847,101.19638,317.64,1.44,1.19,2026-03-04,0805,A,60,6.1NRT,301.81,9.46,D
13.37285,101.15424,322.54,1.45,1.19,2026-03-04,0805,A,71,6.1NRT,302.83,15.55,D
13.14675,99.10097,316.99,2.09,1.41,2026-03-04,0805,A,63,6.1NRT,299.17,33.26,D
13.13063,99.00589,353.79,2.13,1.42,2026-03-04,0805,A,97,6.1NRT,300.23,196.94,D
13.12699,98.98441,355.93,2.14,1.42,2026-03-04,0805,A,98,6.1NRT,302.51,213.3,D
13.13923,98.98165,323.87,2.14,1.42,2026-03-04,0805,A,75,6.1NRT,300.11,50.51,D
13.12132,99.0008,314.75,2.13,1.42,2026-03-04,0805,A,53,6.1NRT,299.16,25.58,D
13.13327,98.99665,370.39,2.13,1.42,2026-03-04,0805,A,100,6.1NRT,301.09,339.05,D
13.12969,98.97646,332.23,2.14,1.42,2026-03-04,0805,A,83,6.1NRT,301.73,79.86,D
13.1946,98.98447,313.32,2.13,1.42,2026-03-04,0805,A,39,6.1NRT,301.36,17.18,D
13.18896,98.72658,313.09,2.23,1.45,2026-03-04,0805,A,43,6.1NRT,300.15,19.93,D
13.30151,98.99801,318.32,2.12,1.41,2026-03-04,0805,A,61,6.1NRT,301.96,28.32,D
13.57745,99.67409,323.64,1.85,1.33,2026-03-04,0805,A,70,6.1NRT,306.23,22.15,D
13.63163,99.19871,316.18,2.01,1.38,2026-03-04,0805,A,35,6.1NRT,304.68,21.97,D
14.00657,101.32533,335.43,1.38,1.16,2026-03-04,0805,A,85,6.1NRT,308.71,37.91,D
13.92532,100.57525,329.83,1.56,1.23,2026-03-04,0805,A,80,6.1NRT,308.49,22.38,D
14.0961,101.30328,323.75,1.38,1.16,2026-03-04,0805,A,52,6.1NRT,306.78,8.97,D
14.09406,101.29099,326.87,1.38,1.16,2026-03-04,0805,A,73,6.1NRT,309.34,13.38,D
14.08794,101.25396,328.9,1.39,1.17,2026-03-04,0805,A,78,6.1NRT,310.06,17.73,D
14.00788,100.70918,328.88,1.52,1.22,2026-03-04,0805,A,79,6.1NRT,309.21,24.17,D
14.00561,100.69564,326.76,1.53,1.22,2026-03-04,0805,A,49,6.1NRT,309.21,18.36,D
14.10213,101.21316,331.15,1.4,1.17,2026-03-04,0805,A,81,6.1NRT,308.3,23.08,D
14.01846,100.7073,325.24,1.52,1.22,2026-03-04,0805,A,45,6.1NRT,305.49,16.06,D
13.75955,99.18579,319.4,2,1.38,2026-03-04,0805,A,56,6.1NRT,305.83,26.41,D
13.864,99.65345,319.11,1.83,1.33,2026-03-04,0805,A,61,6.1NRT,305.86,13.05,D
14.06612,100.63757,324.7,1.54,1.22,2026-03-04,0805,A,65,6.1NRT,305.52,14.02,D
14.07674,100.63567,326.37,1.54,1.22,2026-03-04,0805,A,53,6.1NRT,306.1,16.59,D
13.84491,99.2181,351.83,1.98,1.37,2026-03-04,0805,A,96,6.1NRT,305.9,153.02,D
13.84209,99.2019,354.49,1.99,1.38,2026-03-04,0805,A,97,6.1NRT,306.74,169.53,D
13.85693,99.21655,318.04,1.98,1.37,2026-03-04,0805,A,58,6.1NRT,304.15,14.99,D
14.1138,100.30466,317.64,1.62,1.25,2026-03-04,0805,A,61,6.1NRT,306.42,12.47,D
14.49666,101.81045,335.78,1.26,1.12,2026-03-04,0805,A,85,6.1NRT,308.46,36.2,D
14.22794,99.54626,327.83,1.84,1.33,2026-03-04,0805,A,78,6.1NRT,308.79,31.14,D
14.235,99.04755,326.53,2.01,1.38,2026-03-04,0805,A,77,6.1NRT,305.51,43.45,D
14.2319,99.02949,321.6,2.02,1.38,2026-03-04,0805,A,64,6.1NRT,306.19,29.41,D
14.24021,99.03994,326.63,2.01,1.38,2026-03-04,0805,A,76,6.1NRT,306.04,43.14,D
15.06619,101.83603,326.46,1.24,1.11,2026-03-04,0805,A,71,6.1NRT,311.56,10.28,D
14.98552,100.6945,324.99,1.47,1.2,2026-03-04,0805,A,70,6.1NRT,310.38,13.05,D
15.21776,101.93294,328.56,1.22,1.1,2026-03-04,0805,A,49,6.1NRT,307.27,16.93,D
15.22861,101.36624,340.77,1.31,1.14,2026-03-04,0807,A,88,6.1NRT,310.03,43,D
15.23849,101.36449,333.7,1.31,1.14,2026-03-04,0807,A,81,6.1NRT,309.65,27.38,D
14.84259,98.66639,318.47,2.09,1.41,2026-03-04,0807,A,50,6.1NRT,302.49,29.01,D
14.84558,98.66123,320.51,2.09,1.41,2026-03-04,0807,A,51,6.1NRT,303.13,33.44,D
14.87018,98.65784,322.67,2.09,1.41,2026-03-04,0807,A,66,6.1NRT,302.65,39.58,D
14.86679,98.63872,327.51,2.1,1.41,2026-03-04,0807,A,78,6.1NRT,303.05,54.62,D
15.32989,101.17157,323.83,1.35,1.15,2026-03-04,0807,A,52,6.1NRT,307.05,10.1,D
15.37433,101.38403,327.99,1.3,1.13,2026-03-04,0807,A,73,6.1NRT,308,17.54,D
6.61579,80.65035,311.67,1.05,1.02,2026-03-04,0941,A,57,6.1NRT,299.89,6.03,D
7.24477,81.77207,315.79,1,1,2026-03-04,0941,A,67,6.1NRT,301.39,5.68,D
7.20794,80.65563,315.91,1.04,1.02,2026-03-04,0941,A,65,6.1NRT,299.16,10.52,D
7.84686,80.29752,319.57,1.06,1.03,2026-03-04,0941,A,64,6.1NRT,299.56,11.69,D
7.84548,80.28822,331.35,1.06,1.03,2026-03-04,0941,A,84,6.1NRT,300.36,25.62,D
8.04496,79.94991,320.47,1.09,1.04,2026-03-04,0941,A,76,6.1NRT,300.03,12.18,D
9.36537,78.77619,321.57,1.2,1.09,2026-03-04,0941,A,62,6.1NRT,302.88,10.68,D
9.75965,77.86794,331,1.34,1.15,2026-03-04,0941,A,80,6.1NRT,312.98,18.3,D
9.7578,77.85616,331.4,1.35,1.15,2026-03-04,0941,A,81,6.1NRT,312.4,19.21,D
9.75595,77.84435,335.12,1.35,1.15,2026-03-04,0941,A,84,6.1NRT,313.27,26.24,D
9.79273,77.82065,335.21,1.35,1.15,2026-03-04,0941,A,84,6.1NRT,312.3,27.25,D
10.03906,77.9484,315.7,1.31,1.14,2026-03-04,0941,A,35,6.1NRT,303.19,9.59,D
11.359,79.05482,326.73,1.1,1.05,2026-03-04,0943,A,24,6.1NRT,313.75,12.49,D
11.36822,79.05683,324.33,1.1,1.05,2026-03-04,0943,A,50,6.1NRT,311.67,11.47,D
11.3667,79.04709,325.78,1.1,1.05,2026-03-04,0943,A,58,6.1NRT,313.27,12.43,D
11.43211,79.04656,333.98,1.1,1.05,2026-03-04,0943,A,82,6.1NRT,311.87,22.61,D
11.42466,78.9978,322.89,1.11,1.05,2026-03-04,0943,A,64,6.1NRT,310.32,7.48,D
11.66465,79.0611,330.45,1.09,1.04,2026-03-04,0943,A,77,6.1NRT,310.14,20.01,D
12.08406,79.56556,320.96,1.04,1.02,2026-03-04,0943,A,56,6.1NRT,306.42,9.13,D
12.18752,79.0253,321.83,1.09,1.04,2026-03-04,0943,A,63,6.1NRT,306.98,9.3,D
12.17301,78.32826,327.9,1.17,1.08,2026-03-04,0943,A,75,6.1NRT,313.32,14.18,D
12.3066,78.65441,317.8,1.12,1.06,2026-03-04,0943,A,44,6.1NRT,303.39,9.63,D
12.29454,78.41224,319.89,1.15,1.07,2026-03-04,0943,A,55,6.1NRT,307.02,6.39,D
12.44275,78.82288,317.29,1.1,1.05,2026-03-04,0943,A,39,6.1NRT,301.38,9.76,D
12.297,77.84252,318.34,1.24,1.11,2026-03-04,0943,A,48,6.1NRT,305.08,10,D
12.25183,77.5625,332.18,1.29,1.13,2026-03-04,0943,A,69,6.1NRT,310.73,26.12,D
12.25008,77.55166,335.43,1.29,1.13,2026-03-04,0943,A,84,6.1NRT,307.26,32.87,D
12.26355,77.5727,323.46,1.29,1.13,2026-03-04,0943,A,54,6.1NRT,309.13,12.88,D
12.30632,77.71472,322.8,1.26,1.12,2026-03-04,0943,A,68,6.1NRT,309.39,11.83,D
12.30454,77.70352,332.76,1.26,1.12,2026-03-04,0943,A,82,6.1NRT,310.51,28.68,D
12.29924,77.67024,339.87,1.27,1.12,2026-03-04,0943,A,88,6.1NRT,310.74,45.12,D
12.3249,77.76913,319.93,1.25,1.11,2026-03-04,0943,A,43,6.1NRT,307.13,10.07,D
12.49415,78.79284,332.23,1.1,1.05,2026-03-04,0943,A,81,6.1NRT,307.78,26.91,D
12.31539,77.64607,321.3,1.27,1.12,2026-03-04,0943,A,48,6.1NRT,306.11,9.61,D
12.39098,77.73055,318.2,1.25,1.11,2026-03-04,0943,A,32,6.1NRT,306.79,5.92,D
12.39843,77.32442,326.75,1.33,1.14,2026-03-04,0943,A,74,6.1NRT,313.45,16.63,D
12.80245,79.17713,320.37,1.06,1.03,2026-03-04,0943,A,57,6.1NRT,304.83,8.87,D
12.81282,79.18499,350.48,1.06,1.03,2026-03-04,0943,A,95,6.1NRT,306.71,57.95,D
12.81142,79.1758,320.85,1.06,1.03,2026-03-04,0943,A,57,6.1NRT,303.92,9.12,D
12.79937,78.85491,321,1.09,1.04,2026-03-04,0943,A,63,6.1NRT,306.56,10.01,D
12.63181,77.7697,322.61,1.24,1.11,2026-03-04,0943,A,67,6.1NRT,309.01,9.96,D
12.81979,78.56477,318.42,1.12,1.05,2026-03-04,0943,A,52,6.1NRT,305.08,8.57,D
12.67506,77.64207,318.21,1.26,1.11,2026-03-04,0943,A,36,6.1NRT,306.51,7,D
12.92628,79.19841,324.27,1.06,1.03,2026-03-04,0943,A,68,6.1NRT,308.51,11.27,D
12.92487,79.18913,324.3,1.06,1.03,2026-03-04,0943,A,70,6.1NRT,308.6,11.87,D
12.82435,78.53338,320.87,1.12,1.06,2026-03-04,0943,A,62,6.1NRT,304.88,11.29,D
13.01239,79.15952,328.12,1.06,1.03,2026-03-04,0943,A,76,6.1NRT,307.69,16.02,D
13.01097,79.15016,350.27,1.06,1.03,2026-03-04,0943,A,95,6.1NRT,309.69,55.82,D
12.97873,78.63745,318.98,1.11,1.05,2026-03-04,0943,A,54,6.1NRT,306.26,8.82,D
12.83133,77.52296,318.51,1.27,1.12,2026-03-04,0943,A,54,6.1NRT,306.48,7.55,D
12.82953,77.51171,325.27,1.28,1.12,2026-03-04,0943,A,72,6.1NRT,307.68,17.27,D
13.14751,79.25594,321.86,1.05,1.02,2026-03-04,0943,A,65,6.1NRT,307.51,9.4,D
13.04374,78.28335,323.05,1.15,1.07,2026-03-04,0943,A,66,6.1NRT,308.29,11.15,D
13.13873,78.83527,324.28,1.08,1.04,2026-03-04,0943,A,70,6.1NRT,307.32,13.74,D
13.13726,78.82575,325.41,1.08,1.04,2026-03-04,0943,A,72,6.1NRT,306.16,15.35,D
13.23778,79.42561,323.25,1.03,1.02,2026-03-04,0943,A,68,6.1NRT,309.78,9.72,D
13.24719,79.36756,320.35,1.04,1.02,2026-03-04,0943,A,61,6.1NRT,306.23,8.49,D
13.07916,78.20412,323.85,1.16,1.07,2026-03-04,0943,A,68,6.1NRT,306.34,12.67,D
13.07757,78.19384,320.07,1.16,1.07,2026-03-04,0943,A,57,6.1NRT,306.36,7.88,D
13.09795,78.27831,319.56,1.15,1.07,2026-03-04,0943,A,52,6.1NRT,307.46,7.09,D
13.18939,78.80086,320.86,1.09,1.04,2026-03-04,0943,A,61,6.1NRT,306.23,10.13,D
13.18791,78.79128,331.05,1.09,1.04,2026-03-04,0943,A,79,6.1NRT,306.26,23.16,D
13.35142,79.80218,317.94,1.01,1.01,2026-03-04,0943,A,50,6.1NRT,305.2,5.69,D
13.32533,79.08479,323.88,1.06,1.03,2026-03-04,0943,A,69,6.1NRT,308.96,11.69,D
13.32389,79.07539,323.77,1.06,1.03,2026-03-04,0943,A,69,6.1NRT,308.53,11.48,D
13.36993,79.3164,356.09,1.04,1.02,2026-03-04,0943,A,98,6.1NRT,309.1,67.57,D
13.36852,79.30717,331.15,1.04,1.02,2026-03-04,0943,A,80,6.1NRT,306.63,19.36,D
13.40118,79.46239,320.27,1.03,1.01,2026-03-04,0943,A,61,6.1NRT,308.21,7.87,D
13.37882,79.31505,327.78,1.04,1.02,2026-03-04,0943,A,76,6.1NRT,306.29,14.17,D
13.15308,77.80223,328.84,1.21,1.1,2026-03-04,0943,A,76,6.1NRT,308.11,19.87,D
13.19934,78.03382,320.4,1.18,1.08,2026-03-04,0943,A,59,6.1NRT,308.89,8.58,D
13.36035,78.95345,317.19,1.07,1.03,2026-03-04,0943,A,34,6.1NRT,306.21,6.28,D
13.42512,79.26025,326.68,1.04,1.02,2026-03-04,0943,A,74,6.1NRT,307.69,14.59,D
13.39482,78.93168,316.95,1.07,1.03,2026-03-04,0943,A,25,6.1NRT,305.68,6.03,D
13.22369,77.78376,325.93,1.21,1.1,2026-03-04,0943,A,72,6.1NRT,309.28,14.38,D
13.42062,78.85962,316.89,1.07,1.03,2026-03-04,0943,A,27,6.1NRT,303.14,7.42,D
13.43158,78.74992,321.27,1.09,1.04,2026-03-04,0943,A,58,6.1NRT,303.69,10.86,D
13.20015,77.26096,320.16,1.31,1.13,2026-03-04,0943,A,53,6.1NRT,307.24,6.71,D
13.25574,77.41034,335.52,1.28,1.12,2026-03-04,0943,A,84,6.1NRT,309.3,34.59,D
13.25391,77.39905,323.42,1.28,1.12,2026-03-04,0943,A,68,6.1NRT,309.56,12.67,D
13.52206,79.04095,319.31,1.06,1.03,2026-03-04,0943,A,57,6.1NRT,307.63,7.23,D
13.319,77.28792,320,1.29,1.13,2026-03-04,0943,A,59,6.1NRT,308.31,6.71,D
13.57421,78.59413,322.01,1.1,1.04,2026-03-04,0943,A,58,6.1NRT,307.58,10.07,D
13.57271,78.58433,323.6,1.1,1.05,2026-03-04,0943,A,68,6.1NRT,309.85,11.44,D
13.57593,78.42263,317.83,1.12,1.05,2026-03-04,0943,A,26,6.1NRT,306.65,6.3,D
13.68633,78.90517,324.92,1.07,1.03,2026-03-04,0943,A,71,6.1NRT,309,10.91,D
13.59386,78.24911,322.83,1.14,1.06,2026-03-04,0943,A,65,6.1NRT,309.73,9.98,D
13.57525,77.94666,323.45,1.18,1.08,2026-03-04,0943,A,66,6.1NRT,309.23,9.82,D
13.64947,78.36382,320.1,1.12,1.06,2026-03-04,0943,A,44,6.1NRT,308.26,7.47,D
13.81021,79.22504,324.16,1.04,1.02,2026-03-04,0943,A,70,6.1NRT,305.4,14.42,D
13.80879,79.21575,319.97,1.04,1.02,2026-03-04,0943,A,43,6.1NRT,305.08,9.75,D
13.72255,78.65702,330.35,1.09,1.04,2026-03-04,0943,A,78,6.1NRT,311.18,17.67,D
13.81909,79.22371,321.12,1.04,1.02,2026-03-04,0943,A,33,6.1NRT,303.77,10.28,D
13.81766,79.21435,329.89,1.04,1.02,2026-03-04,0943,A,78,6.1NRT,306.34,20.61,D
13.79475,79.06461,322.26,1.05,1.02,2026-03-04,0943,A,65,6.1NRT,308.09,10.28,D
13.73161,78.65557,325.46,1.09,1.04,2026-03-04,0943,A,45,6.1NRT,308.61,10.39,D
13.82512,79.20365,327.99,1.04,1.02,2026-03-04,0943,A,21,6.1NRT,305.15,16.91,D
13.82366,79.19408,330.65,1.04,1.02,2026-03-04,0943,A,79,6.1NRT,305.68,22.11,D
13.83113,79.18339,319.85,1.04,1.02,2026-03-04,0943,A,58,6.1NRT,304.13,10.43,D
13.5504,77.3872,328.15,1.27,1.12,2026-03-04,0943,A,75,6.1NRT,310.5,17.93,D
13.5619,77.39668,335.52,1.26,1.12,2026-03-04,0943,A,83,6.1NRT,311.18,30.45,D
13.56011,77.38548,350.11,1.27,1.12,2026-03-04,0943,A,94,6.1NRT,310.55,67.84,D
13.80918,78.85914,322.11,1.07,1.03,2026-03-04,0943,A,64,6.1NRT,309.03,8.82,D
13.74228,78.42307,321.84,1.11,1.05,2026-03-04,0943,A,53,6.1NRT,307.51,6.66,D
13.74077,78.41328,322.74,1.11,1.05,2026-03-04,0943,A,60,6.1NRT,309.1,7.9,D
13.84189,78.4722,322.48,1.1,1.05,2026-03-04,0943,A,46,6.1NRT,305.51,10.01,D
13.84034,78.46208,324.12,1.1,1.05,2026-03-04,0943,A,52,6.1NRT,308.24,11.38,D
13.57475,76.71069,322.97,1.4,1.17,2026-03-04,0943,A,33,6.1NRT,309.82,10.14,D
13.5727,76.69787,344.28,1.4,1.17,2026-03-04,0943,A,91,6.1NRT,312.72,60.9,D
13.87493,78.32723,327.64,1.12,1.05,2026-03-04,0943,A,71,6.1NRT,310.04,12.75,D
13.8841,78.32568,325.63,1.12,1.05,2026-03-04,0943,A,39,6.1NRT,309.42,9.64,D
13.88256,78.31578,344.53,1.12,1.05,2026-03-04,0943,A,90,6.1NRT,311.48,42.64,D
13.97288,78.24436,331.99,1.13,1.06,2026-03-04,0943,A,78,6.1NRT,310,20.71,D
13.95554,78.13324,322.83,1.14,1.06,2026-03-04,0943,A,31,6.1NRT,309.21,8.22,D
13.9648,78.13173,343.93,1.14,1.06,2026-03-04,0943,A,90,6.1NRT,309.23,44.15,D
13.96323,78.12167,341.31,1.14,1.06,2026-03-04,0943,A,88,6.1NRT,309.26,36.78,D
13.95851,78.09139,336.87,1.15,1.07,2026-03-04,0943,A,84,6.1NRT,306.41,29.64,D
13.8894,77.65113,326.63,1.21,1.09,2026-03-04,0943,A,66,6.1NRT,311.1,13.49,D
13.87218,77.54221,323.28,1.23,1.1,2026-03-04,0943,A,59,6.1NRT,309.54,9.95,D
13.87045,77.53127,327.02,1.23,1.1,2026-03-04,0943,A,70,6.1NRT,310.14,15.7,D
13.98814,78.22089,326.3,1.13,1.06,2026-03-04,0943,A,69,6.1NRT,310.95,12.34,D
13.97091,78.10993,351.26,1.14,1.07,2026-03-04,0943,A,95,6.1NRT,309.28,61.25,D
13.96933,78.09979,343.82,1.14,1.07,2026-03-04,0943,A,90,6.1NRT,308.13,43.29,D
13.89892,77.64957,328.92,1.21,1.09,2026-03-04,0943,A,73,6.1NRT,309.15,17.74,D
14.27472,79.06134,324.14,1.04,1.02,2026-03-04,0943,A,66,6.1NRT,306.84,10.7,D
14.30235,79.12344,319.62,1.04,1.02,2026-03-04,0943,A,51,6.1NRT,308.13,7.14,D
14.3391,79.30678,321.12,1.03,1.01,2026-03-04,0943,A,56,6.1NRT,306.23,9.01,D
14.30183,78.81001,324.22,1.06,1.03,2026-03-04,0943,A,61,6.1NRT,307.38,10.24,D
14.30036,78.80051,332.14,1.06,1.03,2026-03-04,0943,A,80,6.1NRT,307.67,20.99,D
14.2523,78.37191,322.7,1.1,1.05,2026-03-04,0943,A,52,6.1NRT,309.63,6.99,D
14.14719,77.52129,324.45,1.22,1.1,2026-03-04,0943,A,64,6.1NRT,312.11,8.68,D
13.99216,76.42575,322.5,1.44,1.19,2026-03-04,0943,A,44,6.1NRT,309.8,10.96,D
14.28112,78.19418,321.85,1.12,1.06,2026-03-04,0943,A,53,6.1NRT,309.3,5.97,D
14.31774,78.14132,323.16,1.13,1.06,2026-03-04,0943,A,60,6.1NRT,310.91,8.02,D
14.16817,76.13471,320.65,1.5,1.21,2026-03-04,0943,A,53,6.1NRT,308.91,10.56,D
14.82456,79.14459,324.25,1.03,1.01,2026-03-04,0943,A,66,6.1NRT,306.08,13.8,D
14.82314,79.13526,319.99,1.03,1.01,2026-03-04,0943,A,47,6.1NRT,307.1,8.56,D
14.55902,77.07735,322.23,1.28,1.12,2026-03-04,0943,A,54,6.1NRT,310.01,8.1,D
14.94599,78.78777,325.73,1.05,1.02,2026-03-04,0943,A,60,6.1NRT,307.05,13.07,D
14.95492,78.78635,329.21,1.05,1.02,2026-03-04,0943,A,66,6.1NRT,306.01,17.35,D
15.21973,78.95097,322.01,1.04,1.02,2026-03-04,0943,A,51,6.1NRT,309.44,6.91,D
15.19711,78.80161,327.36,1.05,1.02,2026-03-04,0943,A,70,6.1NRT,309.93,16.37,D
15.40889,78.8438,324.63,1.04,1.02,2026-03-04,0943,A,64,6.1NRT,309.41,10.28,D
15.45858,78.93114,326.92,1.03,1.02,2026-03-04,0943,A,39,6.1NRT,311.25,9.94,D
15.45719,78.92198,346.85,1.03,1.02,2026-03-04,0943,A,92,6.1NRT,310.55,42.98,D
15.47907,78.9466,324.6,1.03,1.02,2026-03-04,0943,A,47,6.1NRT,312.1,8.17,D
15.47767,78.93741,325.8,1.03,1.02,2026-03-04,0943,A,59,6.1NRT,311.52,9.81,D
15.45505,78.7885,321.23,1.04,1.02,2026-03-04,0943,A,46,6.1NRT,307.14,9.99,D
15.4079,77.94685,331.25,1.12,1.06,2026-03-04,0943,A,68,6.1NRT,310.2,15.24,D
15.64156,78.91734,332.33,1.03,1.01,2026-03-04,0943,A,79,6.1NRT,308.81,22.42,D
15.72184,79.07814,330.45,1.02,1.01,2026-03-04,0943,A,77,6.1NRT,311.35,15.95,D
15.72044,79.06895,326.46,1.02,1.01,2026-03-04,0943,A,70,6.1NRT,311.12,12.26,D
15.71905,79.05978,327.71,1.02,1.01,2026-03-04,0943,A,71,6.1NRT,310.56,13.38,D
15.69508,78.90264,321.01,1.03,1.01,2026-03-04,0943,A,37,6.1NRT,308,7.22,D
15.70392,78.90118,321.7,1.03,1.01,2026-03-04,0943,A,49,6.1NRT,307.83,8.3,D
15.77607,79.07885,321.47,1.02,1.01,2026-03-04,0943,A,56,6.1NRT,308.34,7.03,D
15.77471,79.0698,319.92,1.02,1.01,2026-03-04,0943,A,43,6.1NRT,308.48,5.79,D
15.77938,79.04099,319.8,1.02,1.01,2026-03-04,0943,A,38,6.1NRT,305.52,7.37,D
15.87222,79.45841,325.36,1.01,1,2026-03-04,0943,A,64,6.1NRT,312.51,7.87,D
15.7991,78.97423,330.19,1.03,1.01,2026-03-04,0943,A,76,6.1NRT,308.53,18.18,D
15.79768,78.96492,321.29,1.03,1.01,2026-03-04,0943,A,52,6.1NRT,308.42,7.69,D
15.8576,79.00256,321.53,1.02,1.01,2026-03-04,0943,A,48,6.1NRT,307.27,8.08,D
15.91292,79.19067,324.15,1.02,1.01,2026-03-04,0943,A,66,6.1NRT,310.73,7.61,D
15.91155,79.1815,325.06,1.02,1.01,2026-03-04,0943,A,68,6.1NRT,310.7,8.68,D
15.95902,79.36432,328.04,1.01,1,2026-03-04,0943,A,74,6.1NRT,309.39,11.67,D
15.95767,79.35528,330.3,1.01,1,2026-03-04,0943,A,77,6.1NRT,310.59,14.62,D
15.96641,79.35377,327.93,1.01,1,2026-03-04,0943,A,58,6.1NRT,310.18,11.19,D
15.94778,79.16998,322.95,1.02,1.01,2026-03-04,0943,A,55,6.1NRT,310.66,7.94,D
15.9464,79.16081,330.25,1.02,1.01,2026-03-04,0943,A,77,6.1NRT,312.39,16.81,D
15.90746,78.90356,334.76,1.03,1.01,2026-03-04,0943,A,82,6.1NRT,307.68,26.13,D
15.90181,78.86647,323.4,1.03,1.01,2026-03-04,0943,A,36,6.1NRT,304.41,11.42,D
15.91627,78.90201,320.97,1.03,1.01,2026-03-04,0943,A,51,6.1NRT,304.74,9.33,D
16.06244,79.82011,318,1,1,2026-03-04,0943,A,48,6.1NRT,306.85,6.2,D
15.92693,78.85297,323.48,1.03,1.01,2026-03-04,0943,A,22,6.1NRT,304.99,11.27,D
15.98838,79.20082,323.47,1.01,1.01,2026-03-04,0943,A,64,6.1NRT,309.17,9.21,D
15.96411,78.97929,320.19,1.02,1.01,2026-03-04,0943,A,38,6.1NRT,307.99,6.78,D
15.94741,78.86862,334.89,1.03,1.01,2026-03-04,0943,A,82,6.1NRT,307.05,26.94,D
15.946,78.85926,338.95,1.03,1.01,2026-03-04,0943,A,86,6.1NRT,305.79,33.16,D
16.04255,79.44375,333.52,1.01,1,2026-03-04,0943,A,81,6.1NRT,311.35,20.09,D
15.9464,78.80185,322.88,1.03,1.02,2026-03-04,0943,A,54,6.1NRT,304.52,11.49,D
15.94217,78.77385,334.94,1.04,1.02,2026-03-04,0943,A,82,6.1NRT,307.97,26.05,D
15.94076,78.76451,320.91,1.04,1.02,2026-03-04,0943,A,42,6.1NRT,309.12,8.39,D
15.98673,78.93145,319.06,1.03,1.01,2026-03-04,0943,A,30,6.1NRT,306.57,6.93,D
15.97146,78.77211,328.48,1.04,1.02,2026-03-04,0943,A,74,6.1NRT,310.02,16.87,D
16.02576,79.01019,338.54,1.02,1.01,2026-03-04,0943,A,86,6.1NRT,307.74,31.41,D
16.02438,79.00105,335.21,1.02,1.01,2026-03-04,0943,A,83,6.1NRT,307.62,26.06,D
16.05217,79.00596,325.16,1.02,1.01,2026-03-04,0943,A,68,6.1NRT,306.26,12.66,D
16.05077,78.99668,321.66,1.02,1.01,2026-03-04,0943,A,57,6.1NRT,307.97,8.64,D
16.06421,78.53876,319.84,1.05,1.02,2026-03-04,0943,A,34,6.1NRT,307.97,7.86,D
16.06276,78.52926,319.57,1.05,1.02,2026-03-04,0943,A,0,6.1NRT,307.74,7.72,D
15.48054,74.92944,321.94,1.74,1.29,2026-03-04,0943,A,52,6.1NRT,306.34,16.86,D
16.12092,78.73208,324.79,1.04,1.02,2026-03-04,0943,A,68,6.1NRT,307.61,12.49,D
16.11951,78.72272,325.78,1.04,1.02,2026-03-04,0943,A,70,6.1NRT,308.36,13.93,D
16.45356,80.53802,327.71,1.01,1.01,2026-03-04,0943,A,77,6.1NRT,309.37,12.37,D
16.32137,79.25285,325.07,1.01,1,2026-03-04,0943,A,62,6.1NRT,313.63,8.88,D
16.23343,78.67276,324.8,1.04,1.02,2026-03-04,0943,A,68,6.1NRT,307.46,13.56,D
15.65546,74.86868,321.91,1.74,1.29,2026-03-04,0943,A,53,6.1NRT,308.76,14.78,D
16.30169,78.82345,324.68,1.03,1.01,2026-03-04,0943,A,61,6.1NRT,310.95,11.23,D
16.31052,78.82205,325.19,1.03,1.01,2026-03-04,0943,A,69,6.1NRT,309.74,12.22,D
16.30912,78.81274,322.34,1.03,1.01,2026-03-04,0943,A,53,6.1NRT,309.37,9.32,D
16.31375,78.78348,332.81,1.03,1.01,2026-03-04,0943,A,80,6.1NRT,308.61,23.92,D
16.31234,78.77417,327.2,1.03,1.01,2026-03-04,0943,A,73,6.1NRT,308.06,16.66,D
16.004,74.33898,325.12,1.88,1.34,2026-03-04,0943,A,67,6.1NRT,308.65,24.9,D
16.01563,74.33688,322.93,1.88,1.34,2026-03-04,0943,A,56,6.1NRT,308.45,19.18,D
17.33655,81.84155,316.19,1.13,1.06,2026-03-04,0943,A,55,6.1NRT,303.26,5.99,D
17.33517,81.83126,320.2,1.13,1.06,2026-03-04,0943,A,67,6.1NRT,304.26,10.36,D
16.67373,77.22321,333.42,1.17,1.08,2026-03-04,0943,A,80,6.1NRT,314.84,22.88,D
17.40401,82.13052,316.07,1.17,1.08,2026-03-04,0943,A,54,6.1NRT,303.33,5.49,D
16.76159,77.47625,324.42,1.14,1.06,2026-03-04,0943,A,50,6.1NRT,311.01,9.95,D
16.75998,77.46597,323.24,1.14,1.06,2026-03-04,0943,A,42,6.1NRT,309.73,8.95,D
16.76714,77.46989,328.34,1.14,1.06,2026-03-04,0943,A,72,6.1NRT,310.2,14.87,D
17.40158,81.57661,315.18,1.11,1.05,2026-03-04,0943,A,44,6.1NRT,303.49,5.91,D
17.3671,81.25774,341.46,1.07,1.03,2026-03-04,0943,A,90,6.1NRT,306.85,38.95,D
16.28426,74.35448,326.62,1.85,1.33,2026-03-04,0943,A,70,6.1NRT,311.01,25.83,D
17.50527,82.13226,318.4,1.18,1.08,2026-03-04,0943,A,56,6.1NRT,304.99,7.64,D
17.69132,82.60717,321.39,1.26,1.11,2026-03-04,0945,A,69,6.1NRT,305.41,11.38,D
17.69259,82.60136,320.67,1.26,1.11,2026-03-04,0945,A,67,6.1NRT,305.71,10.42,D
17.47012,80.93384,319.66,1.05,1.02,2026-03-04,0945,A,64,6.1NRT,307.71,6.89,D
17.07238,78.22803,323.21,1.06,1.03,2026-03-04,0945,A,62,6.1NRT,309.74,9.35,D
17.71994,82.43302,320.98,1.23,1.1,2026-03-04,0945,A,68,6.1NRT,303.41,13.81,D
17.71859,82.42276,327.64,1.23,1.1,2026-03-04,0945,A,78,6.1NRT,303.91,23.14,D
17.69506,82.24577,315.66,1.2,1.09,2026-03-04,0945,A,48,6.1NRT,303.18,7.2,D
17.81835,82.70329,322.2,1.28,1.12,2026-03-04,0945,A,70,6.1NRT,303.93,14.58,D
17.81702,82.69296,318.05,1.28,1.12,2026-03-04,0945,A,59,6.1NRT,305.08,9.34,D
17.82924,81.87273,320.57,1.15,1.07,2026-03-04,0945,A,64,6.1NRT,302.13,12.1,D
17.49079,79.47317,321.51,1,1,2026-03-04,0945,A,43,6.1NRT,310.94,5.81,D
17.64494,80.41334,326.45,1.02,1.01,2026-03-04,0945,A,72,6.1NRT,311.12,12.43,D
17.1286,76.99265,327.45,1.19,1.09,2026-03-04,0945,A,66,6.1NRT,315.12,9.96,D
17.64179,80.32841,327.76,1.02,1.01,2026-03-04,0945,A,76,6.1NRT,309.73,15.84,D
17.66123,80.40128,323.17,1.02,1.01,2026-03-04,0945,A,28,6.1NRT,308.69,8.42,D
18.00726,82.82065,317.01,1.31,1.13,2026-03-04,0945,A,48,6.1NRT,302.4,9.33,D
17.68206,80.40078,319.05,1.02,1.01,2026-03-04,0945,A,37,6.1NRT,307.96,5.27,D
17.68074,80.39145,319.96,1.02,1.01,2026-03-04,0945,A,48,6.1NRT,308.02,6.23,D
17.69176,80.34224,320.89,1.02,1.01,2026-03-04,0945,A,53,6.1NRT,308.05,8.03,D
18.16026,83.61649,319.67,1.48,1.2,2026-03-04,0945,A,65,6.1NRT,305.27,15,D
17.73625,80.40175,323.8,1.02,1.01,2026-03-04,0945,A,69,6.1NRT,312.35,10.62,D
17.76907,80.5687,334.8,1.03,1.01,2026-03-04,0945,A,84,6.1NRT,309.25,20.99,D
17.78059,80.58606,326.42,1.03,1.01,2026-03-04,0945,A,54,6.1NRT,309.1,10.34,D
17.77525,80.54853,333.79,1.03,1.01,2026-03-04,0945,A,83,6.1NRT,308.93,20.51,D
17.79115,80.58831,322.15,1.03,1.01,2026-03-04,0945,A,44,6.1NRT,310.31,7.56,D
17.73986,80.2249,329.89,1.01,1.01,2026-03-04,0945,A,56,6.1NRT,309.99,16.98,D
17.78946,80.5118,323.99,1.03,1.01,2026-03-04,0945,A,68,6.1NRT,312.23,9.03,D
17.78814,80.50246,330.8,1.03,1.01,2026-03-04,0945,A,79,6.1NRT,312.87,17.36,D
17.74864,80.2235,325.22,1.01,1.01,2026-03-04,0945,A,55,6.1NRT,306.72,12.18,D
17.74733,80.21428,326.59,1.01,1.01,2026-03-04,0945,A,67,6.1NRT,309.74,13.81,D
17.7807,80.32245,338.74,1.02,1.01,2026-03-04,0945,A,87,6.1NRT,309.69,30.52,D
17.77806,80.30388,362.54,1.02,1.01,2026-03-04,0945,A,100,6.1NRT,311.43,82.65,D
17.75037,80.11011,325.68,1.01,1,2026-03-04,0945,A,50,6.1NRT,308.24,10.94,D
17.7802,80.25589,322.34,1.02,1.01,2026-03-04,0945,A,42,6.1NRT,305.84,9.26,D
18.11852,82.66434,326.15,1.28,1.12,2026-03-04,0945,A,75,6.1NRT,307.03,21.37,D
17.78898,80.2545,326.79,1.02,1.01,2026-03-04,0945,A,59,6.1NRT,306.31,13.41,D
17.78769,80.2454,327.42,1.01,1.01,2026-03-04,0945,A,58,6.1NRT,306.94,14.86,D
17.80975,80.33686,343.75,1.02,1.01,2026-03-04,0945,A,90,6.1NRT,309.56,36.1,D
17.79517,80.23493,318.02,1.01,1.01,2026-03-04,0945,A,13,6.1NRT,306.6,5.81,D
17.81988,80.34476,328.59,1.02,1.01,2026-03-04,0945,A,54,6.1NRT,310.98,13.81,D
17.81855,80.33548,341.8,1.02,1.01,2026-03-04,0945,A,89,6.1NRT,312.1,32.41,D
17.81456,80.3076,330.55,1.02,1.01,2026-03-04,0945,A,72,6.1NRT,309.83,14.79,D
17.79734,80.18743,319.73,1.01,1.01,2026-03-04,0945,A,52,6.1NRT,308.61,7.35,D
17.85399,80.52078,322.21,1.03,1.01,2026-03-04,0945,A,66,6.1NRT,311.12,7.96,D
17.834,80.38059,331.99,1.02,1.01,2026-03-04,0945,A,28,6.1NRT,309.46,17.17,D
17.82734,80.33403,336.35,1.02,1.01,2026-03-04,0945,A,60,6.1NRT,311.78,20.86,D
17.78889,80.0664,323.15,1.01,1,2026-03-04,0945,A,67,6.1NRT,309.28,9.29,D
17.8455,80.39793,332.09,1.02,1.01,2026-03-04,0945,A,74,6.1NRT,312.2,17.4,D
17.84416,80.3886,332.09,1.02,1.01,2026-03-04,0945,A,81,6.1NRT,313.9,18.16,D
17.84282,80.37926,332.47,1.02,1.01,2026-03-04,0945,A,76,6.1NRT,313.12,18.52,D
17.79633,80.05585,322.3,1.01,1,2026-03-04,0945,A,61,6.1NRT,308.65,9.03,D
17.84953,80.34298,328.76,1.02,1.01,2026-03-04,0945,A,77,6.1NRT,309.96,15.4,D
17.8491,80.27644,330.25,1.02,1.01,2026-03-04,0945,A,68,6.1NRT,311.18,17.18,D
17.84777,80.26711,331.79,1.02,1.01,2026-03-04,0945,A,77,6.1NRT,309.59,20.09,D
17.65533,78.95076,318.79,1.01,1,2026-03-04,0945,A,43,6.1NRT,308.69,4.87,D
17.88695,80.48028,323.98,1.03,1.01,2026-03-04,0945,A,69,6.1NRT,311.72,9.74,D
17.87771,80.41483,330.19,1.02,1.01,2026-03-04,0945,A,79,6.1NRT,310.77,16.81,D
17.81836,79.99872,324.92,1.01,1,2026-03-04,0945,A,67,6.1NRT,308.36,13.17,D
17.70698,79.17648,317.71,1,1,2026-03-04,0945,A,32,6.1NRT,306.16,4.47,D
17.60184,78.36031,342.84,1.04,1.02,2026-03-04,0945,A,89,6.1NRT,310.51,38.32,D
17.6004,78.35086,361.91,1.04,1.02,2026-03-04,0945,A,100,6.1NRT,313.09,84.57,D
18.28407,83.06762,320.23,1.37,1.16,2026-03-04,0945,A,62,6.1NRT,305.24,14.18,D
17.88198,80.12961,322.36,1.01,1.01,2026-03-04,0945,A,61,6.1NRT,310.91,6.98,D
17.88066,80.12039,325.27,1.01,1.01,2026-03-04,0945,A,71,6.1NRT,312.92,10.18,D
17.56249,77.92522,333.7,1.07,1.03,2026-03-04,0945,A,79,6.1NRT,310.99,22.14,D
18.28113,82.88916,318.88,1.33,1.14,2026-03-04,0945,A,50,6.1NRT,307.27,9.02,D
17.89952,80.12682,332.33,1.01,1.01,2026-03-04,0945,A,81,6.1NRT,311.85,18.32,D
17.92398,80.22119,328.79,1.02,1.01,2026-03-04,0945,A,68,6.1NRT,311.82,15.49,D
17.92267,80.21197,327.27,1.01,1.01,2026-03-04,0945,A,62,6.1NRT,312.94,13.05,D
17.5391,77.66168,327.93,1.1,1.04,2026-03-04,0945,A,70,6.1NRT,309.95,13.95,D
17.94726,80.32201,325.33,1.02,1.01,2026-03-04,0945,A,53,6.1NRT,310.45,9.99,D
17.93277,80.21983,344.49,1.02,1.01,2026-03-04,0945,A,91,6.1NRT,315.36,39.05,D
17.93145,80.21059,336.95,1.01,1.01,2026-03-04,0945,A,85,6.1NRT,313.15,25.35,D
17.9508,80.28344,333.33,1.02,1.01,2026-03-04,0945,A,82,6.1NRT,313.55,20.3,D
17.94946,80.27405,328.24,1.02,1.01,2026-03-04,0945,A,64,6.1NRT,312.28,13.91,D
18.29921,82.79503,320.9,1.31,1.14,2026-03-04,0945,A,62,6.1NRT,308.54,12.2,D
17.93979,80.14311,320.1,1.01,1.01,2026-03-04,0945,A,59,6.1NRT,310.1,5.26,D
18.46277,83.92632,316.45,1.57,1.24,2026-03-04,0945,A,37,6.1NRT,303.94,11.29,D
18.00226,80.26579,325.54,1.02,1.01,2026-03-04,0945,A,68,6.1NRT,312.34,10.63,D
17.9765,80.02422,320.74,1.01,1,2026-03-04,0945,A,30,6.1NRT,310.73,7.58,D
18.04822,80.44265,325.97,1.03,1.01,2026-03-04,0945,A,73,6.1NRT,311.36,12.4,D
17.67026,77.78425,324.83,1.08,1.04,2026-03-04,0945,A,59,6.1NRT,313.82,7.36,D
17.66872,77.77444,324.61,1.08,1.04,2026-03-04,0945,A,55,6.1NRT,313.71,7.66,D
18.13058,80.83717,336,1.05,1.02,2026-03-04,0945,A,84,6.1NRT,308.48,26.45,D
18.12922,80.82745,331.7,1.05,1.02,2026-03-04,0945,A,80,6.1NRT,309.43,20.6,D
18.13945,80.83532,342.14,1.05,1.02,2026-03-04,0945,A,89,6.1NRT,309.28,36.19,D
18.1381,80.82558,332.62,1.05,1.02,2026-03-04,0945,A,81,6.1NRT,307.76,21.1,D
18.03459,80.09311,338.46,1.01,1.01,2026-03-04,0945,A,87,6.1NRT,310.63,26.66,D
17.64618,77.51291,325.27,1.11,1.05,2026-03-04,0945,A,63,6.1NRT,314.04,8.78,D
17.0524,73.97642,325.77,1.91,1.35,2026-03-04,0945,A,66,6.1NRT,309.56,27.66,D
18.14841,80.83398,343.5,1.05,1.02,2026-03-04,0945,A,90,6.1NRT,311.49,38.34,D
18.14705,80.82427,339.43,1.05,1.02,2026-03-04,0945,A,87,6.1NRT,308.79,31.44,D
18.45959,83.08282,320.45,1.38,1.16,2026-03-04,0945,A,60,6.1NRT,307.81,12.92,D
18.15737,80.8327,327.6,1.05,1.02,2026-03-04,0945,A,67,6.1NRT,311.15,13.82,D
18.15602,80.8231,323.97,1.05,1.02,2026-03-04,0945,A,33,6.1NRT,308.98,9.74,D
18.05214,80.09035,330.85,1.01,1.01,2026-03-04,0945,A,72,6.1NRT,311.26,16.12,D
18.04816,80.06267,326.42,1.01,1,2026-03-04,0945,A,47,6.1NRT,311.04,9.44,D
18.04683,80.05344,337.04,1.01,1,2026-03-04,0945,A,86,6.1NRT,312.77,24.72,D
18.05693,80.06128,323.42,1.01,1,2026-03-04,0945,A,32,6.1NRT,311.03,6.75,D
18.08961,80.22638,341.87,1.02,1.01,2026-03-04,0945,A,89,6.1NRT,310.62,34.77,D
18.08827,80.21704,328.33,1.02,1.01,2026-03-04,0945,A,72,6.1NRT,308.77,14.11,D
18.08427,80.18916,347.38,1.02,1.01,2026-03-04,0945,A,93,6.1NRT,310.36,45.74,D
18.38107,82.25796,324.5,1.22,1.1,2026-03-04,0945,A,67,6.1NRT,307.92,15.54,D
18.18017,80.79986,330.3,1.05,1.02,2026-03-04,0945,A,78,6.1NRT,309.33,17.03,D
18.09841,80.225,326.86,1.02,1.01,2026-03-04,0945,A,74,6.1NRT,311.34,13.21,D
18.09707,80.21566,324.48,1.02,1.01,2026-03-04,0945,A,63,6.1NRT,309.31,9.98,D
18.08776,80.15086,326.44,1.01,1.01,2026-03-04,0945,A,74,6.1NRT,310.53,11.31,D
18.08642,80.14156,323.22,1.01,1.01,2026-03-04,0945,A,64,6.1NRT,311.01,7.64,D
18.09767,80.14354,322.75,1.01,1.01,2026-03-04,0945,A,66,6.1NRT,310.42,8.21,D
18.31363,81.57513,336.82,1.13,1.06,2026-03-04,0945,A,85,6.1NRT,309.22,30.54,D
18.20391,80.77106,337.12,1.05,1.02,2026-03-04,0945,A,85,6.1NRT,310.22,27.4,D
18.20257,80.76146,325.57,1.05,1.02,2026-03-04,0945,A,72,6.1NRT,309.35,10.94,D
18.0994,80.03,327.86,1.01,1,2026-03-04,0945,A,76,6.1NRT,313.56,13.35,D
18.09808,80.02078,324.35,1.01,1,2026-03-04,0945,A,71,6.1NRT,311.9,8.93,D
18.21284,80.76969,334.07,1.05,1.02,2026-03-04,0945,A,83,6.1NRT,308.13,22.98,D
18.11428,80.00877,333.98,1.01,1,2026-03-04,0945,A,82,6.1NRT,311.14,19.9,D
18.1827,80.42555,322.09,1.03,1.01,2026-03-04,0945,A,65,6.1NRT,308.35,8.23,D
18.18137,80.41616,319.3,1.03,1.01,2026-03-04,0945,A,53,6.1NRT,309.15,5.55,D
18.16938,80.33168,318.77,1.02,1.01,2026-03-04,0945,A,49,6.1NRT,306.93,6.03,D
18.16805,80.32229,322.23,1.02,1.01,2026-03-04,0945,A,66,6.1NRT,307.65,9.56,D
18.12304,80.00739,323.58,1.01,1,2026-03-04,0945,A,63,6.1NRT,311.65,7.92,D
17.98123,79.03838,320.13,1,1,2026-03-04,0945,A,60,6.1NRT,305.13,8.09,D
17.68385,77.11007,332.76,1.16,1.07,2026-03-04,0945,A,77,6.1NRT,315.45,18.15,D
17.68216,77.09952,332.76,1.16,1.07,2026-03-04,0945,A,77,6.1NRT,315.72,18.21,D
17.66529,76.99397,336.26,1.17,1.08,2026-03-04,0945,A,82,6.1NRT,316.69,24.15,D
17.66358,76.98331,328.79,1.17,1.08,2026-03-04,0945,A,70,6.1NRT,315.9,10.86,D
18.17688,80.32099,319.62,1.02,1.01,2026-03-04,0945,A,43,6.1NRT,308.18,6.8,D
18.17555,80.31165,319.52,1.02,1.01,2026-03-04,0945,A,39,6.1NRT,308.5,6.57,D
18.4274,82.06722,333.56,1.2,1.09,2026-03-04,0945,A,82,6.1NRT,310.53,25.95,D
18.39403,81.81944,325.37,1.16,1.07,2026-03-04,0945,A,71,6.1NRT,310.07,12.81,D
18.47998,82.38768,327.7,1.25,1.11,2026-03-04,0945,A,75,6.1NRT,308.03,20.82,D
17.19353,73.9805,342.58,1.9,1.35,2026-03-04,0945,A,88,6.1NRT,309.86,82.66,D
17.19042,73.96257,325.15,1.9,1.35,2026-03-04,0945,A,29,6.1NRT,309.02,20.78,D
17.20521,73.97842,325.81,1.9,1.35,2026-03-04,0945,A,20,6.1NRT,310.8,22.31,D
18.17579,80.03937,320.68,1.01,1,2026-03-04,0945,A,63,6.1NRT,307.65,5.72,D
18.4307,81.82882,323.04,1.16,1.07,2026-03-04,0945,A,66,6.1NRT,309.49,9.11,D
17.80522,77.52461,325.13,1.1,1.05,2026-03-04,0945,A,65,6.1NRT,312.45,8.68,D
17.20411,73.98946,324.56,1.89,1.34,2026-03-04,0945,A,46,6.1NRT,309.57,19.45,D
17.20091,73.97175,345.98,1.9,1.35,2026-03-04,0945,A,91,6.1NRT,311.27,101.51,D
17.98602,78.51116,319.72,1.02,1.01,2026-03-04,0945,A,47,6.1NRT,309.28,7.63,D
18.32101,80.35312,321.73,1.03,1.01,2026-03-04,0945,A,65,6.1NRT,309.43,8.09,D
17.92358,77.63131,331.1,1.09,1.04,2026-03-04,0945,A,73,6.1NRT,314.46,16.83,D
18.56576,81.86866,322.93,1.17,1.08,2026-03-04,0945,A,63,6.1NRT,311.26,9.46,D
18.41094,80.54141,324.85,1.04,1.02,2026-03-04,0945,A,61,6.1NRT,310.33,9.07,D
18.42113,80.54934,323.45,1.04,1.02,2026-03-04,0945,A,56,6.1NRT,311.56,6.49,D
18.41981,80.53996,355.25,1.04,1.02,2026-03-04,0945,A,97,6.1NRT,312.46,63.04,D
18.59989,81.71532,324.99,1.15,1.07,2026-03-04,0945,A,71,6.1NRT,309.72,12.08,D
18.86267,83.2776,319.25,1.44,1.19,2026-03-04,0945,A,50,6.1NRT,307.95,9.34,D
18.86096,83.26419,331.6,1.43,1.18,2026-03-04,0945,A,81,6.1NRT,309.06,33.71,D
18.84904,83.17123,319.06,1.41,1.18,2026-03-04,0945,A,44,6.1NRT,307.84,10.63,D
18.84397,83.05132,317.45,1.39,1.17,2026-03-04,0945,A,48,6.1NRT,306.08,9.49,D
18.51694,80.63408,323.22,1.04,1.02,2026-03-04,0945,A,67,6.1NRT,306.58,10.58,D
18.51564,80.6248,328.98,1.04,1.02,2026-03-04,0945,A,78,6.1NRT,308.83,16.78,D
18.57595,80.92628,322.11,1.07,1.03,2026-03-04,0945,A,62,6.1NRT,311.13,7.79,D
18.54219,80.61469,323.26,1.04,1.02,2026-03-04,0945,A,62,6.1NRT,306.85,9.17,D
18.54451,80.56602,324.34,1.04,1.02,2026-03-04,0945,A,53,6.1NRT,310.74,7.45,D
18.18972,78.14975,338.7,1.04,1.02,2026-03-04,0945,A,86,6.1NRT,309.68,35.06,D
18.21171,78.23353,322.27,1.04,1.02,2026-03-04,0945,A,64,6.1NRT,310.5,7.48,D
18.5477,80.45919,325.57,1.03,1.02,2026-03-04,0945,A,59,6.1NRT,314.07,7.83,D
18.19869,78.08968,320.5,1.05,1.02,2026-03-04,0945,A,54,6.1NRT,309.5,6.52,D
18.75181,81.73954,318.88,1.16,1.07,2026-03-04,0945,A,54,6.1NRT,308.38,7.47,D
18.23572,78.09317,324.71,1.05,1.02,2026-03-04,0945,A,69,6.1NRT,309.56,11.3,D
18.23426,78.08363,331.2,1.05,1.02,2026-03-04,0945,A,79,6.1NRT,310.93,19.74,D
18.24461,78.09164,333.14,1.05,1.02,2026-03-04,0945,A,81,6.1NRT,310.24,22.28,D
18.24315,78.08212,334.21,1.05,1.02,2026-03-04,0945,A,82,6.1NRT,312.33,24.26,D
18.22885,77.86096,320.85,1.06,1.03,2026-03-04,0945,A,42,6.1NRT,309.92,8.45,D
18.62973,80.38167,338.87,1.03,1.01,2026-03-04,0945,A,87,6.1NRT,311.21,28.32,D
18.52887,79.6759,325.27,1,1,2026-03-04,0945,A,57,6.1NRT,313,8.9,D
17.54553,73.62221,320.89,1.98,1.37,2026-03-04,0945,A,45,6.1NRT,307.25,14.2,D
18.63858,80.38026,324.56,1.03,1.01,2026-03-04,0945,A,48,6.1NRT,310.4,8.88,D
18.64611,80.36948,340.69,1.03,1.01,2026-03-04,0945,A,88,6.1NRT,312.95,32.05,D
19.06359,83.32925,325.99,1.46,1.19,2026-03-04,0945,A,74,6.1NRT,306.33,22.04,D
18.78285,81.15014,318.49,1.09,1.04,2026-03-04,0945,A,43,6.1NRT,306.67,8.37,D
18.67934,80.4124,333.47,1.03,1.02,2026-03-04,0945,A,57,6.1NRT,311.9,20.35,D
19.06894,83.32274,325.62,1.46,1.19,2026-03-04,0945,A,70,6.1NRT,307.2,21.31,D
18.68984,80.41452,327.37,1.03,1.02,2026-03-04,0945,A,39,6.1NRT,311.23,9.93,D
18.68852,80.40511,323.65,1.03,1.02,2026-03-04,0945,A,31,6.1NRT,309.91,5.53,D
18.57357,79.59719,325.47,1,1,2026-03-04,0945,A,61,6.1NRT,310.58,11.77,D
18.4365,78.67134,326.9,1.01,1.01,2026-03-04,0945,A,70,6.1NRT,309.24,16.15,D
18.6987,80.41312,343.93,1.03,1.02,2026-03-04,0945,A,91,6.1NRT,311.78,35.69,D
18.69738,80.40368,349.18,1.03,1.02,2026-03-04,0945,A,94,6.1NRT,313.62,46.05,D
18.69606,80.39424,343.68,1.03,1.02,2026-03-04,0945,A,90,6.1NRT,313.48,34.84,D
18.34467,77.9542,323.07,1.05,1.02,2026-03-04,0945,A,26,6.1NRT,311.11,9.28,D
18.34317,77.94455,325.25,1.05,1.03,2026-03-04,0945,A,56,6.1NRT,309.81,11.42,D
18.35209,77.94304,323.36,1.05,1.03,2026-03-04,0945,A,15,6.1NRT,309.71,9.11,D
18.18654,76.89716,323.14,1.17,1.08,2026-03-04,0945,A,43,6.1NRT,311.27,8.14,D
18.4509,78.46921,321.64,1.02,1.01,2026-03-04,0945,A,62,6.1NRT,309.25,8.53,D
18.42842,78.26176,324.85,1.03,1.01,2026-03-04,0945,A,69,6.1NRT,310.37,11.77,D
19.12834,83.20557,320.69,1.43,1.18,2026-03-04,0945,A,62,6.1NRT,305.86,13.13,D
19.07846,82.66082,317.99,1.32,1.14,2026-03-04,0945,A,41,6.1NRT,306.73,9.94,D
18.83568,80.79717,321.45,1.06,1.03,2026-03-04,0945,A,50,6.1NRT,310.41,9.15,D
18.52005,78.48936,329.89,1.02,1.01,2026-03-04,0945,A,78,6.1NRT,310.23,18.55,D
18.5785,78.69787,322.97,1.01,1,2026-03-04,0945,A,53,6.1NRT,309.56,10.16,D
18.46414,77.94667,321.68,1.05,1.02,2026-03-04,0945,A,34,6.1NRT,308.28,9.94,D
18.58864,78.70563,320.89,1.01,1,2026-03-04,0945,A,28,6.1NRT,308.54,7.98,D
18.58726,78.69641,330.65,1.01,1,2026-03-04,0945,A,79,6.1NRT,309.28,18.89,D
18.48927,78.05063,324.67,1.04,1.02,2026-03-04,0945,A,56,6.1NRT,312.69,9.7,D
18.9081,80.85594,325.13,1.07,1.03,2026-03-04,0945,A,70,6.1NRT,310.91,11.65,D
18.56957,78.51911,319.67,1.02,1.01,2026-03-04,0945,A,53,6.1NRT,308.94,6.71,D
18.48941,77.9325,324.99,1.05,1.02,2026-03-04,0945,A,52,6.1NRT,310.26,14.19,D
18.48793,77.92285,323.06,1.05,1.02,2026-03-04,0945,A,47,6.1NRT,309.83,12.14,D
18.51734,78.05537,324.06,1.04,1.02,2026-03-04,0945,A,65,6.1NRT,309.48,10.05,D
18.85695,80.28915,321.33,1.03,1.01,2026-03-04,0945,A,61,6.1NRT,310.94,6.81,D
18.5961,78.38446,324.56,1.02,1.01,2026-03-04,0945,A,70,6.1NRT,309.53,13.38,D
19.18399,82.52302,318.19,1.3,1.13,2026-03-04,0945,A,44,6.1NRT,307.4,8.14,D
18.75193,79.36829,329.94,1,1,2026-03-04,0945,A,56,6.1NRT,311.68,13.57,D
18.75059,79.35912,341.84,1,1,2026-03-04,0945,A,89,6.1NRT,311.91,32.28,D
18.74925,79.34998,329.52,1,1,2026-03-04,0945,A,50,6.1NRT,311.12,14.28,D
18.6457,78.65247,337.84,1.01,1.01,2026-03-04,0945,A,86,6.1NRT,310.69,27.05,D
18.64431,78.64322,324.48,1.01,1.01,2026-03-04,0945,A,60,6.1NRT,311.29,8.7,D
19.4158,84.3175,321.53,1.74,1.29,2026-03-04,0945,A,65,6.1NRT,308.3,17.92,D
18.87106,80.13323,323.92,1.02,1.01,2026-03-04,0945,A,55,6.1NRT,310.73,8.22,D
18.70092,78.84156,320.6,1.01,1,2026-03-04,0945,A,62,6.1NRT,309.1,8.18,D
18.60019,78.05497,320.68,1.04,1.02,2026-03-04,0945,A,50,6.1NRT,309.98,8.23,D
18.59874,78.04542,335.96,1.04,1.02,2026-03-04,0945,A,73,6.1NRT,311.31,27.69,D
18.70958,78.57814,320.68,1.01,1.01,2026-03-04,0945,A,55,6.1NRT,308.48,6.42,D
17.93093,73.83583,321.53,1.88,1.34,2026-03-04,0945,A,50,6.1NRT,307.84,20.19,D
17.9282,73.82069,326.33,1.89,1.34,2026-03-04,0945,A,69,6.1NRT,305.78,33.91,D
19.25933,82.01121,320.22,1.22,1.1,2026-03-04,0945,A,60,6.1NRT,308.36,7.67,D
18.72759,78.22083,323.78,1.03,1.01,2026-03-04,0945,A,67,6.1NRT,309.81,10.32,D
18.72616,78.21141,320.74,1.03,1.01,2026-03-04,0945,A,52,6.1NRT,309.07,6.96,D
19.38981,82.61599,331.7,1.32,1.14,2026-03-04,0945,A,81,6.1NRT,306.81,30.52,D
19.38826,82.60382,332.86,1.32,1.14,2026-03-04,0945,A,82,6.1NRT,305.36,32.61,D
19.18595,80.93537,327.16,1.08,1.04,2026-03-04,0945,A,75,6.1NRT,306.42,19.8,D
19.18458,80.92547,319.51,1.08,1.04,2026-03-04,0945,A,57,6.1NRT,307.14,10.71,D
18.90828,78.99229,330.35,1,1,2026-03-04,0945,A,79,6.1NRT,309.06,17.45,D
19.57601,83.84671,336.39,1.61,1.25,2026-03-04,0945,A,85,6.1NRT,308.44,53.94,D
19.58143,83.71252,321.35,1.58,1.24,2026-03-04,0945,A,55,6.1NRT,308.26,15.44,D
19.68721,84.68783,322.4,1.87,1.34,2026-03-04,0945,A,69,6.1NRT,309.18,19.22,D
19.58506,83.70506,319.45,1.58,1.24,2026-03-04,0945,A,60,6.1NRT,308.31,12.4,D
19.45935,82.67466,316.25,1.34,1.15,2026-03-04,0945,A,11,6.1NRT,305.39,7.41,D
18.04406,73.50459,325.07,1.98,1.37,2026-03-04,0945,A,57,6.1NRT,311.76,21.27,D
19.12229,80.07431,322.04,1.02,1.01,2026-03-04,0945,A,53,6.1NRT,309.84,7.99,D
19.14257,80.09023,320.07,1.02,1.01,2026-03-04,0945,A,51,6.1NRT,308.86,6.99,D
19.49473,82.63214,318.48,1.33,1.14,2026-03-04,0945,A,44,6.1NRT,307.4,9.53,D
19.42429,81.94032,321.47,1.21,1.09,2026-03-04,0945,A,16,6.1NRT,309.35,7.35,D
19.43384,81.93887,324.76,1.21,1.09,2026-03-04,0945,A,72,6.1NRT,309.66,11.45,D
19.64974,83.48602,319.05,1.53,1.22,2026-03-04,0945,A,49,6.1NRT,308.57,11.12,D
19.82883,84.92983,315.33,1.96,1.37,2026-03-04,0945,A,41,6.1NRT,305.07,12.15,D
19.66037,83.48439,319.62,1.53,1.22,2026-03-04,0945,A,50,6.1NRT,308.14,12.43,D
19.08451,79.05421,320.39,1,1,2026-03-04,0945,A,56,6.1NRT,309.24,6.99,D
18.63403,75.92572,324.32,1.31,1.13,2026-03-04,0945,A,56,6.1NRT,312.57,10.57,D
19.14085,79.04761,325.79,1,1,2026-03-04,0945,A,70,6.1NRT,309.89,12.72,D
19.63754,82.54918,319.72,1.32,1.14,2026-03-04,0945,A,61,6.1NRT,304.59,11.19,D
19.63591,82.53622,320.43,1.32,1.14,2026-03-04,0945,A,63,6.1NRT,306.82,11.86,D
19.80122,83.79519,318.84,1.61,1.25,2026-03-04,0945,A,59,6.1NRT,307.68,15.05,D
19.11588,78.57986,319.97,1.01,1,2026-03-04,0945,A,40,6.1NRT,309.44,5.5,D
19.1145,78.57062,319.92,1.01,1,2026-03-04,0945,A,39,6.1NRT,309.53,6.09,D
19.18204,78.843,324.12,1,1,2026-03-04,0945,A,65,6.1NRT,309.33,10.35,D
19.18068,78.8338,322.23,1,1,2026-03-04,0945,A,59,6.1NRT,309.36,8.36,D
19.20159,78.77745,345.78,1,1,2026-03-04,0945,A,91,6.1NRT,311.86,40.58,D
19.20021,78.76823,332.23,1,1,2026-03-04,0945,A,63,6.1NRT,310.73,18.92,D
19.20895,78.76677,324.89,1,1,2026-03-04,0945,A,44,6.1NRT,311.28,9.74,D
19.20757,78.75755,322.78,1,1,2026-03-04,0945,A,34,6.1NRT,309.76,7.49,D
19.18266,78.59133,325.03,1.01,1,2026-03-04,0945,A,66,6.1NRT,309.91,11.38,D
19.90653,83.73132,319.09,1.6,1.25,2026-03-04,0945,A,48,6.1NRT,308.43,15.01,D
19.76262,82.57624,321.05,1.33,1.14,2026-03-04,0945,A,50,6.1NRT,308.17,10.92,D
19.64762,81.6207,318.91,1.17,1.08,2026-03-04,0945,A,57,6.1NRT,307.37,7.97,D
19.7558,82.36667,321.26,1.29,1.13,2026-03-04,0945,A,66,6.1NRT,308.07,10.51,D
19.66138,81.65176,318.64,1.18,1.08,2026-03-04,0945,A,49,6.1NRT,307.18,7.36,D
19.26133,78.75797,327.92,1,1,2026-03-04,0945,A,57,6.1NRT,310.56,12.3,D
19.25996,78.74874,348.26,1,1,2026-03-04,0945,A,93,6.1NRT,312.53,45.17,D
19.60298,81.08242,317.47,1.1,1.05,2026-03-04,0945,A,38,6.1NRT,306.78,6.31,D
19.27006,78.7565,324.81,1,1,2026-03-04,0945,A,43,6.1NRT,310.46,8.86,D
19.26869,78.74728,325.7,1,1,2026-03-04,0945,A,51,6.1NRT,311.2,9.67,D
19.26045,78.69189,327.41,1.01,1,2026-03-04,0945,A,71,6.1NRT,310.41,13.57,D
19.61208,81.0848,321.53,1.11,1.05,2026-03-04,0945,A,64,6.1NRT,307.8,11.61,D
19.27303,78.6927,320.51,1.01,1,2026-03-04,0945,A,37,6.1NRT,309.64,6.01,D
18.37798,73.30114,326.29,2.02,1.38,2026-03-04,0945,A,63,6.1NRT,313.28,20.03,D
19.2641,78.51407,322.59,1.01,1.01,2026-03-04,0945,A,32,6.1NRT,309.64,7.14,D
19.37008,79.16669,322.1,1,1,2026-03-04,0945,A,46,6.1NRT,310.04,5.82,D
19.27285,78.51255,322,1.01,1.01,2026-03-04,0945,A,24,6.1NRT,309.44,6.23,D
19.27145,78.50327,325.98,1.01,1.01,2026-03-04,0945,A,48,6.1NRT,309.87,9.99,D
19.27741,78.48322,324.93,1.01,1.01,2026-03-04,0945,A,51,6.1NRT,311.11,9.02,D
19.29593,78.54666,321.9,1.01,1,2026-03-04,0945,A,49,6.1NRT,310.33,6.87,D
19.31024,78.5822,328.66,1.01,1,2026-03-04,0945,A,73,6.1NRT,311.78,13.49,D
19.83829,82.28799,322.69,1.28,1.12,2026-03-04,0945,A,69,6.1NRT,310.81,9.5,D
19.83052,82.2286,322.85,1.27,1.12,2026-03-04,0945,A,54,6.1NRT,309.97,9.24,D
19.3328,78.67316,328.82,1.01,1,2026-03-04,0945,A,73,6.1NRT,310.13,14.13,D
19.33142,78.66392,341.15,1.01,1,2026-03-04,0945,A,87,6.1NRT,311.82,32.24,D
19.65637,80.73433,325.57,1.07,1.03,2026-03-04,0945,A,72,6.1NRT,308.41,16.97,D
19.85921,82.20687,327.12,1.27,1.12,2026-03-04,0945,A,75,6.1NRT,309.97,14.98,D
19.30604,78.24336,322.37,1.02,1.01,2026-03-04,0945,A,46,6.1NRT,311.93,7.81,D
19.79894,81.66318,322.67,1.18,1.08,2026-03-04,0945,A,67,6.1NRT,306.44,13.13,D
19.68892,80.77024,323.5,1.08,1.04,2026-03-04,0945,A,66,6.1NRT,309.92,11.05,D
19.05187,76.45717,322.15,1.2,1.09,2026-03-04,0945,A,46,6.1NRT,310.85,7.31,D
20.24945,85.09297,323.34,2.04,1.39,2026-03-04,0945,A,70,6.1NRT,303.49,34.75,D
20.26029,84.86845,316.12,1.96,1.37,2026-03-04,0945,A,40,6.1NRT,305.76,12.89,D
19.50587,79.10088,324.54,1,1,2026-03-04,0945,A,64,6.1NRT,312,8.39,D
20.28929,85.06556,316.86,2.04,1.39,2026-03-04,0945,A,46,6.1NRT,305.23,16.71,D
19.97272,81.65833,318.89,1.19,1.08,2026-03-04,0945,A,54,6.1NRT,308.63,7.59,D
19.21643,76.44877,322.55,1.2,1.09,2026-03-04,0945,A,49,6.1NRT,311.85,7.41,D
20.10443,82.45304,320.37,1.32,1.14,2026-03-04,0945,A,62,6.1NRT,308.07,8.89,D
20.10287,82.44079,322.44,1.32,1.14,2026-03-04,0945,A,67,6.1NRT,308.21,12.03,D
20.05401,82.05959,321.12,1.25,1.11,2026-03-04,0945,A,63,6.1NRT,310.07,8.74,D
20.37613,84.50073,318.29,1.85,1.33,2026-03-04,0945,A,49,6.1NRT,306.88,17.02,D
20.12484,82.37536,321.62,1.31,1.13,2026-03-04,0945,A,26,6.1NRT,306.66,11.74,D
20.13314,82.36154,327.17,1.31,1.13,2026-03-04,0945,A,35,6.1NRT,307.65,18.51,D
20.13006,82.33785,324.99,1.3,1.13,2026-03-04,0945,A,21,6.1NRT,307.82,13.64,D
19.93085,80.85233,317.88,1.09,1.04,2026-03-04,0945,A,47,6.1NRT,305.41,9.72,D
20.14032,82.24338,319.74,1.29,1.13,2026-03-04,0945,A,58,6.1NRT,306.79,10.97,D
19.92231,80.58401,321.57,1.07,1.03,2026-03-04,0945,A,62,6.1NRT,309.59,9.08,D
20.16236,82.33849,324.64,1.3,1.13,2026-03-04,0945,A,49,6.1NRT,308.28,14.26,D
20.19507,82.35774,320.46,1.31,1.13,2026-03-04,0945,A,44,6.1NRT,307.35,10.58,D
20.19358,82.34606,323.72,1.31,1.13,2026-03-04,0945,A,69,6.1NRT,309,14.96,D
20.18737,82.29768,321.8,1.3,1.13,2026-03-04,0945,A,58,6.1NRT,308.63,12.29,D
20.23091,82.40049,318.52,1.32,1.14,2026-03-04,0945,A,52,6.1NRT,306.15,9.89,D
19.66968,78.39191,323.94,1.01,1.01,2026-03-04,0945,A,52,6.1NRT,313.73,7.83,D
20.2332,82.34033,321.13,1.31,1.13,2026-03-04,0945,A,42,6.1NRT,308.89,11.02,D
20.25421,82.34399,319.9,1.31,1.13,2026-03-04,0945,A,60,6.1NRT,307.89,10.35,D
20.27464,82.42586,318.25,1.32,1.14,2026-03-04,0945,A,33,6.1NRT,306.34,7.95,D
20.29304,82.41093,319.49,1.32,1.14,2026-03-04,0945,A,34,6.1NRT,308.43,9.46,D
20.48908,83.72327,321.17,1.63,1.26,2026-03-04,0945,A,66,6.1NRT,309.95,15.85,D
19.77702,78.4346,327.38,1.01,1,2026-03-04,0945,A,68,6.1NRT,316.55,9.03,D
20.6343,84.66293,318.04,1.92,1.35,2026-03-04,0945,A,0,6.1NRT,306.94,15.93,D
20.41627,82.73435,323.81,1.39,1.17,2026-03-04,0945,A,70,6.1NRT,309.89,14.09,D
20.43506,82.71867,321.75,1.39,1.17,2026-03-04,0945,A,50,6.1NRT,310.92,11.23,D
20.41952,82.43654,319.31,1.33,1.14,2026-03-04,0945,A,53,6.1NRT,307.9,7.99,D
20.4179,82.42407,320.5,1.33,1.14,2026-03-04,0945,A,58,6.1NRT,308.9,10.11,D
20.1838,80.54499,319.51,1.07,1.03,2026-03-04,0945,A,52,6.1NRT,308.01,6.82,D
20.81742,85.38759,319.07,2.19,1.44,2026-03-04,0945,A,45,6.1NRT,307.31,22.09,D
20.66448,84.03514,321.49,1.73,1.29,2026-03-04,0945,A,65,6.1NRT,308.72,18.36,D
20.25639,80.60452,320.04,1.07,1.03,2026-03-04,0945,A,54,6.1NRT,309.55,6.51,D
20.6352,83.33278,322.02,1.54,1.22,2026-03-04,0945,A,66,6.1NRT,309.34,13.69,D
20.62629,83.26173,320.77,1.52,1.22,2026-03-04,0945,A,55,6.1NRT,308.69,11.56,D
19.60126,76.11359,325.97,1.23,1.1,2026-03-04,0945,A,60,6.1NRT,313.25,12.41,D
19.59944,76.10228,322.23,1.23,1.1,2026-03-04,0945,A,20,6.1NRT,311.06,6.81,D
19.60449,76.10644,327.1,1.23,1.1,2026-03-04,0945,A,67,6.1NRT,312.47,14.52,D
19.20054,73.47096,326.23,1.89,1.34,2026-03-04,0945,A,52,6.1NRT,314.58,19.44,D
20.78497,84.07824,323.32,1.75,1.3,2026-03-04,0945,A,69,6.1NRT,309.23,21.36,D
20.78305,84.0621,324.33,1.74,1.29,2026-03-04,0945,A,71,6.1NRT,309.85,23.73,D
19.34967,74.11642,323.15,1.68,1.27,2026-03-04,0945,A,58,6.1NRT,310.03,17.2,D
19.25,73.47857,335.52,1.88,1.34,2026-03-04,0945,A,82,6.1NRT,313.41,50.44,D
19.34979,74.11137,322.77,1.68,1.27,2026-03-04,0945,A,43,6.1NRT,310.51,15.77,D
19.24852,73.49157,324.37,1.87,1.34,2026-03-04,0945,A,53,6.1NRT,311.56,13.74,D
19.24535,73.47434,326.24,1.88,1.34,2026-03-04,0945,A,65,6.1NRT,312.76,20.43,D
19.87473,77.08019,335.07,1.1,1.04,2026-03-04,0945,A,80,6.1NRT,317.7,18.87,D
20.96381,85.17316,322.44,2.12,1.42,2026-03-04,0945,A,49,6.1NRT,310.27,23.93,D
20.65583,82.37273,319.07,1.33,1.14,2026-03-04,0945,A,52,6.1NRT,308.99,8.71,D
20.83409,83.72943,322.49,1.65,1.26,2026-03-04,0945,A,67,6.1NRT,307.49,18.42,D
20.60288,81.88346,320.32,1.24,1.11,2026-03-04,0945,A,58,6.1NRT,310.17,7.39,D
20.60056,81.79061,324.45,1.23,1.1,2026-03-04,0945,A,69,6.1NRT,310.08,13.04,D
21.02132,85.12601,318.17,2.11,1.41,2026-03-04,0945,A,54,6.1NRT,306.38,17.18,D
21.01909,85.10648,324.75,2.1,1.41,2026-03-04,0945,A,72,6.1NRT,307.42,36.65,D
20.9873,84.72547,317.63,1.96,1.37,2026-03-04,0945,A,50,6.1NRT,305.05,19,D
21.02503,85.1184,324.72,2.11,1.41,2026-03-04,0945,A,72,6.1NRT,306.46,37.65,D
21.02296,85.09902,317.83,2.1,1.41,2026-03-04,0945,A,55,6.1NRT,306.99,16.84,D
19.41577,73.76699,320.07,1.78,1.31,2026-03-04,0945,A,39,6.1NRT,305.42,19.02,D
21.11035,85.20806,317.52,2.15,1.42,2026-03-04,0945,A,53,6.1NRT,305.71,16.81,D
20.88646,83.30805,320.46,1.54,1.22,2026-03-04,0945,A,62,6.1NRT,308.55,11.97,D
20.76317,82.08626,320.33,1.28,1.12,2026-03-04,0945,A,54,6.1NRT,310.18,9.83,D
20.81428,82.41435,326.45,1.34,1.15,2026-03-04,0945,A,74,6.1NRT,311.03,20.59,D
20.96118,83.17643,319.63,1.51,1.21,2026-03-04,0945,A,59,6.1NRT,308.92,11.59,D
19.43175,73.07657,323.93,2,1.38,2026-03-04,0945,A,56,6.1NRT,311.15,21.07,D
19.49439,73.35831,327.76,1.9,1.35,2026-03-04,0945,A,67,6.1NRT,310.74,27.02,D
20.96319,83.02031,326.85,1.48,1.2,2026-03-04,0945,A,67,6.1NRT,309.18,21.32,D
19.43715,73.06863,326.97,2,1.38,2026-03-04,0945,A,59,6.1NRT,311.41,28.98,D
20.97106,83.0265,328.36,1.48,1.2,2026-03-04,0945,A,77,6.1NRT,309.39,24.01,D
20.96941,83.0127,325.98,1.48,1.2,2026-03-04,0945,A,73,6.1NRT,309.56,18.58,D
20.89906,82.43359,322.22,1.35,1.15,2026-03-04,0945,A,65,6.1NRT,310.71,13.65,D
19.50176,73.35011,328.19,1.9,1.35,2026-03-04,0945,A,59,6.1NRT,311.42,25.38,D
21.36973,86.42894,318.78,2.69,1.57,2026-03-04,0945,A,62,6.1NRT,305.93,28.4,D
21.36044,85.94397,320.46,2.47,1.51,2026-03-04,0945,A,61,6.1NRT,306.62,28.49,D
20.60126,79.76708,327.44,1.02,1.01,2026-03-04,0945,A,71,6.1NRT,314.41,12.48,D
21.22767,84.52927,318.6,1.91,1.35,2026-03-04,0945,A,58,6.1NRT,305.04,19.39,D
21.1234,83.3606,323.69,1.57,1.23,2026-03-04,0945,A,70,6.1NRT,308.6,21.06,D
21.01116,82.43766,322.09,1.36,1.15,2026-03-04,0945,A,64,6.1NRT,309.88,12.23,D
19.26897,71.42463,311.83,2.69,1.57,2026-03-04,0945,A,51,6.1NRT,297.24,24.16,D
21.0834,82.85253,325.16,1.45,1.19,2026-03-04,0945,A,72,6.1NRT,313.09,16.6,D
21.44876,85.92799,324.31,2.47,1.51,2026-03-04,0945,A,74,6.1NRT,305.67,46.32,D
21.50128,86.04,320.18,2.52,1.53,2026-03-04,0945,A,46,6.1NRT,304.61,27.39,D
21.49785,86.03315,320.17,2.52,1.53,2026-03-04,0945,A,67,6.1NRT,304.53,30.06,D
21.15441,82.84931,324.3,1.45,1.19,2026-03-04,0945,A,58,6.1NRT,311,17.73,D
20.96617,81.28625,328.05,1.17,1.07,2026-03-04,0945,A,75,6.1NRT,314.91,16.2,D
21.19033,82.96928,324.57,1.48,1.2,2026-03-04,0945,A,71,6.1NRT,313.23,13.15,D
20.98996,81.39386,325.53,1.18,1.08,2026-03-04,0945,A,70,6.1NRT,313.28,11.89,D
20.74853,79.30188,325.14,1.01,1,2026-03-04,0945,A,65,6.1NRT,312.47,8.36,D
21.59796,86.13486,317.41,2.57,1.54,2026-03-04,0945,A,62,6.1NRT,304.36,24.06,D
21.47882,84.87395,321.44,2.05,1.39,2026-03-04,0945,A,60,6.1NRT,307.74,22.89,D
21.7027,86.90717,319.13,2.96,1.64,2026-03-04,0945,A,66,6.1NRT,304.76,36.04,D
21.30427,83.24863,326.23,1.55,1.23,2026-03-04,0945,A,55,6.1NRT,310.98,19.76,D
21.24991,82.54764,330.45,1.39,1.17,2026-03-04,0945,A,79,6.1NRT,311.4,28.44,D
21.58867,85.2991,315.77,2.22,1.44,2026-03-04,0945,A,53,6.1NRT,304.04,17.4,D
21.32987,83.05048,323.39,1.5,1.21,2026-03-04,0945,A,68,6.1NRT,311.65,12.43,D
21.59043,85.29162,318.76,2.22,1.44,2026-03-04,0945,A,64,6.1NRT,304.6,26.09,D
21.36228,83.23402,322.22,1.55,1.23,2026-03-04,0945,A,55,6.1NRT,309.47,12.16,D
21.27101,82.47218,323.48,1.37,1.16,2026-03-04,0945,A,58,6.1NRT,309.32,16.27,D
21.20533,81.94226,340.57,1.27,1.12,2026-03-04,0945,A,88,6.1NRT,312.79,43.59,D
21.20384,81.93039,337.75,1.27,1.12,2026-03-04,0945,A,85,6.1NRT,313.63,36.15,D
19.7834,72.80007,319.79,2.06,1.4,2026-03-04,0945,A,40,6.1NRT,307.9,16.3,D
21.7522,86.62139,318.95,2.82,1.6,2026-03-04,0945,A,66,6.1NRT,305.98,28.51,D
21.60664,84.70944,316.7,2,1.38,2026-03-04,0945,A,55,6.1NRT,305.23,14.9,D
21.41162,82.79488,321.26,1.45,1.19,2026-03-04,0945,A,61,6.1NRT,309.83,11.97,D
21.32129,81.98043,340.26,1.28,1.12,2026-03-04,0945,A,83,6.1NRT,312.4,42.25,D
21.5551,83.44263,320.08,1.61,1.25,2026-03-04,0945,A,60,6.1NRT,308.16,12.77,D
20.98914,79.19249,330.85,1,1,2026-03-04,0945,A,72,6.1NRT,314.62,14.76,D
21.65776,84.32837,322.98,1.88,1.34,2026-03-04,0945,A,70,6.1NRT,306.39,24.34,D
21.52324,82.95395,321.93,1.49,1.21,2026-03-04,0945,A,43,6.1NRT,309.9,12.94,D
21.52161,82.94023,324.03,1.49,1.2,2026-03-04,0945,A,63,6.1NRT,310.24,16.45,D
21.53215,82.93884,326.72,1.49,1.2,2026-03-04,0945,A,73,6.1NRT,309.55,21.05,D
21.98195,86.96844,325.22,3.02,1.65,2026-03-04,0945,A,76,6.1NRT,304.63,68.87,D
21.57173,83.17857,327.45,1.55,1.23,2026-03-04,0945,A,74,6.1NRT,310.97,27.03,D
21.57001,83.16418,323.31,1.54,1.22,2026-03-04,0945,A,67,6.1NRT,310.39,17.65,D
21.73661,84.49911,319.63,1.94,1.36,2026-03-04,0945,A,63,6.1NRT,307.46,18.33,D
20.86944,77.87735,328.4,1.02,1.01,2026-03-04,0945,A,65,6.1NRT,316.75,9.88,D
20.86801,77.86789,331.4,1.02,1.01,2026-03-04,0945,A,73,6.1NRT,318.51,13.42,D
21.58177,82.77237,328.38,1.45,1.19,2026-03-04,0945,A,54,6.1NRT,312.03,21.14,D
21.57593,82.6363,322.31,1.42,1.18,2026-03-04,0945,A,50,6.1NRT,311.04,13.61,D
21.50708,82.07648,322.54,1.31,1.13,2026-03-04,0945,A,63,6.1NRT,311,8.35,D
21.65485,83.20564,322.8,1.56,1.23,2026-03-04,0947,A,62,6.1NRT,310.74,16.3,D
21.65904,83.05887,321.8,1.52,1.22,2026-03-04,0947,A,62,6.1NRT,310.23,11.05,D
22.16658,87.31933,316.55,3.23,1.7,2026-03-04,0947,A,59,6.1NRT,303.53,43.74,D
21.84081,84.11684,326.14,1.82,1.32,2026-03-04,0947,A,74,6.1NRT,308.81,30.48,D
21.88351,84.28688,321.35,1.88,1.34,2026-03-04,0947,A,66,6.1NRT,308.61,18.07,D
21.66155,82.32668,328.47,1.36,1.16,2026-03-04,0947,A,75,6.1NRT,312.47,20.58,D
21.8773,84.02611,322.6,1.8,1.31,2026-03-04,0947,A,67,6.1NRT,309.59,18.13,D
21.10703,78.04602,332.62,1.01,1.01,2026-03-04,0947,A,75,6.1NRT,317.66,16.12,D
21.76306,82.66622,319.13,1.44,1.19,2026-03-04,0947,A,32,6.1NRT,308.24,9.19,D
21.76144,82.6528,325.61,1.43,1.18,2026-03-04,0947,A,71,6.1NRT,310.36,20.28,D
21.87961,83.56035,321.71,1.66,1.27,2026-03-04,0947,A,64,6.1NRT,309.36,16.99,D
22.1095,85.41326,316.02,2.3,1.47,2026-03-04,0947,A,49,6.1NRT,305.16,18.62,D
21.95832,84.04447,321.05,1.81,1.32,2026-03-04,0947,A,64,6.1NRT,309.07,15.28,D
21.98759,84.19722,324.67,1.86,1.33,2026-03-04,0947,A,72,6.1NRT,310.74,24.93,D
20.82748,75.85568,328.79,1.22,1.1,2026-03-04,0947,A,53,6.1NRT,314.39,13.69,D
21.9638,83.89102,321.43,1.76,1.3,2026-03-04,0947,A,64,6.1NRT,311.04,15.06,D
20.83701,75.8538,332.86,1.22,1.1,2026-03-04,0947,A,77,6.1NRT,315.7,21.05,D
21.89118,83.19054,323.7,1.57,1.23,2026-03-04,0947,A,68,6.1NRT,309.69,17.35,D
22.29361,87.05365,316,3.09,1.67,2026-03-04,0947,A,56,6.1NRT,303.7,27.08,D
21.89504,83.18307,322.11,1.57,1.23,2026-03-04,0947,A,58,6.1NRT,310.61,12.99,D
21.89957,83.03522,328.35,1.53,1.22,2026-03-04,0947,A,76,6.1NRT,309.88,26.36,D
22.02925,84.06236,318.44,1.82,1.32,2026-03-04,0947,A,49,6.1NRT,307.61,10.72,D
22.02733,84.04533,323.95,1.81,1.32,2026-03-04,0947,A,70,6.1NRT,309.81,23.63,D
21.91024,83.03371,322.91,1.53,1.22,2026-03-04,0947,A,55,6.1NRT,309.31,14.08,D
21.63641,80.78507,325.47,1.12,1.06,2026-03-04,0947,A,72,6.1NRT,309.67,14.51,D
22.03665,83.72489,332.04,1.72,1.29,2026-03-04,0947,A,81,6.1NRT,315.41,39.43,D
22.07317,83.93677,323,1.78,1.31,2026-03-04,0947,A,68,6.1NRT,309.59,18.79,D
22.08162,83.93006,324.58,1.78,1.31,2026-03-04,0947,A,70,6.1NRT,310.25,21.87,D
20.51109,73.21867,321.61,1.85,1.33,2026-03-04,0947,A,53,6.1NRT,308.77,19.52,D
22.40252,86.64009,317.56,2.88,1.62,2026-03-04,0947,A,61,6.1NRT,303.25,35.22,D
22.07131,83.53757,340.22,1.67,1.27,2026-03-04,0947,A,88,6.1NRT,312.61,64.66,D
22.00619,82.98579,323.15,1.52,1.22,2026-03-04,0947,A,68,6.1NRT,311.2,16.12,D
21.9977,82.91493,331.7,1.5,1.21,2026-03-04,0947,A,80,6.1NRT,310.53,33.91,D
21.97588,82.73414,323.96,1.46,1.19,2026-03-04,0947,A,69,6.1NRT,310.39,14.33,D
22.00829,82.91344,324.15,1.5,1.21,2026-03-04,0947,A,67,6.1NRT,310.4,16.94,D
22.09168,83.51899,322.92,1.66,1.27,2026-03-04,0947,A,66,6.1NRT,310.94,14.24,D
22.05034,83.0816,320.76,1.55,1.23,2026-03-04,0947,A,54,6.1NRT,309.65,12.4,D
21.94509,82.15204,325.48,1.34,1.15,2026-03-04,0947,A,72,6.1NRT,309.89,16.08,D
21.95512,82.15057,322.43,1.34,1.15,2026-03-04,0947,A,50,6.1NRT,310.55,10.3,D
21.18332,76.62457,323.35,1.11,1.05,2026-03-04,0947,A,59,6.1NRT,310.26,10.85,D
21.18163,76.61411,323.18,1.11,1.05,2026-03-04,0947,A,59,6.1NRT,310.75,10.45,D
22.19836,84.04446,324.87,1.82,1.32,2026-03-04,0947,A,72,6.1NRT,308.53,27.37,D
21.90176,81.03691,321.6,1.16,1.07,2026-03-04,0947,A,63,6.1NRT,311.04,9.61,D
21.90031,81.02608,321.79,1.16,1.07,2026-03-04,0947,A,63,6.1NRT,310.85,9.78,D
22.19171,82.56647,323.87,1.43,1.18,2026-03-04,0947,A,66,6.1NRT,310.6,15.63,D
22.22634,82.60999,322.74,1.45,1.19,2026-03-04,0947,A,66,6.1NRT,311.51,12.56,D
22.2372,82.52602,323.42,1.43,1.18,2026-03-04,0947,A,68,6.1NRT,312.41,11.74,D
20.90203,73.51106,327.94,1.73,1.29,2026-03-04,0947,A,70,6.1NRT,308.05,32.74,D
20.89904,73.49419,323.4,1.74,1.29,2026-03-04,0947,A,57,6.1NRT,310.62,20.75,D
22.25986,82.45498,322.94,1.41,1.18,2026-03-04,0947,A,53,6.1NRT,310.92,11.65,D
22.26632,82.44824,325.52,1.41,1.18,2026-03-04,0947,A,69,6.1NRT,311.16,17.46,D
22.78747,87.02841,313.37,3.13,1.68,2026-03-04,0947,A,30,6.1NRT,301.98,24.82,D
22.32709,82.60371,326.57,1.45,1.19,2026-03-04,0947,A,74,6.1NRT,313.65,18.02,D
22.35422,82.73985,320.48,1.48,1.2,2026-03-04,0947,A,61,6.1NRT,308.81,12.16,D
21.71387,77.89765,323.3,1.01,1.01,2026-03-04,0947,A,49,6.1NRT,310.56,8.11,D
22.90239,87.29067,324.33,3.28,1.71,2026-03-04,0947,A,75,6.1NRT,301.42,83.39,D
22.10798,80.52206,324.57,1.1,1.05,2026-03-04,0947,A,72,6.1NRT,310.27,13.24,D
22.10656,80.51171,327.27,1.1,1.05,2026-03-04,0947,A,76,6.1NRT,308.94,17.08,D
22.35252,82.30872,322.51,1.39,1.17,2026-03-04,0947,A,67,6.1NRT,310.1,13.32,D
22.90252,87.28304,325.58,3.28,1.71,2026-03-04,0947,A,76,6.1NRT,301.61,91.49,D
22.88959,86.98026,315.48,3.11,1.67,2026-03-04,0947,A,55,6.1NRT,301.85,32.96,D
21.74143,77.46622,340.26,1.03,1.01,2026-03-04,0947,A,87,6.1NRT,314.46,29.59,D
22.81189,85.04147,317.24,2.21,1.44,2026-03-04,0947,A,60,6.1NRT,306.86,17.08,D
21.32637,74.41011,328.63,1.47,1.2,2026-03-04,0947,A,69,6.1NRT,316.23,16.36,D
21.32404,74.39662,335.65,1.47,1.2,2026-03-04,0947,A,81,6.1NRT,316.31,33.27,D
21.86605,77.1324,331.79,1.05,1.02,2026-03-04,0947,A,78,6.1NRT,313.86,20.31,D
21.86453,77.12262,324.11,1.05,1.02,2026-03-04,0947,A,63,6.1NRT,312.45,10.43,D
21.87476,77.0705,339.83,1.05,1.03,2026-03-04,0947,A,86,6.1NRT,310.65,33.2,D
23.18275,87.36702,314.88,3.35,1.73,2026-03-04,0947,A,55,6.1NRT,300.06,39.93,D
22.31277,79.99442,327.76,1.06,1.03,2026-03-04,0947,A,77,6.1NRT,310.35,16.24,D
22.32223,79.99732,319.77,1.06,1.03,2026-03-04,0947,A,58,6.1NRT,309.26,6.8,D
23.17986,87.36221,314.33,3.35,1.73,2026-03-04,0947,A,53,6.1NRT,300.2,38.86,D
23.03417,85.17269,318.05,2.28,1.46,2026-03-04,0947,A,63,6.1NRT,305.73,18.31,D
22.94043,83.82555,318.37,1.8,1.32,2026-03-04,0947,A,59,6.1NRT,306.98,18.04,D
22.46739,79.70905,333.33,1.04,1.02,2026-03-04,0947,A,68,6.1NRT,312.66,24.51,D
22.31448,78.14145,324.03,1,1,2026-03-04,0947,A,67,6.1NRT,311,10.13,D
22.31309,78.13207,326.75,1,1,2026-03-04,0947,A,72,6.1NRT,312.24,13.4,D
22.08713,76.36201,324.58,1.11,1.05,2026-03-04,0947,A,66,6.1NRT,312.1,9.21,D
22.08545,76.35161,325.55,1.12,1.05,2026-03-04,0947,A,68,6.1NRT,314.18,10.73,D
21.04928,70.3896,323.92,2.94,1.63,2026-03-04,0947,A,56,6.1NRT,309.8,31.32,D
23.02518,82.4819,320.98,1.46,1.19,2026-03-04,0947,A,64,6.1NRT,308.59,12.62,D
22.68976,79.11968,332.14,1.02,1.01,2026-03-04,0947,A,81,6.1NRT,312.86,19.1,D
21.30602,70.62408,323.13,2.79,1.6,2026-03-04,0947,A,59,6.1NRT,310.51,25.62,D
23.55553,85.99599,316.97,2.68,1.57,2026-03-04,0947,A,64,6.1NRT,302.83,24.65,D
21.31106,70.61828,324.37,2.79,1.6,2026-03-04,0947,A,63,6.1NRT,310.27,31.91,D
23.63688,86.41454,313.75,2.88,1.62,2026-03-04,0947,A,47,6.1NRT,301.2,21.46,D
22.80161,79.26232,322.14,1.02,1.01,2026-03-04,0947,A,66,6.1NRT,310.56,7.86,D
22.41181,76.42165,321.41,1.1,1.05,2026-03-04,0947,A,62,6.1NRT,310.35,7.66,D
22.30808,75.71667,322.73,1.19,1.08,2026-03-04,0947,A,57,6.1NRT,312,8.08,D
22.39409,75.90902,328.86,1.16,1.07,2026-03-04,0947,A,74,6.1NRT,311.48,16.11,D
22.40337,75.9071,325.83,1.16,1.07,2026-03-04,0947,A,65,6.1NRT,313.28,11.93,D
22.48972,76.10493,325.86,1.13,1.06,2026-03-04,0947,A,68,6.1NRT,311.08,12.49,D
22.52998,76.11917,331.35,1.13,1.06,2026-03-04,0947,A,77,6.1NRT,314,18.56,D
22.53919,76.11752,326.05,1.13,1.06,2026-03-04,0947,A,53,6.1NRT,312.64,10.4,D
22.84217,77.6953,328.31,1.01,1,2026-03-04,0947,A,71,6.1NRT,316.28,12,D
22.84074,77.68583,325.34,1.01,1,2026-03-04,0947,A,39,6.1NRT,314.03,7.73,D
22.66188,76.53515,325.56,1.08,1.04,2026-03-04,0947,A,68,6.1NRT,313.75,9.79,D
22.60963,76.15208,331,1.12,1.06,2026-03-04,0947,A,77,6.1NRT,312.63,19.35,D
22.86566,77.61301,330.25,1.01,1.01,2026-03-04,0947,A,79,6.1NRT,312.24,15.69,D
22.86681,77.31258,328.24,1.02,1.01,2026-03-04,0947,A,70,6.1NRT,313.23,13.95,D
22.85623,77.1854,330.7,1.03,1.01,2026-03-04,0947,A,78,6.1NRT,312.72,13.65,D
22.85473,77.17572,326.06,1.03,1.01,2026-03-04,0947,A,60,6.1NRT,314.72,7.96,D
22.76184,76.58396,336.78,1.08,1.04,2026-03-04,0947,A,84,6.1NRT,313.98,24.61,D
22.76023,76.57388,343.46,1.08,1.04,2026-03-04,0947,A,90,6.1NRT,316.04,36.98,D
22.86507,77.18387,340.69,1.03,1.01,2026-03-04,0947,A,88,6.1NRT,314.12,28.63,D
22.86357,77.17417,344.42,1.03,1.01,2026-03-04,0947,A,91,6.1NRT,316.2,35.79,D
22.88282,77.24023,328.93,1.03,1.01,2026-03-04,0947,A,76,6.1NRT,314.63,12.79,D
22.92978,77.48831,327.75,1.02,1.01,2026-03-04,0947,A,74,6.1NRT,311.99,13.38,D
23.02439,77.93871,320.52,1,1,2026-03-04,0947,A,53,6.1NRT,310.44,6.41,D
22.91955,77.24353,327.72,1.03,1.01,2026-03-04,0947,A,74,6.1NRT,313.42,11.87,D
22.9269,77.23233,340.26,1.03,1.01,2026-03-04,0947,A,88,6.1NRT,316.29,29.71,D
22.92542,77.22268,348.83,1.03,1.01,2026-03-04,0947,A,94,6.1NRT,317.59,46.09,D
23.0884,78.10466,322.89,1,1,2026-03-04,0947,A,63,6.1NRT,312.38,8.49,D
23.42964,79.73388,322.08,1.06,1.03,2026-03-04,0947,A,52,6.1NRT,310.76,8.54,D
23.43997,79.74238,322.2,1.06,1.03,2026-03-04,0947,A,58,6.1NRT,311.79,8.72,D
23.10233,77.3465,323.91,1.02,1.01,2026-03-04,0947,A,65,6.1NRT,311.34,7.36,D
23.42698,79.4501,324.72,1.04,1.02,2026-03-04,0947,A,71,6.1NRT,313,9.48,D
23.39063,79.12709,330.85,1.02,1.01,2026-03-04,0947,A,79,6.1NRT,314.32,16.04,D
24.02528,83.93275,316.63,1.9,1.35,2026-03-04,0947,A,59,6.1NRT,306.47,14.62,D
23.28697,77.83456,326.04,1,1,2026-03-04,0947,A,65,6.1NRT,314.74,12.22,D
23.56479,79.37486,327.53,1.04,1.02,2026-03-04,0947,A,64,6.1NRT,313.99,14.23,D
23.81092,80.29756,322.94,1.12,1.06,2026-03-04,0947,A,27,6.1NRT,311.79,11.86,D
23.72972,78.97611,326.82,1.02,1.01,2026-03-04,0947,A,69,6.1NRT,314.63,11.51,D
23.79531,79.03774,324.32,1.02,1.01,2026-03-04,0947,A,71,6.1NRT,313.37,8.62,D
23.79394,79.02803,324.58,1.02,1.01,2026-03-04,0947,A,72,6.1NRT,314.28,8.34,D
24.41956,83.55211,328.98,1.81,1.32,2026-03-04,0947,A,80,6.1NRT,308.15,41.46,D
24.41598,83.547,324.19,1.81,1.32,2026-03-04,0947,A,75,6.1NRT,307.47,30.62,D
22.95778,72.5479,337.33,1.85,1.33,2026-03-04,0947,A,85,6.1NRT,313.09,65.53,D
22.95461,72.53066,324.24,1.85,1.33,2026-03-04,0947,A,66,6.1NRT,311.16,24.2,D
24.04842,79.20288,330.35,1.03,1.02,2026-03-04,0947,A,39,6.1NRT,315.74,15.48,D
24.07314,79.24332,326.98,1.04,1.02,2026-03-04,0947,A,64,6.1NRT,315.06,11.21,D
24.36332,78.4249,326,1.01,1,2026-03-04,0947,A,35,6.1NRT,312.96,8.22,D
24.36194,78.41533,328.75,1.01,1,2026-03-04,0947,A,55,6.1NRT,315.26,11.6,D
24.51632,79.45117,320.52,1.06,1.03,2026-03-04,0947,A,63,6.1NRT,309.17,6.89,D
24.37205,78.42337,330.75,1.01,1,2026-03-04,0947,A,77,6.1NRT,314.91,15,D
24.37068,78.4138,329.52,1.01,1,2026-03-04,0947,A,74,6.1NRT,314.63,13.19,D
24.66023,80.25497,323.26,1.14,1.06,2026-03-04,0947,A,51,6.1NRT,310.76,13.3,D
23.65846,73.70758,337.46,1.48,1.2,2026-03-04,0947,A,84,6.1NRT,312.51,44.61,D
23.82924,73.90742,320.88,1.43,1.18,2026-03-04,0947,A,54,6.1NRT,310.65,9.53,D
25.9675,77.19326,323.2,1,1,2026-03-04,0947,A,69,6.1NRT,312.91,8.79,D
27.19473,83.98951,313.81,2.13,1.42,2026-03-04,0947,A,50,6.1NRT,298.86,20.08,D
27.00468,82.22982,309.85,1.59,1.24,2026-03-04,0947,A,51,6.1NRT,299.13,7.54,D
27.19622,83.98422,314.94,2.13,1.42,2026-03-04,0947,A,64,6.1NRT,298.81,22.79,D
27.38965,83.16799,307.55,1.87,1.34,2026-03-04,0947,A,40,6.1NRT,296.65,9.53,D
27.54655,84.24632,312.93,2.25,1.45,2026-03-04,0947,A,14,6.1NRT,294.29,18.39,D
27.54393,83.9635,310.71,2.15,1.42,2026-03-04,0947,A,52,6.1NRT,296.54,15.54,D
27.54505,83.95804,313.43,2.15,1.42,2026-03-04,0947,A,59,6.1NRT,296.61,19.59,D
27.95158,80.37231,311.04,1.26,1.11,2026-03-04,0947,A,57,6.1NRT,299.4,7.03,D
28.34929,80.37415,309.35,1.27,1.12,2026-03-04,0947,A,52,6.1NRT,298.07,6.58,D
28.35267,80.37963,310.35,1.28,1.12,2026-03-04,0947,A,27,6.1NRT,298.31,6.68,D
28.37682,80.41443,309.67,1.28,1.12,2026-03-04,0947,A,54,6.1NRT,298.97,6.79,D
28.3753,80.40176,315.61,1.28,1.12,2026-03-04,0947,A,69,6.1NRT,299.7,13.13,D
28.3435,79.98019,310.1,1.21,1.1,2026-03-04,0947,A,55,6.1NRT,298.31,7.58,D
27.14305,71.29093,330.9,1.85,1.33,2026-03-04,0947,A,72,6.1NRT,316.42,32.23,D
28.92552,82.5721,319.06,1.8,1.31,2026-03-04,0947,A,75,6.1NRT,298.24,30.13,D
27.54956,72.45654,327.73,1.51,1.21,2026-03-04,0947,A,42,6.1NRT,315.04,13.15,D
27.56004,72.4541,327.37,1.51,1.21,2026-03-04,0947,A,41,6.1NRT,315.41,12.56,D
28.75822,80.20137,319.6,1.26,1.12,2026-03-04,0947,A,75,6.1NRT,298.92,17.25,D
27.58675,72.33476,328.05,1.54,1.22,2026-03-04,0947,A,62,6.1NRT,316.78,14.29,D
27.57837,72.29002,329.21,1.55,1.23,2026-03-04,0947,A,30,6.1NRT,317.76,14.62,D
27.58896,72.28756,331.45,1.55,1.23,2026-03-04,0947,A,70,6.1NRT,317.81,20.57,D
29.04437,81.87411,309.19,1.62,1.25,2026-03-04,0947,A,35,6.1NRT,293.35,13.27,D
29.05539,81.87362,319.18,1.62,1.25,2026-03-04,0947,A,75,6.1NRT,292.77,30.28,D
28.86178,80.14117,320.66,1.25,1.11,2026-03-04,0947,A,76,6.1NRT,299.77,17.84,D
28.88401,80.23992,321.52,1.27,1.12,2026-03-04,0947,A,77,6.1NRT,299.86,19.76,D
28.88739,80.24538,318.36,1.27,1.12,2026-03-04,0947,A,51,6.1NRT,298.86,15.23,D
29.25263,79.09943,314.38,1.13,1.06,2026-03-04,0949,A,66,6.1NRT,301.31,9.36,D
29.48874,79.58585,325.53,1.2,1.09,2026-03-04,0949,A,80,6.1NRT,300.27,25.39,D
29.5424,79.58411,313.17,1.2,1.09,2026-03-04,0949,A,62,6.1NRT,302.1,7.81,D
27.45333,67.26847,321.38,3.51,1.76,2026-03-04,0949,A,64,6.1NRT,305.53,66.06,D
29.57741,79.3251,312.63,1.17,1.07,2026-03-04,0949,A,62,6.1NRT,298.3,8.6,D
29.68326,79.08475,310.62,1.14,1.06,2026-03-04,0949,A,58,6.1NRT,299.74,6.26,D
29.79079,79.21333,313.27,1.16,1.07,2026-03-04,0949,A,57,6.1NRT,300.95,7.73,D
29.78925,79.20107,310.03,1.16,1.07,2026-03-04,0949,A,35,6.1NRT,299.07,5.35,D
29.79862,79.19974,310.88,1.16,1.07,2026-03-04,0949,A,27,6.1NRT,299.62,5.39,D
29.89235,79.71799,310.95,1.23,1.1,2026-03-04,0949,A,61,6.1NRT,299.64,7.16,D
29.81845,78.98431,310.69,1.13,1.06,2026-03-04,0949,A,53,6.1NRT,297.4,7.19,D
29.98355,79.70671,312.94,1.23,1.1,2026-03-04,0949,A,63,6.1NRT,300.03,10,D
29.96972,79.36473,308.71,1.18,1.08,2026-03-04,0949,A,47,6.1NRT,297.56,6.47,D
29.91953,78.85184,314.84,1.12,1.06,2026-03-04,0949,A,62,6.1NRT,302.67,8.97,D
29.91871,78.77229,312.37,1.11,1.05,2026-03-04,0949,A,64,6.1NRT,300.86,5.85,D
29.91731,78.76137,317.02,1.11,1.05,2026-03-04,0949,A,72,6.1NRT,300.77,10.46,D
30.05285,79.5301,313.07,1.21,1.09,2026-03-04,0949,A,57,6.1NRT,302.49,8.24,D
29.99024,79.03542,313.22,1.14,1.07,2026-03-04,0949,A,55,6.1NRT,303.03,7.65,D
30.08116,79.52343,311.47,1.21,1.09,2026-03-04,0949,A,45,6.1NRT,300.45,5.39,D
30.07971,79.51192,313.54,1.21,1.09,2026-03-04,0949,A,53,6.1NRT,301.32,7.68,D
30.08539,79.51614,317.66,1.21,1.09,2026-03-04,0949,A,74,6.1NRT,302.02,13.07,D
28.65201,70.41706,321.06,1.96,1.37,2026-03-04,0949,A,65,6.1NRT,305.77,29.84,D
30.14877,79.71584,324.69,1.24,1.11,2026-03-04,0949,A,76,6.1NRT,305.02,24.79,D
30.15833,79.71369,319.02,1.24,1.11,2026-03-04,0949,A,62,6.1NRT,297.96,16.48,D
30.15474,79.37247,312.73,1.19,1.08,2026-03-04,0949,A,41,6.1NRT,301.95,7.72,D
30.25441,79.31638,310.15,1.19,1.08,2026-03-04,0949,A,59,6.1NRT,299.74,7.48,D
30.25271,79.14847,310.09,1.16,1.07,2026-03-04,0949,A,60,6.1NRT,295.38,8.43,D
30.4346,78.6348,312.34,1.11,1.05,2026-03-04,0949,A,41,6.1NRT,302.05,7.16,D
30.43301,78.62223,310.32,1.11,1.05,2026-03-04,0949,A,16,6.1NRT,298.06,5.47,D
30.49148,78.93422,310.25,1.15,1.07,2026-03-04,0949,A,62,6.1NRT,298.9,9.26,D
30.33582,77.14059,321.22,1.01,1.01,2026-03-04,0949,A,77,6.1NRT,299.11,14.83,D
30.52174,78.37545,317.23,1.09,1.04,2026-03-04,0949,A,62,6.1NRT,306.66,10.24,D
30.58968,78.26677,314.96,1.08,1.04,2026-03-04,0949,A,49,6.1NRT,303.61,8.18,D
30.75253,78.37624,312.39,1.09,1.04,2026-03-04,0949,A,45,6.1NRT,301.42,5.91,D
30.85281,78.65915,322.77,1.12,1.06,2026-03-04,0949,A,70,6.1NRT,304.02,19.44,D
30.8003,78.11663,316.07,1.07,1.03,2026-03-04,0949,A,62,6.1NRT,304.92,9.62,D
29.71989,70.85857,316.4,1.74,1.29,2026-03-04,0949,A,56,6.1NRT,302.02,15.39,D
30.95956,77.99761,321.67,1.07,1.03,2026-03-04,0949,A,78,6.1NRT,304.81,15.51,D
30.95814,77.98694,328.55,1.07,1.03,2026-03-04,0949,A,84,6.1NRT,305.46,24.08,D
31.05121,78.12769,316.35,1.08,1.04,2026-03-04,0949,A,51,6.1NRT,301.56,10.65,D
31.02912,77.41811,321.85,1.03,1.01,2026-03-04,0949,A,66,6.1NRT,303.63,13.58,D
31.02771,77.40779,318.34,1.03,1.01,2026-03-04,0949,A,56,6.1NRT,304.98,9.3,D
29.92952,70.01452,314.23,1.96,1.37,2026-03-04,0949,A,33,6.1NRT,299.67,15.91,D
30.247,71.6217,317.76,1.51,1.21,2026-03-04,0949,A,63,6.1NRT,302.81,15.5,D
30.2511,71.61558,316.29,1.51,1.21,2026-03-04,0949,A,43,6.1NRT,304.18,11.92,D
31.26699,77.88193,317.94,1.06,1.03,2026-03-04,0949,A,53,6.1NRT,303.11,13.88,D
31.14754,76.81393,312.01,1.01,1,2026-03-04,0949,A,62,6.1NRT,301.71,5.75,D
31.34078,77.53555,321.05,1.04,1.02,2026-03-04,0949,A,68,6.1NRT,305.47,11.6,D
31.3297,76.98664,321.41,1.02,1.01,2026-03-04,0949,A,77,6.1NRT,304.05,13.48,D
31.17547,75.91963,318.05,1,1,2026-03-04,0949,A,61,6.1NRT,298.43,10.86,D
31.17396,75.9095,327.65,1,1,2026-03-04,0949,A,82,6.1NRT,299.51,20.92,D
31.18985,75.8958,316.86,1,1,2026-03-04,0949,A,70,6.1NRT,299.75,10.39,D
30.28181,70.15183,317.02,1.89,1.34,2026-03-04,0949,A,56,6.1NRT,301.05,21.04,D
31.5665,77.84276,339.79,1.07,1.03,2026-03-04,0949,A,91,6.1NRT,303.49,40.71,D
31.56505,77.83187,320.11,1.07,1.03,2026-03-04,0949,A,55,6.1NRT,301.61,13.24,D
31.57549,77.84121,335.47,1.07,1.03,2026-03-04,0949,A,87,6.1NRT,303.2,33.5,D
31.57404,77.83034,320.72,1.07,1.03,2026-03-04,0949,A,66,6.1NRT,303.61,14.56,D
31.57259,77.81949,316.96,1.07,1.03,2026-03-04,0949,A,20,6.1NRT,304.55,11.27,D
31.56582,77.56615,341.08,1.05,1.02,2026-03-04,0949,A,91,6.1NRT,300.49,46.39,D
31.56431,77.55517,313.86,1.05,1.02,2026-03-04,0949,A,52,6.1NRT,299.67,11.01,D
30.55522,70.83656,314.47,1.67,1.27,2026-03-04,0949,A,0,6.1NRT,299.53,16.24,D
31.75444,75.5148,309.29,1.01,1,2026-03-04,0949,A,35,6.1NRT,298.34,4.15,D
31.75289,75.50458,310.71,1.01,1,2026-03-04,0949,A,58,6.1NRT,298.62,5.57,D
31.06989,71.02869,334.85,1.58,1.24,2026-03-04,0949,A,85,6.1NRT,301.25,57.82,D
31.06693,71.01284,316.67,1.59,1.24,2026-03-04,0949,A,59,6.1NRT,300.73,17.44,D
31.07207,71.02294,330.19,1.58,1.24,2026-03-04,0949,A,81,6.1NRT,301.06,44.37,D
31.8705,75.4952,310.09,1.01,1,2026-03-04,0949,A,58,6.1NRT,298.37,5.17,D
32.22765,77.2069,341.69,1.04,1.02,2026-03-04,0949,A,92,6.1NRT,298.4,45.82,D
32.22627,77.19675,324.58,1.04,1.02,2026-03-04,0949,A,81,6.1NRT,301.31,20.53,D
31.45409,70.83189,317.64,1.6,1.25,2026-03-04,0949,A,53,6.1NRT,301.39,19.33,D
31.70936,71.01733,314.58,1.54,1.22,2026-03-04,0949,A,46,6.1NRT,301.77,10.59,D
31.69342,70.73284,319.52,1.6,1.25,2026-03-04,0949,A,66,6.1NRT,301.89,20.21,D
31.81485,71.07969,321.05,1.52,1.22,2026-03-04,0949,A,63,6.1NRT,302.19,18.69,D
32.26834,73.45262,311.61,1.12,1.06,2026-03-04,0949,A,51,6.1NRT,300.38,6.67,D
32.24834,72.4502,316.22,1.25,1.11,2026-03-04,0949,A,62,6.1NRT,302.19,10.05,D
32.86973,75.86982,315.53,1,1,2026-03-04,0949,A,59,6.1NRT,295.47,13.49,D
32.54479,73.32066,316.35,1.13,1.06,2026-03-04,0949,A,64,6.1NRT,299.76,11.12,D
32.94864,75.77259,320.41,1,1,2026-03-04,0949,A,78,6.1NRT,298.89,16.06,D
33.01121,75.01236,323.98,1.01,1,2026-03-04,0949,A,79,6.1NRT,296.45,17.07,D
33.00957,75.00162,317.48,1.01,1,2026-03-04,0949,A,66,6.1NRT,298.36,10.82,D
33.01992,75.01056,330.75,1.01,1,2026-03-04,0949,A,82,6.1NRT,295.11,25.21,D
33.01832,75.00005,325.59,1.01,1,2026-03-04,0949,A,69,6.1NRT,298.26,19.21,D
32.7272,72.64326,315.31,1.2,1.09,2026-03-04,0949,A,53,6.1NRT,303.26,7.84,D
33.14228,74.77627,314.11,1.02,1.01,2026-03-04,0949,A,66,6.1NRT,299,9.06,D
33.25472,75.27898,316.6,1,1,2026-03-04,0949,A,57,6.1NRT,296.45,9.97,D
32.98576,72.52013,326.41,1.21,1.09,2026-03-04,0949,A,76,6.1NRT,306.68,16.84,D
32.98361,72.50775,324.73,1.21,1.09,2026-03-04,0949,A,67,6.1NRT,306.3,14.42,D
32.9952,72.51786,325.81,1.21,1.09,2026-03-04,0949,A,67,6.1NRT,307.55,15.91,D
32.99306,72.5055,324.72,1.21,1.09,2026-03-04,0949,A,64,6.1NRT,306.36,14.39,D
33.19595,72.54526,319.37,1.19,1.09,2026-03-04,0949,A,67,6.1NRT,305.63,9.72,D
33.40216,72.94506,323.94,1.14,1.06,2026-03-04,0949,A,76,6.1NRT,298.65,18.78,D
33.20567,71.8259,321.33,1.29,1.13,2026-03-04,0949,A,71,6.1NRT,304.75,13.72,D
33.20328,71.81271,325.47,1.3,1.13,2026-03-04,0949,A,77,6.1NRT,303.47,20.25,D
33.24332,71.29507,316.92,1.38,1.16,2026-03-04,0949,A,44,6.1NRT,301.89,9.62,D
33.23235,70.78669,320.38,1.48,1.2,2026-03-04,0949,A,71,6.1NRT,299.07,18.88,D
33.11777,70.06777,314.28,1.65,1.26,2026-03-04,0949,A,58,6.1NRT,298.4,12.44,D
33.86053,73.23248,313.08,1.1,1.04,2026-03-04,0949,A,66,6.1NRT,296.21,8.42,D
33.85861,73.22083,318.82,1.1,1.05,2026-03-04,0949,A,74,6.1NRT,298.36,14.25,D
33.84188,71.91617,307.77,1.25,1.11,2026-03-04,0949,A,47,6.1NRT,287.9,6.77,D
33.59416,70.23315,321.07,1.57,1.24,2026-03-04,0949,A,77,6.1NRT,297.01,24.36,D
27.1596,56.05577,328.78,1.28,1.12,2026-03-04,1127,A,79,6.1NRT,304.4,21.36,D
27.16267,56.06111,321.54,1.28,1.12,2026-03-04,1127,A,37,6.1NRT,303.91,9.61,D
27.16116,56.04854,326.38,1.28,1.12,2026-03-04,1127,A,76,6.1NRT,304.64,16.89,D
39.03388,54.25234,308.71,1.45,1.19,2026-03-04,1129,A,66,6.1NRT,294.81,8.31,D
11.34311,99.08266,308.25,3.73,1.81,2026-03-04,1340,T,60,6.1NRT,294.68,49.3,N
13.69181,101.61557,302.63,2.12,1.41,2026-03-04,1340,T,50,6.1NRT,291.41,9.7,N
13.68867,101.59667,311.48,2.12,1.42,2026-03-04,1340,T,83,6.1NRT,291.85,27.29,N
13.77162,101.71692,304.27,2.07,1.4,2026-03-04,1340,T,59,6.1NRT,289.55,11.13,N
13.84893,99.21972,311.61,3.25,1.7,2026-03-04,1340,T,83,6.1NRT,296.41,47.21,N
15.05876,101.28208,312.52,2.12,1.41,2026-03-04,1340,T,85,6.1NRT,295.49,27.12,N
15.05205,101.164,315.67,2.16,1.43,2026-03-04,1340,T,92,6.1NRT,294.83,35.18,N
15.05814,101.12276,306.29,2.18,1.43,2026-03-04,1340,T,40,6.1NRT,294.38,13.26,N
15.06093,101.27612,311.52,2.12,1.41,2026-03-04,1340,T,83,6.1NRT,295.46,24.23,N
15.05337,101.15824,318.37,2.16,1.43,2026-03-04,1340,T,97,6.1NRT,294.77,43.3,N
15.14089,101.22141,311.43,2.13,1.42,2026-03-04,1342,T,82,6.1NRT,294.76,24.75,N
15.13772,101.20232,306.7,2.14,1.42,2026-03-04,1342,T,69,6.1NRT,294.83,15.61,N
15.22311,101.56993,306.71,2,1.38,2026-03-04,1342,T,19,6.1NRT,294.88,12.63,N
15.2202,101.55202,311.5,2,1.38,2026-03-04,1342,T,83,6.1NRT,294.89,23.02,N
15.14285,101.21472,316.39,2.13,1.42,2026-03-04,1342,T,93,6.1NRT,294.93,35.99,N
15.22764,101.56287,312.37,2,1.38,2026-03-04,1342,T,85,6.1NRT,294.97,25.23,N
15.34289,101.25049,313.8,2.1,1.41,2026-03-04,1342,T,88,6.1NRT,294.59,29.31,N
15.33976,101.23146,306.7,2.11,1.41,2026-03-04,1342,T,69,6.1NRT,293.54,14.59,N
15.3453,101.24358,318.64,2.1,1.41,2026-03-04,1342,T,97,6.1NRT,294.22,41.96,N
15.36408,101.27921,310.6,2.09,1.41,2026-03-04,1342,T,80,6.1NRT,294.98,21.14,N
15.28562,100.74682,307.82,2.3,1.47,2026-03-04,1342,T,73,6.1NRT,295.17,22.84,N
15.4189,101.15176,310.7,2.13,1.42,2026-03-04,1342,T,80,6.1NRT,294.87,24.53,N
15.42079,101.1459,313.5,2.13,1.42,2026-03-04,1342,T,87,6.1NRT,294.76,31.07,N
15.53088,101.09956,306.31,2.14,1.42,2026-03-04,1342,T,68,6.1NRT,295.2,15.21,N
15.5276,101.08034,308.13,2.15,1.42,2026-03-04,1342,T,74,6.1NRT,295.65,18.32,N
15.52028,100.96203,311.48,2.19,1.44,2026-03-04,1342,T,83,6.1NRT,296.89,23.11,N
15.5328,100.9596,308.74,2.19,1.44,2026-03-04,1342,T,75,6.1NRT,296.54,17.47,N
15.54797,100.50678,307.7,2.38,1.49,2026-03-04,1342,T,72,6.1NRT,297.04,22.32,N
15.56847,100.24939,308.13,2.49,1.52,2026-03-04,1342,T,74,6.1NRT,297.42,21.95,N
15.74251,101.10793,310.19,2.12,1.41,2026-03-04,1342,T,79,6.1NRT,295.55,22.32,N
15.68852,99.44668,305.99,2.86,1.61,2026-03-04,1342,T,66,6.1NRT,295.13,23.81,N
16.98353,101.27422,309.51,1.95,1.36,2026-03-04,1342,T,78,6.1NRT,296.27,19.63,N
17.49289,99.05328,308.65,2.82,1.6,2026-03-04,1342,T,75,6.1NRT,294.2,29.38,N
18.47651,101.56906,305.16,1.73,1.29,2026-03-04,1342,T,63,6.1NRT,290.67,12.75,N
19.85153,97.66277,302.02,3.21,1.7,2026-03-04,1342,T,46,6.1NRT,291.84,18.59,N
23.37074,100.34322,300.19,1.71,1.28,2026-03-04,1344,T,19,6.1NRT,287.35,12.23,N
23.26925,97.84326,304.6,2.62,1.55,2026-03-04,1344,T,61,6.1NRT,287.41,31.51,N
24.15475,99.92291,314.06,1.77,1.3,2026-03-04,1344,T,88,6.1NRT,287.57,32.71,N
24.28163,97.85164,301.44,2.49,1.52,2026-03-04,1344,T,41,6.1NRT,286.54,21.37,N
24.45409,97.78342,300.79,2.5,1.52,2026-03-04,1344,T,34,6.1NRT,282.71,25.17,N
13.52694,76.72696,309.89,2.23,1.45,2026-03-04,1520,T,79,6.1NRT,295.3,22.86,N
17.60935,83.19791,307.95,1.02,1.01,2026-03-04,1520,T,69,6.1NRT,297.3,5.36,N
13.52368,76.70689,308.05,2.23,1.45,2026-03-04,1520,T,73,6.1NRT,295.37,18.56,N
13.793,78.32579,307.15,1.66,1.27,2026-03-04,1520,T,70,6.1NRT,296.41,11,N
13.7908,78.31166,312.48,1.66,1.27,2026-03-04,1520,T,85,6.1NRT,296.98,19.16,N
13.51461,76.72258,307.09,2.23,1.45,2026-03-04,1520,T,70,6.1NRT,295.04,16.95,N
13.79346,78.31986,314.53,1.66,1.27,2026-03-04,1520,T,89,6.1NRT,296.92,22.42,N
13.52723,76.72037,313.06,2.23,1.45,2026-03-04,1520,T,86,6.1NRT,295.47,29.03,N
14.32933,78.81199,322.45,1.5,1.21,2026-03-04,1520,T,100,6.1NRT,298.01,29.46,N
14.32714,78.7976,328.41,1.5,1.21,2026-03-04,1520,T,100,6.1NRT,298.71,42.25,N
14.33362,78.80492,332.61,1.5,1.21,2026-03-04,1520,T,100,6.1NRT,298.91,51.9,N
14.33132,78.79063,310.12,1.5,1.21,2026-03-04,1520,T,76,6.1NRT,298.79,10.72,N
14.6351,77.88584,333.64,1.73,1.29,2026-03-04,1520,T,100,6.1NRT,299.69,68.1,N
14.63259,77.87001,323.98,1.73,1.29,2026-03-04,1520,T,100,6.1NRT,298.18,42.08,N
14.84,79.13549,312.75,1.4,1.17,2026-03-04,1520,T,84,6.1NRT,297.1,14.43,N
14.83792,79.1218,308.05,1.4,1.17,2026-03-04,1520,T,69,6.1NRT,297.61,8.55,N
14.83677,79.12902,316.72,1.4,1.17,2026-03-04,1520,T,93,6.1NRT,297.67,19.47,N
14.63368,77.87959,332.87,1.73,1.29,2026-03-04,1520,T,100,6.1NRT,299.9,65.94,N
14.96037,78.78584,309.65,1.47,1.2,2026-03-04,1520,T,75,6.1NRT,296.7,12.59,N
14.96556,78.77843,307.11,1.47,1.2,2026-03-04,1520,T,53,6.1NRT,296.57,9.25,N
15.21885,78.80424,310.15,1.45,1.19,2026-03-04,1520,T,76,6.1NRT,297.28,11.99,N
15.25149,78.87717,309.74,1.43,1.18,2026-03-04,1520,T,74,6.1NRT,297.08,11.46,N
15.77813,79.03926,306.46,1.37,1.16,2026-03-04,1520,T,63,6.1NRT,296.06,7.67,N
15.8967,78.87212,307.03,1.4,1.17,2026-03-04,1520,T,37,6.1NRT,295.78,8.04,N
16.03716,78.99012,306.89,1.37,1.16,2026-03-04,1520,T,65,6.1NRT,294.83,8.93,N
16.96758,75.93992,306,2.19,1.44,2026-03-04,1520,T,66,6.1NRT,294.28,18.51,N
17.09937,76.24628,306.09,2.07,1.4,2026-03-04,1520,T,66,6.1NRT,294.53,17.23,N
17.7959,80.27095,313.88,1.1,1.05,2026-03-04,1520,T,88,6.1NRT,296.69,12,N
17.82627,80.3483,312.7,1.1,1.04,2026-03-04,1520,T,85,6.1NRT,296.52,10.12,N
17.17897,76.24399,311.22,2.06,1.4,2026-03-04,1520,T,82,6.1NRT,295.14,26.32,N
17.17576,76.22524,324.84,2.07,1.4,2026-03-04,1520,T,100,6.1NRT,295.94,62.35,N
17.96453,80.27816,311.96,1.1,1.05,2026-03-04,1520,T,83,6.1NRT,295.4,10.8,N
18.16463,80.82774,310.66,1.05,1.02,2026-03-04,1520,T,31,6.1NRT,299.06,6.33,N
17.65527,77.56369,304.83,1.61,1.25,2026-03-04,1520,T,62,6.1NRT,292.29,11.49,N
18.10498,80.17003,309.1,1.11,1.05,2026-03-04,1520,T,62,6.1NRT,298.35,6.83,N
18.77855,83.19487,314.49,1.03,1.02,2026-03-04,1520,T,89,6.1NRT,294.81,12.2,N
18.21774,77.12324,303.67,1.69,1.28,2026-03-04,1520,T,56,6.1NRT,293.34,10.78,N
19.10126,82.16851,305.08,1,1,2026-03-04,1520,T,63,6.1NRT,294.8,6.16,N
18.75718,79.36744,310.54,1.19,1.08,2026-03-04,1520,T,80,6.1NRT,299.04,10.53,N
18.95352,80.09776,313.32,1.1,1.04,2026-03-04,1520,T,87,6.1NRT,299.37,10.83,N
18.54279,76.29354,313.87,1.92,1.35,2026-03-04,1520,T,88,6.1NRT,291.74,32.1,N
18.53699,76.2894,314.14,1.92,1.35,2026-03-04,1520,T,89,6.1NRT,292.35,33.05,N
18.24609,74.04059,307.81,2.9,1.62,2026-03-04,1520,T,73,6.1NRT,294.79,31.12,N
19.2958,78.55085,307.16,1.3,1.13,2026-03-04,1520,T,71,6.1NRT,297.02,9.49,N
19.32071,78.64392,310.39,1.28,1.12,2026-03-04,1520,T,80,6.1NRT,296.28,11.61,N
20.24886,85.07941,310.77,1.29,1.13,2026-03-04,1520,T,42,6.1NRT,298.16,9.43,N
19.88224,82.2263,302.22,1,1,2026-03-04,1520,T,45,6.1NRT,292.09,4.29,N
19.88097,82.21696,310.61,1,1,2026-03-04,1520,T,80,6.1NRT,292.47,9.87,N
19.8797,82.20762,301.39,1,1,2026-03-04,1520,T,28,6.1NRT,291.16,4,N
20.26036,85.09077,309.56,1.3,1.13,2026-03-04,1520,T,70,6.1NRT,298.38,8.31,N
19.98687,82.72338,318.44,1.02,1.01,2026-03-04,1520,T,97,6.1NRT,297.44,15.01,N
19.13556,77.07794,305.08,1.64,1.26,2026-03-04,1520,T,63,6.1NRT,292.96,12.19,N
20.29876,85.06747,308.24,1.29,1.13,2026-03-04,1520,T,70,6.1NRT,297.9,8.4,N
20.30858,85.065,312.14,1.29,1.13,2026-03-04,1520,T,84,6.1NRT,297.88,12.03,N
19.31521,75.94109,313.03,1.97,1.37,2026-03-04,1520,T,86,6.1NRT,293.48,29.11,N
19.31216,75.92299,304.71,1.98,1.37,2026-03-04,1520,T,61,6.1NRT,293.36,13.92,N
19.30818,75.93606,317.15,1.97,1.37,2026-03-04,1520,T,94,6.1NRT,293.27,38.34,N
19.37935,75.84694,306.31,2,1.38,2026-03-04,1520,T,68,6.1NRT,293.61,16.84,N
19.37511,75.86115,304.73,1.99,1.38,2026-03-04,1520,T,61,6.1NRT,293.99,13.95,N
19.39032,75.87698,306.53,1.98,1.37,2026-03-04,1520,T,68,6.1NRT,293.56,16.47,N
20.96709,86.00721,308.11,1.52,1.22,2026-03-04,1520,T,74,6.1NRT,297.72,12.49,N
20.96433,85.18617,311.28,1.34,1.15,2026-03-04,1520,T,82,6.1NRT,298.86,13.68,N
20.97297,85.17225,315.48,1.34,1.15,2026-03-04,1520,T,91,6.1NRT,298.13,17.87,N
20.95385,85.01051,306.68,1.31,1.13,2026-03-04,1520,T,65,6.1NRT,296.04,9.15,N
21.36009,85.25947,305.73,1.37,1.16,2026-03-04,1520,T,65,6.1NRT,295.62,6.74,N
21.35872,85.24773,310.82,1.37,1.16,2026-03-04,1520,T,81,6.1NRT,297.28,12.38,N
21.54191,82.93623,304.67,1.06,1.03,2026-03-04,1522,T,61,6.1NRT,292.51,5.63,N
21.74889,83.8407,309.06,1.15,1.07,2026-03-04,1522,T,76,6.1NRT,296.24,8.86,N
22.15936,86.89447,303.02,1.82,1.32,2026-03-04,1522,T,53,6.1NRT,292.7,11.5,N
22.03554,83.73026,306.58,1.15,1.07,2026-03-04,1522,T,69,6.1NRT,295.83,7.76,N
22.04494,83.72893,320.94,1.15,1.07,2026-03-04,1522,T,100,6.1NRT,297.72,21.61,N
23.16637,82.33829,311.5,1.04,1.02,2026-03-04,1522,T,83,6.1NRT,295.26,10.86,N
23.68307,86.09409,306.37,1.68,1.27,2026-03-04,1522,T,66,6.1NRT,293.45,14.05,N
23.6827,86.08749,304.5,1.68,1.27,2026-03-04,1522,T,60,6.1NRT,293.72,12.65,N
23.77541,86.2077,306.09,1.71,1.28,2026-03-04,1522,T,67,6.1NRT,295.47,14.55,N
22.62502,76.77239,309.27,1.49,1.2,2026-03-04,1522,T,77,6.1NRT,294.54,15.6,N
22.75507,76.57456,314.7,1.53,1.22,2026-03-04,1522,T,90,6.1NRT,297.7,22.5,N
22.71568,75.81272,317.17,1.73,1.29,2026-03-04,1522,T,95,6.1NRT,294.33,31.7,N
22.71419,75.80735,312.08,1.73,1.29,2026-03-04,1522,T,84,6.1NRT,293.27,23.1,N
29.05545,81.87395,302.5,1.11,1.05,2026-03-04,1524,T,49,6.1NRT,280.37,9.76,N
29.06318,81.87759,303.86,1.12,1.05,2026-03-04,1524,T,57,6.1NRT,280.64,11.15,N
29.55976,82.24471,300.45,1.17,1.08,2026-03-04,1524,T,28,6.1NRT,287.29,7.46,N
29.63132,81.70959,301.12,1.11,1.05,2026-03-04,1524,T,38,6.1NRT,288.51,6.67,N
30.0606,79.60625,331.15,1,1,2026-03-04,1524,T,100,6.1NRT,287.73,32.48,N
30.05923,79.59631,305.11,1,1,2026-03-04,1524,T,63,6.1NRT,287.53,7.96,N
30.06111,79.54427,304.04,1,1,2026-03-04,1524,T,58,6.1NRT,288.43,7.43,N
30.25534,78.95145,300.05,1,1,2026-03-04,1524,T,13,6.1NRT,289.76,4.43,N
30.43826,78.62259,305.33,1.01,1,2026-03-04,1524,T,64,6.1NRT,289.75,7.34,N
30.81054,77.57014,302.5,1.05,1.03,2026-03-04,1524,T,49,6.1NRT,286.69,7.44,N
30.93173,77.82178,303.75,1.04,1.02,2026-03-04,1524,T,57,6.1NRT,289.11,6.93,N
31.26394,77.14236,301.77,1.08,1.04,2026-03-04,1524,T,44,6.1NRT,289.03,6.1,N
31.54922,77.87634,302.12,1.03,1.01,2026-03-04,1524,T,47,6.1NRT,284.73,7.36,N
31.56542,77.79183,303.21,1.03,1.01,2026-03-04,1524,T,54,6.1NRT,285.98,7.65,N
31.58039,77.83142,300.36,1.03,1.01,2026-03-04,1524,T,24,6.1NRT,287.91,5.62,N
31.56785,77.56292,302.16,1.04,1.02,2026-03-04,1524,T,47,6.1NRT,284.39,7.97,N
30.36559,70.15553,300.57,2.96,1.64,2026-03-04,1524,T,30,6.1NRT,290.38,20.04,N
33.20265,71.79623,311.9,1.95,1.36,2026-03-04,1524,T,84,6.1NRT,292.63,27.13,N
33.21148,71.8079,303.4,1.95,1.36,2026-03-04,1524,T,51,6.1NRT,291.48,12.56,N
33.2401,70.77133,304.55,2.28,1.46,2026-03-04,1524,T,61,6.1NRT,288.76,21.49,N
18.01274,54.57872,306.92,1.24,1.1,2026-03-04,1658,T,70,6.1NRT,294.21,8.32,N
18.01098,54.56742,316.25,1.24,1.11,2026-03-04,1658,T,93,6.1NRT,294.9,17.92,N
18.32724,55.10582,307.43,1.15,1.07,2026-03-04,1658,T,71,6.1NRT,292.31,8.65,N
24.5544,54.12208,308.32,1.09,1.04,2026-03-04,1700,T,60,6.1NRT,291.51,8.56,N
25.17679,56.34782,311.69,1,1,2026-03-04,1700,T,55,6.1NRT,291.15,10.2,N
25.17548,56.33812,305.93,1,1,2026-03-04,1700,T,31,6.1NRT,292.52,6.74,N
25.18681,56.34027,321.01,1,1,2026-03-04,1700,T,100,6.1NRT,291.39,18.88,N
23.76775,86.40592,307.21,1.14,1.06,2026-03-04,2152,A,48,6.1NRT,293.68,8.86,N
23.79029,86.21239,306.46,1.12,1.05,2026-03-04,2152,A,68,6.1NRT,292.95,9.63,N
23.72171,86.45267,307.18,1.15,1.07,2026-03-04,2152,A,57,6.1NRT,293.3,9.65,N
22.80875,86.20795,310.59,1.15,1.07,2026-03-04,2152,A,80,6.1NRT,292.57,12.43,N
22.80699,86.21871,306.44,1.15,1.07,2026-03-04,2152,A,68,6.1NRT,292.37,9.07,N
22.33693,82.60645,309.2,1.03,1.01,2026-03-04,2154,A,77,6.1NRT,292.68,9.96,N
22.33553,82.61608,301.62,1.03,1.01,2026-03-04,2154,A,43,6.1NRT,291.22,5.31,N
22.05135,83.73197,315.02,1,1,2026-03-04,2154,A,90,6.1NRT,293.97,14.12,N
22.04993,83.74132,321.49,1,1,2026-03-04,2154,A,100,6.1NRT,297.29,19.97,N
21.93206,83.35413,307.28,1,1,2026-03-04,2154,A,71,6.1NRT,296.1,8.07,N
21.75578,83.84522,305.34,1,1,2026-03-04,2154,A,64,6.1NRT,291.8,6.95,N
20.98186,85.17182,308.48,1.09,1.04,2026-03-04,2154,A,29,6.1NRT,294.52,8.75,N
20.98023,85.18185,310.67,1.09,1.04,2026-03-04,2154,A,50,6.1NRT,294.16,10.58,N
20.97282,85.17017,308.8,1.09,1.04,2026-03-04,2154,A,76,6.1NRT,295.68,9.5,N
20.97119,85.1802,308.67,1.09,1.04,2026-03-04,2154,A,63,6.1NRT,296.4,9.35,N
20.96955,85.19025,311.06,1.09,1.04,2026-03-04,2154,A,78,6.1NRT,296.37,11.36,N
20.97586,85.03701,302.65,1.07,1.03,2026-03-04,2154,A,21,6.1NRT,291.94,5.96,N
20.96094,85.01737,304.08,1.07,1.03,2026-03-04,2154,A,58,6.1NRT,292.18,7.4,N
20.80045,85.26176,305.77,1.1,1.05,2026-03-04,2154,A,66,6.1NRT,294.36,8.4,N
20.26159,85.09498,305.57,1.1,1.04,2026-03-04,2154,A,26,6.1NRT,295.49,5.39,N
20.25415,85.08319,311.47,1.09,1.04,2026-03-04,2154,A,83,6.1NRT,296.19,10.3,N
19.2235,78.78973,305.03,1.46,1.19,2026-03-04,2154,A,63,6.1NRT,293.7,10.29,N
18.25836,80.64663,307.36,1.11,1.05,2026-03-04,2154,A,71,6.1NRT,294.87,8.74,N
18.26152,74.05373,303.57,3.25,1.7,2026-03-04,2154,A,27,6.1NRT,291.85,27.79,N
18.2606,74.04872,303.34,3.25,1.7,2026-03-04,2154,A,55,6.1NRT,291.95,30.02,N
18.24556,74.0483,310.28,3.25,1.7,2026-03-04,2154,A,80,6.1NRT,293.47,54.19,N
18.24261,74.07605,302.43,3.23,1.7,2026-03-04,2154,A,45,6.1NRT,291.58,26.34,N
26.58134,101.65929,302.31,2.52,1.53,2026-03-04,2014,A,48,6.1NRT,284.28,27.53,N
14.97385,78.7783,306.49,1.28,1.12,2026-03-04,2154,A,68,6.1NRT,293.76,10.07,N
14.97229,78.78991,306.59,1.28,1.12,2026-03-04,2154,A,69,6.1NRT,294.17,10.2,N
14.03402,78.23093,304.9,1.35,1.15,2026-03-04,2154,A,27,6.1NRT,291.87,8.27,N
14.03241,78.243,318.62,1.35,1.15,2026-03-04,2154,A,97,6.1NRT,294.33,24.64,N
13.92668,77.65231,312.44,1.47,1.2,2026-03-04,2154,A,81,6.1NRT,294.03,18.92,N
13.92184,77.64481,306.73,1.47,1.2,2026-03-04,2154,A,69,6.1NRT,292.97,12.97,N
13.92003,77.65796,305.28,1.47,1.2,2026-03-04,2154,A,64,6.1NRT,293.2,11.27,N
10.31888,77.41763,302.52,1.36,1.15,2026-03-04,2157,A,50,6.1NRT,282.4,11.62,N
10.31744,77.42789,300.7,1.35,1.15,2026-03-04,2157,A,32,6.1NRT,287.24,9.74,N
26.57894,101.68524,304.46,2.51,1.52,2026-03-04,2014,A,60,6.1NRT,285.62,32.03,N
26.58183,101.68121,310.69,2.51,1.52,2026-03-04,2014,A,81,6.1NRT,285.31,47.84,N
25.19543,56.34466,307.06,1.28,1.12,2026-03-04,2333,A,70,6.1NRT,288.17,10.93,N
21.32207,57.74817,301.38,1.03,1.01,2026-03-04,2333,A,41,6.1NRT,290,5.51,N
18.33335,55.11104,312.47,1.24,1.11,2026-03-04,2333,A,85,6.1NRT,289.82,17.3,N
18.01688,54.57695,305.12,1.32,1.14,2026-03-04,2333,A,63,6.1NRT,290.97,10.43,N
30.13805,70.12025,304.08,2.97,1.64,2026-03-04,2328,A,58,6.1NRT,288.71,35.09,N
21.54219,101.91881,301.31,3.05,1.66,2026-03-05,0149,T,46,6.1NRT,289.05,19.25,D
20.3019,100.60098,308.62,3.71,1.8,2026-03-05,0149,T,67,6.1NRT,290.63,47.25,D
29.66795,91.2083,304.83,1.28,1.12,2026-03-05,0327,T,50,6.1NRT,283.68,8.11,D
29.55103,90.99609,301.02,1.25,1.11,2026-03-05,0327,T,32,6.1NRT,285.43,3.48,D
27.99878,91.9542,303.13,1.51,1.21,2026-03-05,0327,T,21,6.1NRT,288.86,5.73,D
28.07322,90.18539,308.19,1.19,1.09,2026-03-05,0327,T,22,6.1NRT,294.13,11.15,D
28.93076,82.5827,310.94,1.57,1.23,2026-03-05,0327,T,46,6.1NRT,292.81,16.36,D
26.38895,94.61823,312.83,2.5,1.52,2026-03-05,0327,T,72,6.1NRT,290.58,40.85,D
26.38315,94.6473,309.27,2.51,1.52,2026-03-05,0327,T,67,6.1NRT,290.58,31.41,D
26.31871,94.2355,330.97,2.35,1.48,2026-03-05,0327,T,87,6.1NRT,291.95,96.51,D
26.31498,94.25473,312.71,2.36,1.48,2026-03-05,0327,T,47,6.1NRT,290.9,32.23,D
26.30611,94.23157,319.8,2.35,1.48,2026-03-05,0327,T,79,6.1NRT,290.58,55.87,D
26.30249,94.25014,314.27,2.36,1.48,2026-03-05,0327,T,74,6.1NRT,290.32,39.55,D
26.27173,94.33881,305.48,2.4,1.49,2026-03-05,0327,T,59,6.1NRT,291.08,20.18,D
26.22422,94.37413,302.51,2.42,1.5,2026-03-05,0327,T,48,6.1NRT,290.6,13.12,D
26.22284,94.38966,303.48,2.43,1.5,2026-03-05,0327,T,54,6.1NRT,290.78,15.48,D
25.60874,97.33031,303.41,4.08,1.87,2026-03-05,0327,T,56,6.1NRT,292.22,27.93,D
26.13312,94.29626,370.91,2.4,1.49,2026-03-05,0327,T,100,6.1NRT,293.99,417.9,D
26.13521,94.29181,351.98,2.4,1.49,2026-03-05,0327,T,97,6.1NRT,293.23,231.49,D
26.13083,94.31451,316.56,2.41,1.5,2026-03-05,0327,T,76,6.1NRT,289.97,44.97,D
26.12293,94.2856,365.87,2.4,1.49,2026-03-05,0327,T,100,6.1NRT,292.34,362.85,D
26.11862,94.30782,320,2.41,1.5,2026-03-05,0327,T,79,6.1NRT,290.05,56.98,D
26.6981,90.83081,309.86,1.35,1.15,2026-03-05,0327,T,51,6.1NRT,297.18,6.88,D
26.69584,90.8439,313.98,1.35,1.15,2026-03-05,0327,T,66,6.1NRT,296.79,11.16,D
24.30727,92.80578,306.11,2.04,1.39,2026-03-05,0327,T,58,6.1NRT,291.99,14.96,D
24.30387,92.82388,339.62,2.05,1.39,2026-03-05,0327,T,91,6.1NRT,293.07,118.74,D
24.29982,92.8454,303.17,2.06,1.4,2026-03-05,0327,T,42,6.1NRT,291.17,10.26,D
24.30023,92.8166,328.84,2.05,1.39,2026-03-05,0327,T,85,6.1NRT,292.3,73.59,D
24.29649,92.8373,305.56,2.06,1.4,2026-03-05,0327,T,51,6.1NRT,291.17,13.89,D
24.21708,92.42341,313.1,1.93,1.36,2026-03-05,0327,T,71,6.1NRT,293.12,25.73,D
23.25639,95.60554,313.59,3.47,1.75,2026-03-05,0327,T,72,6.1NRT,297.96,32.6,D
23.25954,95.60107,314.87,3.47,1.75,2026-03-05,0327,T,74,6.1NRT,298,42.14,D
23.63573,87.58712,308.47,1.04,1.02,2026-03-05,0329,T,49,6.1NRT,297.69,4.94,D
23.80312,86.33224,314.48,1,1,2026-03-05,0329,T,49,6.1NRT,301.42,6.64,D
23.80039,86.35123,313.39,1,1,2026-03-05,0329,T,32,6.1NRT,301.29,5.69,D
23.68713,87.125,312.22,1.02,1.01,2026-03-05,0329,T,62,6.1NRT,300.38,5.03,D
23.77744,86.38632,315.59,1,1,2026-03-05,0329,T,49,6.1NRT,301.52,6.65,D
23.76398,86.39751,316.21,1,1,2026-03-05,0329,T,48,6.1NRT,303.13,8.27,D
23.76261,86.40701,317.64,1,1,2026-03-05,0329,T,68,6.1NRT,301.63,9.31,D
23.78245,86.20611,311.91,1,1,2026-03-05,0329,T,48,6.1NRT,300.67,5.45,D
23.78109,86.21561,312.55,1,1,2026-03-05,0329,T,57,6.1NRT,300.08,5.81,D
23.7737,86.20467,312.83,1,1,2026-03-05,0329,T,59,6.1NRT,300.88,6.26,D
23.71203,86.44724,315.57,1,1,2026-03-05,0329,T,56,6.1NRT,300.73,7.45,D
23.71066,86.45673,311.27,1,1,2026-03-05,0329,T,43,6.1NRT,299.39,4.56,D
23.68389,86.39394,316.52,1,1,2026-03-05,0329,T,0,6.1NRT,300.27,10.41,D
23.55979,87.23613,313.57,1.03,1.01,2026-03-05,0329,T,0,6.1NRT,298.69,7.12,D
23.67908,86.09517,313.03,1,1,2026-03-05,0329,T,61,6.1NRT,298.8,6.87,D
23.83171,84.92492,312.67,1.05,1.02,2026-03-05,0329,T,58,6.1NRT,300.9,6.83,D
23.82248,84.57829,310.73,1.07,1.03,2026-03-05,0329,T,60,6.1NRT,299.75,5.94,D
23.17925,87.3654,313.23,1.04,1.02,2026-03-05,0329,T,66,6.1NRT,299.22,7.47,D
23.0378,87.37862,311.94,1.04,1.02,2026-03-05,0329,T,63,6.1NRT,298.12,7.15,D
23.27599,85.35596,311.84,1.02,1.01,2026-03-05,0329,T,61,6.1NRT,298.84,5.56,D
22.81289,87.21063,311.3,1.03,1.02,2026-03-05,0329,T,62,6.1NRT,297.86,6.65,D
22.69252,87.21396,309.71,1.04,1.02,2026-03-05,0329,T,58,6.1NRT,298.73,4.41,D
22.79488,86.21381,311.78,1,1,2026-03-05,0329,T,52,6.1NRT,298.08,6.04,D
22.7875,86.20294,311,1,1,2026-03-05,0329,T,43,6.1NRT,300.19,5.43,D
22.78265,85.58733,313.68,1.01,1,2026-03-05,0329,T,65,6.1NRT,299.68,6.55,D
23.16055,81.32345,311.15,1.59,1.24,2026-03-05,0329,T,55,6.1NRT,301.13,8,D
22.37744,87.28133,313.63,1.04,1.02,2026-03-05,0329,T,48,6.1NRT,300.26,8.1,D
22.572,85.8983,312.17,1,1,2026-03-05,0329,T,61,6.1NRT,300.46,4.45,D
22.36554,87.29942,312.98,1.05,1.02,2026-03-05,0329,T,52,6.1NRT,300.82,6.74,D
22.44095,86.73749,310.88,1.02,1.01,2026-03-05,0329,T,58,6.1NRT,300.15,4.27,D
22.39511,86.91022,309.37,1.02,1.01,2026-03-05,0329,T,53,6.1NRT,299.33,4.75,D
22.56289,85.56282,309.3,1,1,2026-03-05,0329,T,49,6.1NRT,298.95,3.85,D
22.43442,86.27435,311.13,1,1,2026-03-05,0329,T,60,6.1NRT,297.22,6.54,D
22.21035,85.96872,309.56,1,1,2026-03-05,0329,T,35,6.1NRT,298.89,3.69,D
22.209,85.9781,310.38,1,1,2026-03-05,0329,T,50,6.1NRT,298.89,4.52,D
22.27307,84.104,311.7,1.08,1.04,2026-03-05,0329,T,54,6.1NRT,301.27,5.4,D
22.15681,84.01173,312.08,1.09,1.04,2026-03-05,0329,T,57,6.1NRT,301.68,5.74,D
22.32825,82.60775,319.21,1.28,1.12,2026-03-05,0329,T,72,6.1NRT,301.7,13.36,D
22.16484,83.36697,314.67,1.16,1.07,2026-03-05,0329,T,64,6.1NRT,303.58,6.45,D
22.03547,83.73481,321.47,1.12,1.05,2026-03-05,0329,T,67,6.1NRT,302.06,11.56,D
21.82608,84.14079,314.54,1.07,1.03,2026-03-05,0329,T,62,6.1NRT,301.74,6.92,D
21.5031,85.99613,313.72,1,1,2026-03-05,0329,T,63,6.1NRT,299.58,7.19,D
21.74549,83.84258,314.79,1.1,1.04,2026-03-05,0329,T,61,6.1NRT,302.76,5.85,D
21.44725,85.94885,314.17,1,1,2026-03-05,0329,T,64,6.1NRT,300.68,7.12,D
21.37922,86.02766,310.97,1,1,2026-03-05,0329,T,46,6.1NRT,299.63,5.51,D
21.47409,85.17189,310.51,1.01,1,2026-03-05,0329,T,47,6.1NRT,299.08,5.2,D
21.36514,85.93922,312.7,1,1,2026-03-05,0329,T,59,6.1NRT,301.66,5.38,D
21.32374,86.16237,311.27,1.01,1,2026-03-05,0329,T,54,6.1NRT,300.91,4.88,D
21.35528,85.42506,310.1,1,1,2026-03-05,0329,T,47,6.1NRT,297.87,5.55,D
21.29283,84.26739,313.54,1.05,1.02,2026-03-05,0329,T,62,6.1NRT,302.88,6.88,D
21.19332,84.53049,311.79,1.03,1.02,2026-03-05,0329,T,57,6.1NRT,299.9,6.27,D
20.94968,86.05123,311.5,1,1,2026-03-05,0329,T,41,6.1NRT,301.48,4.81,D
21.076,85.04008,317.18,1.01,1,2026-03-05,0329,T,70,6.1NRT,306.41,7.9,D
20.96537,85.1703,324.53,1.01,1,2026-03-05,0329,T,71,6.1NRT,305.22,13.85,D
20.96405,85.17967,318.54,1,1,2026-03-05,0329,T,49,6.1NRT,304.89,8.56,D
20.96273,85.18902,320.64,1,1,2026-03-05,0329,T,34,6.1NRT,305.61,10.45,D
20.96753,85.02688,314.69,1.01,1,2026-03-05,0329,T,19,6.1NRT,303.49,5.25,D
20.96005,85.01613,315.15,1.01,1,2026-03-05,0329,T,27,6.1NRT,303.06,5.43,D
20.92225,85.02955,321.12,1.01,1,2026-03-05,0329,T,75,6.1NRT,303.36,11.86,D
20.87063,84.9959,317.45,1.01,1,2026-03-05,0329,T,66,6.1NRT,304.07,7.8,D
21.10417,82.44434,313.6,1.27,1.12,2026-03-05,0329,T,43,6.1NRT,302.2,7.92,D
20.65873,85.3801,311.59,1,1,2026-03-05,0329,T,55,6.1NRT,300.92,6.14,D
20.50024,84.60001,312.67,1.02,1.01,2026-03-05,0329,T,54,6.1NRT,301.04,5.8,D
20.30613,85.07212,318.15,1,1,2026-03-05,0329,T,42,6.1NRT,303.28,9.44,D
20.29998,85.05217,322.07,1,1,2026-03-05,0329,T,62,6.1NRT,302.45,13.11,D
20.45395,83.65428,312.69,1.09,1.04,2026-03-05,0329,T,55,6.1NRT,302.65,6.04,D
20.24634,85.09493,316.68,1,1,2026-03-05,0329,T,69,6.1NRT,301.14,9.37,D
20.43495,83.51675,314.81,1.1,1.05,2026-03-05,0329,T,64,6.1NRT,302.08,8.25,D
19.83618,84.94025,310.8,1,1,2026-03-05,0329,T,55,6.1NRT,300.78,5.08,D
19.74787,83.83313,320.66,1.06,1.03,2026-03-05,0329,T,74,6.1NRT,303.5,13.74,D
18.73428,81.22807,311.9,1.41,1.17,2026-03-05,0329,T,55,6.1NRT,300.2,10.4,D
18.55479,80.47783,314.51,1.58,1.24,2026-03-05,0329,T,63,6.1NRT,302.88,10.16,D
18.54143,80.59428,318.11,1.55,1.23,2026-03-05,0329,T,70,6.1NRT,303.53,14.19,D
17.7779,82.34844,316.74,1.18,1.08,2026-03-05,0329,T,68,6.1NRT,304.52,10.34,D
17.7771,80.26714,319.15,1.59,1.24,2026-03-05,0329,T,72,6.1NRT,303.78,18.3,D
16.26074,78.92217,316.8,1.91,1.35,2026-03-05,0329,T,66,6.1NRT,304.17,17.65,D
16.26591,78.91666,316.25,1.91,1.35,2026-03-05,0329,T,65,6.1NRT,304.15,17.29,D
16.13741,78.71663,318.94,1.97,1.37,2026-03-05,0329,T,70,6.1NRT,304.3,26.33,D
16.13546,78.73378,312.95,1.96,1.37,2026-03-05,0329,T,55,6.1NRT,302.5,12.48,D
15.20284,78.78832,313.82,1.89,1.34,2026-03-05,0329,T,52,6.1NRT,302.84,13.96,D
14.03523,77.92298,317.13,2.12,1.41,2026-03-05,0332,T,42,6.1NRT,300.99,19.32,D
14.02278,77.92191,324.56,2.12,1.41,2026-03-05,0332,T,77,6.1NRT,301.69,42.57,D
13.36959,79.73709,312.25,1.5,1.21,2026-03-05,0332,T,51,6.1NRT,300.02,9.12,D
10.35526,77.13558,317.99,2.15,1.43,2026-03-05,0332,T,70,6.1NRT,296.28,39.16,D
10.35341,77.12888,318.2,2.15,1.43,2026-03-05,0332,T,71,6.1NRT,295.29,39.79,D
